v 0.216773 -0.117293 0.7
v 0.212253 -0.117838 0.7
v 0.237795 -0.117838 0.7
newmtl 1
Ka 0.8509803921568627 0.8509803921568627 0.8509803921568627
Kd 0.8509803921568627 0.8509803921568627 0.8509803921568627
Ks 0.4235294117647059 0.4235294117647059 0.4235294117647059
d 0.0
endmtl
v 1.395 -0.975 0.7
v 1.395 -0.158119 0.7
v 1.325 -1.045 0.7
v 0.137913 0.145919 0.7
v 0.145773 0.146885 0.7
v 0.105265 0.146885 0.7
v 0.164199 0.044104 0.7
v 0.157673 0.043481 0.7
v 0.191318 0.043481 0.7
v -0.085005 0.065488 0.7
v -0.065799 0.048531 0.7
v 0.001291 0.146885 0.7
v 0.001291 0.043481 0.7
v -0.183212 0.157394 0.7
v -0.16758 0.146885 0.7
v -0.150968 0.135715 0.7
v -0.127285 0.108393 0.7
v -0.111926 0.078598 0.7
v -0.106326 0.076649 0.7
v -0.318487 0.156003 0.7
v -0.285155 0.168882 0.7
v -0.94831 1.045 0.7
v 0.001291 1.045 0.7
v -0.249295 0.173311 0.7
v -0.219494 0.17018 0.7
v -0.333198 0.146885 0.7
v -0.94831 0.146885 0.7
v -0.336054 0.145114 0.7
v -0.94831 0.043481 0.7
v -0.49135 0.043481 0.7
v -0.485129 0.057583 0.7
v -0.467639 0.080044 0.7
v -0.413101 0.111198 0.7
v -0.384495 0.114748 0.7
v -0.353044 0.130564 0.7
v -0.37618 0.114296 0.7
v -0.367866 0.113302 0.7
v -0.462854 0.084578 0.7
v -0.439875 0.100769 0.7
v -0.422678 -0.11311 0.7
v -0.448792 -0.100356 0.7
v -0.94831 -0.117838 0.7
v -0.471254 -0.081183 0.7
v -0.487646 -0.057831 0.7
v -0.498063 -0.030928 0.7
v -0.94831 0.013666 0.7
v -0.50162 -0.002377 0.7
v -0.501428 0.004349 0.7
v -0.49978 0.013666 0.7
v -0.496622 0.031527 0.7
v -0.413414 -0.115887 0.7
v -0.412503 -0.117838 0.7
v -0.406192 -0.131355 0.7
v -0.395449 -0.144631 0.7
v 0.001291 -1.045 0.7
v -0.327273 -0.162906 0.7
v -0.34473 -0.16505 0.7
v -0.94831 -1.045 0.7
v -0.347572 -0.164996 0.7
v -0.36464 -0.162322 0.7
v -0.94831 -0.158119 0.7
v -0.374622 -0.158119 0.7
v -0.381314 -0.155301 0.7
v -0.276965 -0.117838 0.7
v -0.276999 -0.117981 0.7
v 0.001291 -0.158119 0.7
v -0.285522 -0.134117 0.7
v -0.296739 -0.146711 0.7
v -0.311145 -0.156723 0.7
v -0.314788 -0.158119 0.7
v -0.290505 -0.04431 0.7
v -0.193624 0.006299 0.7
v -0.303106 -0.03283 0.7
v -0.318441 -0.024599 0.7
v -0.178192 -0.117 0.7
v -0.183033 -0.115469 0.7
v -0.18795 -0.112444 0.7
v -0.191104 -0.10937 0.7
v -0.085515 -0.01063 0.7
v -0.088879 0.003265 0.7
v -0.094455 0.013666 0.7
v -0.454278 0.013666 0.7
v -0.188652 -0.07793 0.7
v -0.184138 -0.074909 0.7
v -0.171212 -0.032019 0.7
v -0.179135 -0.073085 0.7
v -0.053941 -0.066927 0.7
v -0.0671 -0.084798 0.7
v 0.001291 -0.117838 0.7
v -0.069728 -0.087545 0.7
v -0.08882 -0.10275 0.7
v -0.450083 -0.029629 0.7
v -0.441379 -0.044464 0.7
v -0.404666 -0.051853 0.7
v -0.428409 -0.057772 0.7
v -0.412691 -0.067446 0.7
v -0.377912 -0.027938 0.7
v -0.392703 -0.038197 0.7
v -0.456071 -9.31E-4 0.7
v -0.455231 -0.011918 0.7
v -0.043137 0.005456 0.7
v -0.04035 -0.016114 0.7
v 0.001291 0.013666 0.7
v -0.040452 -0.020674 0.7
v -0.044329 -0.044324 0.7
v -0.111079 -0.11299 0.7
v -0.132893 -0.117333 0.7
v -0.175549 -0.117333 0.7
v -0.196516 -0.09492 0.7
v -0.196401 -0.092656 0.7
v -0.272431 -0.085521 0.7
v -0.195097 -0.087116 0.7
v -0.192433 -0.082091 0.7
v -0.361938 -0.021842 0.7
v -0.34473 -0.019729 0.7
v -0.335889 -0.020256 0.7
v -0.194145 -0.104783 0.7
v -0.195941 -0.099858 0.7
v -0.272807 -0.100124 0.7
v -0.272431 -0.092751 0.7
v -0.174104 -0.072507 0.7
v -0.1734 -0.072558 0.7
v -0.171231 -0.073038 0.7
v -0.099828 -0.055052 0.7
v -0.09188 -0.043771 0.7
v -0.086904 -0.030883 0.7
v -0.085175 -0.016837 0.7
v -0.169766 -0.07323 0.7
v -0.137231 -0.07323 0.7
v -0.124351 -0.070775 0.7
v -0.111582 -0.064888 0.7
v -0.100876 -0.056176 0.7
v -0.147353 0.039557 0.7
v -0.447743 0.032654 0.7
v -0.453926 0.016526 0.7
v -0.141569 0.039557 0.7
v -0.095577 0.015758 0.7
v -0.104017 0.025197 0.7
v -0.115235 0.033019 0.7
v -0.127856 0.03787 0.7
v -0.440219 0.043481 0.7
v -0.345453 0.060524 0.7
v -0.350808 0.063442 0.7
v -0.158821 0.07603 0.7
v -0.173628 0.096811 0.7
v -0.183081 0.105876 0.7
v -0.203688 0.11941 0.7
v -0.226546 0.127507 0.7
v -0.367026 0.069319 0.7
v -0.383772 0.071369 0.7
v -0.391145 0.070993 0.7
v -0.148051 0.043481 0.7
v -0.149548 0.051897 0.7
v -0.248572 0.129931 0.7
v -0.252943 0.129842 0.7
v -0.335912 0.080992 0.7
v -0.27698 0.126011 0.7
v -0.32027 0.100775 0.7
v -0.300428 0.115999 0.7
v -0.409002 0.0668 0.7
v -0.425138 0.058277 0.7
v -0.437732 0.04706 0.7
v -0.062334 0.043481 0.7
v -0.05148 0.027661 0.7
v -0.046221 0.013666 0.7
v 0.42616 0.072152 0.7
v 0.388846 0.072152 0.7
v 0.436531 0.044338 0.7
v 0.388846 0.043481 0.7
v 0.451036 0.044338 0.7
v 0.412305 0.146027 0.7
v 1.395 0.043481 0.7
v 1.395 0.146885 0.7
v 0.383816 0.072152 0.7
v 0.374042 0.044338 0.7
v 0.356717 0.043481 0.7
v 0.359537 0.044338 0.7
v 0.356717 0.146885 0.7
v 0.388846 0.121287 0.7
v 0.388846 0.146885 0.7
v 0.398268 0.146027 0.7
v 0.237795 0.09014 0.7
v 0.210332 0.09014 0.7
v 0.237795 0.055932 0.7
v 0.210332 0.055932 0.7
v 0.261501 0.146885 0.7
v 0.237795 0.146885 0.7
v 0.249583 0.146027 0.7
v 0.237795 0.146027 0.7
v 0.249583 0.134329 0.7
v 0.251896 0.055932 0.7
v 0.261501 0.043481 0.7
v 0.251896 0.044338 0.7
v 0.237795 0.043481 0.7
v 0.246698 0.09014 0.7
v 0.246698 0.101785 0.7
v 0.237795 0.101785 0.7
v 0.237795 0.134329 0.7
v 0.210332 0.134329 0.7
v 0.210332 0.101785 0.7
v 0.197205 0.146027 0.7
v 0.191318 0.146885 0.7
v 0.197205 0.044338 0.7
v 0.166277 0.14666 0.7
v 0.176852 0.143583 0.7
v 0.237795 0.044338 0.7
v 0.176852 0.129858 0.7
v 0.175117 0.047685 0.7
v 0.1554 0.054501 0.7
v 0.166893 0.056652 0.7
v 0.176852 0.06113 0.7
v 0.176852 0.048549 0.7
v 0.11952 0.071909 0.7
v 0.124474 0.06503 0.7
v 0.12644 0.063083 0.7
v 0.133075 0.058377 0.7
v 0.140312 0.055568 0.7
v 0.150598 0.05432 0.7
v 0.165405 0.134394 0.7
v 0.123896 0.123171 0.7
v 0.17572 0.13047 0.7
v 0.119138 0.115948 0.7
v 0.115894 0.106911 0.7
v 0.152885 0.135889 0.7
v 0.14896 0.135733 0.7
v 0.125176 0.124608 0.7
v 0.140111 0.134031 0.7
v 0.132113 0.130332 0.7
v 0.114492 0.094039 0.7
v 0.114603 0.090282 0.7
v 0.116232 0.080107 0.7
v 0.105265 1.045 0.7
v 0.152756 0.147742 0.7
v 0.191318 1.045 0.7
v 0.153005 0.147742 0.7
v 0.163523 0.146885 0.7
v 0.108025 0.123131 0.7
v 0.115402 0.13277 0.7
v 0.117805 0.135069 0.7
v 0.127308 0.141767 0.7
v 0.105265 0.070056 0.7
v 0.102377 0.07808 0.7
v 0.099169 0.043481 0.7
v 0.100716 0.093259 0.7
v 0.100894 0.098556 0.7
v 0.099169 0.146885 0.7
v 0.103198 0.111834 0.7
v 0.105265 0.11667 0.7
v 0.121955 0.0497 0.7
v 0.113765 0.056504 0.7
v 0.105265 0.043481 0.7
v 0.112162 0.058299 0.7
v 0.106304 0.067168 0.7
v 0.1487 0.042623 0.7
v 0.142577 0.042911 0.7
v 0.105265 0.013666 0.7
v 0.139808 0.043481 0.7
v 0.131554 0.045178 0.7
v 1.325 1.045 0.7
v 1.395 0.975 0.7
v 1.343117 1.042615 0.7
v 1.392615 0.993117 0.7
v 1.385622 1.01 0.7
v 1.374497 1.024497 0.7
v 1.36 1.035622 0.7
v 0.388846 -1.045 0.7
v 1.374497 -1.024497 0.7
v 1.385622 -1.01 0.7
v 1.392615 -0.993117 0.7
v 1.36 -1.035622 0.7
v 1.343117 -1.042615 0.7
v -1.374497 -1.024497 0.7
v -1.36 -1.035622 0.7
v -1.385622 -1.01 0.7
v -1.343117 -1.042615 0.7
v -1.325 -1.045 0.7
v -1.392615 0.993117 0.7
v -1.395 0.975 0.7
v -1.325 1.045 0.7
v -1.36 1.035622 0.7
v -1.374497 1.024497 0.7
v -1.385622 1.01 0.7
v -1.343117 1.042615 0.7
v 0.351138 0.078132 0.7
v 0.346138 0.06761 0.7
v 0.317687 0.146885 0.7
v 0.317687 0.143564 0.7
v 0.327906 0.139833 0.7
v 0.317687 0.046945 0.7
v 0.317687 0.043481 0.7
v 0.328095 0.051052 0.7
v 0.33856 0.058583 0.7
v 0.33856 0.132562 0.7
v 0.342052 0.129156 0.7
v 0.348371 0.120319 0.7
v 0.352162 0.110649 0.7
v 0.353897 0.096482 0.7
v 0.353595 0.090044 0.7
v 0.300115 0.146027 0.7
v 0.315632 0.144314 0.7
v 0.31654 0.046492 0.7
v 0.299075 0.044338 0.7
v 0.271106 0.044338 0.7
v 0.271106 0.146027 0.7
v 0.144152 -0.11631 0.7
v 0.139628 -0.117838 0.7
v 0.155433 -0.11698 0.7
v 0.11494 -0.082377 0.7
v 0.11691 -0.061821 0.7
v 0.112399 -0.086027 0.7
v 0.110655 -0.090522 0.7
v 0.148833 -0.113316 0.7
v 0.128894 -0.044285 0.7
v 0.119441 -0.047977 0.7
v 0.11691 -0.049448 0.7
v 0.124867 -0.117717 0.7
v 0.120047 -0.115813 0.7
v 0.105265 -0.117838 0.7
v 0.116052 -0.112977 0.7
v 0.118838 -0.078992 0.7
v 0.124257 -0.076211 0.7
v 0.125756 -0.05627 0.7
v 0.13391 -0.07383 0.7
v 0.145121 -0.053507 0.7
v 0.14072 -0.053035 0.7
v 0.133736 -0.053701 0.7
v 0.114275 -0.111124 0.7
v 0.111951 -0.107559 0.7
v 0.110423 -0.103234 0.7
v 0.155433 -0.105751 0.7
v 0.155095 -0.105751 0.7
v 0.15289 -0.109064 0.7
v 0.191205 -0.077621 0.7
v 0.18543 -0.10128 0.7
v 0.191318 -0.077695 0.7
v 0.190008 -0.104147 0.7
v 0.191318 -0.104659 0.7
v 0.187439 -0.055468 0.7
v 0.162522 -0.0506 0.7
v 0.185971 -0.059573 0.7
v 0.165139 -0.054689 0.7
v 0.167149 -0.060436 0.7
v 0.141916 -0.042689 0.7
v 0.149462 -0.043357 0.7
v 0.154862 -0.044971 0.7
v 0.155433 -0.070815 0.7
v 0.155011 -0.065304 0.7
v 0.153704 -0.060719 0.7
v 0.152216 -0.058079 0.7
v 0.109814 -0.097537 0.7
v 0.109848 -0.096025 0.7
v 0.191318 0.013666 0.7
v 0.189755 -0.052016 0.7
v 0.159111 -0.047372 0.7
v 0.150301 -0.056018 0.7
v 0.148053 -0.05455 0.7
v 0.189121 -0.075442 0.7
v 0.187561 -0.072985 0.7
v 0.16817 -0.070243 0.7
v 0.186113 -0.069136 0.7
v 0.185508 -0.063952 0.7
v 0.138899 -0.118084 0.7
v 0.191318 -0.158119 0.7
v 0.105265 -0.158119 0.7
v 0.132844 -0.118696 0.7
v 0.130857 -0.118643 0.7
v 0.125648 -0.117838 0.7
v 0.18543 -0.114433 0.7
v 0.16817 -0.11698 0.7
v 0.191318 -0.116505 0.7
v 0.191318 -0.117838 0.7
v 0.194332 -0.117567 0.7
v 0.196927 -0.117838 0.7
v 0.205133 -0.118696 0.7
v 0.230997 -0.045913 0.7
v 0.230997 -0.058286 0.7
v 0.23243 -0.106154 0.7
v 0.230118 -0.109533 0.7
v 0.191318 -0.050597 0.7
v 0.19367 -0.04846 0.7
v 0.196731 -0.046574 0.7
v 0.233933 -0.102103 0.7
v 0.20354 -0.043927 0.7
v 0.213789 -0.042689 0.7
v 0.237795 0.013666 0.7
v 0.222725 -0.043482 0.7
v 0.226292 -0.112925 0.7
v 0.223439 -0.114689 0.7
v 0.230217 -0.085215 0.7
v 0.232464 -0.08847 0.7
v 0.23388 -0.092176 0.7
v 0.23448 -0.097225 0.7
v 0.212542 -0.053035 0.7
v 0.208771 -0.053318 0.7
v 0.198635 -0.062809 0.7
v 0.205364 -0.05422 0.7
v 0.202508 -0.055738 0.7
v 0.198751 -0.064503 0.7
v 0.199256 -0.066482 0.7
v 0.200174 -0.0682 0.7
v 0.201416 -0.069567 0.7
v 0.205907 -0.072374 0.7
v 0.221459 -0.054122 0.7
v 0.213789 -0.075806 0.7
v 0.228663 -0.056918 0.7
v 0.218721 -0.077801 0.7
v 0.22718 -0.082506 0.7
v 0.200586 -0.057437 0.7
v 0.199494 -0.059058 0.7
v 0.198865 -0.060777 0.7
v 0.197975 -0.107261 0.7
v 0.204795 -0.08506 0.7
v 0.197203 -0.08158 0.7
v 0.206381 -0.108298 0.7
v 0.206944 -0.108295 0.7
v 0.213159 -0.088562 0.7
v 0.213473 -0.107563 0.7
v 0.221406 -0.098472 0.7
v 0.221281 -0.096888 0.7
v 0.21676 -0.10636 0.7
v 0.217921 -0.105655 0.7
v 0.219382 -0.104358 0.7
v 0.220494 -0.102714 0.7
v 0.221142 -0.100902 0.7
v 0.220702 -0.094899 0.7
v 0.219717 -0.093211 0.7
v 0.21813 -0.091558 0.7
v 0.29762 -0.044353 0.7
v 0.310825 -0.044353 0.7
v 0.317687 0.013666 0.7
v 0.274329 -0.09894 0.7
v 0.275889 -0.104919 0.7
v 0.276227 -0.104919 0.7
v 0.261501 0.013666 0.7
v 0.261501 -0.062038 0.7
v 0.277786 -0.099044 0.7
v 0.276812 -0.10243 0.7
v 0.261501 -0.117838 0.7
v 0.261501 -0.096227 0.7
v 0.241109 -0.044353 0.7
v 0.255354 -0.044353 0.7
v 0.269598 -0.116824 0.7
v 0.269169 -0.117838 0.7
v 0.26401 -0.130029 0.7
v 0.237795 -0.158119 0.7
v 0.243734 -0.150148 0.7
v 0.243734 -0.138815 0.7
v 0.24634 -0.139669 0.7
v 0.250961 -0.140271 0.7
v 0.251923 -0.140239 0.7
v 0.254828 -0.139707 0.7
v 0.257536 -0.138462 0.7
v 0.258925 -0.137449 0.7
v 0.261301 -0.134899 0.7
v 0.261501 -0.134539 0.7
v 0.261501 -0.148913 0.7
v 0.257138 -0.150586 0.7
v 0.261501 -0.158119 0.7
v 0.251948 -0.151188 0.7
v 0.248931 -0.151071 0.7
v 0.277864 -0.12795 0.7
v 0.271993 -0.139333 0.7
v 0.317687 -0.158119 0.7
v 0.281851 -0.117838 0.7
v 0.267328 -0.144881 0.7
v 0.266606 -0.14554 0.7
v 0.26216 -0.14866 0.7
v 0.356717 -0.071179 0.7
v 0.337676 -0.071179 0.7
v 0.356717 -0.105387 0.7
v 0.337676 -0.105387 0.7
v 0.376927 -0.015292 0.7
v 0.376927 -0.026989 0.7
v 0.388846 0.013666 0.7
v 0.379241 -0.105387 0.7
v 0.388846 -0.117838 0.7
v 0.379241 -0.11698 0.7
v 0.356717 -0.117838 0.7
v 0.374042 -0.071179 0.7
v 0.374042 -0.059533 0.7
v 0.356717 -0.059533 0.7
v 0.356717 -0.026989 0.7
v 0.337676 -0.026989 0.7
v 0.337676 -0.059533 0.7
v 0.356717 -0.11698 0.7
v 0.324549 -0.11698 0.7
v 0.317687 -0.117838 0.7
v 0.324549 -0.015292 0.7
v 0.356717 -0.015292 0.7
v 0.356717 0.013666 0.7
v 0.388846 1.045 0.7
v 0.356717 1.045 0.7
v 0.317687 1.045 0.7
v 0.261501 1.045 0.7
v 0.237795 1.045 0.7
v 0.099169 1.045 0.7
v 0.096557 0.055932 0.7
v 0.096557 0.044338 0.7
v 0.042931 0.044338 0.7
v 0.042931 0.146027 0.7
v 0.056058 0.146027 0.7
v 0.056058 0.055932 0.7
v 0.099169 0.013666 0.7
v 0.501386 -0.11698 0.7
v 0.486882 -0.11698 0.7
v 0.563876 -0.11698 0.7
v 0.553504 -0.089167 0.7
v 0.51116 -0.089167 0.7
v 0.57838 -0.11698 0.7
v 1.395 -0.117838 0.7
v 1.395 0.013666 0.7
v 0.539649 -0.015292 0.7
v 0.478483 -0.083186 0.7
v 0.480939 -0.071275 0.7
v 0.525613 -0.015292 0.7
v 0.481241 -0.064836 0.7
v 0.479506 -0.050669 0.7
v 0.473483 -0.093708 0.7
v 0.465905 -0.102735 0.7
v 0.45544 -0.110266 0.7
v 0.39845 -0.015292 0.7
v 0.39845 -0.11698 0.7
v 0.42642 -0.11698 0.7
v 0.443884 -0.114826 0.7
v 0.465905 -0.028757 0.7
v 0.469397 -0.032162 0.7
v 0.475716 -0.040999 0.7
v 0.42746 -0.015292 0.7
v 0.442977 -0.017004 0.7
v 0.455251 -0.021485 0.7
v 0.099169 -0.117838 0.7
v 0.042931 -0.11698 0.7
v 0.097622 -0.11698 0.7
v 0.097622 -0.105387 0.7
v 0.095309 -0.026989 0.7
v 0.042931 -0.015292 0.7
v 0.095309 -0.015292 0.7
v 0.056058 -0.071179 0.7
v 0.056058 -0.105387 0.7
v 0.092424 -0.071179 0.7
v 0.092424 -0.059533 0.7
v 0.056058 -0.059533 0.7
v 0.056058 -0.026989 0.7
v 0.356717 -0.158119 0.7
v 0.388846 -0.158119 0.7
v 0.099169 -0.158119 0.7
v -1.395 0.146885 0.7
v -1.395 0.043481 0.7
v -1.395 0.013666 0.7
v -1.395 -0.117838 0.7
v -1.395 -0.158119 0.7
v -1.395 -0.975 0.7
v -1.392615 -0.993117 0.7
v 0.356717 -1.045 0.7
v 0.317687 -1.045 0.7
v 0.261501 -1.045 0.7
v 0.237795 -1.045 0.7
v 0.191318 -1.045 0.7
v 0.105265 -1.045 0.7
v 0.099169 -1.045 0.7
v 1.45786 -1.167935 0.41
v 1.479455 -1.138611 0.41
v 1.445937 -1.164735 0.41
newmtl 2
Ka 0.5098039215686274 0.48627450980392156 0.5882352941176471
Kd 0.5098039215686274 0.48627450980392156 0.5882352941176471
Ks 0.2549019607843137 0.24313725490196078 0.29411764705882354
d 0.0
endmtl
v 1.441463 -1.20752 0.41
v -1.43587 -1.25 0.41
v -1.367306 -1.195987 0.41
v -1.441463 -1.20752 0.41
v -1.408104 -1.18409 0.41
v -1.45786 -1.167935 0.41
v -1.445937 -1.164735 0.41
v -1.479455 -1.138611 0.41
v 1.408104 -1.18409 0.41
v 1.367306 -1.195987 0.41
v 1.43587 -1.25 0.41
v 1.325 -1.2 0.41
v -1.325 -1.2 0.41
v -1.517935 -1.107859 0.41
v -1.488611 -1.129455 0.41
v -1.514735 -1.095937 0.41
v -1.6 1.08587 0.41
v -1.545987 1.017306 0.41
v -1.55752 1.091463 0.41
v -1.53409 1.058104 0.41
v -1.517935 1.107859 0.41
v -1.514735 1.095937 0.41
v -1.488611 1.129455 0.41
v -1.55752 -1.091463 0.41
v -1.53409 -1.058104 0.41
v -1.545987 -1.017306 0.41
v -1.6 -1.08587 0.41
v -1.55 -0.975 0.41
v -1.55 0.975 0.41
v -1.45786 1.167935 0.41
v -1.479455 1.138611 0.41
v -1.445937 1.164735 0.41
v 1.43587 1.25 0.41
v 1.367306 1.195987 0.41
v 1.441463 1.20752 0.41
v 1.408104 1.18409 0.41
v 1.45786 1.167935 0.41
v 1.445937 1.164735 0.41
v 1.479455 1.138611 0.41
v -1.441463 1.20752 0.41
v -1.408104 1.18409 0.41
v -1.367306 1.195987 0.41
v -1.43587 1.25 0.41
v -1.325 1.2 0.41
v 1.325 1.2 0.41
v -1.3123 1.220875 0.01
v -1.403016 1.220875 0.01
v -1.400875 1.25 0.01
v -1.6 -1.050875 0.01
v -1.6 1.050875 0.01
v -1.570875 0.9623 0.01
v -1.570875 1.053016 0.01
v 1.6 1.050875 0.01
v 1.6 -1.050875 0.01
v 1.570875 -0.9623 0.01
v 1.570875 -1.053016 0.01
v 1.403016 -1.220875 0.01
v 1.400875 -1.25 0.01
v 1.3123 -1.220875 0.01
v -1.400875 -1.25 0.01
v -1.3123 -1.220875 0.01
v -1.403016 -1.220875 0.01
v 1.400875 1.25 0.01
v 1.403016 1.220875 0.01
v 1.3123 1.220875 0.01
v 0.599125 1.150875 0.01
v 1.32835 1.150875 0.01
v -1.32835 -1.150875 0.01
v -0.599125 -1.150875 0.01
v -1.570875 -1.053016 0.01
v -1.570875 -0.9623 0.01
v -1.500875 0.349125 0.01
v -1.500875 0.97835 0.01
v 0.599125 -1.150875 0.01
v 1.32835 -1.150875 0.01
v -1.32835 1.150875 0.01
v -0.599125 1.150875 0.01
v -0.599125 0.349125 0.01
v 0.599125 0.349125 0.01
v 1.570875 1.053016 0.01
v 1.570875 0.9623 0.01
v 1.500875 -0.349125 0.01
v 1.500875 -0.97835 0.01
v -1.500875 -0.97835 0.01
v -1.500875 -0.349125 0.01
v -1.003726 -0.349125 0.01
v -0.599125 -0.750641 0.01
v 1.500875 0.97835 0.01
v 1.500875 0.349125 0.01
v 0.599125 -0.349125 0.01
v 1.426287 1.246247 0.3
v 1.432167 1.205029 0.3
v 1.449525 1.163123 0.3
v 1.477138 1.127138 0.3
v 1.596247 1.076287 0.3
v 1.483943 1.133943 0.41
v 1.488611 1.129455 0.41
v 1.513123 1.099525 0.3
v 1.517935 1.107859 0.41
v 1.555029 1.082167 0.3
v 1.55752 1.091463 0.41
v 1.6 1.08587 0.41
v 1.596247 -1.076287 0.3
v 1.6 -1.08587 0.41
v 1.555029 -1.082167 0.3
v 1.55752 -1.091463 0.41
v 1.513123 -1.099525 0.3
v 1.517935 -1.107859 0.41
v 1.477138 -1.127138 0.3
v 1.488611 -1.129455 0.41
v 1.426287 -1.246247 0.3
v 1.483943 -1.133943 0.41
v 1.449525 -1.163123 0.3
v 1.432167 -1.205029 0.3
v -1.426287 -1.246247 0.3
v -1.432167 -1.205029 0.3
v -1.449525 -1.163123 0.3
v -1.477138 -1.127138 0.3
v -1.596247 -1.076287 0.3
v -1.483943 -1.133943 0.41
v -1.513123 -1.099525 0.3
v -1.555029 -1.082167 0.3
v -1.426287 1.246247 0.3
v -1.596247 1.076287 0.3
v -1.555029 1.082167 0.3
v -1.513123 1.099525 0.3
v -1.477138 1.127138 0.3
v -1.483943 1.133943 0.41
v -1.449525 1.163123 0.3
v -1.432167 1.205029 0.3
v 1.514735 1.095937 0.41
v 1.53409 1.058104 0.41
v 1.545987 1.017306 0.41
v 1.55 0.975 0.41
v 1.55 -0.975 0.41
v 1.545987 -1.017306 0.41
v 1.53409 -1.058104 0.41
v 1.514735 -1.095937 0.41
v -1.5 0.979603 0.0
v -1.57 0.963269 0.0
newmtl 3
Ka 0.9686274509803922 0.8784313725490196 0.6
Kd 0.9686274509803922 0.8784313725490196 0.6
Ks 0.6784313725490196 0.615686274509804 0.4196078431372549
d 0.0
endmtl
v -1.5 0.35 0.0
v -0.6 0.35 0.0
v -0.6 1.15 0.0
v -1.329603 1.15 0.0
v -1.313269 1.22 0.0
v -1.596247 1.087165 0.3
v -1.57 1.063269 0.0
v -1.413269 1.22 0.0
v -1.437165 1.246247 0.3
v -1.556388 1.093069 0.3
v -1.517908 1.109322 0.3
v -1.484828 1.134827 0.3
v -1.459322 1.167908 0.3
v -1.443069 1.206388 0.3
v -1.417781 1.19936 0.0
v -1.436653 1.15468 0.0
v -1.466268 1.116268 0.0
v -1.50468 1.086653 0.0
v -1.54936 1.06778 0.0
v -1.329603 -1.15 0.0
v -1.313269 -1.22 0.0
v -0.6 -1.15 0.0
v -0.6 -0.751516 -0.0
v -1.004601 -0.35 -0.0
v -1.5 -0.35 0.0
v -1.5 -0.979603 0.0
v -1.57 -0.963269 0.0
v -1.57 -1.063269 0.0
v -1.596247 -1.087165 0.3
v -1.437165 -1.246247 0.3
v -1.413269 -1.22 0.0
v -1.443069 -1.206388 0.3
v -1.459322 -1.167908 0.3
v -1.484828 -1.134827 0.3
v -1.517908 -1.109322 0.3
v -1.556388 -1.093069 0.3
v -1.54936 -1.06778 0.0
v -1.50468 -1.086653 0.0
v -1.466268 -1.116268 0.0
v -1.436653 -1.15468 0.0
v -1.417781 -1.19936 0.0
v 1.5 -0.979603 0.0
v 1.57 -0.963269 0.0
v 1.5 -0.35 0.0
v 0.6 -0.35 0.0
v 0.6 -1.15 0.0
v 1.329603 -1.15 0.0
v 1.313269 -1.22 0.0
v 1.413269 -1.22 0.0
v 1.437165 -1.246247 0.3
v 1.596247 -1.087165 0.3
v 1.57 -1.063269 0.0
v 1.556388 -1.093069 0.3
v 1.517908 -1.109322 0.3
v 1.484828 -1.134827 0.3
v 1.459322 -1.167908 0.3
v 1.443069 -1.206388 0.3
v 1.417781 -1.19936 0.0
v 1.436653 -1.15468 0.0
v 1.466268 -1.116268 0.0
v 1.50468 -1.086653 0.0
v 1.54936 -1.06778 0.0
v 1.329603 1.15 0.0
v 1.313269 1.22 0.0
v 0.6 1.15 0.0
v 0.6 0.35 0.0
v 1.5 0.35 0.0
v 1.5 0.979603 0.0
v 1.57 0.963269 0.0
v 1.57 1.063269 0.0
v 1.596247 1.087165 0.3
v 1.437165 1.246247 0.3
v 1.413269 1.22 0.0
v 1.443069 1.206388 0.3
v 1.459322 1.167908 0.3
v 1.484828 1.134827 0.3
v 1.517908 1.109322 0.3
v 1.556388 1.093069 0.3
v 1.54936 1.06778 0.0
v 1.50468 1.086653 0.0
v 1.466268 1.116268 0.0
v 1.436653 1.15468 0.0
v 1.417781 1.19936 0.0
v 1.475 0.975 0.485
v 1.472324 1.003204 0.485
v 1.475 0.975 0.6
v 1.469889 1.013823 0.6
v 1.454479 1.049783 0.485
v 1.454904 1.05 0.6
v 1.464394 1.030403 0.485
v 1.46928 1.013645 0.485
v 1.431066 1.081066 0.485
v 1.431066 1.081066 0.6
v 1.434074 1.07797 0.485
v 1.45149 1.055624 0.485
v 1.42797 1.084074 0.485
v 1.405624 1.10149 0.485
v 1.4 1.104904 0.6
v 1.399783 1.104479 0.485
v 1.380402 1.114394 0.485
v 1.363823 1.119889 0.6
v 1.325 1.125 0.485
v 1.325 1.125 0.6
v 1.353204 1.122324 0.485
v 1.363645 1.11928 0.485
v -1.325 1.125 0.485
v -1.325 1.125 0.6
v -1.353204 1.122324 0.485
v -1.363823 1.119889 0.6
v -1.399783 1.104479 0.485
v -1.4 1.104904 0.6
v -1.380402 1.114394 0.485
v -1.363645 1.11928 0.485
v -1.431066 1.081066 0.485
v -1.431066 1.081066 0.6
v -1.42797 1.084074 0.485
v -1.405624 1.10149 0.485
v -1.434074 1.07797 0.485
v -1.45149 1.055624 0.485
v -1.454904 1.05 0.6
v -1.454479 1.049783 0.485
v -1.464394 1.030403 0.485
v -1.469889 1.013823 0.6
v -1.475 0.975 0.485
v -1.475 0.975 0.6
v -1.472324 1.003204 0.485
v -1.46928 1.013645 0.485
v -1.475 -0.975 0.485
v -1.475 -0.975 0.6
v -1.472324 -1.003204 0.485
v -1.469889 -1.013823 0.6
v -1.454479 -1.049783 0.485
v -1.454904 -1.05 0.6
v -1.464394 -1.030403 0.485
v -1.46928 -1.013645 0.485
v -1.431066 -1.081066 0.485
v -1.431066 -1.081066 0.6
v -1.434074 -1.07797 0.485
v -1.45149 -1.055624 0.485
v -1.42797 -1.084074 0.485
v -1.405624 -1.10149 0.485
v -1.4 -1.104904 0.6
v -1.399783 -1.104479 0.485
v -1.380402 -1.114394 0.485
v -1.363823 -1.119889 0.6
v -1.325 -1.125 0.485
v -1.325 -1.125 0.6
v -1.353204 -1.122324 0.485
v -1.363645 -1.11928 0.485
v 1.325 -1.125 0.485
v 1.325 -1.125 0.6
v 1.353204 -1.122324 0.485
v 1.363823 -1.119889 0.6
v 1.399783 -1.104479 0.485
v 1.4 -1.104904 0.6
v 1.380402 -1.114394 0.485
v 1.363645 -1.11928 0.485
v 1.431066 -1.081066 0.485
v 1.431066 -1.081066 0.6
v 1.42797 -1.084074 0.485
v 1.405624 -1.10149 0.485
v 1.434074 -1.07797 0.485
v 1.45149 -1.055624 0.485
v 1.454904 -1.05 0.6
v 1.454479 -1.049783 0.485
v 1.464394 -1.030403 0.485
v 1.469889 -1.013823 0.6
v 1.475 -0.975 0.485
v 1.475 -0.975 0.6
v 1.472324 -1.003204 0.485
v 1.46928 -1.013645 0.485
v 1.409853 1.059853 0.6
v 1.385 1.078923 0.6
v 1.356058 1.090911 0.6
v 1.325 1.095 0.6
v -1.325 1.095 0.6
v -1.356058 1.090911 0.6
v -1.385 1.078923 0.6
v -1.409853 1.059853 0.6
v -1.428923 1.035 0.6
v -1.440911 1.006058 0.6
v -1.445 0.975 0.6
v -1.445 -0.975 0.6
v -1.440911 -1.006058 0.6
v -1.428923 -1.035 0.6
v -1.409853 -1.059853 0.6
v -1.385 -1.078923 0.6
v -1.356058 -1.090911 0.6
v -1.325 -1.095 0.6
v 1.325 -1.095 0.6
v 1.356058 -1.090911 0.6
v 1.385 -1.078923 0.6
v 1.409853 -1.059853 0.6
v 1.428923 -1.035 0.6
v 1.440911 -1.006058 0.6
v 1.445 -0.975 0.6
v 1.445 0.975 0.6
v 1.440911 1.006058 0.6
v 1.428923 1.035 0.6
v -1.325 1.127556 0.465589
v -1.353685 1.124835 0.465589
v -1.406998 1.103645 0.465589
v -1.381346 1.116768 0.465589
v -1.429724 1.085932 0.465589
v -1.411025 1.109963 0.4475
v -1.434868 1.091381 0.4475
v -1.417431 1.120014 0.431967
v -1.44305 1.100048 0.431967
v -1.42578 1.133112 0.420048
v -1.453713 1.111343 0.420048
v -1.435503 1.148366 0.412556
v -1.46613 1.124496 0.412556
v -1.384114 1.123731 0.4475
v -1.388516 1.134807 0.431967
v -1.394253 1.149242 0.420048
v -1.400934 1.166052 0.412556
v -1.355094 1.132193 0.4475
v -1.357335 1.1439 0.431967
v -1.360255 1.159156 0.420048
v -1.363657 1.176922 0.412556
v -1.325 1.135048 0.4475
v -1.325 1.146967 0.431967
v -1.325 1.1625 0.420048
v -1.325 1.180589 0.412556
v -1.483941 1.133944 0.41
v -1.470246 1.120249 0.412603
v -1.474496 1.11613 0.412556
v -1.457491 1.107494 0.420122
v -1.461343 1.103712 0.420048
v -1.446543 1.096545 0.432045
v -1.450048 1.09305 0.431967
v -1.438144 1.088146 0.447563
v -1.441381 1.084868 0.4475
v -1.432865 1.082867 0.465624
v -1.435933 1.079724 0.465589
v -1.431065 1.081067 0.485
v 1.325 1.180589 0.412556
v 1.325 1.1625 0.420048
v 1.325 1.146967 0.431967
v 1.325 1.135048 0.4475
v 1.325 1.127556 0.465589
v -1.453645 1.056998 0.465589
v -1.474835 1.003685 0.465589
v -1.466769 1.031346 0.465589
v -1.477556 0.975 0.465589
v -1.482193 1.005094 0.4475
v -1.485048 0.975 0.4475
v -1.4939 1.007335 0.431967
v -1.496967 0.975 0.431967
v -1.509156 1.010255 0.420048
v -1.5125 0.975 0.420048
v -1.526922 1.013657 0.412556
v -1.530589 0.975 0.412556
v -1.473731 1.034114 0.4475
v -1.484807 1.038516 0.431967
v -1.499242 1.044253 0.420048
v -1.516052 1.050934 0.412556
v -1.459963 1.061025 0.4475
v -1.470014 1.067432 0.431967
v -1.483112 1.07578 0.420048
v -1.498366 1.085503 0.412556
v 1.429724 1.085932 0.465589
v 1.406998 1.103645 0.465589
v 1.353685 1.124835 0.465589
v 1.381346 1.116768 0.465589
v 1.355094 1.132193 0.4475
v 1.357335 1.1439 0.431967
v 1.360255 1.159156 0.420048
v 1.363657 1.176922 0.412556
v 1.384114 1.123731 0.4475
v 1.388516 1.134807 0.431967
v 1.394253 1.149242 0.420048
v 1.400934 1.166052 0.412556
v 1.411025 1.109963 0.4475
v 1.417431 1.120014 0.431967
v 1.42578 1.133112 0.420048
v 1.435503 1.148366 0.412556
v 1.434868 1.091381 0.4475
v 1.44305 1.100048 0.431967
v 1.453713 1.111343 0.420048
v 1.46613 1.124496 0.412556
v -1.530589 -0.975 0.412556
v -1.5125 -0.975 0.420048
v -1.496967 -0.975 0.431967
v -1.485048 -0.975 0.4475
v -1.477556 -0.975 0.465589
v 1.483944 1.133941 0.41
v 1.470249 1.120246 0.412603
v 1.457494 1.107491 0.420122
v 1.446545 1.096543 0.432045
v 1.438146 1.088144 0.447563
v 1.432867 1.082865 0.465624
v 1.431067 1.081065 0.485
v 1.474496 1.11613 0.412556
v 1.461343 1.103712 0.420048
v 1.450048 1.09305 0.431967
v 1.441381 1.084868 0.4475
v 1.435933 1.079724 0.465589
v -1.474835 -1.003685 0.465589
v -1.453645 -1.056998 0.465589
v -1.466769 -1.031346 0.465589
v -1.435933 -1.079724 0.465589
v -1.459963 -1.061025 0.4475
v -1.441381 -1.084868 0.4475
v -1.470014 -1.067432 0.431967
v -1.450048 -1.09305 0.431967
v -1.483112 -1.07578 0.420048
v -1.461343 -1.103712 0.420048
v -1.498366 -1.085503 0.412556
v -1.474496 -1.11613 0.412556
v -1.473731 -1.034114 0.4475
v -1.484807 -1.038516 0.431967
v -1.499242 -1.044253 0.420048
v -1.516052 -1.050934 0.412556
v -1.482193 -1.005094 0.4475
v -1.4939 -1.007335 0.431967
v -1.509156 -1.010255 0.420048
v -1.526922 -1.013657 0.412556
v 1.477556 0.975 0.465589
v 1.474835 1.003685 0.465589
v 1.453645 1.056998 0.465589
v 1.466769 1.031346 0.465589
v 1.459963 1.061025 0.4475
v 1.470014 1.067432 0.431967
v 1.483112 1.07578 0.420048
v 1.498366 1.085503 0.412556
v 1.473731 1.034114 0.4475
v 1.484807 1.038516 0.431967
v 1.499242 1.044253 0.420048
v 1.516052 1.050934 0.412556
v 1.482193 1.005094 0.4475
v 1.4939 1.007335 0.431967
v 1.509156 1.010255 0.420048
v 1.526922 1.013657 0.412556
v 1.485048 0.975 0.4475
v 1.496967 0.975 0.431967
v 1.5125 0.975 0.420048
v 1.530589 0.975 0.412556
v -1.483944 -1.133941 0.41
v -1.470249 -1.120246 0.412603
v -1.46613 -1.124496 0.412556
v -1.457494 -1.107491 0.420122
v -1.453713 -1.111343 0.420048
v -1.446545 -1.096543 0.432045
v -1.44305 -1.100048 0.431967
v -1.438146 -1.088144 0.447563
v -1.434868 -1.091381 0.4475
v -1.432867 -1.082865 0.465624
v -1.429724 -1.085932 0.465589
v -1.431067 -1.081065 0.485
v 1.530589 -0.975 0.412556
v 1.5125 -0.975 0.420048
v 1.496967 -0.975 0.431967
v 1.485048 -0.975 0.4475
v 1.477556 -0.975 0.465589
v -1.406998 -1.103645 0.465589
v -1.353685 -1.124835 0.465589
v -1.381346 -1.116768 0.465589
v -1.325 -1.127556 0.465589
v -1.355094 -1.132193 0.4475
v -1.325 -1.135048 0.4475
v -1.357335 -1.1439 0.431967
v -1.325 -1.146967 0.431967
v -1.360255 -1.159156 0.420048
v -1.325 -1.1625 0.420048
v -1.363657 -1.176922 0.412556
v -1.325 -1.180589 0.412556
v -1.384114 -1.123731 0.4475
v -1.388516 -1.134807 0.431967
v -1.394253 -1.149242 0.420048
v -1.400934 -1.166052 0.412556
v -1.411025 -1.109963 0.4475
v -1.417431 -1.120014 0.431967
v -1.42578 -1.133112 0.420048
v -1.435503 -1.148366 0.412556
v 1.435933 -1.079724 0.465589
v 1.453645 -1.056998 0.465589
v 1.474835 -1.003685 0.465589
v 1.466769 -1.031346 0.465589
v 1.482193 -1.005094 0.4475
v 1.4939 -1.007335 0.431967
v 1.509156 -1.010255 0.420048
v 1.526922 -1.013657 0.412556
v 1.473731 -1.034114 0.4475
v 1.484807 -1.038516 0.431967
v 1.499242 -1.044253 0.420048
v 1.516052 -1.050934 0.412556
v 1.459963 -1.061025 0.4475
v 1.470014 -1.067432 0.431967
v 1.483112 -1.07578 0.420048
v 1.498366 -1.085503 0.412556
v 1.441381 -1.084868 0.4475
v 1.450048 -1.09305 0.431967
v 1.461343 -1.103712 0.420048
v 1.474496 -1.11613 0.412556
v 1.325 -1.180589 0.412556
v 1.325 -1.1625 0.420048
v 1.325 -1.146967 0.431967
v 1.325 -1.135048 0.4475
v 1.325 -1.127556 0.465589
v 1.483941 -1.133944 0.41
v 1.470246 -1.120249 0.412603
v 1.457491 -1.107494 0.420122
v 1.446543 -1.096545 0.432045
v 1.438144 -1.088146 0.447563
v 1.432865 -1.082867 0.465624
v 1.431065 -1.081067 0.485
v 1.46613 -1.124496 0.412556
v 1.453713 -1.111343 0.420048
v 1.44305 -1.100048 0.431967
v 1.434868 -1.091381 0.4475
v 1.429724 -1.085932 0.465589
v 1.353685 -1.124835 0.465589
v 1.406998 -1.103645 0.465589
v 1.381346 -1.116768 0.465589
v 1.411025 -1.109963 0.4475
v 1.417431 -1.120014 0.431967
v 1.42578 -1.133112 0.420048
v 1.435503 -1.148366 0.412556
v 1.384114 -1.123731 0.4475
v 1.388516 -1.134807 0.431967
v 1.394253 -1.149242 0.420048
v 1.400934 -1.166052 0.412556
v 1.355094 -1.132193 0.4475
v 1.357335 -1.1439 0.431967
v 1.360255 -1.159156 0.420048
v 1.363657 -1.176922 0.412556
v 1.325 -1.095 0.65
v 1.356058 -1.090911 0.65
v 1.385 -1.078923 0.65
v 1.409853 -1.059853 0.65
v 1.428923 -1.035 0.65
v 1.440911 -1.006058 0.65
v 1.445 -0.975 0.65
v 1.445 0.975 0.65
v 1.440911 1.006058 0.65
v 1.428923 1.035 0.65
v 1.409853 1.059853 0.65
v 1.385 1.078923 0.65
v 1.356058 1.090911 0.65
v 1.325 1.095 0.65
v -1.325 1.095 0.65
v -1.356058 1.090911 0.65
v -1.385 1.078923 0.65
v -1.409853 1.059853 0.65
v -1.428923 1.035 0.65
v -1.440911 1.006058 0.65
v -1.445 0.975 0.65
v -1.445 -0.975 0.65
v -1.440911 -1.006058 0.65
v -1.428923 -1.035 0.65
v -1.409853 -1.059853 0.65
v -1.385 -1.078923 0.65
v -1.356058 -1.090911 0.65
v -1.325 -1.095 0.65
v 1.407941 0.975 0.698296
v 1.407883 -0.975 0.698132
v 1.406126 -0.975 0.698746
v 1.416694 -0.975 0.695048
v 1.42 0.975 0.693301
v 1.419851 -0.975 0.693065
v 1.426175 -0.975 0.689092
v 1.430355 0.975 0.685355
v 1.430133 -0.975 0.685133
v 1.438301 0.975 0.675
v 1.434092 -0.975 0.681175
v 1.438065 -0.975 0.674851
v 1.443296 0.975 0.662941
v 1.440048 -0.975 0.671694
v 1.443131 -0.975 0.662883
v 1.443746 -0.975 0.661126
v 1.325 1.057941 0.698296
v 1.346467 1.055115 0.698296
v 1.325 1.07 0.693301
v 1.349588 1.066763 0.693301
v 1.325 1.080355 0.685355
v 1.352268 1.076765 0.685355
v 1.325 1.088301 0.675
v 1.354324 1.084441 0.675
v 1.325 1.093296 0.662941
v 1.355617 1.089265 0.662941
v 1.36647 1.046829 0.698296
v 1.3725 1.057272 0.693301
v 1.377678 1.06624 0.685355
v 1.381651 1.073122 0.675
v 1.384148 1.077448 0.662941
v 1.383648 1.033648 0.698296
v 1.392175 1.042175 0.693301
v 1.399498 1.049497 0.685355
v 1.405116 1.055116 0.675
v 1.408648 1.058648 0.662941
v 1.396829 1.01647 0.698296
v 1.407272 1.0225 0.693301
v 1.41624 1.027678 0.685355
v 1.423122 1.031651 0.675
v 1.427448 1.034148 0.662941
v 1.405115 0.996467 0.698296
v 1.416763 0.999588 0.693301
v 1.426765 1.002268 0.685355
v 1.434441 1.004325 0.675
v 1.439265 1.005617 0.662941
v 1.345997 -1.053362 0.698746
v 1.403362 -0.995997 0.698746
v 1.41357 -0.998732 0.695048
v 1.325 -1.056126 0.698746
v 1.325 -1.057883 0.698132
v 1.348732 -1.06357 0.695048
v 1.422727 -1.001186 0.689092
v 1.325 -1.066694 0.695048
v 1.325 -1.069851 0.693065
v 1.351186 -1.072727 0.689092
v 1.430374 -1.003235 0.681175
v 1.325 -1.076174 0.689092
v 1.325 -1.080133 0.685133
v 1.353235 -1.080374 0.681175
v 1.436128 -1.004777 0.671694
v 1.395257 -1.015563 0.698746
v 1.40441 -1.020847 0.695048
v 1.41262 -1.025587 0.689092
v 1.419476 -1.029546 0.681175
v 1.424635 -1.032524 0.671694
v 1.382365 -1.032365 0.698746
v 1.389838 -1.039838 0.695048
v 1.396541 -1.046541 0.689092
v 1.402139 -1.052139 0.681175
v 1.406352 -1.056352 0.671694
v 1.365563 -1.045257 0.698746
v 1.370847 -1.05441 0.695048
v 1.375587 -1.06262 0.689092
v 1.379546 -1.069476 0.681175
v 1.382524 -1.074635 0.671694
v 1.354777 -1.086128 0.671694
v 1.4397 -1.005734 0.661126
v 1.325 -1.084092 0.681175
v 1.325 -1.088065 0.674851
v 1.325 -1.090048 0.671694
v 1.325 -1.093132 0.662883
v 1.427837 -1.034373 0.661126
v 1.408966 -1.058966 0.661126
v 1.384373 -1.077837 0.661126
v 1.355734 -1.0897 0.661126
v 1.325 -1.093746 0.661126
v -1.325 1.056126 0.698746
v -1.325 1.057883 0.698132
v -1.325 1.066694 0.695048
v -1.325 1.069851 0.693065
v -1.325 1.076174 0.689092
v -1.325 1.080133 0.685133
v -1.325 1.084092 0.681175
v -1.325 1.088065 0.674851
v -1.325 1.090048 0.671694
v -1.325 1.093132 0.662883
v -1.325 1.093746 0.661126
v -1.325 -1.057941 0.698296
v -1.325 -1.07 0.693301
v -1.325 -1.080355 0.685355
v -1.325 -1.088301 0.675
v -1.325 -1.093296 0.662941
v -1.345997 1.053362 0.698746
v -1.406126 0.975 0.698746
v -1.403362 0.995997 0.698746
v -1.407883 0.975 0.698132
v -1.41357 0.998732 0.695048
v -1.348732 1.06357 0.695048
v -1.422727 1.001186 0.689092
v -1.419851 0.975 0.693065
v -1.416694 0.975 0.695048
v -1.351186 1.072727 0.689092
v -1.430374 1.003235 0.681175
v -1.430133 0.975 0.685133
v -1.426175 0.975 0.689092
v -1.353235 1.080374 0.681175
v -1.443131 0.975 0.662883
v -1.440048 0.975 0.671694
v -1.436128 1.004777 0.671694
v -1.438065 0.975 0.674851
v -1.434092 0.975 0.681175
v -1.395257 1.015563 0.698746
v -1.40441 1.020847 0.695048
v -1.41262 1.025587 0.689092
v -1.419476 1.029546 0.681175
v -1.424635 1.032524 0.671694
v -1.382365 1.032365 0.698746
v -1.389838 1.039838 0.695048
v -1.396541 1.046541 0.689092
v -1.402139 1.052139 0.681175
v -1.406352 1.056352 0.671694
v -1.365563 1.045257 0.698746
v -1.370847 1.05441 0.695048
v -1.375587 1.06262 0.689092
v -1.379546 1.069476 0.681175
v -1.382524 1.074635 0.671694
v -1.354777 1.086128 0.671694
v -1.443746 0.975 0.661126
v -1.4397 1.005734 0.661126
v -1.427837 1.034373 0.661126
v -1.408966 1.058966 0.661126
v -1.384373 1.077837 0.661126
v -1.355734 1.0897 0.661126
v -1.346467 -1.055115 0.698296
v -1.349588 -1.066763 0.693301
v -1.352268 -1.076765 0.685355
v -1.354324 -1.084441 0.675
v -1.355617 -1.089265 0.662941
v -1.36647 -1.046829 0.698296
v -1.3725 -1.057272 0.693301
v -1.377678 -1.06624 0.685355
v -1.381651 -1.073122 0.675
v -1.384148 -1.077448 0.662941
v -1.383648 -1.033648 0.698296
v -1.392175 -1.042175 0.693301
v -1.399498 -1.049497 0.685355
v -1.405116 -1.055116 0.675
v -1.408648 -1.058648 0.662941
v -1.396829 -1.01647 0.698296
v -1.407272 -1.0225 0.693301
v -1.41624 -1.027678 0.685355
v -1.423122 -1.031651 0.675
v -1.427448 -1.034148 0.662941
v -1.405115 -0.996467 0.698296
v -1.416763 -0.999588 0.693301
v -1.426765 -1.002268 0.685355
v -1.434441 -1.004325 0.675
v -1.439265 -1.005617 0.662941
v -1.407941 -0.975 0.698296
v -1.42 -0.975 0.693301
v -1.430355 -0.975 0.685355
v -1.438301 -0.975 0.675
v -1.443296 -0.975 0.662941
v 0.096557 0.055932 0.701
v 0.096557 0.044338 0.701
newmtl 4
Ka 0.0 0.0 0.0
Kd 0.0 0.0 0.0
Ks 0.0 0.0 0.0
d 0.0
endmtl
v 0.056058 0.055932 0.701
v 0.056058 0.146027 0.701
v 0.042931 0.146027 0.701
v 0.042931 0.044338 0.701
v 0.164199 0.044104 0.701
v 0.1487 0.042623 0.701
v 0.175117 0.047685 0.701
v 0.176852 0.048549 0.701
v 0.176852 0.06113 0.701
v 0.166893 0.056652 0.701
v 0.1554 0.054501 0.701
v 0.150598 0.05432 0.701
v 0.140312 0.055568 0.701
v 0.133075 0.058377 0.701
v 0.12644 0.063083 0.701
v 0.124474 0.06503 0.701
v 0.11952 0.071909 0.701
v 0.116232 0.080107 0.701
v 0.114603 0.090282 0.701
v 0.114492 0.094039 0.701
v 0.115894 0.106911 0.701
v 0.119138 0.115948 0.701
v 0.123896 0.123171 0.701
v 0.125176 0.124608 0.701
v 0.132113 0.130332 0.701
v 0.140111 0.134031 0.701
v 0.14896 0.135733 0.701
v 0.152885 0.135889 0.701
v 0.165405 0.134394 0.701
v 0.17572 0.13047 0.701
v 0.176852 0.129858 0.701
v 0.176852 0.143583 0.701
v 0.152756 0.147742 0.701
v 0.153005 0.147742 0.701
v 0.166277 0.14666 0.701
v 0.137913 0.145919 0.701
v 0.127308 0.141767 0.701
v 0.117805 0.135069 0.701
v 0.115402 0.13277 0.701
v 0.108025 0.123131 0.701
v 0.103198 0.111834 0.701
v 0.100894 0.098556 0.701
v 0.100716 0.093259 0.701
v 0.106304 0.067168 0.701
v 0.102377 0.07808 0.701
v 0.112162 0.058299 0.701
v 0.113765 0.056504 0.701
v 0.121955 0.0497 0.701
v 0.142577 0.042911 0.701
v 0.131554 0.045178 0.701
v 0.251896 0.055932 0.701
v 0.251896 0.044338 0.701
v 0.210332 0.055932 0.701
v 0.210332 0.09014 0.701
v 0.246698 0.09014 0.701
v 0.246698 0.101785 0.701
v 0.210332 0.101785 0.701
v 0.210332 0.134329 0.701
v 0.249583 0.134329 0.701
v 0.249583 0.146027 0.701
v 0.197205 0.146027 0.701
v 0.197205 0.044338 0.701
v 0.334289 0.072817 0.701
v 0.329228 0.066537 0.701
v 0.33856 0.058583 0.701
v 0.327354 0.064836 0.701
v 0.328095 0.051052 0.701
v 0.320618 0.060426 0.701
v 0.31654 0.046492 0.701
v 0.311921 0.057324 0.701
v 0.299075 0.044338 0.701
v 0.298997 0.055932 0.701
v 0.271106 0.044338 0.701
v 0.284233 0.055932 0.701
v 0.271106 0.146027 0.701
v 0.284233 0.134329 0.701
v 0.300115 0.146027 0.701
v 0.299595 0.134329 0.701
v 0.315632 0.144314 0.701
v 0.312691 0.132884 0.701
v 0.327906 0.139833 0.701
v 0.321511 0.129702 0.701
v 0.33856 0.132562 0.701
v 0.328943 0.124764 0.701
v 0.342052 0.129156 0.701
v 0.332283 0.121382 0.701
v 0.348371 0.120319 0.701
v 0.336101 0.115529 0.701
v 0.352162 0.110649 0.701
v 0.338839 0.10783 0.701
v 0.353897 0.096482 0.701
v 0.340094 0.096118 0.701
v 0.353595 0.090044 0.701
v 0.339759 0.089689 0.701
v 0.351138 0.078132 0.701
v 0.337788 0.08037 0.701
v 0.346138 0.06761 0.701
v 0.299595 0.134329 0.7
v 0.284233 0.134329 0.7
v 0.284233 0.055932 0.7
v 0.298997 0.055932 0.7
v 0.329228 0.066537 0.7
v 0.327354 0.064836 0.7
v 0.320618 0.060426 0.7
v 0.311921 0.057324 0.7
v 0.340094 0.096118 0.7
v 0.339759 0.089689 0.7
v 0.337788 0.08037 0.7
v 0.334289 0.072817 0.7
v 0.328943 0.124764 0.7
v 0.332283 0.121382 0.7
v 0.336101 0.115529 0.7
v 0.338839 0.10783 0.7
v 0.312691 0.132884 0.7
v 0.321511 0.129702 0.7
v 0.387975 0.083641 0.701
v 0.383816 0.072152 0.701
v 0.422105 0.083641 0.701
v 0.42616 0.072152 0.701
v 0.403181 0.125907 0.701
v 0.398268 0.146027 0.701
v 0.359537 0.044338 0.701
v 0.374042 0.044338 0.701
v 0.404062 0.128942 0.701
v 0.404845 0.13303 0.701
v 0.412305 0.146027 0.701
v 0.405157 0.13303 0.701
v 0.405979 0.128728 0.701
v 0.406742 0.125907 0.701
v 0.451036 0.044338 0.701
v 0.436531 0.044338 0.701
v 0.387975 0.083641 0.7
v 0.422105 0.083641 0.7
v 0.406742 0.125907 0.7
v 0.405157 0.13303 0.7
v 0.405979 0.128728 0.7
v 0.404845 0.13303 0.7
v 0.403181 0.125907 0.7
v 0.404062 0.128942 0.7
v 0.097622 -0.105387 0.701
v 0.097622 -0.11698 0.701
v 0.056058 -0.105387 0.701
v 0.056058 -0.071179 0.701
v 0.092424 -0.071179 0.701
v 0.092424 -0.059533 0.701
v 0.056058 -0.059533 0.701
v 0.056058 -0.026989 0.701
v 0.095309 -0.026989 0.701
v 0.095309 -0.015292 0.701
v 0.042931 -0.015292 0.701
v 0.042931 -0.11698 0.701
v 0.138433 -0.082824 0.701
v 0.155433 -0.080537 0.701
v 0.16817 -0.070243 0.701
v 0.155433 -0.11698 0.701
v 0.16817 -0.11698 0.701
v 0.155433 -0.105751 0.701
v 0.155433 -0.070815 0.701
v 0.12783 -0.085984 0.701
v 0.130888 -0.084553 0.701
v 0.155095 -0.105751 0.701
v 0.148575 -0.103706 0.701
v 0.15289 -0.109064 0.701
v 0.145017 -0.106186 0.701
v 0.155433 -0.087503 0.701
v 0.154667 -0.093785 0.701
v 0.152852 -0.09836 0.701
v 0.149974 -0.102319 0.701
v 0.123893 -0.101735 0.701
v 0.114275 -0.111124 0.701
v 0.125341 -0.103882 0.701
v 0.116052 -0.112977 0.701
v 0.126424 -0.104971 0.701
v 0.120047 -0.115813 0.701
v 0.128962 -0.106704 0.701
v 0.124867 -0.117717 0.701
v 0.131843 -0.107761 0.701
v 0.130857 -0.118643 0.701
v 0.132844 -0.118696 0.701
v 0.136145 -0.108246 0.701
v 0.138899 -0.118084 0.701
v 0.141193 -0.107644 0.701
v 0.144152 -0.11631 0.701
v 0.148833 -0.113316 0.701
v 0.155011 -0.065304 0.701
v 0.167149 -0.060436 0.701
v 0.153704 -0.060719 0.701
v 0.165139 -0.054689 0.701
v 0.152216 -0.058079 0.701
v 0.162522 -0.0506 0.701
v 0.150301 -0.056018 0.701
v 0.159111 -0.047372 0.701
v 0.148053 -0.05455 0.701
v 0.154862 -0.044971 0.701
v 0.145121 -0.053507 0.701
v 0.149462 -0.043357 0.701
v 0.14072 -0.053035 0.701
v 0.141916 -0.042689 0.701
v 0.133736 -0.053701 0.701
v 0.128894 -0.044285 0.701
v 0.125756 -0.05627 0.701
v 0.119441 -0.047977 0.701
v 0.11691 -0.061821 0.701
v 0.11691 -0.049448 0.701
v 0.12284 -0.094475 0.701
v 0.109848 -0.096025 0.701
v 0.122732 -0.096497 0.701
v 0.109814 -0.097537 0.701
v 0.123056 -0.099421 0.701
v 0.110423 -0.103234 0.701
v 0.111951 -0.107559 0.701
v 0.13391 -0.07383 0.701
v 0.124257 -0.076211 0.701
v 0.126112 -0.087295 0.701
v 0.118838 -0.078992 0.701
v 0.124587 -0.089183 0.701
v 0.11494 -0.082377 0.701
v 0.123469 -0.091558 0.701
v 0.112399 -0.086027 0.701
v 0.110655 -0.090522 0.701
v 0.126112 -0.087295 0.7
v 0.12783 -0.085984 0.7
v 0.130888 -0.084553 0.7
v 0.138433 -0.082824 0.7
v 0.122732 -0.096497 0.7
v 0.12284 -0.094475 0.7
v 0.123469 -0.091558 0.7
v 0.124587 -0.089183 0.7
v 0.126424 -0.104971 0.7
v 0.125341 -0.103882 0.7
v 0.123893 -0.101735 0.7
v 0.123056 -0.099421 0.7
v 0.136145 -0.108246 0.7
v 0.131843 -0.107761 0.7
v 0.128962 -0.106704 0.7
v 0.149974 -0.102319 0.7
v 0.148575 -0.103706 0.7
v 0.145017 -0.106186 0.7
v 0.141193 -0.107644 0.7
v 0.155433 -0.087503 0.7
v 0.154667 -0.093785 0.7
v 0.152852 -0.09836 0.7
v 0.155433 -0.080537 0.7
v 0.206381 -0.108298 0.701
v 0.190008 -0.104147 0.701
v 0.197975 -0.107261 0.701
v 0.18543 -0.10128 0.701
v 0.18543 -0.114433 0.701
v 0.194332 -0.117567 0.701
v 0.205133 -0.118696 0.701
v 0.216773 -0.117293 0.701
v 0.223439 -0.114689 0.701
v 0.226292 -0.112925 0.701
v 0.230118 -0.109533 0.701
v 0.23243 -0.106154 0.701
v 0.233933 -0.102103 0.701
v 0.23448 -0.097225 0.701
v 0.23388 -0.092176 0.701
v 0.232464 -0.08847 0.701
v 0.230217 -0.085215 0.701
v 0.22718 -0.082506 0.701
v 0.218721 -0.077801 0.701
v 0.213789 -0.075806 0.701
v 0.205907 -0.072374 0.701
v 0.201416 -0.069567 0.701
v 0.200174 -0.0682 0.701
v 0.199256 -0.066482 0.701
v 0.198751 -0.064503 0.701
v 0.198635 -0.062809 0.701
v 0.198865 -0.060777 0.701
v 0.199494 -0.059058 0.701
v 0.200586 -0.057437 0.701
v 0.202508 -0.055738 0.701
v 0.205364 -0.05422 0.701
v 0.208771 -0.053318 0.701
v 0.212542 -0.053035 0.701
v 0.221459 -0.054122 0.701
v 0.228663 -0.056918 0.701
v 0.230997 -0.058286 0.701
v 0.230997 -0.045913 0.701
v 0.222725 -0.043482 0.701
v 0.213789 -0.042689 0.701
v 0.20354 -0.043927 0.701
v 0.196731 -0.046574 0.701
v 0.19367 -0.04846 0.701
v 0.189755 -0.052016 0.701
v 0.187439 -0.055468 0.701
v 0.185971 -0.059573 0.701
v 0.185508 -0.063952 0.701
v 0.186113 -0.069136 0.701
v 0.187561 -0.072985 0.701
v 0.189121 -0.075442 0.701
v 0.204795 -0.08506 0.701
v 0.197203 -0.08158 0.701
v 0.191205 -0.077621 0.701
v 0.213159 -0.088562 0.701
v 0.21813 -0.091558 0.701
v 0.219717 -0.093211 0.701
v 0.220702 -0.094899 0.701
v 0.221281 -0.096888 0.701
v 0.221406 -0.098472 0.701
v 0.221142 -0.100902 0.701
v 0.220494 -0.102714 0.701
v 0.219382 -0.104358 0.701
v 0.217921 -0.105655 0.701
v 0.21676 -0.10636 0.701
v 0.213473 -0.107563 0.701
v 0.206944 -0.108295 0.701
v 0.29762 -0.044353 0.701
v 0.310825 -0.044353 0.701
v 0.277786 -0.099044 0.701
v 0.276812 -0.10243 0.701
v 0.276227 -0.104919 0.701
v 0.275889 -0.104919 0.701
v 0.274329 -0.09894 0.701
v 0.255354 -0.044353 0.701
v 0.241109 -0.044353 0.701
v 0.269598 -0.116824 0.701
v 0.26401 -0.130029 0.701
v 0.261301 -0.134899 0.701
v 0.258925 -0.137449 0.701
v 0.257536 -0.138462 0.701
v 0.254828 -0.139707 0.701
v 0.251923 -0.140239 0.701
v 0.250961 -0.140271 0.701
v 0.24634 -0.139669 0.701
v 0.243734 -0.138815 0.701
v 0.243734 -0.150148 0.701
v 0.248931 -0.151071 0.701
v 0.251948 -0.151188 0.701
v 0.26216 -0.14866 0.701
v 0.257138 -0.150586 0.701
v 0.266606 -0.14554 0.701
v 0.267328 -0.144881 0.701
v 0.271993 -0.139333 0.701
v 0.277864 -0.12795 0.701
v 0.379241 -0.105387 0.701
v 0.379241 -0.11698 0.701
v 0.337676 -0.105387 0.701
v 0.337676 -0.071179 0.701
v 0.374042 -0.071179 0.701
v 0.374042 -0.059533 0.701
v 0.337676 -0.059533 0.701
v 0.337676 -0.026989 0.701
v 0.376927 -0.026989 0.701
v 0.376927 -0.015292 0.701
v 0.324549 -0.015292 0.701
v 0.324549 -0.11698 0.701
v 0.461634 -0.088501 0.701
v 0.456573 -0.094781 0.701
v 0.465905 -0.102735 0.701
v 0.454698 -0.096482 0.701
v 0.45544 -0.110266 0.701
v 0.447962 -0.100892 0.701
v 0.443884 -0.114826 0.701
v 0.439266 -0.103995 0.701
v 0.42642 -0.11698 0.701
v 0.426342 -0.105387 0.701
v 0.39845 -0.11698 0.701
v 0.411577 -0.105387 0.701
v 0.39845 -0.015292 0.701
v 0.411577 -0.026989 0.701
v 0.42746 -0.015292 0.701
v 0.42694 -0.026989 0.701
v 0.442977 -0.017004 0.701
v 0.440035 -0.028435 0.701
v 0.455251 -0.021485 0.701
v 0.448856 -0.031617 0.701
v 0.465905 -0.028757 0.701
v 0.456287 -0.036555 0.701
v 0.469397 -0.032162 0.701
v 0.459628 -0.039937 0.701
v 0.475716 -0.040999 0.701
v 0.463445 -0.045789 0.701
v 0.479506 -0.050669 0.701
v 0.466183 -0.053489 0.701
v 0.481241 -0.064836 0.701
v 0.467438 -0.0652 0.701
v 0.480939 -0.071275 0.701
v 0.467103 -0.07163 0.701
v 0.478483 -0.083186 0.701
v 0.465132 -0.080948 0.701
v 0.473483 -0.093708 0.701
v 0.42694 -0.026989 0.7
v 0.411577 -0.026989 0.7
v 0.411577 -0.105387 0.7
v 0.426342 -0.105387 0.7
v 0.456573 -0.094781 0.7
v 0.454698 -0.096482 0.7
v 0.447962 -0.100892 0.7
v 0.439266 -0.103995 0.7
v 0.467438 -0.0652 0.7
v 0.467103 -0.07163 0.7
v 0.465132 -0.080948 0.7
v 0.461634 -0.088501 0.7
v 0.456287 -0.036555 0.7
v 0.459628 -0.039937 0.7
v 0.463445 -0.045789 0.7
v 0.466183 -0.053489 0.7
v 0.440035 -0.028435 0.7
v 0.448856 -0.031617 0.7
v 0.515319 -0.077677 0.701
v 0.51116 -0.089167 0.701
v 0.549449 -0.077677 0.701
v 0.553504 -0.089167 0.701
v 0.530526 -0.035411 0.701
v 0.525613 -0.015292 0.701
v 0.486882 -0.11698 0.701
v 0.501386 -0.11698 0.701
v 0.531406 -0.032376 0.701
v 0.532189 -0.028289 0.701
v 0.539649 -0.015292 0.701
v 0.532501 -0.028289 0.701
v 0.533323 -0.032591 0.701
v 0.534087 -0.035411 0.701
v 0.57838 -0.11698 0.701
v 0.563876 -0.11698 0.701
v 0.515319 -0.077677 0.7
v 0.549449 -0.077677 0.7
v 0.534087 -0.035411 0.7
v 0.532501 -0.028289 0.7
v 0.533323 -0.032591 0.7
v 0.532189 -0.028289 0.7
v 0.530526 -0.035411 0.7
v 0.531406 -0.032376 0.7
v -0.406192 -0.131355 0.701
v -0.395449 -0.144631 0.701
v -0.412691 -0.067446 0.701
v -0.425138 0.058277 0.701
v -0.409002 0.0668 0.701
v -0.413101 0.111198 0.701
v -0.272431 -0.092751 0.701
v -0.272431 -0.085521 0.701
v -0.333766 -0.067829 0.701
v -0.340583 -0.065704 0.701
v -0.384495 0.114748 0.701
v -0.322917 -0.076533 0.701
v -0.319534 -0.082341 0.701
v -0.272807 -0.100124 0.701
v -0.171212 -0.032019 0.701
v -0.193624 0.006299 0.701
v -0.290505 -0.04431 0.701
v -0.345453 -0.065277 0.701
v -0.3523 -0.066127 0.701
v -0.361938 -0.021842 0.701
v -0.35863 -0.068565 0.701
v -0.377912 -0.027938 0.701
v -0.364311 -0.072534 0.701
v -0.392703 -0.038197 0.701
v -0.367801 -0.076288 0.701
v -0.404666 -0.051853 0.701
v -0.371389 -0.082381 0.701
v -0.373337 -0.089245 0.701
v -0.318441 -0.024599 0.701
v -0.335889 -0.020256 0.701
v -0.34473 -0.019729 0.701
v -0.367866 0.113302 0.701
v -0.345453 0.060524 0.701
v -0.335912 0.080992 0.701
v -0.428409 -0.057772 0.701
v -0.422678 -0.11311 0.701
v -0.413414 -0.115887 0.701
v -0.327774 -0.071532 0.701
v -0.364433 -0.114304 0.701
v -0.35871 -0.11834 0.701
v -0.381314 -0.155301 0.701
v -0.352053 -0.120882 0.701
v -0.353044 0.130564 0.701
v -0.32027 0.100775 0.701
v -0.336054 0.145114 0.701
v -0.300428 0.115999 0.701
v -0.318487 0.156003 0.701
v -0.391145 0.070993 0.701
v -0.383772 0.071369 0.701
v -0.37618 0.114296 0.701
v -0.367026 0.069319 0.701
v -0.350808 0.063442 0.701
v -0.303106 -0.03283 0.701
v -0.147353 0.039557 0.701
v -0.141569 0.039557 0.701
v -0.111926 0.078598 0.701
v -0.127856 0.03787 0.701
v -0.106326 0.076649 0.701
v -0.115235 0.033019 0.701
v -0.085005 0.065488 0.701
v -0.104017 0.025197 0.701
v -0.065799 0.048531 0.701
v -0.095577 0.015758 0.701
v -0.05148 0.027661 0.701
v -0.088879 0.003265 0.701
v -0.043137 0.005456 0.701
v -0.085515 -0.01063 0.701
v -0.04035 -0.016114 0.701
v -0.085175 -0.016837 0.701
v -0.040452 -0.020674 0.701
v -0.086904 -0.030883 0.701
v -0.178192 -0.117 0.701
v -0.175549 -0.117333 0.701
v -0.169766 -0.07323 0.701
v -0.285155 0.168882 0.701
v -0.27698 0.126011 0.701
v -0.249295 0.173311 0.701
v -0.150968 0.135715 0.701
v -0.173628 0.096811 0.701
v -0.127285 0.108393 0.701
v -0.158821 0.07603 0.701
v -0.149548 0.051897 0.701
v -0.453926 0.016526 0.701
v -0.501428 0.004349 0.701
v -0.456071 -9.31E-4 0.701
v -0.50162 -0.002377 0.701
v -0.455231 -0.011918 0.701
v -0.498063 -0.030928 0.701
v -0.450083 -0.029629 0.701
v -0.487646 -0.057831 0.701
v -0.441379 -0.044464 0.701
v -0.471254 -0.081183 0.701
v -0.448792 -0.100356 0.701
v -0.368987 -0.109007 0.701
v -0.372003 -0.103007 0.701
v -0.373511 -0.096298 0.701
v -0.137231 -0.07323 0.701
v -0.132893 -0.117333 0.701
v -0.124351 -0.070775 0.701
v -0.111079 -0.11299 0.701
v -0.111582 -0.064888 0.701
v -0.08882 -0.10275 0.701
v -0.100876 -0.056176 0.701
v -0.069728 -0.087545 0.701
v -0.099828 -0.055052 0.701
v -0.0671 -0.084798 0.701
v -0.09188 -0.043771 0.701
v -0.053941 -0.066927 0.701
v -0.044329 -0.044324 0.701
v -0.439875 0.100769 0.701
v -0.462854 0.084578 0.701
v -0.437732 0.04706 0.701
v -0.467639 0.080044 0.701
v -0.447743 0.032654 0.701
v -0.485129 0.057583 0.701
v -0.496622 0.031527 0.701
v -0.31762 -0.088915 0.701
v -0.317363 -0.095921 0.701
v -0.276999 -0.117981 0.701
v -0.318893 -0.10291 0.701
v -0.285522 -0.134117 0.701
v -0.322095 -0.109234 0.701
v -0.296739 -0.146711 0.701
v -0.326691 -0.114509 0.701
v -0.311145 -0.156723 0.701
v -0.332221 -0.118382 0.701
v -0.327273 -0.162906 0.701
v -0.338511 -0.120814 0.701
v -0.34473 -0.16505 0.701
v -0.345453 -0.121671 0.701
v -0.347572 -0.164996 0.701
v -0.36464 -0.162322 0.701
v -0.252943 0.129842 0.701
v -0.248572 0.129931 0.701
v -0.219494 0.17018 0.701
v -0.226546 0.127507 0.701
v -0.183212 0.157394 0.701
v -0.203688 0.11941 0.701
v -0.183081 0.105876 0.701
v -0.196401 -0.092656 0.701
v -0.196516 -0.09492 0.701
v -0.1734 -0.072558 0.701
v -0.195941 -0.099858 0.701
v -0.194145 -0.104783 0.701
v -0.191104 -0.10937 0.701
v -0.18795 -0.112444 0.701
v -0.171231 -0.073038 0.701
v -0.183033 -0.115469 0.701
v -0.174104 -0.072507 0.701
v -0.179135 -0.073085 0.701
v -0.184138 -0.074909 0.701
v -0.188652 -0.07793 0.701
v -0.192433 -0.082091 0.701
v -0.195097 -0.087116 0.701
v -0.345453 -0.065277 0.7
v -0.340583 -0.065704 0.7
v -0.333766 -0.067829 0.7
v -0.327774 -0.071532 0.7
v -0.322917 -0.076533 0.7
v -0.319534 -0.082341 0.7
v -0.31762 -0.088915 0.7
v -0.317363 -0.095921 0.7
v -0.318893 -0.10291 0.7
v -0.322095 -0.109234 0.7
v -0.326691 -0.114509 0.7
v -0.332221 -0.118382 0.7
v -0.338511 -0.120814 0.7
v -0.345453 -0.121671 0.7
v -0.352053 -0.120882 0.7
v -0.35871 -0.11834 0.7
v -0.364433 -0.114304 0.7
v -0.368987 -0.109007 0.7
v -0.372003 -0.103007 0.7
v -0.373511 -0.096298 0.7
v -0.373337 -0.089245 0.7
v -0.371389 -0.082381 0.7
v -0.367801 -0.076288 0.7
v -0.364311 -0.072534 0.7
v -0.35863 -0.068565 0.7
v -0.3523 -0.066127 0.7
usemtl 1
f 1// 2// 3//
f 4// 5// 6//
f 7// 8// 9//
f 10// 11// 12//
f 13// 14// 15//
f 15// 14// 16//
f 17// 18// 15//
f 15// 18// 19//
f 15// 19// 20//
f 20// 21// 15//
f 15// 21// 22//
f 15// 22// 13//
f 23// 24// 25//
f 25// 24// 26//
f 26// 24// 27//
f 26// 27// 28//
f 23// 25// 29//
f 29// 25// 30//
f 29// 30// 31//
f 32// 33// 30//
f 30// 33// 34//
f 30// 34// 35//
f 30// 36// 31//
f 31// 36// 37//
f 31// 37// 38//
f 38// 37// 39//
f 38// 39// 40//
f 35// 41// 30//
f 30// 41// 42//
f 30// 42// 36//
f 43// 44// 45//
f 45// 44// 46//
f 46// 47// 45//
f 45// 47// 48//
f 45// 48// 49//
f 49// 48// 50//
f 50// 51// 49//
f 49// 51// 52//
f 49// 52// 32//
f 32// 52// 53//
f 32// 53// 33//
f 54// 43// 55//
f 55// 43// 45//
f 55// 45// 56//
f 56// 45// 57//
f 58// 59// 60//
f 58// 60// 61//
f 60// 62// 61//
f 61// 62// 63//
f 61// 63// 64//
f 64// 63// 65//
f 64// 65// 45//
f 45// 65// 66//
f 45// 66// 57//
f 67// 68// 69//
f 69// 68// 70//
f 70// 71// 69//
f 69// 71// 72//
f 69// 72// 73//
f 74// 75// 76//
f 76// 75// 77//
f 78// 79// 67//
f 67// 79// 80//
f 67// 80// 81//
f 82// 83// 75//
f 75// 83// 84//
f 75// 84// 85//
f 86// 87// 88//
f 88// 87// 89//
f 90// 91// 92//
f 92// 91// 93//
f 92// 93// 94//
f 95// 96// 97//
f 97// 96// 98//
f 97// 98// 99//
f 100// 85// 101//
f 101// 85// 102//
f 101// 102// 97//
f 97// 102// 103//
f 97// 103// 95//
f 104// 105// 106//
f 106// 105// 107//
f 106// 107// 92//
f 92// 107// 108//
f 92// 108// 90//
f 94// 109// 92//
f 92// 109// 110//
f 92// 110// 67//
f 67// 110// 111//
f 67// 111// 78//
f 112// 113// 114//
f 114// 113// 115//
f 114// 115// 88//
f 88// 115// 116//
f 88// 116// 86//
f 100// 117// 85//
f 85// 117// 118//
f 85// 118// 75//
f 75// 118// 119//
f 75// 119// 77//
f 81// 120// 67//
f 67// 120// 121//
f 67// 121// 122//
f 122// 121// 112//
f 122// 112// 123//
f 123// 112// 114//
f 89// 124// 88//
f 88// 124// 125//
f 88// 125// 126//
f 127// 128// 88//
f 88// 128// 129//
f 88// 129// 75//
f 75// 129// 130//
f 75// 130// 82//
f 126// 131// 88//
f 88// 131// 132//
f 88// 132// 133//
f 133// 134// 88//
f 88// 134// 135//
f 88// 135// 127//
f 136// 137// 138//
f 138// 85// 136//
f 136// 85// 84//
f 136// 84// 139//
f 139// 84// 140//
f 140// 141// 139//
f 139// 141// 142//
f 139// 142// 143//
f 144// 145// 146//
f 147// 148// 145//
f 148// 149// 145//
f 145// 149// 150//
f 145// 150// 151//
f 146// 152// 144//
f 144// 152// 153//
f 144// 153// 154//
f 137// 136// 144//
f 144// 136// 155//
f 144// 155// 145//
f 145// 155// 156//
f 145// 156// 147//
f 151// 157// 145//
f 145// 157// 158//
f 145// 158// 159//
f 159// 158// 160//
f 159// 160// 161//
f 161// 160// 162//
f 163// 164// 154//
f 154// 164// 165//
f 154// 165// 144//
f 14// 166// 16//
f 16// 166// 167//
f 16// 167// 106//
f 106// 167// 168//
f 106// 168// 104//
f 169// 170// 171//
f 171// 170// 172//
f 171// 172// 173//
f 174// 175// 176//
f 170// 177// 172//
f 172// 177// 178//
f 172// 178// 179//
f 179// 178// 180//
f 179// 180// 181//
f 181// 180// 182//
f 181// 182// 183//
f 183// 182// 184//
f 185// 186// 187//
f 187// 186// 188//
f 189// 190// 191//
f 191// 190// 192//
f 191// 193// 189//
f 189// 193// 194//
f 189// 194// 195//
f 195// 194// 196//
f 195// 196// 197//
f 185// 187// 198//
f 198// 187// 194//
f 198// 194// 199//
f 199// 194// 193//
f 199// 193// 200//
f 193// 201// 200//
f 200// 201// 202//
f 200// 202// 203//
f 192// 190// 204//
f 204// 190// 205//
f 204// 205// 206//
f 207// 208// 205//
f 196// 209// 197//
f 197// 209// 206//
f 197// 206// 12//
f 12// 206// 205//
f 12// 205// 210//
f 210// 205// 208//
f 10// 12// 211//
f 212// 213// 210//
f 210// 213// 214//
f 210// 214// 12//
f 12// 214// 215//
f 12// 215// 211//
f 216// 217// 210//
f 210// 217// 218//
f 210// 218// 219//
f 219// 220// 210//
f 210// 220// 221//
f 210// 221// 212//
f 222// 223// 224//
f 224// 223// 225//
f 224// 225// 226//
f 222// 227// 223//
f 223// 227// 228//
f 223// 228// 229//
f 229// 228// 230//
f 229// 230// 231//
f 226// 232// 224//
f 224// 232// 233//
f 224// 233// 210//
f 210// 233// 234//
f 210// 234// 216//
f 235// 236// 237//
f 237// 236// 238//
f 237// 238// 239//
f 9// 240// 241//
f 241// 242// 9//
f 9// 242// 243//
f 9// 243// 7//
f 244// 245// 246//
f 246// 245// 247//
f 247// 248// 249//
f 249// 248// 250//
f 249// 250// 9//
f 9// 250// 251//
f 9// 251// 240//
f 252// 253// 254//
f 254// 253// 255//
f 254// 255// 256//
f 257// 258// 259//
f 259// 258// 260//
f 259// 260// 254//
f 254// 260// 261//
f 254// 261// 252//
f 184// 174// 183//
f 183// 174// 176//
f 183// 176// 262//
f 262// 176// 263//
f 262// 263// 264//
f 265// 266// 267//
f 265// 267// 263//
f 263// 267// 268//
f 263// 268// 264//
f 6// 5// 269//
f 270// 271// 272//
f 270// 272// 273//
f 4// 6// 272//
f 272// 6// 274//
f 272// 274// 273//
f 275// 276// 277//
f 277// 276// 278//
f 277// 278// 279//
f 280// 281// 282//
f 282// 281// 25//
f 283// 284// 285//
f 280// 282// 285//
f 285// 282// 286//
f 285// 286// 283//
f 287// 288// 179//
f 289// 290// 181//
f 181// 290// 291//
f 292// 293// 294//
f 294// 293// 179//
f 294// 179// 295//
f 295// 179// 288//
f 291// 296// 181//
f 181// 296// 297//
f 181// 297// 298//
f 298// 299// 181//
f 181// 299// 300//
f 181// 300// 179//
f 179// 300// 301//
f 179// 301// 287//
f 189// 302// 289//
f 289// 302// 303//
f 289// 303// 290//
f 292// 304// 293//
f 293// 304// 305//
f 293// 305// 195//
f 195// 305// 306//
f 195// 306// 189//
f 189// 306// 307//
f 189// 307// 302//
f 308// 309// 310//
f 311// 312// 313//
f 313// 312// 314//
f 308// 310// 315//
f 316// 259// 317//
f 317// 259// 318//
f 319// 320// 321//
f 321// 320// 322//
f 311// 323// 312//
f 312// 323// 324//
f 312// 324// 325//
f 325// 324// 326//
f 327// 328// 326//
f 326// 328// 329//
f 326// 329// 325//
f 322// 330// 321//
f 321// 330// 331//
f 321// 331// 332//
f 333// 334// 310//
f 310// 334// 335//
f 310// 335// 315//
f 336// 337// 338//
f 338// 337// 339//
f 338// 339// 340//
f 341// 342// 343//
f 343// 342// 344//
f 343// 344// 345//
f 316// 346// 259//
f 259// 346// 347//
f 259// 347// 348//
f 349// 350// 326//
f 326// 350// 351//
f 326// 351// 352//
f 332// 353// 321//
f 321// 353// 354//
f 321// 354// 259//
f 259// 354// 314//
f 259// 314// 318//
f 318// 314// 312//
f 11// 257// 355//
f 355// 257// 259//
f 355// 259// 356//
f 356// 259// 348//
f 356// 348// 341//
f 341// 348// 357//
f 341// 357// 342//
f 352// 358// 326//
f 326// 358// 359//
f 326// 359// 327//
f 360// 361// 362//
f 362// 361// 363//
f 362// 363// 345//
f 345// 363// 364//
f 345// 364// 343//
f 309// 365// 366//
f 366// 365// 367//
f 365// 368// 367//
f 367// 368// 369//
f 367// 369// 370//
f 336// 360// 337//
f 337// 360// 362//
f 337// 362// 371//
f 371// 362// 372//
f 371// 372// 373//
f 373// 372// 374//
f 373// 374// 375//
f 375// 374// 376//
f 377// 376// 366//
f 366// 376// 374//
f 366// 374// 309//
f 309// 374// 372//
f 309// 372// 310//
f 378// 379// 3//
f 380// 381// 3//
f 356// 382// 355//
f 355// 382// 383//
f 355// 383// 384//
f 380// 3// 385//
f 384// 386// 355//
f 355// 386// 387//
f 355// 387// 388//
f 388// 387// 389//
f 388// 389// 378//
f 381// 390// 3//
f 3// 390// 391//
f 3// 391// 1//
f 392// 393// 379//
f 379// 393// 394//
f 379// 394// 3//
f 3// 394// 395//
f 3// 395// 385//
f 396// 397// 398//
f 398// 397// 399//
f 398// 399// 400//
f 398// 401// 396//
f 396// 401// 402//
f 396// 402// 403//
f 403// 404// 396//
f 396// 404// 405//
f 396// 405// 406//
f 406// 405// 407//
f 406// 407// 408//
f 408// 407// 409//
f 408// 409// 379//
f 379// 409// 410//
f 379// 410// 392//
f 411// 412// 400//
f 400// 412// 413//
f 400// 413// 398//
f 414// 415// 340//
f 340// 415// 416//
f 340// 416// 338//
f 414// 417// 415//
f 415// 417// 418//
f 415// 418// 419//
f 419// 418// 420//
f 419// 421// 422//
f 420// 423// 419//
f 419// 423// 424//
f 419// 424// 425//
f 425// 426// 419//
f 419// 426// 427//
f 419// 427// 421//
f 422// 428// 419//
f 419// 428// 429//
f 419// 429// 430//
f 431// 432// 433//
f 434// 435// 436//
f 433// 437// 431//
f 431// 437// 438//
f 431// 438// 439//
f 439// 438// 434//
f 439// 434// 440//
f 440// 434// 436//
f 441// 442// 3//
f 3// 442// 443//
f 378// 3// 388//
f 388// 3// 443//
f 388// 443// 437//
f 437// 443// 444//
f 437// 444// 438//
f 445// 442// 446//
f 446// 442// 441//
f 446// 441// 447//
f 448// 449// 450//
f 451// 452// 3//
f 377// 366// 2//
f 2// 366// 448//
f 2// 448// 3//
f 3// 448// 450//
f 3// 450// 451//
f 452// 453// 3//
f 3// 453// 454//
f 3// 454// 455//
f 455// 456// 3//
f 3// 456// 457//
f 3// 457// 441//
f 441// 457// 458//
f 441// 458// 447//
f 459// 460// 461//
f 461// 460// 462//
f 461// 462// 448//
f 448// 462// 463//
f 448// 463// 449//
f 464// 465// 466//
f 464// 466// 467//
f 465// 468// 466//
f 466// 468// 469//
f 466// 469// 461//
f 461// 469// 470//
f 461// 470// 459//
f 471// 472// 473//
f 473// 472// 474//
f 475// 476// 477//
f 477// 476// 478//
f 477// 478// 479//
f 479// 478// 480//
f 479// 480// 481//
f 471// 473// 482//
f 482// 473// 478//
f 482// 478// 483//
f 483// 478// 476//
f 483// 476// 484//
f 476// 485// 484//
f 484// 485// 486//
f 484// 486// 487//
f 480// 488// 481//
f 481// 488// 489//
f 481// 489// 490//
f 490// 489// 491//
f 475// 477// 492//
f 492// 477// 493//
f 492// 493// 491//
f 491// 493// 433//
f 491// 433// 490//
f 490// 433// 432//
f 490// 432// 467//
f 262// 494// 183//
f 183// 494// 495//
f 183// 495// 181//
f 181// 495// 496//
f 181// 496// 289//
f 289// 496// 497//
f 289// 497// 189//
f 189// 497// 498//
f 189// 498// 190//
f 190// 498// 237//
f 190// 237// 205//
f 205// 237// 239//
f 205// 239// 207//
f 26// 249// 499//
f 499// 249// 9//
f 499// 9// 235//
f 235// 9// 8//
f 235// 8// 236//
f 247// 249// 246//
f 246// 249// 500//
f 246// 500// 501//
f 16// 502// 15//
f 15// 502// 503//
f 15// 503// 504//
f 505// 500// 504//
f 504// 500// 249//
f 504// 249// 15//
f 15// 249// 26//
f 15// 26// 17//
f 17// 26// 28//
f 11// 355// 12//
f 12// 355// 388//
f 12// 388// 197//
f 197// 388// 437//
f 197// 437// 195//
f 195// 437// 433//
f 195// 433// 293//
f 293// 433// 493//
f 293// 493// 179//
f 179// 493// 477//
f 179// 477// 172//
f 501// 502// 246//
f 246// 502// 16//
f 246// 16// 506//
f 506// 16// 106//
f 507// 508// 479//
f 509// 510// 511//
f 511// 507// 509//
f 509// 507// 479//
f 509// 479// 512//
f 513// 514// 515//
f 516// 508// 517//
f 517// 508// 518//
f 517// 518// 519//
f 519// 518// 520//
f 516// 521// 508//
f 508// 521// 522//
f 508// 522// 523//
f 524// 477// 525//
f 525// 477// 479//
f 525// 479// 526//
f 526// 479// 508//
f 526// 508// 527//
f 527// 508// 523//
f 174// 173// 175//
f 175// 173// 172//
f 175// 172// 514//
f 514// 172// 477//
f 514// 477// 515//
f 515// 477// 518//
f 528// 529// 518//
f 518// 529// 530//
f 518// 530// 520//
f 524// 531// 477//
f 477// 531// 532//
f 477// 532// 518//
f 518// 532// 533//
f 518// 533// 528//
f 256// 244// 254//
f 254// 244// 246//
f 254// 246// 259//
f 259// 246// 506//
f 259// 506// 321//
f 321// 506// 534//
f 92// 534// 535//
f 535// 534// 536//
f 536// 534// 537//
f 537// 534// 506//
f 537// 506// 538//
f 92// 535// 106//
f 106// 535// 539//
f 106// 539// 506//
f 506// 539// 540//
f 506// 540// 538//
f 541// 542// 543//
f 543// 542// 537//
f 543// 537// 544//
f 544// 537// 538//
f 544// 538// 545//
f 545// 538// 546//
f 467// 466// 490//
f 490// 466// 547//
f 490// 547// 481//
f 481// 547// 548//
f 481// 548// 479//
f 67// 69// 92//
f 92// 69// 549//
f 92// 549// 534//
f 534// 549// 367//
f 534// 367// 321//
f 321// 367// 370//
f 321// 370// 319//
f 25// 281// 30//
f 30// 281// 550//
f 30// 550// 32//
f 32// 550// 551//
f 32// 551// 49//
f 49// 551// 552//
f 49// 552// 45//
f 45// 552// 553//
f 45// 553// 64//
f 64// 553// 554//
f 64// 554// 61//
f 61// 554// 555//
f 61// 555// 279//
f 279// 555// 556//
f 279// 556// 277//
f 515// 512// 513//
f 513// 512// 479//
f 513// 479// 5//
f 5// 479// 548//
f 5// 548// 269//
f 269// 548// 547//
f 269// 547// 557//
f 557// 547// 466//
f 557// 466// 558//
f 558// 466// 461//
f 558// 461// 559//
f 559// 461// 448//
f 559// 448// 560//
f 560// 448// 366//
f 560// 366// 561//
f 561// 366// 367//
f 561// 367// 562//
f 562// 367// 549//
f 562// 549// 563//
f 563// 549// 69//
f 563// 69// 58//
f 58// 69// 73//
f 58// 73// 59//
usemtl 2
f 564// 565// 566//
f 564// 566// 567//
f 568// 569// 570//
f 570// 569// 571//
f 570// 571// 572//
f 572// 571// 573//
f 572// 573// 574//
f 566// 575// 567//
f 567// 575// 576//
f 567// 576// 577//
f 577// 576// 578//
f 577// 578// 568//
f 568// 578// 579//
f 568// 579// 569//
f 580// 581// 582//
f 583// 584// 585//
f 585// 584// 586//
f 585// 586// 587//
f 587// 586// 588//
f 587// 588// 589//
f 580// 582// 590//
f 582// 591// 590//
f 590// 591// 592//
f 590// 592// 593//
f 593// 592// 594//
f 593// 594// 583//
f 583// 594// 595//
f 583// 595// 584//
f 596// 597// 598//
f 599// 600// 601//
f 601// 600// 602//
f 601// 602// 603//
f 603// 602// 604//
f 603// 604// 605//
f 596// 598// 606//
f 598// 607// 606//
f 606// 607// 608//
f 606// 608// 609//
f 609// 608// 610//
f 609// 610// 599//
f 599// 610// 611//
f 599// 611// 600//
f 612// 613// 614//
f 615// 616// 617//
f 617// 616// 618//
f 619// 620// 621//
f 621// 620// 622//
f 623// 624// 625//
f 625// 624// 626//
f 625// 626// 627//
f 627// 626// 628//
f 629// 630// 631//
f 614// 629// 612//
f 612// 629// 631//
f 612// 631// 632//
f 632// 631// 633//
f 627// 634// 635//
f 636// 615// 637//
f 637// 615// 617//
f 637// 617// 638//
f 638// 617// 639//
f 627// 635// 625//
f 625// 635// 640//
f 625// 640// 641//
f 642// 612// 643//
f 643// 612// 632//
f 643// 632// 644//
f 644// 632// 645//
f 646// 619// 647//
f 647// 619// 621//
f 647// 621// 648//
f 648// 621// 649//
f 650// 637// 651//
f 651// 637// 638//
f 651// 638// 652//
f 652// 638// 644//
f 652// 644// 653//
f 654// 647// 655//
f 655// 647// 648//
f 655// 648// 645//
f 645// 648// 656//
f 645// 656// 644//
f 644// 656// 640//
f 644// 640// 653//
f 653// 640// 635//
f 630// 629// 657//
f 657// 629// 599//
f 657// 599// 658//
f 658// 599// 601//
f 658// 601// 659//
f 659// 601// 603//
f 659// 603// 660//
f 660// 603// 605//
f 619// 646// 661//
f 605// 662// 660//
f 660// 662// 663//
f 660// 663// 664//
f 664// 663// 665//
f 664// 665// 666//
f 666// 665// 667//
f 666// 667// 661//
f 661// 667// 668//
f 661// 668// 619//
f 622// 620// 669//
f 669// 620// 670//
f 669// 670// 671//
f 671// 670// 672//
f 671// 672// 673//
f 673// 672// 674//
f 673// 674// 675//
f 675// 674// 676//
f 624// 623// 677//
f 676// 678// 675//
f 675// 678// 565//
f 675// 565// 679//
f 679// 565// 564//
f 679// 564// 680//
f 680// 564// 567//
f 680// 567// 677//
f 677// 567// 577//
f 677// 577// 624//
f 628// 626// 681//
f 681// 626// 568//
f 681// 568// 682//
f 682// 568// 570//
f 682// 570// 683//
f 683// 570// 572//
f 683// 572// 684//
f 684// 572// 574//
f 615// 636// 685//
f 574// 686// 684//
f 684// 686// 581//
f 684// 581// 687//
f 687// 581// 580//
f 687// 580// 688//
f 688// 580// 590//
f 688// 590// 685//
f 685// 590// 593//
f 685// 593// 615//
f 614// 613// 689//
f 618// 616// 690//
f 690// 616// 583//
f 690// 583// 691//
f 691// 583// 585//
f 691// 585// 692//
f 692// 585// 587//
f 692// 587// 693//
f 693// 587// 589//
f 589// 694// 693//
f 693// 694// 597//
f 693// 597// 695//
f 695// 597// 596//
f 695// 596// 696//
f 696// 596// 606//
f 696// 606// 689//
f 689// 606// 609//
f 689// 609// 614//
f 670// 620// 668//
f 668// 620// 619//
f 614// 609// 629//
f 629// 609// 599//
f 583// 616// 593//
f 593// 616// 615//
f 568// 626// 577//
f 577// 626// 624//
f 665// 663// 697//
f 665// 697// 667//
f 697// 698// 667//
f 667// 698// 699//
f 667// 699// 668//
f 668// 699// 700//
f 668// 700// 670//
f 700// 701// 670//
f 670// 701// 702//
f 670// 702// 672//
f 672// 702// 703//
f 672// 703// 674//
f 674// 703// 704//
f 674// 704// 676//
usemtl 3
f 705// 639// 706//
f 706// 639// 617//
f 639// 705// 638//
f 638// 705// 707//
f 638// 707// 644//
f 644// 707// 708//
f 644// 708// 643//
f 643// 708// 709//
f 643// 709// 642//
f 642// 709// 710//
f 711// 612// 710//
f 710// 612// 642//
f 690// 712// 618//
f 618// 712// 713//
f 618// 713// 617//
f 617// 713// 706//
f 612// 711// 613//
f 613// 711// 714//
f 613// 714// 689//
f 689// 714// 715//
f 712// 690// 716//
f 716// 690// 691//
f 716// 691// 717//
f 717// 691// 692//
f 717// 692// 718//
f 718// 692// 693//
f 718// 693// 719//
f 719// 693// 695//
f 719// 695// 720//
f 720// 695// 696//
f 720// 696// 715//
f 715// 696// 689//
f 715// 714// 720//
f 720// 714// 721//
f 720// 721// 719//
f 719// 721// 722//
f 719// 722// 718//
f 718// 722// 723//
f 718// 723// 717//
f 717// 723// 724//
f 717// 724// 716//
f 716// 724// 725//
f 716// 725// 712//
f 712// 725// 713//
f 705// 706// 710//
f 707// 705// 708//
f 708// 705// 710//
f 708// 710// 709//
f 713// 725// 706//
f 706// 725// 724//
f 706// 724// 710//
f 710// 724// 723//
f 714// 711// 721//
f 721// 711// 710//
f 721// 710// 722//
f 722// 710// 723//
f 726// 634// 727//
f 727// 634// 627//
f 634// 726// 635//
f 635// 726// 728//
f 653// 635// 729//
f 729// 635// 728//
f 730// 731// 652//
f 652// 731// 651//
f 651// 731// 650//
f 650// 731// 732//
f 733// 637// 732//
f 732// 637// 650//
f 637// 733// 636//
f 636// 733// 734//
f 636// 734// 685//
f 685// 734// 735//
f 681// 736// 628//
f 628// 736// 737//
f 628// 737// 627//
f 627// 737// 727//
f 736// 681// 738//
f 738// 681// 682//
f 738// 682// 739//
f 739// 682// 683//
f 739// 683// 740//
f 740// 683// 684//
f 740// 684// 741//
f 741// 684// 687//
f 741// 687// 742//
f 742// 687// 688//
f 742// 688// 735//
f 735// 688// 685//
f 735// 734// 742//
f 742// 734// 743//
f 742// 743// 741//
f 741// 743// 744//
f 741// 744// 740//
f 740// 744// 745//
f 740// 745// 739//
f 739// 745// 746//
f 739// 746// 738//
f 738// 746// 747//
f 738// 747// 736//
f 736// 747// 737//
f 726// 727// 732//
f 729// 728// 730//
f 730// 728// 726//
f 730// 726// 731//
f 731// 726// 732//
f 737// 747// 727//
f 727// 747// 746//
f 727// 746// 732//
f 732// 746// 745//
f 734// 733// 743//
f 743// 733// 732//
f 743// 732// 744//
f 744// 732// 745//
f 748// 649// 749//
f 749// 649// 621//
f 649// 748// 648//
f 648// 748// 750//
f 648// 750// 656//
f 656// 750// 751//
f 656// 751// 640//
f 640// 751// 752//
f 640// 752// 641//
f 641// 752// 753//
f 754// 625// 753//
f 753// 625// 641//
f 625// 754// 623//
f 623// 754// 755//
f 623// 755// 677//
f 677// 755// 756//
f 669// 757// 622//
f 622// 757// 758//
f 622// 758// 621//
f 621// 758// 749//
f 757// 669// 759//
f 759// 669// 671//
f 759// 671// 760//
f 760// 671// 673//
f 760// 673// 761//
f 761// 673// 675//
f 761// 675// 762//
f 762// 675// 679//
f 762// 679// 763//
f 763// 679// 680//
f 763// 680// 756//
f 756// 680// 677//
f 756// 755// 763//
f 763// 755// 764//
f 763// 764// 762//
f 762// 764// 765//
f 762// 765// 761//
f 761// 765// 766//
f 761// 766// 760//
f 760// 766// 767//
f 760// 767// 759//
f 759// 767// 768//
f 759// 768// 757//
f 757// 768// 758//
f 748// 749// 753//
f 750// 748// 751//
f 751// 748// 753//
f 751// 753// 752//
f 758// 768// 749//
f 749// 768// 767//
f 749// 767// 753//
f 753// 767// 766//
f 755// 754// 764//
f 764// 754// 753//
f 764// 753// 765//
f 765// 753// 766//
f 769// 633// 770//
f 770// 633// 631//
f 633// 769// 632//
f 632// 769// 771//
f 632// 771// 645//
f 645// 771// 772//
f 645// 772// 655//
f 655// 772// 773//
f 655// 773// 654//
f 654// 773// 774//
f 775// 647// 774//
f 774// 647// 654//
f 647// 775// 646//
f 646// 775// 776//
f 646// 776// 661//
f 661// 776// 777//
f 657// 778// 630//
f 630// 778// 779//
f 630// 779// 631//
f 631// 779// 770//
f 778// 657// 780//
f 780// 657// 658//
f 780// 658// 781//
f 781// 658// 659//
f 781// 659// 782//
f 782// 659// 660//
f 782// 660// 783//
f 783// 660// 664//
f 783// 664// 784//
f 784// 664// 666//
f 784// 666// 777//
f 777// 666// 661//
f 777// 776// 784//
f 784// 776// 785//
f 784// 785// 783//
f 783// 785// 786//
f 783// 786// 782//
f 782// 786// 787//
f 782// 787// 781//
f 781// 787// 788//
f 781// 788// 780//
f 780// 788// 789//
f 780// 789// 778//
f 778// 789// 779//
f 788// 787// 774//
f 774// 773// 772//
f 770// 779// 789//
f 789// 788// 770//
f 770// 788// 774//
f 770// 774// 769//
f 769// 774// 772//
f 769// 772// 771//
f 776// 775// 785//
f 785// 775// 774//
f 785// 774// 786//
f 786// 774// 787//
f 729// 730// 653//
f 653// 730// 652//
f 790// 791// 792//
f 792// 791// 793//
f 794// 795// 796//
f 796// 795// 793//
f 796// 793// 797//
f 797// 793// 791//
f 798// 799// 800//
f 800// 799// 795//
f 800// 795// 801//
f 801// 795// 794//
f 798// 802// 799//
f 799// 802// 803//
f 799// 803// 804//
f 803// 805// 804//
f 804// 805// 806//
f 804// 806// 807//
f 808// 809// 810//
f 810// 809// 807//
f 810// 807// 811//
f 811// 807// 806//
f 812// 813// 808//
f 808// 813// 809//
f 812// 814// 813//
f 813// 814// 815//
f 816// 817// 818//
f 818// 817// 815//
f 818// 815// 819//
f 819// 815// 814//
f 820// 821// 822//
f 822// 821// 817//
f 822// 817// 823//
f 823// 817// 816//
f 820// 824// 821//
f 821// 824// 825//
f 821// 825// 826//
f 825// 827// 826//
f 826// 827// 828//
f 826// 828// 829//
f 830// 831// 832//
f 832// 831// 829//
f 832// 829// 833//
f 833// 829// 828//
f 834// 835// 830//
f 830// 835// 831//
f 834// 836// 835//
f 835// 836// 837//
f 838// 839// 840//
f 840// 839// 837//
f 840// 837// 841//
f 841// 837// 836//
f 842// 843// 844//
f 844// 843// 839//
f 844// 839// 845//
f 845// 839// 838//
f 842// 846// 843//
f 843// 846// 847//
f 843// 847// 848//
f 847// 849// 848//
f 848// 849// 850//
f 848// 850// 851//
f 852// 853// 854//
f 854// 853// 851//
f 854// 851// 855//
f 855// 851// 850//
f 856// 857// 852//
f 852// 857// 853//
f 856// 858// 857//
f 857// 858// 859//
f 860// 861// 862//
f 862// 861// 859//
f 862// 859// 863//
f 863// 859// 858//
f 864// 865// 866//
f 866// 865// 861//
f 866// 861// 867//
f 867// 861// 860//
f 864// 868// 865//
f 865// 868// 869//
f 865// 869// 870//
f 869// 871// 870//
f 870// 871// 872//
f 870// 872// 873//
f 874// 875// 876//
f 876// 875// 873//
f 876// 873// 877//
f 877// 873// 872//
f 790// 792// 874//
f 874// 792// 875//
f 878// 799// 879//
f 879// 799// 804//
f 879// 804// 880//
f 880// 804// 807//
f 880// 807// 881//
f 881// 807// 809//
f 881// 809// 882//
f 882// 809// 813//
f 882// 813// 883//
f 883// 813// 815//
f 883// 815// 884//
f 884// 815// 817//
f 884// 817// 885//
f 885// 817// 821//
f 885// 821// 886//
f 886// 821// 826//
f 886// 826// 887//
f 887// 826// 829//
f 887// 829// 888//
f 888// 829// 831//
f 888// 831// 889//
f 889// 831// 835//
f 889// 835// 890//
f 890// 835// 837//
f 890// 837// 891//
f 891// 837// 839//
f 891// 839// 892//
f 892// 839// 843//
f 892// 843// 893//
f 893// 843// 848//
f 893// 848// 894//
f 894// 848// 851//
f 894// 851// 895//
f 895// 851// 853//
f 895// 853// 896//
f 896// 853// 857//
f 896// 857// 897//
f 897// 857// 859//
f 897// 859// 898//
f 898// 859// 861//
f 898// 861// 899//
f 899// 861// 865//
f 899// 865// 900//
f 900// 865// 870//
f 900// 870// 901//
f 901// 870// 873//
f 901// 873// 902//
f 902// 873// 875//
f 902// 875// 903//
f 903// 875// 792//
f 903// 792// 904//
f 904// 792// 793//
f 904// 793// 905//
f 905// 793// 795//
f 905// 795// 878//
f 878// 795// 799//
f 814// 812// 906//
f 819// 814// 907//
f 822// 823// 908//
f 908// 823// 816//
f 816// 818// 909//
f 909// 818// 819//
f 822// 908// 910//
f 910// 908// 911//
f 910// 911// 912//
f 912// 911// 913//
f 912// 913// 914//
f 914// 913// 915//
f 914// 915// 916//
f 916// 915// 917//
f 916// 917// 918//
f 918// 917// 598//
f 918// 598// 597//
f 816// 909// 908//
f 908// 909// 919//
f 908// 919// 911//
f 911// 919// 920//
f 911// 920// 913//
f 913// 920// 921//
f 913// 921// 915//
f 915// 921// 922//
f 915// 922// 917//
f 917// 922// 607//
f 917// 607// 598//
f 819// 907// 909//
f 909// 907// 923//
f 909// 923// 919//
f 919// 923// 924//
f 919// 924// 920//
f 920// 924// 925//
f 920// 925// 921//
f 921// 925// 926//
f 921// 926// 922//
f 922// 926// 608//
f 922// 608// 607//
f 814// 906// 907//
f 907// 906// 927//
f 907// 927// 923//
f 923// 927// 928//
f 923// 928// 924//
f 924// 928// 929//
f 924// 929// 925//
f 925// 929// 930//
f 925// 930// 926//
f 926// 930// 610//
f 926// 610// 608//
f 931// 589// 932//
f 932// 589// 933//
f 932// 933// 934//
f 934// 933// 935//
f 934// 935// 936//
f 936// 935// 937//
f 936// 937// 938//
f 938// 937// 939//
f 938// 939// 940//
f 940// 939// 941//
f 940// 941// 942//
f 942// 941// 824//
f 597// 931// 918//
f 918// 931// 932//
f 918// 932// 916//
f 916// 932// 934//
f 916// 934// 914//
f 914// 934// 936//
f 914// 936// 912//
f 912// 936// 938//
f 912// 938// 910//
f 910// 938// 940//
f 910// 940// 822//
f 822// 940// 942//
f 611// 610// 943//
f 943// 610// 930//
f 943// 930// 944//
f 944// 930// 929//
f 944// 929// 945//
f 945// 929// 928//
f 945// 928// 946//
f 946// 928// 927//
f 946// 927// 947//
f 947// 927// 906//
f 947// 906// 808//
f 808// 906// 812//
f 825// 824// 941//
f 827// 825// 948//
f 830// 832// 949//
f 949// 832// 833//
f 833// 828// 950//
f 950// 828// 827//
f 830// 949// 951//
f 951// 949// 952//
f 951// 952// 953//
f 953// 952// 954//
f 953// 954// 955//
f 955// 954// 956//
f 955// 956// 957//
f 957// 956// 958//
f 957// 958// 959//
f 959// 958// 584//
f 959// 584// 595//
f 833// 950// 949//
f 949// 950// 960//
f 949// 960// 952//
f 952// 960// 961//
f 952// 961// 954//
f 954// 961// 962//
f 954// 962// 956//
f 956// 962// 963//
f 956// 963// 958//
f 958// 963// 586//
f 958// 586// 584//
f 827// 948// 950//
f 950// 948// 964//
f 950// 964// 960//
f 960// 964// 965//
f 960// 965// 961//
f 961// 965// 966//
f 961// 966// 962//
f 962// 966// 967//
f 962// 967// 963//
f 963// 967// 588//
f 963// 588// 586//
f 825// 941// 948//
f 948// 941// 939//
f 948// 939// 964//
f 964// 939// 937//
f 964// 937// 965//
f 965// 937// 935//
f 965// 935// 966//
f 966// 935// 933//
f 966// 933// 967//
f 967// 933// 589//
f 967// 589// 588//
f 803// 802// 968//
f 805// 803// 969//
f 808// 810// 970//
f 970// 810// 811//
f 811// 806// 971//
f 971// 806// 805//
f 808// 970// 947//
f 947// 970// 972//
f 947// 972// 946//
f 946// 972// 973//
f 946// 973// 945//
f 945// 973// 974//
f 945// 974// 944//
f 944// 974// 975//
f 944// 975// 943//
f 943// 975// 600//
f 943// 600// 611//
f 811// 971// 970//
f 970// 971// 976//
f 970// 976// 972//
f 972// 976// 977//
f 972// 977// 973//
f 973// 977// 978//
f 973// 978// 974//
f 974// 978// 979//
f 974// 979// 975//
f 975// 979// 602//
f 975// 602// 600//
f 805// 969// 971//
f 971// 969// 980//
f 971// 980// 976//
f 976// 980// 981//
f 976// 981// 977//
f 977// 981// 982//
f 977// 982// 978//
f 978// 982// 983//
f 978// 983// 979//
f 979// 983// 604//
f 979// 604// 602//
f 803// 968// 969//
f 969// 968// 984//
f 969// 984// 980//
f 980// 984// 985//
f 980// 985// 981//
f 981// 985// 986//
f 981// 986// 982//
f 982// 986// 987//
f 982// 987// 983//
f 983// 987// 605//
f 983// 605// 604//
f 595// 594// 959//
f 959// 594// 988//
f 959// 988// 957//
f 957// 988// 989//
f 957// 989// 955//
f 955// 989// 990//
f 955// 990// 953//
f 953// 990// 991//
f 953// 991// 951//
f 951// 991// 992//
f 951// 992// 830//
f 830// 992// 834//
f 993// 605// 994//
f 994// 605// 987//
f 994// 987// 995//
f 995// 987// 986//
f 995// 986// 996//
f 996// 986// 985//
f 996// 985// 997//
f 997// 985// 984//
f 997// 984// 998//
f 998// 984// 968//
f 998// 968// 999//
f 999// 968// 802//
f 663// 993// 1000//
f 1000// 993// 994//
f 1000// 994// 1001//
f 1001// 994// 995//
f 1001// 995// 1002//
f 1002// 995// 996//
f 1002// 996// 1003//
f 1003// 996// 997//
f 1003// 997// 1004//
f 1004// 997// 998//
f 1004// 998// 800//
f 800// 998// 999//
f 836// 834// 992//
f 841// 836// 1005//
f 844// 845// 1006//
f 1006// 845// 838//
f 838// 840// 1007//
f 1007// 840// 841//
f 844// 1006// 1008//
f 1008// 1006// 1009//
f 1008// 1009// 1010//
f 1010// 1009// 1011//
f 1010// 1011// 1012//
f 1012// 1011// 1013//
f 1012// 1013// 1014//
f 1014// 1013// 1015//
f 1014// 1015// 1016//
f 1016// 1015// 582//
f 1016// 582// 581//
f 838// 1007// 1006//
f 1006// 1007// 1017//
f 1006// 1017// 1009//
f 1009// 1017// 1018//
f 1009// 1018// 1011//
f 1011// 1018// 1019//
f 1011// 1019// 1013//
f 1013// 1019// 1020//
f 1013// 1020// 1015//
f 1015// 1020// 591//
f 1015// 591// 582//
f 841// 1005// 1007//
f 1007// 1005// 1021//
f 1007// 1021// 1017//
f 1017// 1021// 1022//
f 1017// 1022// 1018//
f 1018// 1022// 1023//
f 1018// 1023// 1019//
f 1019// 1023// 1024//
f 1019// 1024// 1020//
f 1020// 1024// 592//
f 1020// 592// 591//
f 836// 992// 1005//
f 1005// 992// 991//
f 1005// 991// 1021//
f 1021// 991// 990//
f 1021// 990// 1022//
f 1022// 990// 989//
f 1022// 989// 1023//
f 1023// 989// 988//
f 1023// 988// 1024//
f 1024// 988// 594//
f 1024// 594// 592//
f 791// 790// 1025//
f 797// 791// 1026//
f 800// 801// 1027//
f 1027// 801// 794//
f 794// 796// 1028//
f 1028// 796// 797//
f 800// 1027// 1004//
f 1004// 1027// 1029//
f 1004// 1029// 1003//
f 1003// 1029// 1030//
f 1003// 1030// 1002//
f 1002// 1030// 1031//
f 1002// 1031// 1001//
f 1001// 1031// 1032//
f 1001// 1032// 1000//
f 1000// 1032// 697//
f 1000// 697// 663//
f 794// 1028// 1027//
f 1027// 1028// 1033//
f 1027// 1033// 1029//
f 1029// 1033// 1034//
f 1029// 1034// 1030//
f 1030// 1034// 1035//
f 1030// 1035// 1031//
f 1031// 1035// 1036//
f 1031// 1036// 1032//
f 1032// 1036// 698//
f 1032// 698// 697//
f 797// 1026// 1028//
f 1028// 1026// 1037//
f 1028// 1037// 1033//
f 1033// 1037// 1038//
f 1033// 1038// 1034//
f 1034// 1038// 1039//
f 1034// 1039// 1035//
f 1035// 1039// 1040//
f 1035// 1040// 1036//
f 1036// 1040// 699//
f 1036// 699// 698//
f 791// 1025// 1026//
f 1026// 1025// 1041//
f 1026// 1041// 1037//
f 1037// 1041// 1042//
f 1037// 1042// 1038//
f 1038// 1042// 1043//
f 1038// 1043// 1039//
f 1039// 1043// 1044//
f 1039// 1044// 1040//
f 1040// 1044// 700//
f 1040// 700// 699//
f 1045// 574// 1046//
f 1046// 574// 1047//
f 1046// 1047// 1048//
f 1048// 1047// 1049//
f 1048// 1049// 1050//
f 1050// 1049// 1051//
f 1050// 1051// 1052//
f 1052// 1051// 1053//
f 1052// 1053// 1054//
f 1054// 1053// 1055//
f 1054// 1055// 1056//
f 1056// 1055// 846//
f 581// 1045// 1016//
f 1016// 1045// 1046//
f 1016// 1046// 1014//
f 1014// 1046// 1048//
f 1014// 1048// 1012//
f 1012// 1048// 1050//
f 1012// 1050// 1010//
f 1010// 1050// 1052//
f 1010// 1052// 1008//
f 1008// 1052// 1054//
f 1008// 1054// 844//
f 844// 1054// 1056//
f 701// 700// 1057//
f 1057// 700// 1044//
f 1057// 1044// 1058//
f 1058// 1044// 1043//
f 1058// 1043// 1059//
f 1059// 1043// 1042//
f 1059// 1042// 1060//
f 1060// 1042// 1041//
f 1060// 1041// 1061//
f 1061// 1041// 1025//
f 1061// 1025// 874//
f 874// 1025// 790//
f 847// 846// 1055//
f 849// 847// 1062//
f 852// 854// 1063//
f 1063// 854// 855//
f 855// 850// 1064//
f 1064// 850// 849//
f 852// 1063// 1065//
f 1065// 1063// 1066//
f 1065// 1066// 1067//
f 1067// 1066// 1068//
f 1067// 1068// 1069//
f 1069// 1068// 1070//
f 1069// 1070// 1071//
f 1071// 1070// 1072//
f 1071// 1072// 1073//
f 1073// 1072// 569//
f 1073// 569// 579//
f 855// 1064// 1063//
f 1063// 1064// 1074//
f 1063// 1074// 1066//
f 1066// 1074// 1075//
f 1066// 1075// 1068//
f 1068// 1075// 1076//
f 1068// 1076// 1070//
f 1070// 1076// 1077//
f 1070// 1077// 1072//
f 1072// 1077// 571//
f 1072// 571// 569//
f 849// 1062// 1064//
f 1064// 1062// 1078//
f 1064// 1078// 1074//
f 1074// 1078// 1079//
f 1074// 1079// 1075//
f 1075// 1079// 1080//
f 1075// 1080// 1076//
f 1076// 1080// 1081//
f 1076// 1081// 1077//
f 1077// 1081// 573//
f 1077// 573// 571//
f 847// 1055// 1062//
f 1062// 1055// 1053//
f 1062// 1053// 1078//
f 1078// 1053// 1051//
f 1078// 1051// 1079//
f 1079// 1051// 1049//
f 1079// 1049// 1080//
f 1080// 1049// 1047//
f 1080// 1047// 1081//
f 1081// 1047// 574//
f 1081// 574// 573//
f 869// 868// 1082//
f 871// 869// 1083//
f 874// 876// 1084//
f 1084// 876// 877//
f 877// 872// 1085//
f 1085// 872// 871//
f 874// 1084// 1061//
f 1061// 1084// 1086//
f 1061// 1086// 1060//
f 1060// 1086// 1087//
f 1060// 1087// 1059//
f 1059// 1087// 1088//
f 1059// 1088// 1058//
f 1058// 1088// 1089//
f 1058// 1089// 1057//
f 1057// 1089// 702//
f 1057// 702// 701//
f 877// 1085// 1084//
f 1084// 1085// 1090//
f 1084// 1090// 1086//
f 1086// 1090// 1091//
f 1086// 1091// 1087//
f 1087// 1091// 1092//
f 1087// 1092// 1088//
f 1088// 1092// 1093//
f 1088// 1093// 1089//
f 1089// 1093// 703//
f 1089// 703// 702//
f 871// 1083// 1085//
f 1085// 1083// 1094//
f 1085// 1094// 1090//
f 1090// 1094// 1095//
f 1090// 1095// 1091//
f 1091// 1095// 1096//
f 1091// 1096// 1092//
f 1092// 1096// 1097//
f 1092// 1097// 1093//
f 1093// 1097// 704//
f 1093// 704// 703//
f 869// 1082// 1083//
f 1083// 1082// 1098//
f 1083// 1098// 1094//
f 1094// 1098// 1099//
f 1094// 1099// 1095//
f 1095// 1099// 1100//
f 1095// 1100// 1096//
f 1096// 1100// 1101//
f 1096// 1101// 1097//
f 1097// 1101// 676//
f 1097// 676// 704//
f 579// 578// 1073//
f 1073// 578// 1102//
f 1073// 1102// 1071//
f 1071// 1102// 1103//
f 1071// 1103// 1069//
f 1069// 1103// 1104//
f 1069// 1104// 1067//
f 1067// 1104// 1105//
f 1067// 1105// 1065//
f 1065// 1105// 1106//
f 1065// 1106// 852//
f 852// 1106// 856//
f 1107// 676// 1108//
f 1108// 676// 1101//
f 1108// 1101// 1109//
f 1109// 1101// 1100//
f 1109// 1100// 1110//
f 1110// 1100// 1099//
f 1110// 1099// 1111//
f 1111// 1099// 1098//
f 1111// 1098// 1112//
f 1112// 1098// 1082//
f 1112// 1082// 1113//
f 1113// 1082// 868//
f 565// 1107// 1114//
f 1114// 1107// 1108//
f 1114// 1108// 1115//
f 1115// 1108// 1109//
f 1115// 1109// 1116//
f 1116// 1109// 1110//
f 1116// 1110// 1117//
f 1117// 1110// 1111//
f 1117// 1111// 1118//
f 1118// 1111// 1112//
f 1118// 1112// 866//
f 866// 1112// 1113//
f 858// 856// 1106//
f 863// 858// 1119//
f 866// 867// 1120//
f 1120// 867// 860//
f 860// 862// 1121//
f 1121// 862// 863//
f 866// 1120// 1118//
f 1118// 1120// 1122//
f 1118// 1122// 1117//
f 1117// 1122// 1123//
f 1117// 1123// 1116//
f 1116// 1123// 1124//
f 1116// 1124// 1115//
f 1115// 1124// 1125//
f 1115// 1125// 1114//
f 1114// 1125// 566//
f 1114// 566// 565//
f 860// 1121// 1120//
f 1120// 1121// 1126//
f 1120// 1126// 1122//
f 1122// 1126// 1127//
f 1122// 1127// 1123//
f 1123// 1127// 1128//
f 1123// 1128// 1124//
f 1124// 1128// 1129//
f 1124// 1129// 1125//
f 1125// 1129// 575//
f 1125// 575// 566//
f 863// 1119// 1121//
f 1121// 1119// 1130//
f 1121// 1130// 1126//
f 1126// 1130// 1131//
f 1126// 1131// 1127//
f 1127// 1131// 1132//
f 1127// 1132// 1128//
f 1128// 1132// 1133//
f 1128// 1133// 1129//
f 1129// 1133// 576//
f 1129// 576// 575//
f 858// 1106// 1119//
f 1119// 1106// 1105//
f 1119// 1105// 1130//
f 1130// 1105// 1104//
f 1130// 1104// 1131//
f 1131// 1104// 1103//
f 1131// 1103// 1132//
f 1132// 1103// 1102//
f 1132// 1102// 1133//
f 1133// 1102// 578//
f 1133// 578// 576//
usemtl 1
f 1134// 896// 897//
f 1134// 897// 1135//
f 1135// 897// 898//
f 1135// 898// 1136//
f 1136// 898// 899//
f 1136// 899// 1137//
f 1137// 899// 900//
f 1137// 900// 1138//
f 1138// 900// 901//
f 1138// 901// 1139//
f 1139// 901// 902//
f 1139// 902// 1140//
f 1140// 902// 1141//
f 1141// 902// 903//
f 1141// 903// 904//
f 1141// 904// 1142//
f 1142// 904// 905//
f 1142// 905// 1143//
f 1143// 905// 878//
f 1143// 878// 1144//
f 1144// 878// 879//
f 1144// 879// 1145//
f 1145// 879// 880//
f 1145// 880// 1146//
f 1146// 880// 881//
f 1146// 881// 1147//
f 1147// 881// 1148//
f 1148// 881// 882//
f 1148// 882// 883//
f 1148// 883// 1149//
f 1149// 883// 884//
f 1149// 884// 1150//
f 1150// 884// 885//
f 1150// 885// 1151//
f 1151// 885// 886//
f 1151// 886// 1152//
f 1152// 886// 887//
f 1152// 887// 1153//
f 1153// 887// 888//
f 1153// 888// 1154//
f 1154// 888// 1155//
f 1155// 888// 889//
f 1155// 889// 890//
f 1155// 890// 1156//
f 1156// 890// 891//
f 1156// 891// 1157//
f 1157// 891// 892//
f 1157// 892// 1158//
f 1158// 892// 893//
f 1158// 893// 1159//
f 1159// 893// 894//
f 1159// 894// 1160//
f 1160// 894// 895//
f 1160// 895// 1161//
f 1161// 895// 1134//
f 1134// 895// 896//
f 263// 176// 1162//
f 1162// 176// 175//
f 1162// 175// 514//
f 514// 513// 1163//
f 1163// 513// 5//
f 1163// 5// 1164//
f 1164// 5// 4//
f 514// 1163// 1162//
f 1162// 1163// 1165//
f 1162// 1165// 1166//
f 1165// 1167// 1166//
f 1166// 1167// 1168//
f 1166// 1168// 1169//
f 1169// 1168// 1170//
f 1169// 1170// 1171//
f 1170// 1172// 1171//
f 1171// 1172// 1173//
f 1171// 1173// 1174//
f 1173// 1175// 1174//
f 1174// 1175// 1176//
f 1174// 1176// 1141//
f 1141// 1176// 1177//
f 1141// 1177// 1140//
f 262// 264// 1178//
f 1178// 264// 1179//
f 1178// 1179// 1180//
f 1180// 1179// 1181//
f 1180// 1181// 1182//
f 1182// 1181// 1183//
f 1182// 1183// 1184//
f 1184// 1183// 1185//
f 1184// 1185// 1186//
f 1186// 1185// 1187//
f 1186// 1187// 1147//
f 1147// 1187// 1146//
f 264// 268// 1179//
f 1179// 268// 1188//
f 1179// 1188// 1181//
f 1181// 1188// 1189//
f 1181// 1189// 1183//
f 1183// 1189// 1190//
f 1183// 1190// 1185//
f 1185// 1190// 1191//
f 1185// 1191// 1187//
f 1187// 1191// 1192//
f 1187// 1192// 1146//
f 1146// 1192// 1145//
f 268// 267// 1188//
f 1188// 267// 1193//
f 1188// 1193// 1189//
f 1189// 1193// 1194//
f 1189// 1194// 1190//
f 1190// 1194// 1195//
f 1190// 1195// 1191//
f 1191// 1195// 1196//
f 1191// 1196// 1192//
f 1192// 1196// 1197//
f 1192// 1197// 1145//
f 1145// 1197// 1144//
f 267// 266// 1193//
f 1193// 266// 1198//
f 1193// 1198// 1194//
f 1194// 1198// 1199//
f 1194// 1199// 1195//
f 1195// 1199// 1200//
f 1195// 1200// 1196//
f 1196// 1200// 1201//
f 1196// 1201// 1197//
f 1197// 1201// 1202//
f 1197// 1202// 1144//
f 1144// 1202// 1143//
f 266// 265// 1198//
f 1198// 265// 1203//
f 1198// 1203// 1199//
f 1199// 1203// 1204//
f 1199// 1204// 1200//
f 1200// 1204// 1205//
f 1200// 1205// 1201//
f 1201// 1205// 1206//
f 1201// 1206// 1202//
f 1202// 1206// 1207//
f 1202// 1207// 1143//
f 1143// 1207// 1142//
f 265// 263// 1203//
f 1203// 263// 1162//
f 1203// 1162// 1204//
f 1204// 1162// 1166//
f 1204// 1166// 1205//
f 1205// 1166// 1169//
f 1205// 1169// 1206//
f 1206// 1169// 1171//
f 1206// 1171// 1207//
f 1207// 1171// 1174//
f 1207// 1174// 1142//
f 1142// 1174// 1141//
f 1208// 274// 6//
f 4// 272// 1164//
f 1164// 272// 1209//
f 1164// 1209// 1163//
f 1163// 1209// 1210//
f 6// 1211// 1208//
f 1208// 1211// 1212//
f 1208// 1212// 1213//
f 1214// 1167// 1210//
f 1210// 1167// 1165//
f 1210// 1165// 1163//
f 1212// 1215// 1213//
f 1213// 1215// 1216//
f 1213// 1216// 1217//
f 1218// 1170// 1214//
f 1214// 1170// 1168//
f 1214// 1168// 1167//
f 1216// 1219// 1217//
f 1217// 1219// 1220//
f 1217// 1220// 1221//
f 1176// 1175// 1222//
f 1222// 1175// 1173//
f 1222// 1173// 1218//
f 1218// 1173// 1172//
f 1218// 1172// 1170//
f 272// 271// 1209//
f 1209// 271// 1223//
f 1209// 1223// 1210//
f 1210// 1223// 1224//
f 1210// 1224// 1214//
f 1214// 1224// 1225//
f 1214// 1225// 1218//
f 1218// 1225// 1226//
f 1218// 1226// 1222//
f 1222// 1226// 1227//
f 271// 270// 1223//
f 1223// 270// 1228//
f 1223// 1228// 1224//
f 1224// 1228// 1229//
f 1224// 1229// 1225//
f 1225// 1229// 1230//
f 1225// 1230// 1226//
f 1226// 1230// 1231//
f 1226// 1231// 1227//
f 1227// 1231// 1232//
f 270// 273// 1228//
f 1228// 273// 1233//
f 1228// 1233// 1229//
f 1229// 1233// 1234//
f 1229// 1234// 1230//
f 1230// 1234// 1235//
f 1230// 1235// 1231//
f 1231// 1235// 1236//
f 1231// 1236// 1232//
f 1232// 1236// 1237//
f 273// 274// 1233//
f 1233// 274// 1208//
f 1233// 1208// 1234//
f 1234// 1208// 1213//
f 1234// 1213// 1235//
f 1235// 1213// 1217//
f 1235// 1217// 1236//
f 1236// 1217// 1221//
f 1236// 1221// 1237//
f 1237// 1221// 1238//
f 1140// 1177// 1239//
f 1239// 1177// 1176//
f 1220// 1240// 1221//
f 1221// 1240// 1241//
f 1221// 1241// 1238//
f 1238// 1241// 1242//
f 1238// 1242// 1243//
f 1176// 1222// 1239//
f 1239// 1222// 1227//
f 1239// 1227// 1244//
f 1244// 1227// 1232//
f 1244// 1232// 1245//
f 1245// 1232// 1237//
f 1245// 1237// 1246//
f 1246// 1237// 1238//
f 1246// 1238// 1247//
f 1247// 1238// 1243//
f 1247// 1243// 1248//
f 1140// 1239// 1139//
f 1139// 1239// 1244//
f 1139// 1244// 1138//
f 1138// 1244// 1245//
f 1138// 1245// 1137//
f 1137// 1245// 1246//
f 1137// 1246// 1136//
f 1136// 1246// 1247//
f 1136// 1247// 1135//
f 1135// 1247// 1248//
f 1135// 1248// 1134//
f 282// 25// 1249//
f 1249// 25// 1250//
f 26// 499// 1178//
f 1178// 499// 235//
f 1178// 235// 237//
f 237// 498// 1178//
f 1178// 498// 497//
f 1178// 497// 496//
f 496// 495// 1178//
f 1178// 495// 494//
f 1178// 494// 262//
f 25// 26// 1250//
f 1250// 26// 1178//
f 1250// 1178// 1251//
f 1251// 1178// 1252//
f 1252// 1178// 1180//
f 1252// 1180// 1253//
f 1253// 1180// 1254//
f 1254// 1180// 1182//
f 1254// 1182// 1255//
f 1255// 1182// 1184//
f 1255// 1184// 1256//
f 1256// 1184// 1257//
f 1257// 1184// 1186//
f 1257// 1186// 1258//
f 1258// 1186// 1259//
f 1259// 1186// 1147//
f 1259// 1147// 1148//
f 557// 1212// 269//
f 269// 1212// 1211//
f 269// 1211// 6//
f 558// 559// 1260//
f 1260// 559// 560//
f 560// 561// 1260//
f 1260// 561// 562//
f 1260// 562// 563//
f 563// 58// 1260//
f 1260// 58// 61//
f 1260// 61// 279//
f 557// 558// 1212//
f 1212// 558// 1260//
f 1212// 1260// 1215//
f 1215// 1260// 1216//
f 1216// 1260// 1261//
f 1216// 1261// 1219//
f 1219// 1261// 1220//
f 1220// 1261// 1262//
f 1220// 1262// 1240//
f 1240// 1262// 1263//
f 1240// 1263// 1241//
f 1241// 1263// 1242//
f 1242// 1263// 1264//
f 1242// 1264// 1243//
f 1243// 1264// 1248//
f 1248// 1264// 1161//
f 1248// 1161// 1134//
f 1265// 286// 282//
f 281// 280// 1266//
f 1266// 280// 1267//
f 1266// 1267// 1268//
f 1268// 1267// 1269//
f 282// 1249// 1265//
f 1265// 1249// 1250//
f 1265// 1250// 1270//
f 1271// 1272// 1269//
f 1269// 1272// 1273//
f 1269// 1273// 1268//
f 1250// 1251// 1270//
f 1270// 1251// 1252//
f 1270// 1252// 1274//
f 1275// 1276// 1271//
f 1271// 1276// 1277//
f 1271// 1277// 1272//
f 1252// 1253// 1274//
f 1274// 1253// 1254//
f 1274// 1254// 1278//
f 1279// 1280// 1281//
f 1281// 1280// 1282//
f 1281// 1282// 1275//
f 1275// 1282// 1283//
f 1275// 1283// 1276//
f 280// 285// 1267//
f 1267// 285// 1284//
f 1267// 1284// 1269//
f 1269// 1284// 1285//
f 1269// 1285// 1271//
f 1271// 1285// 1286//
f 1271// 1286// 1275//
f 1275// 1286// 1287//
f 1275// 1287// 1281//
f 1281// 1287// 1288//
f 285// 284// 1284//
f 1284// 284// 1289//
f 1284// 1289// 1285//
f 1285// 1289// 1290//
f 1285// 1290// 1286//
f 1286// 1290// 1291//
f 1286// 1291// 1287//
f 1287// 1291// 1292//
f 1287// 1292// 1288//
f 1288// 1292// 1293//
f 284// 283// 1289//
f 1289// 283// 1294//
f 1289// 1294// 1290//
f 1290// 1294// 1295//
f 1290// 1295// 1291//
f 1291// 1295// 1296//
f 1291// 1296// 1292//
f 1292// 1296// 1297//
f 1292// 1297// 1293//
f 1293// 1297// 1298//
f 283// 286// 1294//
f 1294// 286// 1265//
f 1294// 1265// 1295//
f 1295// 1265// 1270//
f 1295// 1270// 1296//
f 1296// 1270// 1274//
f 1296// 1274// 1297//
f 1297// 1274// 1278//
f 1297// 1278// 1298//
f 1298// 1278// 1299//
f 1154// 1300// 1301//
f 1301// 1300// 1279//
f 1254// 1255// 1278//
f 1278// 1255// 1256//
f 1278// 1256// 1299//
f 1299// 1256// 1257//
f 1299// 1257// 1258//
f 1279// 1281// 1301//
f 1301// 1281// 1288//
f 1301// 1288// 1302//
f 1302// 1288// 1293//
f 1302// 1293// 1303//
f 1303// 1293// 1298//
f 1303// 1298// 1304//
f 1304// 1298// 1299//
f 1304// 1299// 1305//
f 1305// 1299// 1258//
f 1305// 1258// 1259//
f 1154// 1301// 1153//
f 1153// 1301// 1302//
f 1153// 1302// 1152//
f 1152// 1302// 1303//
f 1152// 1303// 1151//
f 1151// 1303// 1304//
f 1151// 1304// 1150//
f 1150// 1304// 1305//
f 1150// 1305// 1149//
f 1149// 1305// 1259//
f 1149// 1259// 1148//
f 279// 278// 1260//
f 1260// 278// 1306//
f 1260// 1306// 1261//
f 1261// 1306// 1307//
f 1261// 1307// 1262//
f 1262// 1307// 1308//
f 1262// 1308// 1263//
f 1263// 1308// 1309//
f 1263// 1309// 1264//
f 1264// 1309// 1310//
f 1264// 1310// 1161//
f 1161// 1310// 1160//
f 278// 276// 1306//
f 1306// 276// 1311//
f 1306// 1311// 1307//
f 1307// 1311// 1312//
f 1307// 1312// 1308//
f 1308// 1312// 1313//
f 1308// 1313// 1309//
f 1309// 1313// 1314//
f 1309// 1314// 1310//
f 1310// 1314// 1315//
f 1310// 1315// 1160//
f 1160// 1315// 1159//
f 276// 275// 1311//
f 1311// 275// 1316//
f 1311// 1316// 1312//
f 1312// 1316// 1317//
f 1312// 1317// 1313//
f 1313// 1317// 1318//
f 1313// 1318// 1314//
f 1314// 1318// 1319//
f 1314// 1319// 1315//
f 1315// 1319// 1320//
f 1315// 1320// 1159//
f 1159// 1320// 1158//
f 275// 277// 1316//
f 1316// 277// 1321//
f 1316// 1321// 1317//
f 1317// 1321// 1322//
f 1317// 1322// 1318//
f 1318// 1322// 1323//
f 1318// 1323// 1319//
f 1319// 1323// 1324//
f 1319// 1324// 1320//
f 1320// 1324// 1325//
f 1320// 1325// 1158//
f 1158// 1325// 1157//
f 277// 556// 1321//
f 1321// 556// 1326//
f 1321// 1326// 1322//
f 1322// 1326// 1327//
f 1322// 1327// 1323//
f 1323// 1327// 1328//
f 1323// 1328// 1324//
f 1324// 1328// 1329//
f 1324// 1329// 1325//
f 1325// 1329// 1330//
f 1325// 1330// 1157//
f 1157// 1330// 1156//
f 556// 555// 1326//
f 1326// 555// 1331//
f 1326// 1331// 1327//
f 1327// 1331// 1332//
f 1327// 1332// 1328//
f 1328// 1332// 1333//
f 1328// 1333// 1329//
f 1329// 1333// 1334//
f 1329// 1334// 1330//
f 1330// 1334// 1335//
f 1330// 1335// 1156//
f 1156// 1335// 1155//
f 555// 554// 1331//
f 1331// 554// 553//
f 552// 551// 1266//
f 1266// 551// 550//
f 1266// 550// 281//
f 552// 1266// 553//
f 553// 1266// 1268//
f 553// 1268// 1331//
f 1331// 1268// 1273//
f 1331// 1273// 1332//
f 1273// 1272// 1332//
f 1332// 1272// 1277//
f 1332// 1277// 1333//
f 1333// 1277// 1276//
f 1333// 1276// 1334//
f 1276// 1283// 1334//
f 1334// 1283// 1282//
f 1334// 1282// 1335//
f 1282// 1280// 1335//
f 1335// 1280// 1279//
f 1335// 1279// 1155//
f 1155// 1279// 1300//
f 1155// 1300// 1154//
usemtl 4
f 1336// 1337// 500//
f 500// 1337// 501//
f 1338// 1336// 505//
f 505// 1336// 500//
f 1339// 1338// 504//
f 504// 1338// 505//
f 1340// 1339// 503//
f 503// 1339// 504//
f 1341// 1340// 502//
f 502// 1340// 503//
f 1337// 1341// 501//
f 501// 1341// 502//
f 1339// 1340// 1338//
f 1338// 1340// 1341//
f 1338// 1341// 1336//
f 1336// 1341// 1337//
f 1342// 1343// 11//
f 11// 1343// 257//
f 11// 10// 1342//
f 1342// 10// 211//
f 1342// 211// 1344//
f 1344// 211// 215//
f 1344// 215// 1345//
f 1346// 1345// 214//
f 214// 1345// 215//
f 1346// 214// 213//
f 1346// 213// 1347//
f 1347// 213// 212//
f 1347// 212// 1348//
f 1348// 212// 221//
f 1348// 221// 1349//
f 1349// 221// 220//
f 1349// 220// 1350//
f 1350// 220// 219//
f 1350// 219// 1351//
f 1351// 219// 218//
f 1351// 218// 1352//
f 1352// 218// 217//
f 1352// 217// 1353//
f 1353// 217// 216//
f 1353// 216// 1354//
f 1354// 216// 234//
f 1354// 234// 1355//
f 1355// 234// 233//
f 1355// 233// 1356//
f 1356// 233// 232//
f 1356// 232// 1357//
f 1357// 232// 226//
f 1357// 226// 1358//
f 1358// 226// 225//
f 1358// 225// 1359//
f 1359// 225// 223//
f 1359// 223// 1360//
f 1360// 223// 229//
f 1360// 229// 1361//
f 1361// 229// 231//
f 1361// 231// 1362//
f 1362// 231// 230//
f 1362// 230// 1363//
f 1363// 230// 228//
f 1363// 228// 1364//
f 1364// 228// 227//
f 1364// 227// 1365//
f 1365// 227// 222//
f 1365// 222// 1366//
f 1366// 222// 224//
f 1366// 224// 1367//
f 1367// 224// 210//
f 1367// 210// 1368//
f 1369// 1368// 208//
f 208// 1368// 210//
f 236// 1370// 1371//
f 1369// 208// 207//
f 1369// 207// 1372//
f 1372// 207// 239//
f 1372// 239// 1371//
f 1371// 239// 238//
f 1371// 238// 236//
f 1370// 236// 8//
f 1370// 8// 1373//
f 8// 7// 1373//
f 1373// 7// 243//
f 1373// 243// 1374//
f 1374// 243// 242//
f 1374// 242// 1375//
f 1375// 242// 241//
f 1375// 241// 1376//
f 1376// 241// 240//
f 1376// 240// 1377//
f 1377// 240// 251//
f 1377// 251// 1378//
f 251// 250// 1378//
f 1378// 250// 248//
f 1378// 248// 1379//
f 1379// 248// 247//
f 1379// 247// 1380//
f 1380// 247// 245//
f 244// 1381// 245//
f 245// 1381// 1382//
f 245// 1382// 1380//
f 244// 256// 1381//
f 1381// 256// 255//
f 1381// 255// 1383//
f 1383// 255// 253//
f 1383// 253// 1384//
f 261// 1385// 252//
f 252// 1385// 1384//
f 252// 1384// 253//
f 260// 1386// 261//
f 261// 1386// 1387//
f 261// 1387// 1385//
f 260// 258// 1386//
f 1386// 258// 257//
f 1386// 257// 1343//
f 1367// 1368// 1369//
f 1358// 1359// 1377//
f 1367// 1369// 1366//
f 1366// 1369// 1372//
f 1366// 1372// 1365//
f 1365// 1372// 1371//
f 1365// 1371// 1364//
f 1364// 1371// 1370//
f 1364// 1370// 1363//
f 1363// 1370// 1373//
f 1363// 1373// 1362//
f 1345// 1346// 1344//
f 1344// 1346// 1347//
f 1344// 1347// 1342//
f 1342// 1347// 1348//
f 1342// 1348// 1343//
f 1343// 1348// 1349//
f 1343// 1349// 1386//
f 1386// 1349// 1350//
f 1386// 1350// 1387//
f 1387// 1350// 1351//
f 1387// 1351// 1385//
f 1385// 1351// 1352//
f 1385// 1352// 1384//
f 1384// 1352// 1353//
f 1384// 1353// 1383//
f 1383// 1353// 1354//
f 1383// 1354// 1381//
f 1377// 1359// 1376//
f 1373// 1374// 1362//
f 1362// 1374// 1375//
f 1362// 1375// 1361//
f 1361// 1375// 1376//
f 1361// 1376// 1360//
f 1360// 1376// 1359//
f 1380// 1357// 1379//
f 1379// 1357// 1358//
f 1379// 1358// 1378//
f 1378// 1358// 1377//
f 1381// 1354// 1382//
f 1382// 1354// 1355//
f 1382// 1355// 1380//
f 1380// 1355// 1356//
f 1380// 1356// 1357//
f 1388// 1389// 194//
f 194// 1389// 196//
f 188// 1390// 187//
f 187// 1390// 1388//
f 187// 1388// 194//
f 1391// 1390// 186//
f 186// 1390// 188//
f 198// 1392// 185//
f 185// 1392// 1391//
f 185// 1391// 186//
f 1393// 1392// 199//
f 199// 1392// 198//
f 203// 1394// 200//
f 200// 1394// 1393//
f 200// 1393// 199//
f 1395// 1394// 202//
f 202// 1394// 203//
f 193// 1396// 201//
f 201// 1396// 1395//
f 201// 1395// 202//
f 1397// 1396// 191//
f 191// 1396// 193//
f 204// 1398// 192//
f 192// 1398// 1397//
f 192// 1397// 191//
f 1399// 1398// 206//
f 206// 1398// 204//
f 196// 1389// 209//
f 209// 1389// 1399//
f 209// 1399// 206//
f 1399// 1389// 1388//
f 1388// 1390// 1399//
f 1399// 1390// 1391//
f 1399// 1391// 1398//
f 1396// 1397// 1395//
f 1395// 1397// 1398//
f 1395// 1398// 1394//
f 1394// 1398// 1391//
f 1394// 1391// 1393//
f 1393// 1391// 1392//
f 1400// 1401// 1402//
f 1402// 1401// 1403//
f 1402// 1403// 1404//
f 1404// 1403// 1405//
f 1404// 1405// 1406//
f 1406// 1405// 1407//
f 1406// 1407// 1408//
f 1408// 1407// 1409//
f 1408// 1409// 1410//
f 1410// 1409// 1411//
f 1410// 1411// 1412//
f 1412// 1411// 1413//
f 1412// 1413// 1414//
f 1414// 1413// 1415//
f 1414// 1415// 1416//
f 1416// 1415// 1417//
f 1416// 1417// 1418//
f 1418// 1417// 1419//
f 1418// 1419// 1420//
f 1420// 1419// 1421//
f 1420// 1421// 1422//
f 1422// 1421// 1423//
f 1422// 1423// 1424//
f 1424// 1423// 1425//
f 1424// 1425// 1426//
f 1426// 1425// 1427//
f 1426// 1427// 1428//
f 1428// 1427// 1429//
f 1428// 1429// 1430//
f 1430// 1429// 1431//
f 1430// 1431// 1432//
f 1432// 1431// 1433//
f 1432// 1433// 1434//
f 1434// 1433// 1400//
f 1434// 1400// 1402//
f 1408// 1410// 305//
f 305// 1410// 306//
f 295// 1402// 1404//
f 1408// 305// 304//
f 1408// 304// 1406//
f 1406// 304// 292//
f 1406// 292// 1404//
f 1404// 292// 294//
f 1404// 294// 295//
f 1402// 295// 288//
f 1402// 288// 1434//
f 1434// 288// 287//
f 1434// 287// 1432//
f 1432// 287// 301//
f 1432// 301// 1430//
f 1430// 301// 300//
f 1430// 300// 1428//
f 1428// 300// 299//
f 1428// 299// 1426//
f 1426// 299// 298//
f 1426// 298// 1424//
f 1424// 298// 297//
f 1424// 297// 1422//
f 1422// 297// 296//
f 1422// 296// 1420//
f 1420// 296// 291//
f 290// 1416// 291//
f 291// 1416// 1418//
f 291// 1418// 1420//
f 290// 303// 1416//
f 1416// 303// 302//
f 1416// 302// 1414//
f 1412// 1414// 307//
f 307// 1414// 302//
f 1410// 1412// 306//
f 306// 1412// 307//
f 1415// 1413// 1435//
f 1435// 1413// 1436//
f 1413// 1411// 1436//
f 1436// 1411// 1437//
f 1411// 1409// 1437//
f 1437// 1409// 1438//
f 1401// 1439// 1440//
f 1401// 1440// 1403//
f 1403// 1440// 1441//
f 1403// 1441// 1405//
f 1405// 1441// 1442//
f 1405// 1442// 1407//
f 1407// 1442// 1438//
f 1407// 1438// 1409//
f 1429// 1443// 1444//
f 1429// 1444// 1431//
f 1431// 1444// 1445//
f 1431// 1445// 1433//
f 1433// 1445// 1446//
f 1433// 1446// 1400//
f 1400// 1446// 1439//
f 1400// 1439// 1401//
f 1421// 1447// 1448//
f 1421// 1448// 1423//
f 1423// 1448// 1449//
f 1423// 1449// 1425//
f 1425// 1449// 1450//
f 1425// 1450// 1427//
f 1427// 1450// 1443//
f 1427// 1443// 1429//
f 1415// 1435// 1451//
f 1415// 1451// 1417//
f 1417// 1451// 1452//
f 1417// 1452// 1419//
f 1419// 1452// 1447//
f 1419// 1447// 1421//
usemtl 1
f 1436// 1437// 1435//
f 1435// 1437// 1438//
f 1435// 1438// 1442//
f 1442// 1441// 1435//
f 1435// 1441// 1440//
f 1435// 1440// 1439//
f 1439// 1446// 1435//
f 1435// 1446// 1445//
f 1435// 1445// 1444//
f 1444// 1443// 1435//
f 1435// 1443// 1450//
f 1435// 1450// 1449//
f 1449// 1448// 1435//
f 1435// 1448// 1447//
f 1435// 1447// 1451//
f 1451// 1447// 1452//
usemtl 4
f 1453// 1454// 1455//
f 1455// 1454// 1456//
f 1457// 1458// 1453//
f 1453// 1458// 1459//
f 1453// 1459// 1454//
f 1454// 1459// 1460//
f 1457// 1461// 1458//
f 1458// 1461// 1462//
f 1458// 1462// 1463//
f 1463// 1462// 1464//
f 1463// 1464// 1465//
f 1465// 1466// 1463//
f 1463// 1466// 1455//
f 1463// 1455// 1467//
f 1467// 1455// 1456//
f 1467// 1456// 1468//
f 1463// 1467// 174//
f 174// 1467// 173//
f 1458// 1463// 184//
f 184// 1463// 174//
f 180// 1459// 182//
f 182// 1459// 1458//
f 182// 1458// 184//
f 1460// 1459// 178//
f 178// 1459// 180//
f 1454// 1460// 177//
f 177// 1460// 178//
f 169// 1456// 170//
f 170// 1456// 1454//
f 170// 1454// 177//
f 1468// 1456// 171//
f 171// 1456// 169//
f 1467// 1468// 173//
f 173// 1468// 171//
f 1453// 1455// 1469//
f 1469// 1455// 1470//
f 1455// 1466// 1470//
f 1470// 1466// 1471//
f 1464// 1472// 1473//
f 1464// 1473// 1465//
f 1465// 1473// 1471//
f 1465// 1471// 1466//
f 1464// 1462// 1472//
f 1472// 1462// 1474//
f 1457// 1475// 1476//
f 1457// 1476// 1461//
f 1461// 1476// 1474//
f 1461// 1474// 1462//
f 1457// 1453// 1475//
f 1475// 1453// 1469//
usemtl 1
f 1472// 1474// 1473//
f 1473// 1474// 1476//
f 1473// 1476// 1471//
f 1471// 1476// 1475//
f 1471// 1475// 1470//
f 1470// 1475// 1469//
usemtl 4
f 1477// 1478// 537//
f 537// 1478// 536//
f 1479// 1477// 542//
f 542// 1477// 537//
f 1480// 1479// 541//
f 541// 1479// 542//
f 1481// 1480// 543//
f 543// 1480// 541//
f 1482// 1481// 544//
f 544// 1481// 543//
f 1483// 1482// 545//
f 545// 1482// 544//
f 1484// 1483// 546//
f 546// 1483// 545//
f 1485// 1484// 538//
f 538// 1484// 546//
f 1486// 1485// 540//
f 540// 1485// 538//
f 1487// 1486// 539//
f 539// 1486// 540//
f 1488// 1487// 535//
f 535// 1487// 539//
f 1478// 1488// 536//
f 536// 1488// 535//
f 1488// 1478// 1477//
f 1477// 1479// 1488//
f 1488// 1479// 1480//
f 1488// 1480// 1487//
f 1485// 1486// 1484//
f 1484// 1486// 1487//
f 1484// 1487// 1483//
f 1483// 1487// 1480//
f 1483// 1480// 1482//
f 1482// 1480// 1481//
f 1489// 1490// 1491//
f 1492// 1493// 1494//
f 1494// 1493// 1491//
f 1495// 1496// 1497//
f 1498// 1499// 1500//
f 1500// 1499// 1501//
f 1490// 1502// 1491//
f 1491// 1502// 1503//
f 1491// 1503// 1494//
f 1494// 1503// 1504//
f 1494// 1504// 1498//
f 1498// 1504// 1505//
f 1498// 1505// 1499//
f 1506// 1507// 1508//
f 1508// 1507// 1509//
f 1508// 1509// 1510//
f 1510// 1509// 1511//
f 1510// 1511// 1512//
f 1512// 1511// 1513//
f 1512// 1513// 1514//
f 1513// 1515// 1514//
f 1514// 1515// 1516//
f 1514// 1516// 1517//
f 1517// 1516// 1518//
f 1517// 1518// 1519//
f 1519// 1518// 1520//
f 1519// 1520// 1501//
f 1501// 1520// 1521//
f 1501// 1521// 1500//
f 1497// 1489// 1495//
f 1495// 1489// 1491//
f 1495// 1491// 1522//
f 1522// 1491// 1523//
f 1522// 1523// 1524//
f 1524// 1523// 1525//
f 1524// 1525// 1526//
f 1526// 1525// 1527//
f 1526// 1527// 1528//
f 1528// 1527// 1529//
f 1528// 1529// 1530//
f 1530// 1529// 1531//
f 1530// 1531// 1532//
f 1532// 1531// 1533//
f 1532// 1533// 1534//
f 1534// 1533// 1535//
f 1534// 1535// 1536//
f 1536// 1535// 1537//
f 1536// 1537// 1538//
f 1538// 1537// 1539//
f 1538// 1539// 1540//
f 1540// 1539// 1541//
f 1542// 1543// 1544//
f 1544// 1543// 1545//
f 1544// 1545// 1546//
f 1546// 1545// 1547//
f 1546// 1547// 1506//
f 1506// 1547// 1548//
f 1506// 1548// 1507//
f 1495// 1549// 1496//
f 1496// 1549// 1550//
f 1496// 1550// 1551//
f 1551// 1550// 1552//
f 1551// 1552// 1553//
f 1553// 1552// 1554//
f 1553// 1554// 1555//
f 1555// 1554// 1556//
f 1555// 1556// 1542//
f 1542// 1556// 1557//
f 1542// 1557// 1543//
f 1535// 346// 316//
f 1535// 316// 1537//
f 1537// 316// 317//
f 1537// 317// 1539//
f 1539// 317// 318//
f 1539// 318// 1541//
f 1540// 1541// 312//
f 312// 1541// 318//
f 1540// 312// 325//
f 1540// 325// 1538//
f 1538// 325// 329//
f 1538// 329// 1536//
f 1536// 329// 328//
f 1536// 328// 1534//
f 1534// 328// 327//
f 1534// 327// 1532//
f 1532// 327// 359//
f 1532// 359// 1530//
f 1530// 359// 358//
f 1530// 358// 1528//
f 1528// 358// 352//
f 1528// 352// 1526//
f 1526// 352// 351//
f 1526// 351// 1524//
f 1524// 351// 350//
f 1524// 350// 1522//
f 1522// 350// 349//
f 1522// 349// 1495//
f 1549// 1495// 326//
f 326// 1495// 349//
f 1549// 326// 324//
f 1549// 324// 1550//
f 1550// 324// 323//
f 1550// 323// 1552//
f 1552// 323// 311//
f 1552// 311// 1554//
f 1554// 311// 313//
f 1554// 313// 1556//
f 1556// 313// 314//
f 1556// 314// 1557//
f 1557// 314// 354//
f 1557// 354// 1543//
f 1543// 354// 353//
f 1543// 353// 1545//
f 1545// 353// 332//
f 1545// 332// 1547//
f 1547// 332// 331//
f 1547// 331// 1548//
f 1548// 331// 330//
f 1548// 330// 1507//
f 1507// 330// 322//
f 1507// 322// 1509//
f 368// 1516// 1515//
f 1509// 322// 320//
f 1509// 320// 1511//
f 1511// 320// 319//
f 1511// 319// 1513//
f 1513// 319// 370//
f 1513// 370// 1515//
f 1515// 370// 369//
f 1515// 369// 368//
f 1516// 368// 365//
f 1516// 365// 1518//
f 1518// 365// 309//
f 1518// 309// 1520//
f 309// 308// 1520//
f 1520// 308// 315//
f 1520// 315// 1521//
f 1521// 315// 335//
f 1521// 335// 1500//
f 1500// 335// 334//
f 1500// 334// 1498//
f 1494// 1498// 333//
f 333// 1498// 334//
f 1492// 1494// 310//
f 310// 1494// 333//
f 1493// 1492// 372//
f 372// 1492// 310//
f 1491// 1493// 362//
f 362// 1493// 372//
f 1491// 362// 345//
f 1491// 345// 1523//
f 1523// 345// 344//
f 1523// 344// 1525//
f 1525// 344// 342//
f 1525// 342// 1527//
f 1527// 342// 357//
f 1527// 357// 1529//
f 1529// 357// 348//
f 1529// 348// 1531//
f 1531// 348// 347//
f 1531// 347// 1533//
f 1533// 347// 346//
f 1533// 346// 1535//
f 1551// 1558// 1559//
f 1551// 1559// 1496//
f 1496// 1559// 1560//
f 1496// 1560// 1497//
f 1497// 1560// 1561//
f 1497// 1561// 1489//
f 1544// 1562// 1563//
f 1544// 1563// 1542//
f 1542// 1563// 1564//
f 1542// 1564// 1555//
f 1555// 1564// 1565//
f 1555// 1565// 1553//
f 1553// 1565// 1558//
f 1553// 1558// 1551//
f 1510// 1566// 1567//
f 1510// 1567// 1508//
f 1508// 1567// 1568//
f 1508// 1568// 1506//
f 1506// 1568// 1569//
f 1506// 1569// 1546//
f 1546// 1569// 1562//
f 1546// 1562// 1544//
f 1517// 1570// 1571//
f 1517// 1571// 1514//
f 1514// 1571// 1572//
f 1514// 1572// 1512//
f 1512// 1572// 1566//
f 1512// 1566// 1510//
f 1505// 1573// 1574//
f 1505// 1574// 1499//
f 1499// 1574// 1575//
f 1499// 1575// 1501//
f 1501// 1575// 1576//
f 1501// 1576// 1519//
f 1519// 1576// 1570//
f 1519// 1570// 1517//
f 1502// 1577// 1578//
f 1502// 1578// 1503//
f 1503// 1578// 1579//
f 1503// 1579// 1504//
f 1504// 1579// 1573//
f 1504// 1573// 1505//
f 1502// 1490// 1577//
f 1577// 1490// 1580//
f 1490// 1489// 1580//
f 1580// 1489// 1561//
usemtl 1
f 1574// 1573// 1561//
f 1561// 1573// 1579//
f 1576// 1560// 1559//
f 1560// 1576// 1561//
f 1561// 1576// 1575//
f 1561// 1575// 1574//
f 1579// 1578// 1561//
f 1561// 1578// 1577//
f 1561// 1577// 1580//
f 1564// 1563// 1576//
f 1576// 1563// 1562//
f 1576// 1562// 1569//
f 1572// 1571// 1566//
f 1566// 1571// 1570//
f 1566// 1570// 1576//
f 1559// 1558// 1576//
f 1576// 1558// 1565//
f 1576// 1565// 1564//
f 1569// 1568// 1576//
f 1576// 1568// 1567//
f 1576// 1567// 1566//
usemtl 4
f 1581// 417// 414//
f 340// 1582// 414//
f 414// 1582// 1583//
f 414// 1583// 1581//
f 340// 339// 1582//
f 1582// 339// 337//
f 1582// 337// 1584//
f 1585// 1584// 371//
f 371// 1584// 337//
f 1586// 1585// 373//
f 373// 1585// 371//
f 377// 1587// 376//
f 376// 1587// 1586//
f 376// 1586// 375//
f 375// 1586// 373//
f 1588// 1587// 2//
f 2// 1587// 377//
f 2// 1// 1588//
f 1588// 1// 391//
f 1588// 391// 1589//
f 1589// 391// 390//
f 1589// 390// 1590//
f 1590// 390// 381//
f 1590// 381// 1591//
f 1591// 381// 380//
f 1591// 380// 1592//
f 1592// 380// 385//
f 1592// 385// 1593//
f 1593// 385// 395//
f 1593// 395// 1594//
f 1594// 395// 394//
f 1594// 394// 1595//
f 1595// 394// 393//
f 1595// 393// 1596//
f 1596// 393// 392//
f 1596// 392// 1597//
f 1597// 392// 410//
f 1597// 410// 1598//
f 1598// 410// 409//
f 1598// 409// 1599//
f 1599// 409// 407//
f 1599// 407// 1600//
f 1600// 407// 405//
f 1600// 405// 1601//
f 1601// 405// 404//
f 1601// 404// 1602//
f 1602// 404// 403//
f 1602// 403// 1603//
f 1603// 403// 402//
f 1603// 402// 1604//
f 1604// 402// 401//
f 1604// 401// 1605//
f 1605// 401// 398//
f 1605// 398// 1606//
f 1606// 398// 413//
f 1606// 413// 1607//
f 1607// 413// 412//
f 1607// 412// 1608//
f 1608// 412// 411//
f 1608// 411// 1609//
f 1609// 411// 400//
f 1609// 400// 1610//
f 1610// 400// 399//
f 1610// 399// 1611//
f 1611// 399// 397//
f 1611// 397// 1612//
f 1612// 397// 396//
f 1612// 396// 1613//
f 1613// 396// 406//
f 1613// 406// 1614//
f 1614// 406// 408//
f 1614// 408// 1615//
f 1615// 408// 379//
f 1615// 379// 1616//
f 1617// 1616// 378//
f 378// 1616// 379//
f 1617// 378// 389//
f 1617// 389// 1618//
f 1618// 389// 387//
f 1618// 387// 1619//
f 1619// 387// 386//
f 1619// 386// 1620//
f 1620// 386// 384//
f 1620// 384// 1621//
f 1621// 384// 383//
f 1621// 383// 1622//
f 1622// 383// 1623//
f 1623// 383// 382//
f 382// 356// 1623//
f 1623// 356// 341//
f 1623// 341// 1624//
f 1624// 341// 343//
f 1624// 343// 1625//
f 1625// 343// 364//
f 1625// 364// 1626//
f 1626// 364// 363//
f 1626// 363// 1627//
f 1627// 363// 361//
f 1627// 361// 1628//
f 1628// 361// 360//
f 1628// 360// 1629//
f 415// 1630// 1631//
f 1629// 360// 336//
f 1629// 336// 1632//
f 1632// 336// 338//
f 1632// 338// 1631//
f 1631// 338// 416//
f 1631// 416// 415//
f 1630// 415// 419//
f 1630// 419// 1633//
f 1633// 419// 430//
f 1633// 430// 1634//
f 1634// 430// 429//
f 1634// 429// 1635//
f 1635// 429// 428//
f 1635// 428// 1636//
f 1636// 428// 422//
f 1636// 422// 1637//
f 1637// 422// 421//
f 1637// 421// 1638//
f 1638// 421// 427//
f 1638// 427// 1639//
f 1639// 427// 426//
f 1639// 426// 1640//
f 1640// 426// 425//
f 1640// 425// 1641//
f 1641// 425// 424//
f 1641// 424// 1642//
f 1642// 424// 423//
f 1642// 423// 1643//
f 1643// 423// 420//
f 1643// 420// 1644//
f 1644// 420// 418//
f 1644// 418// 1645//
f 1645// 418// 417//
f 1645// 417// 1581//
f 1608// 1609// 1622//
f 1622// 1609// 1621//
f 1621// 1609// 1610//
f 1621// 1610// 1620//
f 1640// 1591// 1592//
f 1633// 1600// 1630//
f 1630// 1600// 1601//
f 1640// 1592// 1639//
f 1639// 1592// 1593//
f 1639// 1593// 1638//
f 1638// 1593// 1594//
f 1638// 1594// 1637//
f 1637// 1594// 1595//
f 1637// 1595// 1636//
f 1636// 1595// 1596//
f 1636// 1596// 1635//
f 1635// 1596// 1597//
f 1635// 1597// 1634//
f 1634// 1597// 1598//
f 1634// 1598// 1633//
f 1633// 1598// 1599//
f 1633// 1599// 1600//
f 1591// 1640// 1590//
f 1590// 1640// 1641//
f 1590// 1641// 1589//
f 1587// 1581// 1586//
f 1586// 1581// 1583//
f 1586// 1583// 1585//
f 1585// 1583// 1582//
f 1585// 1582// 1584//
f 1610// 1611// 1620//
f 1620// 1611// 1612//
f 1620// 1612// 1619//
f 1619// 1612// 1613//
f 1619// 1613// 1618//
f 1618// 1613// 1614//
f 1618// 1614// 1617//
f 1617// 1614// 1615//
f 1617// 1615// 1616//
f 1641// 1642// 1589//
f 1589// 1642// 1643//
f 1589// 1643// 1588//
f 1588// 1643// 1644//
f 1588// 1644// 1587//
f 1587// 1644// 1645//
f 1587// 1645// 1581//
f 1622// 1623// 1608//
f 1608// 1623// 1624//
f 1608// 1624// 1607//
f 1607// 1624// 1625//
f 1607// 1625// 1606//
f 1606// 1625// 1626//
f 1606// 1626// 1605//
f 1605// 1626// 1627//
f 1605// 1627// 1604//
f 1604// 1627// 1628//
f 1604// 1628// 1603//
f 1603// 1628// 1629//
f 1603// 1629// 1602//
f 1602// 1629// 1632//
f 1602// 1632// 1601//
f 1601// 1632// 1631//
f 1601// 1631// 1630//
f 1646// 1647// 431//
f 431// 1647// 432//
f 1648// 1646// 439//
f 439// 1646// 431//
f 1648// 439// 440//
f 1648// 440// 1649//
f 1649// 440// 436//
f 1649// 436// 1650//
f 1651// 1650// 435//
f 435// 1650// 436//
f 1652// 1651// 434//
f 434// 1651// 435//
f 444// 1653// 438//
f 438// 1653// 1652//
f 438// 1652// 434//
f 1654// 1653// 443//
f 443// 1653// 444//
f 445// 1655// 442//
f 442// 1655// 1654//
f 442// 1654// 443//
f 447// 1656// 446//
f 446// 1656// 1655//
f 446// 1655// 445//
f 447// 458// 1656//
f 1656// 458// 1657//
f 458// 457// 1657//
f 1657// 457// 456//
f 1657// 456// 1658//
f 1658// 456// 455//
f 1658// 455// 1659//
f 1659// 455// 454//
f 1659// 454// 1660//
f 1660// 454// 453//
f 1660// 453// 1661//
f 1661// 453// 452//
f 1661// 452// 1662//
f 1662// 452// 451//
f 1662// 451// 1663//
f 1663// 451// 450//
f 1663// 450// 1664//
f 1665// 1664// 449//
f 449// 1664// 450//
f 1665// 449// 463//
f 1665// 463// 1666//
f 1666// 463// 462//
f 1666// 462// 1667//
f 1667// 462// 460//
f 459// 1668// 460//
f 460// 1668// 1669//
f 460// 1669// 1667//
f 459// 470// 1668//
f 1668// 470// 469//
f 1668// 469// 1670//
f 1670// 469// 468//
f 1670// 468// 1671//
f 1671// 468// 465//
f 1671// 465// 1672//
f 1672// 465// 464//
f 1672// 464// 1673//
f 432// 1647// 467//
f 467// 1647// 1673//
f 467// 1673// 464//
f 1649// 1650// 1673//
f 1663// 1664// 1665//
f 1647// 1646// 1673//
f 1673// 1646// 1648//
f 1673// 1648// 1649//
f 1653// 1654// 1652//
f 1652// 1654// 1655//
f 1652// 1655// 1651//
f 1650// 1651// 1673//
f 1673// 1651// 1655//
f 1673// 1655// 1672//
f 1663// 1665// 1662//
f 1662// 1665// 1666//
f 1662// 1666// 1661//
f 1661// 1666// 1667//
f 1661// 1667// 1660//
f 1660// 1667// 1669//
f 1660// 1669// 1659//
f 1659// 1669// 1668//
f 1659// 1668// 1658//
f 1655// 1656// 1672//
f 1672// 1656// 1657//
f 1672// 1657// 1671//
f 1671// 1657// 1658//
f 1671// 1658// 1670//
f 1670// 1658// 1668//
f 1674// 1675// 478//
f 478// 1675// 480//
f 474// 1676// 473//
f 473// 1676// 1674//
f 473// 1674// 478//
f 1677// 1676// 472//
f 472// 1676// 474//
f 482// 1678// 471//
f 471// 1678// 1677//
f 471// 1677// 472//
f 1679// 1678// 483//
f 483// 1678// 482//
f 487// 1680// 484//
f 484// 1680// 1679//
f 484// 1679// 483//
f 1681// 1680// 486//
f 486// 1680// 487//
f 476// 1682// 485//
f 485// 1682// 1681//
f 485// 1681// 486//
f 1683// 1682// 475//
f 475// 1682// 476//
f 491// 1684// 492//
f 492// 1684// 1683//
f 492// 1683// 475//
f 1685// 1684// 489//
f 489// 1684// 491//
f 480// 1675// 488//
f 488// 1675// 1685//
f 488// 1685// 489//
f 1685// 1675// 1674//
f 1674// 1676// 1685//
f 1685// 1676// 1677//
f 1685// 1677// 1684//
f 1682// 1683// 1681//
f 1681// 1683// 1684//
f 1681// 1684// 1680//
f 1680// 1684// 1677//
f 1680// 1677// 1679//
f 1679// 1677// 1678//
f 1686// 1687// 1688//
f 1688// 1687// 1689//
f 1688// 1689// 1690//
f 1690// 1689// 1691//
f 1690// 1691// 1692//
f 1692// 1691// 1693//
f 1692// 1693// 1694//
f 1694// 1693// 1695//
f 1694// 1695// 1696//
f 1696// 1695// 1697//
f 1696// 1697// 1698//
f 1698// 1697// 1699//
f 1698// 1699// 1700//
f 1700// 1699// 1701//
f 1700// 1701// 1702//
f 1702// 1701// 1703//
f 1702// 1703// 1704//
f 1704// 1703// 1705//
f 1704// 1705// 1706//
f 1706// 1705// 1707//
f 1706// 1707// 1708//
f 1708// 1707// 1709//
f 1708// 1709// 1710//
f 1710// 1709// 1711//
f 1710// 1711// 1712//
f 1712// 1711// 1713//
f 1712// 1713// 1714//
f 1714// 1713// 1715//
f 1714// 1715// 1716//
f 1716// 1715// 1717//
f 1716// 1717// 1718//
f 1718// 1717// 1719//
f 1718// 1719// 1720//
f 1720// 1719// 1686//
f 1720// 1686// 1688//
f 1694// 1696// 526//
f 526// 1696// 525//
f 1694// 526// 527//
f 1694// 527// 1692//
f 1692// 527// 523//
f 1692// 523// 1690//
f 1690// 523// 522//
f 1690// 522// 1688//
f 1688// 522// 521//
f 1688// 521// 1720//
f 1720// 521// 516//
f 1720// 516// 1718//
f 1718// 516// 517//
f 1718// 517// 1716//
f 1716// 517// 519//
f 1716// 519// 1714//
f 1714// 519// 520//
f 1714// 520// 1712//
f 1712// 520// 530//
f 1712// 530// 1710//
f 1710// 530// 529//
f 1710// 529// 1708//
f 1708// 529// 528//
f 1708// 528// 1706//
f 1706// 528// 533//
f 1706// 533// 1704//
f 1704// 533// 532//
f 1704// 532// 1702//
f 1702// 532// 531//
f 1702// 531// 1700//
f 1698// 1700// 524//
f 524// 1700// 531//
f 1696// 1698// 525//
f 525// 1698// 524//
f 1701// 1699// 1721//
f 1721// 1699// 1722//
f 1699// 1697// 1722//
f 1722// 1697// 1723//
f 1697// 1695// 1723//
f 1723// 1695// 1724//
f 1687// 1725// 1726//
f 1687// 1726// 1689//
f 1689// 1726// 1727//
f 1689// 1727// 1691//
f 1691// 1727// 1728//
f 1691// 1728// 1693//
f 1693// 1728// 1724//
f 1693// 1724// 1695//
f 1715// 1729// 1730//
f 1715// 1730// 1717//
f 1717// 1730// 1731//
f 1717// 1731// 1719//
f 1719// 1731// 1732//
f 1719// 1732// 1686//
f 1686// 1732// 1725//
f 1686// 1725// 1687//
f 1707// 1733// 1734//
f 1707// 1734// 1709//
f 1709// 1734// 1735//
f 1709// 1735// 1711//
f 1711// 1735// 1736//
f 1711// 1736// 1713//
f 1713// 1736// 1729//
f 1713// 1729// 1715//
f 1701// 1721// 1737//
f 1701// 1737// 1703//
f 1703// 1737// 1738//
f 1703// 1738// 1705//
f 1705// 1738// 1733//
f 1705// 1733// 1707//
usemtl 1
f 1722// 1723// 1721//
f 1721// 1723// 1724//
f 1721// 1724// 1728//
f 1728// 1727// 1721//
f 1721// 1727// 1726//
f 1721// 1726// 1725//
f 1725// 1732// 1721//
f 1721// 1732// 1731//
f 1721// 1731// 1730//
f 1730// 1729// 1721//
f 1721// 1729// 1736//
f 1721// 1736// 1735//
f 1735// 1734// 1721//
f 1721// 1734// 1733//
f 1721// 1733// 1737//
f 1737// 1733// 1738//
usemtl 4
f 1739// 1740// 1741//
f 1741// 1740// 1742//
f 1743// 1744// 1739//
f 1739// 1744// 1745//
f 1739// 1745// 1740//
f 1740// 1745// 1746//
f 1743// 1747// 1744//
f 1744// 1747// 1748//
f 1744// 1748// 1749//
f 1749// 1748// 1750//
f 1749// 1750// 1751//
f 1751// 1752// 1749//
f 1749// 1752// 1741//
f 1749// 1741// 1753//
f 1753// 1741// 1742//
f 1753// 1742// 1754//
f 1749// 1753// 515//
f 515// 1753// 512//
f 1744// 1749// 518//
f 518// 1749// 515//
f 1745// 1744// 508//
f 508// 1744// 518//
f 1746// 1745// 507//
f 507// 1745// 508//
f 1740// 1746// 511//
f 511// 1746// 507//
f 1742// 1740// 510//
f 510// 1740// 511//
f 1754// 1742// 509//
f 509// 1742// 510//
f 1753// 1754// 512//
f 512// 1754// 509//
f 1739// 1741// 1755//
f 1755// 1741// 1756//
f 1741// 1752// 1756//
f 1756// 1752// 1757//
f 1750// 1758// 1759//
f 1750// 1759// 1751//
f 1751// 1759// 1757//
f 1751// 1757// 1752//
f 1750// 1748// 1758//
f 1758// 1748// 1760//
f 1743// 1761// 1762//
f 1743// 1762// 1747//
f 1747// 1762// 1760//
f 1747// 1760// 1748//
f 1743// 1739// 1761//
f 1761// 1739// 1755//
usemtl 1
f 1758// 1760// 1759//
f 1759// 1760// 1762//
f 1759// 1762// 1757//
f 1757// 1762// 1761//
f 1757// 1761// 1756//
f 1756// 1761// 1755//
usemtl 4
f 1763// 1764// 1765//
f 1766// 1767// 1768//
f 1769// 1770// 1771//
f 1771// 1770// 1772//
f 1768// 1767// 1773//
f 1774// 1775// 1776//
f 1777// 1778// 1770//
f 1770// 1778// 1779//
f 1770// 1779// 1772//
f 1772// 1779// 1780//
f 1781// 1782// 1783//
f 1783// 1782// 1784//
f 1783// 1784// 1785//
f 1785// 1784// 1786//
f 1785// 1786// 1787//
f 1787// 1786// 1788//
f 1787// 1788// 1789//
f 1789// 1788// 1765//
f 1789// 1765// 1790//
f 1791// 1792// 1781//
f 1781// 1792// 1793//
f 1781// 1793// 1782//
f 1794// 1795// 1796//
f 1797// 1798// 1765//
f 1765// 1798// 1799//
f 1765// 1799// 1763//
f 1769// 1771// 1776//
f 1776// 1771// 1800//
f 1776// 1800// 1774//
f 1801// 1764// 1802//
f 1802// 1764// 1803//
f 1802// 1803// 1804//
f 1794// 1796// 1805//
f 1805// 1796// 1806//
f 1805// 1806// 1807//
f 1807// 1806// 1808//
f 1807// 1808// 1809//
f 1767// 1810// 1773//
f 1773// 1810// 1811//
f 1773// 1811// 1812//
f 1812// 1811// 1813//
f 1812// 1813// 1794//
f 1794// 1813// 1814//
f 1794// 1814// 1795//
f 1780// 1779// 1781//
f 1781// 1779// 1815//
f 1781// 1815// 1791//
f 1816// 1817// 1818//
f 1818// 1817// 1819//
f 1818// 1819// 1820//
f 1820// 1819// 1821//
f 1820// 1821// 1822//
f 1822// 1821// 1823//
f 1822// 1823// 1824//
f 1824// 1823// 1825//
f 1824// 1825// 1826//
f 1826// 1825// 1827//
f 1826// 1827// 1828//
f 1828// 1827// 1829//
f 1828// 1829// 1830//
f 1830// 1829// 1831//
f 1830// 1831// 1832//
f 1832// 1831// 1833//
f 1834// 1835// 1836//
f 1809// 1808// 1837//
f 1837// 1808// 1838//
f 1837// 1838// 1839//
f 1840// 1841// 1842//
f 1842// 1841// 1843//
f 1842// 1843// 1818//
f 1818// 1843// 1844//
f 1818// 1844// 1816//
f 1845// 1846// 1847//
f 1847// 1846// 1848//
f 1847// 1848// 1849//
f 1849// 1848// 1850//
f 1849// 1850// 1851//
f 1851// 1850// 1852//
f 1851// 1852// 1853//
f 1853// 1852// 1854//
f 1853// 1854// 1797//
f 1797// 1854// 1855//
f 1797// 1855// 1798//
f 1801// 1856// 1764//
f 1764// 1856// 1857//
f 1764// 1857// 1765//
f 1765// 1857// 1858//
f 1765// 1858// 1790//
f 1836// 1835// 1859//
f 1859// 1835// 1860//
f 1859// 1860// 1861//
f 1861// 1860// 1862//
f 1861// 1862// 1863//
f 1863// 1862// 1864//
f 1863// 1864// 1865//
f 1865// 1864// 1866//
f 1865// 1866// 1867//
f 1867// 1866// 1868//
f 1867// 1868// 1869//
f 1869// 1868// 1870//
f 1869// 1870// 1833//
f 1833// 1870// 1871//
f 1833// 1871// 1832//
f 1768// 1872// 1766//
f 1766// 1872// 1873//
f 1766// 1873// 1874//
f 1874// 1873// 1875//
f 1874// 1875// 1876//
f 1876// 1875// 1877//
f 1876// 1877// 1845//
f 1845// 1877// 1878//
f 1845// 1878// 1846//
f 1775// 1879// 1776//
f 1776// 1879// 1880//
f 1776// 1880// 1881//
f 1881// 1880// 1882//
f 1881// 1882// 1883//
f 1883// 1882// 1884//
f 1883// 1884// 1885//
f 1885// 1884// 1886//
f 1885// 1886// 1887//
f 1887// 1886// 1888//
f 1887// 1888// 1889//
f 1889// 1888// 1890//
f 1889// 1890// 1891//
f 1891// 1890// 1892//
f 1891// 1892// 1893//
f 1893// 1892// 1804//
f 1893// 1804// 1894//
f 1894// 1804// 1803//
f 1838// 1895// 1839//
f 1839// 1895// 1896//
f 1839// 1896// 1897//
f 1897// 1896// 1898//
f 1897// 1898// 1899//
f 1899// 1898// 1900//
f 1899// 1900// 1840//
f 1840// 1900// 1901//
f 1840// 1901// 1841//
f 1902// 1903// 1904//
f 1904// 1903// 1905//
f 1905// 1906// 1904//
f 1904// 1906// 1907//
f 1904// 1907// 1908//
f 1836// 1909// 1834//
f 1834// 1909// 1904//
f 1834// 1904// 1910//
f 1910// 1904// 1908//
f 1904// 1911// 1902//
f 1902// 1911// 1912//
f 1902// 1912// 1913//
f 1913// 1914// 1902//
f 1902// 1914// 1915//
f 1902// 1915// 1916//
f 1830// 105// 104//
f 166// 1824// 1826//
f 1830// 104// 1828//
f 1828// 104// 168//
f 1828// 168// 1826//
f 1826// 168// 167//
f 1826// 167// 166//
f 166// 14// 1824//
f 1824// 14// 13//
f 1824// 13// 1822//
f 1822// 13// 22//
f 1822// 22// 1820//
f 1820// 22// 21//
f 1820// 21// 1818//
f 1818// 21// 20//
f 1818// 20// 1842//
f 1842// 20// 19//
f 1842// 19// 1840//
f 1899// 1840// 18//
f 18// 1840// 19//
f 18// 17// 1899//
f 1899// 17// 28//
f 1899// 28// 1897//
f 1897// 28// 27//
f 1897// 27// 1839//
f 31// 1807// 29//
f 29// 1807// 1809//
f 29// 1809// 23//
f 23// 1809// 1837//
f 23// 1837// 24//
f 24// 1837// 1839//
f 24// 1839// 27//
f 1807// 31// 38//
f 1807// 38// 1805//
f 1805// 38// 40//
f 1805// 40// 1794//
f 1794// 40// 39//
f 1794// 39// 1812//
f 1812// 39// 37//
f 1812// 37// 1773//
f 1773// 37// 36//
f 1773// 36// 1768//
f 1768// 36// 42//
f 1768// 42// 1872//
f 1872// 42// 41//
f 1872// 41// 1873//
f 1873// 41// 35//
f 1873// 35// 1875//
f 50// 1848// 1846//
f 1875// 35// 34//
f 1875// 34// 1877//
f 1877// 34// 33//
f 1877// 33// 1878//
f 33// 53// 1878//
f 1878// 53// 52//
f 1878// 52// 1846//
f 1846// 52// 51//
f 1846// 51// 50//
f 1848// 50// 48//
f 1848// 48// 1850//
f 1850// 48// 47//
f 1850// 47// 1852//
f 1852// 47// 46//
f 1852// 46// 1854//
f 1854// 46// 44//
f 1854// 44// 1855//
f 1855// 44// 43//
f 1855// 43// 1798//
f 1798// 43// 54//
f 1798// 54// 1799//
f 1799// 54// 55//
f 1799// 55// 1763//
f 55// 56// 1763//
f 1763// 56// 57//
f 1763// 57// 1764//
f 1764// 57// 66//
f 1764// 66// 1803//
f 1803// 66// 65//
f 1803// 65// 1894//
f 65// 63// 1894//
f 1894// 63// 62//
f 1894// 62// 1893//
f 1893// 62// 60//
f 1893// 60// 1891//
f 123// 1769// 1776//
f 1891// 60// 59//
f 1891// 59// 1889//
f 1889// 59// 73//
f 1889// 73// 1887//
f 73// 72// 1887//
f 1887// 72// 71//
f 1887// 71// 1885//
f 1885// 71// 70//
f 1885// 70// 1883//
f 1883// 70// 68//
f 1883// 68// 1881//
f 1881// 68// 67//
f 1881// 67// 1776//
f 1776// 67// 122//
f 1776// 122// 123//
f 1770// 1769// 114//
f 114// 1769// 123//
f 1777// 1770// 88//
f 88// 1770// 114//
f 1778// 1777// 75//
f 75// 1777// 88//
f 1779// 1778// 74//
f 74// 1778// 75//
f 1779// 74// 76//
f 1779// 76// 1815//
f 1815// 76// 77//
f 1815// 77// 1791//
f 1791// 77// 119//
f 1791// 119// 1792//
f 1792// 119// 118//
f 1792// 118// 1793//
f 1793// 118// 117//
f 1793// 117// 1782//
f 1782// 117// 100//
f 1782// 100// 1784//
f 1784// 100// 101//
f 1784// 101// 1786//
f 1786// 101// 97//
f 1786// 97// 1788//
f 1788// 97// 99//
f 1788// 99// 1765//
f 1765// 99// 98//
f 1765// 98// 1797//
f 1797// 98// 96//
f 1797// 96// 1853//
f 1853// 96// 95//
f 1853// 95// 1851//
f 1851// 95// 103//
f 1851// 103// 1849//
f 1849// 103// 102//
f 1849// 102// 1847//
f 1847// 102// 1845//
f 1845// 102// 85//
f 85// 138// 1845//
f 1845// 138// 137//
f 1845// 137// 1876//
f 1876// 137// 144//
f 1876// 144// 1874//
f 144// 165// 1874//
f 1874// 165// 164//
f 1874// 164// 1766//
f 1766// 164// 163//
f 1766// 163// 1767//
f 1767// 163// 154//
f 1767// 154// 1810//
f 1810// 154// 153//
f 1810// 153// 1811//
f 1811// 153// 152//
f 1811// 152// 1813//
f 1813// 152// 146//
f 1813// 146// 1814//
f 1814// 146// 145//
f 1814// 145// 1795//
f 1795// 145// 159//
f 1795// 159// 1796//
f 1796// 159// 161//
f 1796// 161// 1806//
f 1806// 161// 162//
f 1806// 162// 1808//
f 1808// 162// 160//
f 1808// 160// 1838//
f 1838// 160// 158//
f 1838// 158// 1895//
f 1895// 158// 157//
f 1895// 157// 1896//
f 136// 1816// 155//
f 155// 1816// 1844//
f 155// 1844// 156//
f 156// 1844// 1843//
f 156// 1843// 147//
f 147// 1843// 1841//
f 147// 1841// 148//
f 148// 1841// 1901//
f 148// 1901// 149//
f 149// 1901// 1900//
f 149// 1900// 150//
f 150// 1900// 1898//
f 150// 1898// 151//
f 151// 1898// 1896//
f 151// 1896// 157//
f 1817// 1816// 139//
f 139// 1816// 136//
f 1817// 139// 143//
f 1817// 143// 1819//
f 1819// 143// 142//
f 1819// 142// 1821//
f 1821// 142// 141//
f 1821// 141// 1823//
f 1823// 141// 140//
f 1823// 140// 1825//
f 1825// 140// 84//
f 1825// 84// 1827//
f 84// 83// 1827//
f 1827// 83// 82//
f 1827// 82// 1829//
f 1829// 82// 130//
f 1829// 130// 1831//
f 1831// 130// 129//
f 1831// 129// 1833//
f 1833// 129// 128//
f 1833// 128// 1869//
f 1869// 128// 127//
f 1869// 127// 1867//
f 1867// 127// 135//
f 1867// 135// 1865//
f 1865// 135// 134//
f 1865// 134// 1863//
f 1863// 134// 133//
f 1863// 133// 1861//
f 1861// 133// 132//
f 1861// 132// 1859//
f 1836// 1859// 131//
f 131// 1859// 132//
f 1836// 131// 126//
f 1836// 126// 1909//
f 1909// 126// 125//
f 1909// 125// 1904//
f 1904// 125// 124//
f 1904// 124// 1911//
f 1911// 124// 89//
f 1911// 89// 1912//
f 1912// 89// 87//
f 1912// 87// 1913//
f 1913// 87// 86//
f 1913// 86// 1914//
f 1914// 86// 116//
f 1914// 116// 1915//
f 1915// 116// 115//
f 1915// 115// 1916//
f 1916// 115// 113//
f 1916// 113// 1902//
f 1902// 113// 112//
f 1902// 112// 1903//
f 1903// 112// 121//
f 1903// 121// 1905//
f 1905// 121// 120//
f 1905// 120// 1906//
f 1906// 120// 81//
f 1906// 81// 1907//
f 1907// 81// 80//
f 1907// 80// 1908//
f 1908// 80// 79//
f 1908// 79// 1910//
f 1910// 79// 78//
f 1910// 78// 1834//
f 1834// 78// 111//
f 1834// 111// 1835//
f 1860// 1835// 110//
f 110// 1835// 111//
f 1860// 110// 109//
f 1860// 109// 1862//
f 1862// 109// 94//
f 1862// 94// 1864//
f 1864// 94// 93//
f 1864// 93// 1866//
f 1866// 93// 91//
f 1866// 91// 1868//
f 1868// 91// 90//
f 1868// 90// 1870//
f 1870// 90// 108//
f 1870// 108// 1871//
f 1871// 108// 107//
f 1871// 107// 1832//
f 1832// 107// 105//
f 1832// 105// 1830//
f 1780// 1917// 1918//
f 1780// 1918// 1772//
f 1772// 1918// 1919//
f 1772// 1919// 1771//
f 1771// 1919// 1920//
f 1771// 1920// 1800//
f 1800// 1920// 1921//
f 1800// 1921// 1774//
f 1774// 1921// 1922//
f 1774// 1922// 1775//
f 1775// 1922// 1923//
f 1775// 1923// 1879//
f 1879// 1923// 1924//
f 1879// 1924// 1880//
f 1880// 1924// 1925//
f 1880// 1925// 1882//
f 1882// 1925// 1926//
f 1882// 1926// 1884//
f 1884// 1926// 1927//
f 1884// 1927// 1886//
f 1886// 1927// 1928//
f 1886// 1928// 1888//
f 1888// 1928// 1929//
f 1888// 1929// 1890//
f 1890// 1929// 1930//
f 1890// 1930// 1892//
f 1892// 1930// 1931//
f 1892// 1931// 1804//
f 1804// 1931// 1932//
f 1804// 1932// 1802//
f 1802// 1932// 1933//
f 1802// 1933// 1801//
f 1801// 1933// 1934//
f 1801// 1934// 1856//
f 1856// 1934// 1935//
f 1856// 1935// 1857//
f 1857// 1935// 1936//
f 1857// 1936// 1858//
f 1858// 1936// 1937//
f 1858// 1937// 1790//
f 1790// 1937// 1938//
f 1790// 1938// 1789//
f 1789// 1938// 1939//
f 1789// 1939// 1787//
f 1787// 1939// 1940//
f 1787// 1940// 1785//
f 1785// 1940// 1941//
f 1785// 1941// 1783//
f 1783// 1941// 1942//
f 1783// 1942// 1781//
f 1781// 1942// 1917//
f 1781// 1917// 1780//
usemtl 1
f 1930// 1940// 1939//
f 1917// 1930// 1918//
f 1918// 1930// 1929//
f 1917// 1942// 1930//
f 1930// 1942// 1941//
f 1930// 1941// 1940//
f 1927// 1921// 1920//
f 1935// 1934// 1939//
f 1939// 1934// 1933//
f 1929// 1928// 1918//
f 1918// 1928// 1927//
f 1918// 1927// 1919//
f 1919// 1927// 1920//
f 1938// 1937// 1939//
f 1939// 1937// 1936//
f 1939// 1936// 1935//
f 1933// 1932// 1939//
f 1939// 1932// 1931//
f 1939// 1931// 1930//
f 1925// 1924// 1926//
f 1926// 1924// 1923//
f 1926// 1923// 1927//
f 1927// 1923// 1922//
f 1927// 1922// 1921//
