v -0.4 1.0 0.05
v -0.4 1.0 -0.05
v -0.4 -1.0 0.05
newmtl 1
Ka 1.0 1.0 1.0
Kd 1.0 1.0 1.0
Ks 0.5019607843137255 0.5019607843137255 0.5019607843137255
d 0.0
endmtl
v -0.4 -1.0 -0.05
v -0.1 1.0 0.05
v -0.1 1.0 -0.05
v -0.1 -1.0 0.05
v -0.1 -1.0 -0.05
v -1.0 0.35 0.05
v -1.0 0.35 -0.05
v -1.0 0.1 0.05
v -1.0 0.1 -0.05
v -0.72 0.35 0.05
v -0.72 0.35 -0.05
v -0.704337 0.348973 0.05
v -0.704337 0.348973 -0.05
v -0.688942 0.345911 0.05
v -0.688942 0.345911 -0.05
v -0.674078 0.340866 0.05
v -0.674078 0.340866 -0.05
v -0.66 0.333923 0.05
v -0.66 0.333923 -0.05
v -0.646949 0.325202 0.05
v -0.646949 0.325202 -0.05
v -0.635147 0.314853 0.05
v -0.635147 0.314853 -0.05
v -0.624798 0.303051 0.05
v -0.624798 0.303051 -0.05
v -0.616077 0.29 0.05
v -0.616077 0.29 -0.05
v -0.609134 0.275922 0.05
v -0.609134 0.275922 -0.05
v -0.604089 0.261058 0.05
v -0.604089 0.261058 -0.05
v -0.601027 0.245663 0.05
v -0.601027 0.245663 -0.05
v -0.6 0.23 0.05
v -0.6 0.23 -0.05
v -0.6 0.22 0.05
v -0.6 0.22 -0.05
v -0.601027 0.204337 0.05
v -0.601027 0.204337 -0.05
v -0.604089 0.188942 0.05
v -0.604089 0.188942 -0.05
v -0.609134 0.174078 0.05
v -0.609134 0.174078 -0.05
v -0.616077 0.16 0.05
v -0.616077 0.16 -0.05
v -0.624798 0.146949 0.05
v -0.624798 0.146949 -0.05
v -0.635147 0.135147 0.05
v -0.635147 0.135147 -0.05
v -0.646949 0.124798 0.05
v -0.646949 0.124798 -0.05
v -0.66 0.116077 0.05
v -0.66 0.116077 -0.05
v -0.674078 0.109134 0.05
v -0.674078 0.109134 -0.05
v -0.688942 0.104089 0.05
v -0.688942 0.104089 -0.05
v -0.704337 0.101027 0.05
v -0.704337 0.101027 -0.05
v -0.72 0.1 0.05
v -0.72 0.1 -0.05
v -0.6 1.0 0.05
v -0.6 1.0 -0.05
v -0.85 1.0 0.05
v -0.85 1.0 -0.05
v -0.6 0.65 0.05
v -0.6 0.65 -0.05
v -0.7 0.55 0.05
v -0.7 0.55 -0.05
v -1.0 0.55 0.05
v -1.0 0.55 -0.05
v -1.0 0.85 0.05
v -1.0 0.85 -0.05
v -0.85 0.85 0.05
v -0.85 0.85 -0.05
v -0.6 -0.23 -0.05
v -0.6 -0.23 0.05
v -0.601027 -0.245663 0.05
v -0.601027 -0.245663 -0.05
v -0.604089 -0.261058 0.05
v -0.604089 -0.261058 -0.05
v -0.609134 -0.275922 0.05
v -0.609134 -0.275922 -0.05
v -0.616077 -0.29 0.05
v -0.616077 -0.29 -0.05
v -0.624798 -0.303051 0.05
v -0.624798 -0.303051 -0.05
v -0.635147 -0.314853 0.05
v -0.635147 -0.314853 -0.05
v -0.646949 -0.325202 0.05
v -0.646949 -0.325202 -0.05
v -0.66 -0.333923 0.05
v -0.66 -0.333923 -0.05
v -0.674078 -0.340866 0.05
v -0.674078 -0.340866 -0.05
v -0.688942 -0.345911 0.05
v -0.688942 -0.345911 -0.05
v -0.704337 -0.348973 0.05
v -0.704337 -0.348973 -0.05
v -0.72 -0.35 0.05
v -0.72 -0.35 -0.05
v -1.0 -0.35 0.05
v -1.0 -0.35 -0.05
v -1.0 -0.1 0.05
v -1.0 -0.1 -0.05
v -0.72 -0.1 0.05
v -0.72 -0.1 -0.05
v -0.704337 -0.101027 0.05
v -0.704337 -0.101027 -0.05
v -0.688942 -0.104089 0.05
v -0.688942 -0.104089 -0.05
v -0.674078 -0.109134 0.05
v -0.674078 -0.109134 -0.05
v -0.66 -0.116077 0.05
v -0.66 -0.116077 -0.05
v -0.646949 -0.124798 0.05
v -0.646949 -0.124798 -0.05
v -0.635147 -0.135147 0.05
v -0.635147 -0.135147 -0.05
v -0.624798 -0.146949 0.05
v -0.624798 -0.146949 -0.05
v -0.616077 -0.16 0.05
v -0.616077 -0.16 -0.05
v -0.609134 -0.174078 0.05
v -0.609134 -0.174078 -0.05
v -0.604089 -0.188942 0.05
v -0.604089 -0.188942 -0.05
v -0.601027 -0.204337 0.05
v -0.601027 -0.204337 -0.05
v -0.6 -0.22 0.05
v -0.6 -0.22 -0.05
v -0.6 -1.0 0.05
v -0.6 -1.0 -0.05
v -0.6 -0.65 0.05
v -0.6 -0.65 -0.05
v -0.85 -1.0 0.05
v -0.85 -1.0 -0.05
v -0.85 -0.85 0.05
v -0.85 -0.85 -0.05
v -1.0 -0.85 0.05
v -1.0 -0.85 -0.05
v -1.0 -0.55 0.05
v -1.0 -0.55 -0.05
v -0.7 -0.55 0.05
v -0.7 -0.55 -0.05
v -0.682635 -0.551519 0.05
v -0.682635 -0.551519 -0.05
v -0.665798 -0.556031 0.05
v -0.665798 -0.556031 -0.05
v -0.65 -0.563397 0.05
v -0.65 -0.563397 -0.05
v -0.635721 -0.573396 0.05
v -0.635721 -0.573396 -0.05
v -0.623396 -0.585721 0.05
v -0.623396 -0.585721 -0.05
v -0.613397 -0.6 0.05
v -0.613397 -0.6 -0.05
v -0.606031 -0.615798 0.05
v -0.606031 -0.615798 -0.05
v -0.601519 -0.632635 0.05
v -0.601519 -0.632635 -0.05
v 0.4 -1.0 0.05
v 0.4 -1.0 -0.05
v 0.4 1.0 0.05
v 0.4 1.0 -0.05
v 0.1 -1.0 0.05
v 0.1 -1.0 -0.05
v 0.1 1.0 0.05
v 0.1 1.0 -0.05
v 0.6 -0.22 -0.05
v 0.6 -0.22 0.05
v 0.601027 -0.204337 0.05
v 0.601027 -0.204337 -0.05
v 0.604089 -0.188942 0.05
v 0.604089 -0.188942 -0.05
v 0.609134 -0.174078 0.05
v 0.609134 -0.174078 -0.05
v 0.616077 -0.16 0.05
v 0.616077 -0.16 -0.05
v 0.624798 -0.146949 0.05
v 0.624798 -0.146949 -0.05
v 0.635147 -0.135147 0.05
v 0.635147 -0.135147 -0.05
v 0.646949 -0.124798 0.05
v 0.646949 -0.124798 -0.05
v 0.66 -0.116077 0.05
v 0.66 -0.116077 -0.05
v 0.674078 -0.109134 0.05
v 0.674078 -0.109134 -0.05
v 0.688942 -0.104089 0.05
v 0.688942 -0.104089 -0.05
v 0.704337 -0.101027 0.05
v 0.704337 -0.101027 -0.05
v 0.72 -0.1 0.05
v 0.72 -0.1 -0.05
v 1.0 -0.1 0.05
v 1.0 -0.1 -0.05
v 1.0 -0.35 0.05
v 1.0 -0.35 -0.05
v 0.72 -0.35 0.05
v 0.72 -0.35 -0.05
v 0.704337 -0.348973 0.05
v 0.704337 -0.348973 -0.05
v 0.688942 -0.345911 0.05
v 0.688942 -0.345911 -0.05
v 0.674078 -0.340866 0.05
v 0.674078 -0.340866 -0.05
v 0.66 -0.333923 0.05
v 0.66 -0.333923 -0.05
v 0.646949 -0.325202 0.05
v 0.646949 -0.325202 -0.05
v 0.635147 -0.314853 0.05
v 0.635147 -0.314853 -0.05
v 0.624798 -0.303051 0.05
v 0.624798 -0.303051 -0.05
v 0.616077 -0.29 0.05
v 0.616077 -0.29 -0.05
v 0.609134 -0.275922 0.05
v 0.609134 -0.275922 -0.05
v 0.604089 -0.261058 0.05
v 0.604089 -0.261058 -0.05
v 0.601027 -0.245663 0.05
v 0.601027 -0.245663 -0.05
v 0.6 -0.23 0.05
v 0.6 -0.23 -0.05
v 0.6 -1.0 0.05
v 0.6 -1.0 -0.05
v 0.85 -1.0 0.05
v 0.85 -1.0 -0.05
v 0.6 -0.65 0.05
v 0.6 -0.65 -0.05
v 0.601519 -0.632635 0.05
v 0.601519 -0.632635 -0.05
v 0.606031 -0.615798 0.05
v 0.606031 -0.615798 -0.05
v 0.613397 -0.6 0.05
v 0.613397 -0.6 -0.05
v 0.623396 -0.585721 0.05
v 0.623396 -0.585721 -0.05
v 0.635721 -0.573396 0.05
v 0.635721 -0.573396 -0.05
v 0.65 -0.563397 0.05
v 0.65 -0.563397 -0.05
v 0.665798 -0.556031 0.05
v 0.665798 -0.556031 -0.05
v 0.682635 -0.551519 0.05
v 0.682635 -0.551519 -0.05
v 0.7 -0.55 0.05
v 0.7 -0.55 -0.05
v 1.0 -0.55 0.05
v 1.0 -0.55 -0.05
v 1.0 -0.85 0.05
v 1.0 -0.85 -0.05
v 0.85 -0.85 0.05
v 0.85 -0.85 -0.05
v 0.6 0.23 -0.05
v 0.6 0.23 0.05
v 0.601027 0.245663 0.05
v 0.601027 0.245663 -0.05
v 0.604089 0.261058 0.05
v 0.604089 0.261058 -0.05
v 0.609134 0.275922 0.05
v 0.609134 0.275922 -0.05
v 0.616077 0.29 0.05
v 0.616077 0.29 -0.05
v 0.624798 0.303051 0.05
v 0.624798 0.303051 -0.05
v 0.635147 0.314853 0.05
v 0.635147 0.314853 -0.05
v 0.646949 0.325202 0.05
v 0.646949 0.325202 -0.05
v 0.66 0.333923 0.05
v 0.66 0.333923 -0.05
v 0.674078 0.340866 0.05
v 0.674078 0.340866 -0.05
v 0.688942 0.345911 0.05
v 0.688942 0.345911 -0.05
v 0.704337 0.348973 0.05
v 0.704337 0.348973 -0.05
v 0.72 0.35 0.05
v 0.72 0.35 -0.05
v 1.0 0.35 0.05
v 1.0 0.35 -0.05
v 1.0 0.1 0.05
v 1.0 0.1 -0.05
v 0.72 0.1 0.05
v 0.72 0.1 -0.05
v 0.704337 0.101027 0.05
v 0.704337 0.101027 -0.05
v 0.688942 0.104089 0.05
v 0.688942 0.104089 -0.05
v 0.674078 0.109134 0.05
v 0.674078 0.109134 -0.05
v 0.66 0.116077 0.05
v 0.66 0.116077 -0.05
v 0.646949 0.124798 0.05
v 0.646949 0.124798 -0.05
v 0.635147 0.135147 0.05
v 0.635147 0.135147 -0.05
v 0.624798 0.146949 0.05
v 0.624798 0.146949 -0.05
v 0.616077 0.16 0.05
v 0.616077 0.16 -0.05
v 0.609134 0.174078 0.05
v 0.609134 0.174078 -0.05
v 0.604089 0.188942 0.05
v 0.604089 0.188942 -0.05
v 0.601027 0.204337 0.05
v 0.601027 0.204337 -0.05
v 0.6 0.22 0.05
v 0.6 0.22 -0.05
v 0.6 1.0 0.05
v 0.6 1.0 -0.05
v 0.6 0.65 0.05
v 0.6 0.65 -0.05
v 0.85 1.0 0.05
v 0.85 1.0 -0.05
v 0.85 0.85 0.05
v 0.85 0.85 -0.05
v 1.0 0.85 0.05
v 1.0 0.85 -0.05
v 1.0 0.55 0.05
v 1.0 0.55 -0.05
v 0.7 0.55 0.05
v 0.7 0.55 -0.05
v 0.682635 0.551519 0.05
v 0.682635 0.551519 -0.05
v 0.665798 0.556031 0.05
v 0.665798 0.556031 -0.05
v 0.65 0.563397 0.05
v 0.65 0.563397 -0.05
v 0.635721 0.573396 0.05
v 0.635721 0.573396 -0.05
v 0.623396 0.585721 0.05
v 0.623396 0.585721 -0.05
v 0.613397 0.6 0.05
v 0.613397 0.6 -0.05
v 0.606031 0.615798 0.05
v 0.606031 0.615798 -0.05
v 0.601519 0.632635 0.05
v 0.601519 0.632635 -0.05
v 1.0 0.131804 0.434568
v 1.0 0.131804 0.414692
v 1.0 0.197056 0.414692
newmtl 2
Ka 0.25098039215686274 0.25098039215686274 0.25098039215686274
Kd 0.25098039215686274 0.25098039215686274 0.25098039215686274
Ks 0.12549019607843137 0.12549019607843137 0.12549019607843137
d 0.0
endmtl
v 1.0 0.305857 0.306551
v 1.0 0.305278 0.306321
v 1.0 0.305278 0.300168
v 1.0 0.22291 0.502867
v 1.0 0.228113 0.503504
v 1.0 0.20112 0.503504
v 1.0 0.24041 0.434984
v 1.0 0.236059 0.434568
v 1.0 0.258489 0.434568
v 1.0 0.271165 0.495134
v 1.0 0.271165 0.473438
v 1.0 0.289473 0.473438
v 1.0 0.421965 0.43514
v 1.0 0.41505 0.453682
v 1.0 0.390174 0.453682
v 1.0 0.275422 0.327376
v 1.0 0.272473 0.327023
v 1.0 0.289473 0.327023
v 1.0 0.260512 0.3272
v 1.0 0.258489 0.327912
v 1.0 0.258489 0.327023
v 1.0 0.356061 0.358129
v 1.0 0.356061 0.335323
v 1.0 0.368755 0.335323
v 1.0 -0.203249 0.409877
v 1.0 -0.202277 0.414692
v 1.0 -0.601735 0.414692
v 1.0 0.073653 0.449659
v 1.0 0.086593 0.438478
v 1.0 0.131804 0.503504
v 1.0 0.019223 0.503504
v 1.0 0.030299 0.496058
v 1.0 0.046052 0.477895
v 1.0 0.056326 0.45798
v 1.0 0.059373 0.456938
v 1.0 -0.015387 0.519035
v 1.0 0.008801 0.510511
v 1.0 0.131804 0.95
v 1.0 -0.081396 0.509576
v 1.0 -0.059175 0.518165
v 1.0 -0.601735 0.95
v 1.0 -0.035253 0.521122
v 1.0 -0.180816 0.458944
v 1.0 -0.176331 0.463104
v 1.0 -0.601735 0.503504
v 1.0 -0.091189 0.503504
v 1.0 -0.093092 0.502324
v 1.0 -0.160136 0.473888
v 1.0 -0.142132 0.480263
v 1.0 -0.125386 0.48208
v 1.0 -0.104419 0.492624
v 1.0 -0.119843 0.481779
v 1.0 -0.1143 0.481116
v 1.0 -0.601735 0.434568
v 1.0 -0.199414 0.428872
v 1.0 -0.196693 0.434568
v 1.0 -0.19126 0.445938
v 1.0 -0.144666 0.328323
v 1.0 -0.153193 0.331023
v 1.0 -0.601735 0.327023
v 1.0 -0.170306 0.340073
v 1.0 -0.183226 0.351459
v 1.0 -0.185178 0.353713
v 1.0 -0.19531 0.369273
v 1.0 -0.201659 0.38734
v 1.0 -0.203469 0.403997
v 1.0 -0.132684 0.309155
v 1.0 -0.139847 0.318004
v 1.0 -0.144058 0.327023
v 1.0 -0.601735 0.05
v 1.0 -0.601735 0.300168
v 1.0 -0.118805 0.300168
v 1.0 -0.123259 0.302043
v 1.0 -0.55 0.0
v 1.0 -0.35 0.0
v 1.0 -0.1 0.0
v 1.0 0.1 0.0
v 1.0 0.131804 0.300168
v 1.0 0.131804 0.05
v 1.0 0.197056 0.05
v 1.0 -0.078916 0.300168
v 1.0 -0.087233 0.296979
v 1.0 -0.098876 0.295548
v 1.0 -0.100763 0.295583
v 1.0 -0.112142 0.297365
v 1.0 -0.053702 0.327023
v 1.0 -0.053729 0.326908
v 1.0 -0.059415 0.316154
v 1.0 -0.066878 0.307778
v 1.0 -0.076481 0.301102
v 1.0 0.095341 0.361591
v 1.0 0.08621 0.349049
v 1.0 0.131804 0.327023
v 1.0 -0.062727 0.376041
v 1.0 0.001861 0.409781
v 1.0 -0.071132 0.383698
v 1.0 -0.081356 0.389184
v 1.0 0.072358 0.337474
v 1.0 0.057579 0.330478
v 1.0 0.042348 0.327359
v 1.0 0.073932 0.398512
v 1.0 0.071685 0.407774
v 1.0 0.067972 0.414692
v 1.0 -0.171908 0.414692
v 1.0 0.01137 0.356822
v 1.0 0.016803 0.384235
v 1.0 0.008045 0.35557
v 1.0 0.005054 0.353522
v 1.0 0.013911 0.327359
v 1.0 0.011673 0.32768
v 1.0 0.008463 0.328818
v 1.0 0.00526 0.330937
v 1.0 0.003649 0.332542
v 1.0 -0.169103 0.385809
v 1.0 -0.163313 0.375944
v 1.0 -0.138838 0.371006
v 1.0 -0.154667 0.367071
v 1.0 -0.144184 0.360617
v 1.0 -0.121005 0.386952
v 1.0 -0.130864 0.380112
v 1.0 -0.173104 0.404961
v 1.0 -0.17254 0.397615
v 1.0 0.102015 0.409903
v 1.0 0.104044 0.394839
v 1.0 0.104005 0.392528
v 1.0 0.101592 0.376745
v 1.0 -0.110356 0.391018
v 1.0 -0.098876 0.392429
v 1.0 -0.092989 0.392078
v 1.0 0.014875 0.357243
v 1.0 0.015344 0.357209
v 1.0 0.01679 0.356889
v 1.0 -6.7E-5 0.342301
v 1.0 -6.0E-6 0.343652
v 1.0 -0.050677 0.348567
v 1.0 8.23E-4 0.347354
v 1.0 0.002564 0.350724
v 1.0 0.001585 0.335585
v 1.0 3.52E-4 0.338861
v 1.0 -0.050929 0.338812
v 1.0 -0.050677 0.343747
v 1.0 0.064389 0.368876
v 1.0 0.069688 0.376396
v 1.0 0.073007 0.384988
v 1.0 0.07416 0.394357
v 1.0 0.017767 0.356761
v 1.0 0.039456 0.356761
v 1.0 0.048056 0.358402
v 1.0 0.056567 0.36233
v 1.0 0.063702 0.36814
v 1.0 0.032708 0.431952
v 1.0 -0.167549 0.427356
v 1.0 -0.171672 0.416604
v 1.0 0.036564 0.431952
v 1.0 0.067216 0.4161
v 1.0 0.061603 0.422375
v 1.0 0.054125 0.427591
v 1.0 0.045711 0.430827
v 1.0 -0.162535 0.434568
v 1.0 -0.099358 0.44593
v 1.0 -0.1029 0.447862
v 1.0 0.023956 0.458241
v 1.0 0.013661 0.471735
v 1.0 0.009454 0.475684
v 1.0 -0.004203 0.484864
v 1.0 -0.019391 0.490427
v 1.0 -0.113712 0.451787
v 1.0 -0.124904 0.45316
v 1.0 -0.129839 0.452908
v 1.0 0.032197 0.434568
v 1.0 0.030672 0.442373
v 1.0 -0.034771 0.492202
v 1.0 -0.036924 0.492169
v 1.0 -0.092613 0.460202
v 1.0 -0.052993 0.489788
v 1.0 -0.082036 0.473285
v 1.0 -0.068704 0.483283
v 1.0 -0.141743 0.450108
v 1.0 -0.152497 0.444422
v 1.0 -0.160873 0.436959
v 1.0 0.089337 0.434568
v 1.0 0.096286 0.424665
v 1.0 0.100156 0.414692
v 1.0 0.383771 0.335323
v 1.0 0.383771 0.327594
v 1.0 0.390174 0.327023
v 1.0 0.368755 0.327023
v 1.0 0.390174 0.414692
v 1.0 0.382229 0.395387
v 1.0 0.382229 0.387589
v 1.0 0.380305 0.365892
v 1.0 0.380305 0.358129
v 1.0 0.368755 0.358129
v 1.0 0.368755 0.387589
v 1.0 0.368755 0.365892
v 1.0 0.356061 0.387589
v 1.0 0.356061 0.365892
v 1.0 0.368755 0.327594
v 1.0 0.34731 0.327594
v 1.0 0.342735 0.327023
v 1.0 0.34731 0.395387
v 1.0 0.207567 0.350659
v 1.0 0.208884 0.364367
v 1.0 0.205873 0.348225
v 1.0 0.204712 0.345228
v 1.0 0.230291 0.330141
v 1.0 0.227195 0.328113
v 1.0 0.234566 0.327594
v 1.0 0.224079 0.327023
v 1.0 0.243057 0.327594
v 1.0 0.214352 0.32706
v 1.0 0.21111 0.3283
v 1.0 0.20112 0.327023
v 1.0 0.205644 0.333743
v 1.0 0.204598 0.336592
v 1.0 0.227674 0.369914
v 1.0 0.224757 0.370225
v 1.0 0.220217 0.356361
v 1.0 0.216895 0.376064
v 1.0 0.20112 0.414692
v 1.0 0.21059 0.373606
v 1.0 0.208884 0.372616
v 1.0 0.210164 0.352917
v 1.0 0.213774 0.354771
v 1.0 0.214766 0.368061
v 1.0 0.220085 0.369778
v 1.0 0.208312 0.330263
v 1.0 0.207423 0.331158
v 1.0 0.258414 0.353834
v 1.0 0.254564 0.338061
v 1.0 0.258489 0.353784
v 1.0 0.257617 0.336149
v 1.0 0.258489 0.335808
v 1.0 0.234566 0.335081
v 1.0 0.23434 0.335081
v 1.0 0.232979 0.333015
v 1.0 0.257024 0.355287
v 1.0 0.243057 0.358753
v 1.0 0.254564 0.329293
v 1.0 0.237013 0.374003
v 1.0 0.239288 0.371852
v 1.0 0.255839 0.368474
v 1.0 0.204153 0.340557
v 1.0 0.204175 0.341557
v 1.0 0.234566 0.358371
v 1.0 0.23428 0.36207
v 1.0 0.233407 0.365116
v 1.0 0.232413 0.366873
v 1.0 0.241034 0.369127
v 1.0 0.242374 0.365299
v 1.0 0.254895 0.365733
v 1.0 0.225554 0.377122
v 1.0 0.230578 0.376678
v 1.0 0.23418 0.375603
v 1.0 0.231134 0.368244
v 1.0 0.229633 0.369221
v 1.0 0.256051 0.356798
v 1.0 0.255058 0.359339
v 1.0 0.254616 0.362946
v 1.0 0.262216 0.327023
v 1.0 0.258489 0.300168
v 1.0 0.267699 0.326451
v 1.0 0.284942 0.374973
v 1.0 0.284942 0.366724
v 1.0 0.284422 0.348771
v 1.0 0.285853 0.346725
v 1.0 0.285962 0.334939
v 1.0 0.284455 0.332675
v 1.0 0.257345 0.370783
v 1.0 0.258489 0.371834
v 1.0 0.258489 0.414692
v 1.0 0.260057 0.373275
v 1.0 0.262117 0.374543
v 1.0 0.266661 0.376303
v 1.0 0.27347 0.377122
v 1.0 0.289473 0.414692
v 1.0 0.279427 0.376593
v 1.0 0.281805 0.330298
v 1.0 0.279875 0.329107
v 1.0 0.286825 0.344277
v 1.0 0.287264 0.340765
v 1.0 0.286931 0.337649
v 1.0 0.272638 0.370225
v 1.0 0.270124 0.370036
v 1.0 0.263367 0.363709
v 1.0 0.267853 0.369435
v 1.0 0.265949 0.368422
v 1.0 0.263444 0.362579
v 1.0 0.263781 0.36126
v 1.0 0.264393 0.360115
v 1.0 0.265221 0.359203
v 1.0 0.268215 0.357332
v 1.0 0.278573 0.369502
v 1.0 0.27347 0.355044
v 1.0 0.283377 0.36764
v 1.0 0.276758 0.353714
v 1.0 0.282397 0.350577
v 1.0 0.264668 0.36729
v 1.0 0.26394 0.366209
v 1.0 0.263521 0.365063
v 1.0 0.262928 0.334074
v 1.0 0.267474 0.348875
v 1.0 0.262413 0.351195
v 1.0 0.268531 0.333382
v 1.0 0.268906 0.333385
v 1.0 0.27305 0.34654
v 1.0 0.273259 0.333873
v 1.0 0.278547 0.339933
v 1.0 0.278464 0.340989
v 1.0 0.27545 0.334675
v 1.0 0.276224 0.335144
v 1.0 0.277199 0.336009
v 1.0 0.27794 0.337105
v 1.0 0.278371 0.338313
v 1.0 0.278078 0.342315
v 1.0 0.277422 0.343441
v 1.0 0.276364 0.344543
v 1.0 0.431634 0.43514
v 1.0 0.390174 0.434568
v 1.0 1.0 0.434568
v 1.0 1.0 0.503504
v 1.0 0.405814 0.502932
v 1.0 0.390174 0.503504
v 1.0 0.386821 0.453682
v 1.0 0.380305 0.43514
v 1.0 0.368755 0.434568
v 1.0 0.370635 0.43514
v 1.0 0.368755 0.503504
v 1.0 0.390174 0.486439
v 1.0 0.396456 0.502932
v 1.0 0.342735 0.434568
v 1.0 0.341936 0.436567
v 1.0 0.330327 0.43514
v 1.0 0.33102 0.502932
v 1.0 0.342735 0.503504
v 1.0 0.305278 0.503504
v 1.0 0.305278 0.434568
v 1.0 0.311681 0.43514
v 1.0 0.311681 0.502932
v 1.0 0.365034 0.457663
v 1.0 0.361699 0.450649
v 1.0 0.358995 0.491668
v 1.0 0.363203 0.485771
v 1.0 0.35665 0.444637
v 1.0 0.349646 0.439601
v 1.0 0.342735 0.436881
v 1.0 0.35665 0.493956
v 1.0 0.341368 0.50179
v 1.0 0.342735 0.501291
v 1.0 0.34955 0.498802
v 1.0 0.365725 0.47932
v 1.0 0.366875 0.469903
v 1.0 0.366673 0.465603
v 1.0 0.289473 0.503504
v 1.0 0.297332 0.502932
v 1.0 0.289473 0.502932
v 1.0 0.297332 0.495134
v 1.0 0.298875 0.442869
v 1.0 0.298875 0.43514
v 1.0 0.289473 0.434568
v 1.0 0.271165 0.442869
v 1.0 0.289473 0.442869
v 1.0 0.271165 0.465674
v 1.0 0.289473 0.465674
v 1.0 0.295409 0.465674
v 1.0 0.295409 0.473438
v 1.0 0.289473 0.495134
v 1.0 0.262414 0.502932
v 1.0 0.258489 0.503504
v 1.0 0.262414 0.43514
v 1.0 -1.0 0.300168
v 1.0 -1.0 0.0
v 1.0 -0.85 0.0
v 1.0 0.85 0.0
v 1.0 1.0 0.0
v 1.0 1.0 0.300168
v 1.0 0.390174 0.300168
v 1.0 0.55 0.0
v 1.0 0.342735 0.05
v 1.0 0.305278 0.05
v 1.0 0.289473 0.300168
v 1.0 0.289473 0.05
v 1.0 0.258489 0.05
v 1.0 0.20112 0.300168
v 1.0 0.20112 0.05
v 1.0 0.197056 0.300168
v 1.0 0.248845 0.501303
v 1.0 0.241754 0.503362
v 1.0 0.239987 0.503504
v 1.0 0.289473 0.43514
v 1.0 0.248845 0.492154
v 1.0 0.247688 0.437371
v 1.0 0.234534 0.441914
v 1.0 0.242197 0.443346
v 1.0 0.248845 0.446335
v 1.0 0.248845 0.437947
v 1.0 0.207345 0.465775
v 1.0 0.24809 0.492561
v 1.0 0.241214 0.495177
v 1.0 0.210621 0.453524
v 1.0 0.213926 0.448934
v 1.0 0.21525 0.447624
v 1.0 0.219677 0.444491
v 1.0 0.224505 0.442621
v 1.0 0.231342 0.441795
v 1.0 0.214394 0.488653
v 1.0 0.210703 0.483523
v 1.0 0.219014 0.492466
v 1.0 0.224345 0.494934
v 1.0 0.232867 0.496174
v 1.0 0.230243 0.496069
v 1.0 0.207272 0.468274
v 1.0 0.208417 0.477692
v 1.0 0.20843 0.458991
v 1.0 0.232781 0.504076
v 1.0 0.20112 0.95
v 1.0 0.258489 0.95
v 1.0 0.232898 0.504076
v 1.0 0.202962 0.48767
v 1.0 0.207878 0.494094
v 1.0 0.209498 0.495644
v 1.0 0.215837 0.500104
v 1.0 0.20112 0.452378
v 1.0 0.199453 0.456608
v 1.0 0.197056 0.434568
v 1.0 0.198087 0.467754
v 1.0 0.198206 0.471288
v 1.0 0.197056 0.503504
v 1.0 0.199743 0.480139
v 1.0 0.20112 0.483362
v 1.0 0.212243 0.438717
v 1.0 0.206787 0.44325
v 1.0 0.20112 0.434568
v 1.0 0.202231 0.449558
v 1.0 0.230077 0.433996
v 1.0 0.22599 0.434189
v 1.0 0.224147 0.434568
v 1.0 0.218642 0.435701
v 1.0 0.21465 0.327023
v 1.0 0.219227 0.326452
v 1.0 0.223724 0.326898
v 1.0 0.219506 0.326451
v 1.0 0.329357 0.376013
v 1.0 0.33816 0.376013
v 1.0 0.342735 0.414692
v 1.0 0.368755 0.395387
v 1.0 0.368755 0.414692
v 1.0 0.318844 0.327023
v 1.0 0.31383 0.339621
v 1.0 0.31487 0.335635
v 1.0 0.315095 0.335635
v 1.0 0.305278 0.414692
v 1.0 0.305278 0.364223
v 1.0 0.316135 0.339552
v 1.0 0.315485 0.337295
v 1.0 0.305278 0.327023
v 1.0 0.305278 0.34143
v 1.0 0.291683 0.376013
v 1.0 0.301179 0.376013
v 1.0 0.310676 0.327698
v 1.0 0.31039 0.327023
v 1.0 0.30695 0.318895
v 1.0 0.293433 0.305482
v 1.0 0.293433 0.313038
v 1.0 0.29517 0.312469
v 1.0 0.298251 0.312067
v 1.0 0.299876 0.31221
v 1.0 0.301744 0.312793
v 1.0 0.303335 0.313766
v 1.0 0.302525 0.305229
v 1.0 0.298909 0.304789
v 1.0 0.297035 0.304856
v 1.0 0.305047 0.31552
v 1.0 0.305278 0.315929
v 1.0 0.368755 0.300168
v 1.0 0.342735 0.300168
v 1.0 0.308802 0.308662
v 1.0 0.316187 0.320282
v 1.0 0.312295 0.312725
v 1.0 -1.0 0.327023
v 1.0 -1.0 0.414692
v 1.0 -1.0 0.434568
v 1.0 -1.0 0.503504
v 1.0 -1.0 0.95
v 1.0 0.195315 0.442869
v 1.0 0.195315 0.43514
v 1.0 0.159564 0.43514
v 1.0 0.168316 0.502932
v 1.0 0.168316 0.442869
v 1.0 0.159564 0.502932
v 1.0 0.197056 0.327023
v 1.0 0.196025 0.327594
v 1.0 0.159564 0.327594
v 1.0 0.196025 0.335323
v 1.0 0.194483 0.387589
v 1.0 0.168316 0.358129
v 1.0 0.168316 0.335323
v 1.0 0.192559 0.358129
v 1.0 0.192559 0.365892
v 1.0 0.168316 0.365892
v 1.0 0.168316 0.387589
v 1.0 0.159564 0.395387
v 1.0 0.194483 0.395387
v 1.0 0.197056 0.95
v 1.0 0.390174 0.0
v 1.0 0.368755 0.0
v 1.0 0.35 0.0
v 1.0 0.289473 0.95
v 1.0 0.305278 0.95
v 1.0 0.342735 0.95
v 1.0 0.368755 0.95
v 1.0 0.390174 0.95
v 1.0 1.0 0.95
v 1.0 1.0 0.414692
v 1.0 0.396577 0.327594
v 1.0 0.396577 0.395387
v 1.0 0.415224 0.327594
v 1.0 0.481352 0.395387
v 1.0 0.49071 0.395387
v 1.0 0.506861 0.327594
v 1.0 0.516531 0.327594
v 1.0 1.0 0.327023
v 1.0 0.499946 0.346137
v 1.0 0.471717 0.346137
v 1.0 0.465201 0.327594
v 1.0 0.455531 0.327594
v 1.0 0.446595 0.343103
v 1.0 0.441547 0.337091
v 1.0 0.434543 0.332055
v 1.0 0.426833 0.329021
v 1.0 0.441547 0.38641
v 1.0 0.443891 0.384122
v 1.0 0.4481 0.378226
v 1.0 0.450622 0.371774
v 1.0 0.415917 0.395387
v 1.0 0.426264 0.394245
v 1.0 0.434446 0.391257
v 1.0 0.451771 0.362357
v 1.0 0.451569 0.358057
v 1.0 0.44993 0.350117
v -1.0 0.85 0.0
v -1.0 1.0 0.0
v -0.85 0.85 0.0
v -0.85 1.0 0.0
v -0.667934 0.111884 0.0
v -0.645181 0.12618 0.0
v -0.693298 -0.103009 0.0
v -0.6 1.0 0.0
v -0.4 1.0 0.0
v -0.6 0.65 0.0
v -0.4 -1.0 0.0
v -0.693298 -0.346991 0.0
v -0.667934 -0.338116 0.0
v -0.656612 -0.559903 0.0
v -0.611884 0.282066 0.0
v -0.62618 0.304819 0.0
v -0.7 0.55 0.0
v -0.645181 0.32382 0.0
v -0.667934 0.338116 0.0
v -1.0 0.35 0.0
v -1.0 0.55 0.0
v -0.72 0.35 0.0
v -0.693298 0.346991 0.0
v -0.637651 -0.571817 0.0
v -0.611884 -0.282066 0.0
v -0.603009 -0.256703 0.0
v -0.645181 -0.12618 0.0
v -0.603009 0.193297 0.0
v -0.62618 -0.145181 0.0
v -0.6 0.22 0.0
v -0.611884 -0.167934 0.0
v -0.6 -1.0 0.0
v -0.6 -0.65 0.0
v -0.645181 -0.32382 0.0
v -0.62618 -0.304819 0.0
v -0.602507 -0.627748 0.0
v -0.609903 -0.606612 0.0
v -0.621817 -0.587651 0.0
v -0.667934 -0.111884 0.0
v -0.62618 0.145181 0.0
v -0.611884 0.167934 0.0
v -1.0 -0.1 0.0
v -1.0 0.1 0.0
v -0.72 -0.1 0.0
v -0.72 0.1 0.0
v -0.693298 0.103009 0.0
v -0.7 -0.55 0.0
v -1.0 -0.55 0.0
v -1.0 -0.35 0.0
v -0.603009 0.256703 0.0
v -0.6 0.23 0.0
v -0.677748 -0.552507 0.0
v -0.72 -0.35 0.0
v -0.6 -0.23 0.0
v -0.6 -0.22 0.0
v -0.603009 -0.193297 0.0
v 0.85 -0.85 0.0
v 0.85 -1.0 0.0
v 0.4 1.0 0.0
v 0.637651 -0.571817 0.0
v 0.621817 -0.587651 0.0
v 0.645181 0.32382 0.0
v 0.62618 0.304819 0.0
v 0.637651 0.571817 0.0
v 0.611884 0.282066 0.0
v 0.656612 -0.559903 0.0
v 0.693298 -0.346991 0.0
v 0.603009 -0.193297 0.0
v 0.6 -0.22 0.0
v 0.62618 0.145181 0.0
v 0.645181 -0.12618 0.0
v 0.62618 -0.145181 0.0
v 0.667934 0.111884 0.0
v 0.603009 0.256703 0.0
v 0.6 0.23 0.0
v 0.621817 0.587651 0.0
v 0.609903 -0.606612 0.0
v 0.602507 -0.627748 0.0
v 0.4 -1.0 0.0
v 0.6 -0.65 0.0
v 0.6 -1.0 0.0
v 0.645181 0.12618 0.0
v 0.611884 -0.167934 0.0
v 0.667934 0.338116 0.0
v 0.656612 0.559903 0.0
v 0.677748 0.552507 0.0
v 0.7 0.55 0.0
v 0.72 0.35 0.0
v 0.693298 0.346991 0.0
v 0.62618 -0.304819 0.0
v 0.645181 -0.32382 0.0
v 0.667934 -0.338116 0.0
v 0.72 0.1 0.0
v 0.72 -0.1 0.0
v 0.693298 0.103009 0.0
v 0.693298 -0.103009 0.0
v 0.667934 -0.111884 0.0
v 0.6 1.0 0.0
v 0.6 0.65 0.0
v 0.602507 0.627748 0.0
v 0.609903 0.606612 0.0
v 0.6 0.22 0.0
v 0.603009 0.193297 0.0
v 0.611884 0.167934 0.0
v 0.6 -0.23 0.0
v 0.603009 -0.256703 0.0
v 0.611884 -0.282066 0.0
v 0.72 -0.35 0.0
v 0.7 -0.55 0.0
v 0.677748 -0.552507 0.0
v -0.1 -1.0 0.0
v -0.1 1.0 0.0
v 0.1 -1.0 0.0
v 0.1 1.0 0.0
v -0.85 -1.0 0.0
v -1.0 -1.0 0.0
v -0.85 -0.85 0.0
v -1.0 -0.85 0.0
v 0.85 1.0 0.0
v -1.0 1.0 0.95
v -1.0 -1.0 0.95
v -0.670801 0.854319 0.95
v -0.650011 0.827226 0.95
v -0.636943 0.795675 0.95
v -0.650011 0.696409 0.95
v -0.636943 0.727959 0.95
v -0.632485 0.761817 0.95
v -0.889662 0.795675 0.95
v -0.876593 0.827226 0.95
v -0.670801 0.669316 0.95
v -0.697894 0.648526 0.95
v -0.729444 0.635458 0.95
v -0.763302 0.631 0.95
v -0.79716 0.635458 0.95
v -0.828711 0.648526 0.95
v -0.855804 0.669316 0.95
v -0.855804 0.854319 0.95
v -0.828711 0.875108 0.95
v -0.79716 0.888177 0.95
v -0.763302 0.892634 0.95
v -0.729444 0.888177 0.95
v -0.697894 0.875108 0.95
v -0.876593 0.696409 0.95
v -0.889662 0.727959 0.95
v -0.894119 0.761817 0.95
v 0.85 0.85 0.0
newmtl 3
Ka 0.792156862745098 0.8196078431372549 0.9333333333333333
Kd 0.792156862745098 0.8196078431372549 0.9333333333333333
Ks 0.396078431372549 0.4117647058823529 0.4666666666666667
d 0.0
endmtl
v 0.677748 0.552507 0.05
v 0.656612 0.559903 0.05
v 0.637651 0.571817 0.05
v 0.621817 0.587651 0.05
v 0.609903 0.606612 0.05
v 0.602507 0.627748 0.05
v 0.603009 -0.193297 0.05
v 0.611884 -0.167934 0.05
v 0.62618 -0.145181 0.05
v 0.645181 -0.12618 0.05
v 0.667934 -0.111884 0.05
v 0.693298 -0.103009 0.05
v 0.693298 -0.346991 0.05
v 0.667934 -0.338116 0.05
v 0.645181 -0.32382 0.05
v 0.62618 -0.304819 0.05
v 0.611884 -0.282066 0.05
v 0.603009 -0.256703 0.05
v 0.602507 -0.627748 0.05
v 0.609903 -0.606612 0.05
v 0.621817 -0.587651 0.05
v 0.637651 -0.571817 0.05
v 0.656612 -0.559903 0.05
v 0.677748 -0.552507 0.05
v 0.603009 0.256703 0.05
v 0.611884 0.282066 0.05
v 0.62618 0.304819 0.05
v 0.645181 0.32382 0.05
v 0.667934 0.338116 0.05
v 0.693298 0.346991 0.05
v 0.693298 0.103009 0.05
v 0.667934 0.111884 0.05
v 0.645181 0.12618 0.05
v 0.62618 0.145181 0.05
v 0.611884 0.167934 0.05
v 0.603009 0.193297 0.05
v -0.677748 -0.552507 0.05
v -0.656612 -0.559903 0.05
v -0.637651 -0.571817 0.05
v -0.621817 -0.587651 0.05
v -0.609903 -0.606612 0.05
v -0.602507 -0.627748 0.05
v -0.603009 -0.256703 0.05
v -0.611884 -0.282066 0.05
v -0.62618 -0.304819 0.05
v -0.645181 -0.32382 0.05
v -0.667934 -0.338116 0.05
v -0.693298 -0.346991 0.05
v -0.693298 -0.103009 0.05
v -0.667934 -0.111884 0.05
v -0.645181 -0.12618 0.05
v -0.62618 -0.145181 0.05
v -0.611884 -0.167934 0.05
v -0.603009 -0.193297 0.05
v -0.603009 0.193297 0.05
v -0.611884 0.167934 0.05
v -0.62618 0.145181 0.05
v -0.645181 0.12618 0.05
v -0.667934 0.111884 0.05
v -0.693298 0.103009 0.05
v -0.693298 0.346991 0.05
v -0.667934 0.338116 0.05
v -0.645181 0.32382 0.05
v -0.62618 0.304819 0.05
v -0.611884 0.282066 0.05
v -0.603009 0.256703 0.05
v -0.632485 0.761817 0.94
v -0.636943 0.795675 0.94
newmtl 4
Ka 0.7529411764705882 0.7529411764705882 0.7529411764705882
Kd 0.7529411764705882 0.7529411764705882 0.7529411764705882
Ks 0.3764705882352941 0.3764705882352941 0.3764705882352941
d 0.0
endmtl
v -0.650011 0.827226 0.94
v -0.670801 0.854319 0.94
v -0.697894 0.875108 0.94
v -0.729444 0.888177 0.94
v -0.763302 0.892634 0.94
v -0.79716 0.888177 0.94
v -0.828711 0.875108 0.94
v -0.855804 0.854319 0.94
v -0.876593 0.827226 0.94
v -0.889662 0.795675 0.94
v -0.894119 0.761817 0.94
v -0.889662 0.727959 0.94
v -0.876593 0.696409 0.94
v -0.855804 0.669316 0.94
v -0.828711 0.648526 0.94
v -0.79716 0.635458 0.94
v -0.763302 0.631 0.94
v -0.729444 0.635458 0.94
v -0.697894 0.648526 0.94
v -0.670801 0.669316 0.94
v -0.650011 0.696409 0.94
v -0.636943 0.727959 0.94
v -0.763302 0.761817 0.94
v 1.01 0.195315 0.442869
v 1.01 0.195315 0.43514
newmtl 5
Ka 0.5019607843137255 0.5019607843137255 0.5019607843137255
Kd 0.5019607843137255 0.5019607843137255 0.5019607843137255
Ks 0.25098039215686274 0.25098039215686274 0.25098039215686274
d 0.0
endmtl
v 1.01 0.168316 0.442869
v 1.01 0.168316 0.502932
v 1.01 0.159564 0.502932
v 1.01 0.159564 0.43514
v 1.01 0.230077 0.433996
v 1.01 0.24041 0.434984
v 1.01 0.247688 0.437371
v 1.01 0.248845 0.437947
v 1.01 0.248845 0.446335
v 1.01 0.242197 0.443346
v 1.01 0.234534 0.441914
v 1.01 0.231342 0.441795
v 1.01 0.224505 0.442621
v 1.01 0.219677 0.444491
v 1.01 0.21525 0.447624
v 1.01 0.213926 0.448934
v 1.01 0.210621 0.453524
v 1.01 0.20843 0.458991
v 1.01 0.207345 0.465775
v 1.01 0.207272 0.468274
v 1.01 0.208417 0.477692
v 1.01 0.210703 0.483523
v 1.01 0.214394 0.488653
v 1.01 0.219014 0.492466
v 1.01 0.224345 0.494934
v 1.01 0.230243 0.496069
v 1.01 0.232867 0.496174
v 1.01 0.241214 0.495177
v 1.01 0.24809 0.492561
v 1.01 0.248845 0.492154
v 1.01 0.248845 0.501303
v 1.01 0.232781 0.504076
v 1.01 0.232898 0.504076
v 1.01 0.241754 0.503362
v 1.01 0.22291 0.502867
v 1.01 0.215837 0.500104
v 1.01 0.209498 0.495644
v 1.01 0.207878 0.494094
v 1.01 0.202962 0.48767
v 1.01 0.199743 0.480139
v 1.01 0.198206 0.471288
v 1.01 0.198087 0.467754
v 1.01 0.206787 0.44325
v 1.01 0.202231 0.449558
v 1.01 0.199453 0.456608
v 1.01 0.22599 0.434189
v 1.01 0.212243 0.438717
v 1.01 0.218642 0.435701
v 1.01 0.298875 0.442869
v 1.01 0.298875 0.43514
v 1.01 0.271165 0.442869
v 1.01 0.271165 0.465674
v 1.01 0.295409 0.465674
v 1.01 0.295409 0.473438
v 1.01 0.271165 0.473438
v 1.01 0.271165 0.495134
v 1.01 0.297332 0.495134
v 1.01 0.297332 0.502932
v 1.01 0.262414 0.502932
v 1.01 0.262414 0.43514
v 1.01 0.353805 0.454129
v 1.01 0.350429 0.449939
v 1.01 0.35665 0.444637
v 1.01 0.349182 0.448808
v 1.01 0.349646 0.439601
v 1.01 0.344693 0.445867
v 1.01 0.341936 0.436567
v 1.01 0.338896 0.443798
v 1.01 0.330327 0.43514
v 1.01 0.330275 0.442869
v 1.01 0.311681 0.43514
v 1.01 0.320432 0.442869
v 1.01 0.311681 0.502932
v 1.01 0.320432 0.495134
v 1.01 0.33102 0.502932
v 1.01 0.330674 0.495134
v 1.01 0.341368 0.50179
v 1.01 0.339397 0.494172
v 1.01 0.34955 0.498802
v 1.01 0.345279 0.492052
v 1.01 0.35665 0.493956
v 1.01 0.350239 0.488757
v 1.01 0.358995 0.491668
v 1.01 0.352463 0.486505
v 1.01 0.363203 0.485771
v 1.01 0.355009 0.482604
v 1.01 0.365725 0.47932
v 1.01 0.356835 0.477473
v 1.01 0.366875 0.469903
v 1.01 0.357673 0.46966
v 1.01 0.366673 0.465603
v 1.01 0.35745 0.465378
v 1.01 0.365034 0.457663
v 1.01 0.356137 0.459165
v 1.01 0.361699 0.450649
v 1.0 0.330674 0.495134
v 1.0 0.320432 0.495134
v 1.0 0.320432 0.442869
v 1.0 0.330275 0.442869
v 1.0 0.350429 0.449939
v 1.0 0.349182 0.448808
v 1.0 0.344693 0.445867
v 1.0 0.338896 0.443798
v 1.0 0.357673 0.46966
v 1.0 0.35745 0.465378
v 1.0 0.356137 0.459165
v 1.0 0.353805 0.454129
v 1.0 0.350239 0.488757
v 1.0 0.352463 0.486505
v 1.0 0.355009 0.482604
v 1.0 0.356835 0.477473
v 1.0 0.339397 0.494172
v 1.0 0.345279 0.492052
v 1.01 0.389593 0.461342
v 1.01 0.386821 0.453682
v 1.01 0.412347 0.461342
v 1.01 0.41505 0.453682
v 1.01 0.399731 0.489519
v 1.01 0.396456 0.502932
v 1.01 0.370635 0.43514
v 1.01 0.380305 0.43514
v 1.01 0.400318 0.491543
v 1.01 0.40084 0.494268
v 1.01 0.405814 0.502932
v 1.01 0.401048 0.494268
v 1.01 0.401596 0.4914
v 1.01 0.402105 0.489519
v 1.01 0.431634 0.43514
v 1.01 0.421965 0.43514
v 1.0 0.389593 0.461342
v 1.0 0.412347 0.461342
v 1.0 0.402105 0.489519
v 1.0 0.401048 0.494268
v 1.0 0.401596 0.4914
v 1.0 0.40084 0.494268
v 1.0 0.399731 0.489519
v 1.0 0.400318 0.491543
v 1.01 0.196025 0.335323
v 1.01 0.196025 0.327594
v 1.01 0.168316 0.335323
v 1.01 0.168316 0.358129
v 1.01 0.192559 0.358129
v 1.01 0.192559 0.365892
v 1.01 0.168316 0.365892
v 1.01 0.168316 0.387589
v 1.01 0.194483 0.387589
v 1.01 0.194483 0.395387
v 1.01 0.159564 0.395387
v 1.01 0.159564 0.327594
v 1.01 0.243057 0.358753
v 1.01 0.234566 0.35189
v 1.01 0.234566 0.347246
v 1.01 0.23434 0.335081
v 1.01 0.234566 0.335081
v 1.01 0.234094 0.34321
v 1.01 0.234566 0.327594
v 1.01 0.243057 0.327594
v 1.01 0.212837 0.342598
v 1.01 0.213256 0.344542
v 1.01 0.205873 0.348225
v 1.01 0.214504 0.336326
v 1.01 0.208312 0.330263
v 1.01 0.215226 0.335601
v 1.01 0.21111 0.3283
v 1.01 0.216918 0.334445
v 1.01 0.214352 0.32706
v 1.01 0.218839 0.33374
v 1.01 0.207567 0.350659
v 1.01 0.214002 0.346126
v 1.01 0.210164 0.352917
v 1.01 0.215018 0.347385
v 1.01 0.213774 0.354771
v 1.01 0.219227 0.326452
v 1.01 0.219506 0.326451
v 1.01 0.221707 0.333417
v 1.01 0.223724 0.326898
v 1.01 0.22522 0.333857
v 1.01 0.227195 0.328113
v 1.01 0.227749 0.334859
v 1.01 0.230291 0.330141
v 1.01 0.230099 0.336539
v 1.01 0.232979 0.333015
v 1.01 0.230926 0.337368
v 1.01 0.232917 0.34014
v 1.01 0.216109 0.348224
v 1.01 0.21811 0.349179
v 1.01 0.220217 0.356361
v 1.01 0.223232 0.350365
v 1.01 0.234566 0.358371
v 1.01 0.204712 0.345228
v 1.01 0.204175 0.341557
v 1.01 0.212765 0.34125
v 1.01 0.204153 0.340557
v 1.01 0.212981 0.339301
v 1.01 0.204598 0.336592
v 1.01 0.213539 0.337758
v 1.01 0.205644 0.333743
v 1.01 0.207423 0.331158
v 1.01 0.208884 0.372616
v 1.01 0.208884 0.364367
v 1.01 0.21059 0.373606
v 1.01 0.214766 0.368061
v 1.01 0.216895 0.376064
v 1.01 0.220085 0.369778
v 1.01 0.225554 0.377122
v 1.01 0.224757 0.370225
v 1.01 0.230578 0.376678
v 1.01 0.227674 0.369914
v 1.01 0.23418 0.375603
v 1.01 0.229633 0.369221
v 1.01 0.237013 0.374003
v 1.01 0.231134 0.368244
v 1.01 0.239288 0.371852
v 1.01 0.232413 0.366873
v 1.01 0.241034 0.369127
v 1.01 0.233407 0.365116
v 1.01 0.242374 0.365299
v 1.01 0.23428 0.36207
v 1.0 0.215018 0.347385
v 1.0 0.216109 0.348224
v 1.0 0.21811 0.349179
v 1.0 0.223232 0.350365
v 1.0 0.212765 0.34125
v 1.0 0.212837 0.342598
v 1.0 0.213256 0.344542
v 1.0 0.214002 0.346126
v 1.0 0.215226 0.335601
v 1.0 0.214504 0.336326
v 1.0 0.213539 0.337758
v 1.0 0.212981 0.339301
v 1.0 0.221707 0.333417
v 1.0 0.218839 0.33374
v 1.0 0.216918 0.334445
v 1.0 0.230926 0.337368
v 1.0 0.230099 0.336539
v 1.0 0.227749 0.334859
v 1.0 0.22522 0.333857
v 1.0 0.234566 0.347246
v 1.0 0.234094 0.34321
v 1.0 0.232917 0.34014
v 1.0 0.234566 0.35189
v 1.01 0.254564 0.338061
v 1.01 0.257617 0.336149
v 1.01 0.268531 0.333382
v 1.01 0.262928 0.334074
v 1.01 0.254564 0.329293
v 1.01 0.260512 0.3272
v 1.01 0.267699 0.326451
v 1.01 0.275422 0.327376
v 1.01 0.279875 0.329107
v 1.01 0.281805 0.330298
v 1.01 0.284455 0.332675
v 1.01 0.285962 0.334939
v 1.01 0.286931 0.337649
v 1.01 0.287264 0.340765
v 1.01 0.286825 0.344277
v 1.01 0.285853 0.346725
v 1.01 0.284422 0.348771
v 1.01 0.282397 0.350577
v 1.01 0.276758 0.353714
v 1.01 0.27347 0.355044
v 1.01 0.268215 0.357332
v 1.01 0.265221 0.359203
v 1.01 0.264393 0.360115
v 1.01 0.263781 0.36126
v 1.01 0.263444 0.362579
v 1.01 0.263367 0.363709
v 1.01 0.263521 0.365063
v 1.01 0.26394 0.366209
v 1.01 0.264668 0.36729
v 1.01 0.265949 0.368422
v 1.01 0.267853 0.369435
v 1.01 0.270124 0.370036
v 1.01 0.272638 0.370225
v 1.01 0.278573 0.369502
v 1.01 0.283377 0.36764
v 1.01 0.284942 0.366724
v 1.01 0.284942 0.374973
v 1.01 0.279427 0.376593
v 1.01 0.27347 0.377122
v 1.01 0.266661 0.376303
v 1.01 0.262117 0.374543
v 1.01 0.260057 0.373275
v 1.01 0.257345 0.370783
v 1.01 0.255839 0.368474
v 1.01 0.254895 0.365733
v 1.01 0.254616 0.362946
v 1.01 0.255058 0.359339
v 1.01 0.256051 0.356798
v 1.01 0.257024 0.355287
v 1.01 0.267474 0.348875
v 1.01 0.262413 0.351195
v 1.01 0.258414 0.353834
v 1.01 0.27305 0.34654
v 1.01 0.276364 0.344543
v 1.01 0.277422 0.343441
v 1.01 0.278078 0.342315
v 1.01 0.278464 0.340989
v 1.01 0.278547 0.339933
v 1.01 0.278371 0.338313
v 1.01 0.27794 0.337105
v 1.01 0.277199 0.336009
v 1.01 0.276224 0.335144
v 1.01 0.27545 0.334675
v 1.01 0.273259 0.333873
v 1.01 0.268906 0.333385
v 1.01 0.329357 0.376013
v 1.01 0.33816 0.376013
v 1.01 0.316135 0.339552
v 1.01 0.315485 0.337295
v 1.01 0.315095 0.335635
v 1.01 0.31487 0.335635
v 1.01 0.31383 0.339621
v 1.01 0.301179 0.376013
v 1.01 0.291683 0.376013
v 1.01 0.310676 0.327698
v 1.01 0.30695 0.318895
v 1.01 0.305047 0.31552
v 1.01 0.303335 0.313766
v 1.01 0.301744 0.312793
v 1.01 0.299876 0.31221
v 1.01 0.298251 0.312067
v 1.01 0.29517 0.312469
v 1.01 0.293433 0.313038
v 1.01 0.293433 0.305482
v 1.01 0.297035 0.304856
v 1.01 0.298909 0.304789
v 1.01 0.302525 0.305229
v 1.01 0.305857 0.306551
v 1.01 0.308802 0.308662
v 1.01 0.312295 0.312725
v 1.01 0.316187 0.320282
v 1.01 0.383771 0.335323
v 1.01 0.383771 0.327594
v 1.01 0.356061 0.335323
v 1.01 0.356061 0.358129
v 1.01 0.380305 0.358129
v 1.01 0.380305 0.365892
v 1.01 0.356061 0.365892
v 1.01 0.356061 0.387589
v 1.01 0.382229 0.387589
v 1.01 0.382229 0.395387
v 1.01 0.34731 0.395387
v 1.01 0.34731 0.327594
v 1.01 0.438701 0.346583
v 1.01 0.435326 0.342394
v 1.01 0.441547 0.337091
v 1.01 0.434078 0.341262
v 1.01 0.434543 0.332055
v 1.01 0.429589 0.338321
v 1.01 0.426833 0.329021
v 1.01 0.423792 0.336252
v 1.01 0.415224 0.327594
v 1.01 0.415172 0.335323
v 1.01 0.396577 0.327594
v 1.01 0.405328 0.335323
v 1.01 0.396577 0.395387
v 1.01 0.405328 0.387589
v 1.01 0.415917 0.395387
v 1.01 0.41557 0.387589
v 1.01 0.426264 0.394245
v 1.01 0.424293 0.386626
v 1.01 0.434446 0.391257
v 1.01 0.430175 0.384506
v 1.01 0.441547 0.38641
v 1.01 0.435135 0.381211
v 1.01 0.443891 0.384122
v 1.01 0.43736 0.37896
v 1.01 0.4481 0.378226
v 1.01 0.439905 0.375059
v 1.01 0.450622 0.371774
v 1.01 0.441731 0.369927
v 1.01 0.451771 0.362357
v 1.01 0.442569 0.362114
v 1.01 0.451569 0.358057
v 1.01 0.442346 0.357833
v 1.01 0.44993 0.350117
v 1.01 0.441033 0.351619
v 1.01 0.446595 0.343103
v 1.0 0.41557 0.387589
v 1.0 0.405328 0.387589
v 1.0 0.405328 0.335323
v 1.0 0.415172 0.335323
v 1.0 0.435326 0.342394
v 1.0 0.434078 0.341262
v 1.0 0.429589 0.338321
v 1.0 0.423792 0.336252
v 1.0 0.442569 0.362114
v 1.0 0.442346 0.357833
v 1.0 0.441033 0.351619
v 1.0 0.438701 0.346583
v 1.0 0.435135 0.381211
v 1.0 0.43736 0.37896
v 1.0 0.439905 0.375059
v 1.0 0.441731 0.369927
v 1.0 0.424293 0.386626
v 1.0 0.430175 0.384506
v 1.01 0.47449 0.353796
v 1.01 0.471717 0.346137
v 1.01 0.497243 0.353796
v 1.01 0.499946 0.346137
v 1.01 0.484627 0.381974
v 1.01 0.481352 0.395387
v 1.01 0.455531 0.327594
v 1.01 0.465201 0.327594
v 1.01 0.485214 0.383997
v 1.01 0.485736 0.386722
v 1.01 0.49071 0.395387
v 1.01 0.485944 0.386722
v 1.01 0.486492 0.383854
v 1.01 0.487001 0.381974
v 1.01 0.516531 0.327594
v 1.01 0.506861 0.327594
v 1.0 0.47449 0.353796
v 1.0 0.497243 0.353796
v 1.0 0.487001 0.381974
v 1.0 0.485944 0.386722
v 1.0 0.486492 0.383854
v 1.0 0.485736 0.386722
v 1.0 0.484627 0.381974
v 1.0 0.485214 0.383997
v 1.01 -0.139847 0.318004
v 1.01 -0.132684 0.309155
v 1.01 -0.144184 0.360617
v 1.01 -0.059415 0.316154
v 1.01 -0.053729 0.326908
v 1.01 -0.050929 0.338812
v 1.01 -0.111835 0.32922
v 1.01 -0.10798 0.326574
v 1.01 -0.123259 0.302043
v 1.01 -0.103519 0.324936
v 1.01 0.07416 0.394357
v 1.01 0.073007 0.384988
v 1.01 0.101592 0.376745
v 1.01 0.016803 0.384235
v 1.01 0.001861 0.409781
v 1.01 -0.050677 0.348567
v 1.01 -0.062727 0.376041
v 1.01 -0.050677 0.343747
v 1.01 -0.076481 0.301102
v 1.01 -0.066878 0.307778
v 1.01 -0.154667 0.367071
v 1.01 -0.153193 0.331023
v 1.01 -0.144666 0.328323
v 1.01 0.032708 0.431952
v 1.01 0.036564 0.431952
v 1.01 0.056326 0.45798
v 1.01 0.045711 0.430827
v 1.01 0.059373 0.456938
v 1.01 0.054125 0.427591
v 1.01 0.073653 0.449659
v 1.01 0.086593 0.438478
v 1.01 -0.1029 0.447862
v 1.01 -0.099358 0.44593
v 1.01 -0.1143 0.481116
v 1.01 -0.092613 0.460202
v 1.01 -0.104419 0.492624
v 1.01 -0.082036 0.473285
v 1.01 -0.093092 0.502324
v 1.01 -0.068704 0.483283
v 1.01 -0.081396 0.509576
v 1.01 -0.114914 0.332711
v 1.01 -0.116975 0.336684
v 1.01 -0.118037 0.341123
v 1.01 -0.112142 0.297365
v 1.01 -0.100763 0.295583
v 1.01 -0.099358 0.324467
v 1.01 -0.098876 0.295548
v 1.01 -0.095336 0.324896
v 1.01 -0.087233 0.296979
v 1.01 -0.091088 0.326377
v 1.01 -0.087326 0.32883
v 1.01 -0.084138 0.332256
v 1.01 0.095341 0.361591
v 1.01 0.069688 0.376396
v 1.01 0.08621 0.349049
v 1.01 -0.059175 0.518165
v 1.01 -0.052993 0.489788
v 1.01 -0.035253 0.521122
v 1.01 0.030299 0.496058
v 1.01 0.013661 0.471735
v 1.01 0.046052 0.477895
v 1.01 0.023956 0.458241
v 1.01 0.030672 0.442373
v 1.01 -0.163313 0.375944
v 1.01 -0.183226 0.351459
v 1.01 -0.170306 0.340073
v 1.01 -0.171672 0.416604
v 1.01 -0.203249 0.409877
v 1.01 -0.173104 0.404961
v 1.01 -0.203469 0.403997
v 1.01 -0.17254 0.397615
v 1.01 -0.201659 0.38734
v 1.01 -0.169103 0.385809
v 1.01 -0.19531 0.369273
v 1.01 -0.185178 0.353713
v 1.01 -0.081829 0.350077
v 1.01 -0.080704 0.345613
v 1.01 -0.080697 0.34101
v 1.01 -0.081871 0.336391
v 1.01 0.061603 0.422375
v 1.01 0.067216 0.4161
v 1.01 0.096286 0.424665
v 1.01 0.071685 0.407774
v 1.01 0.102015 0.409903
v 1.01 0.073932 0.398512
v 1.01 0.104044 0.394839
v 1.01 0.104005 0.392528
v 1.01 0.064389 0.368876
v 1.01 0.063702 0.36814
v 1.01 0.072358 0.337474
v 1.01 0.056567 0.36233
v 1.01 0.057579 0.330478
v 1.01 0.048056 0.358402
v 1.01 0.042348 0.327359
v 1.01 0.039456 0.356761
v 1.01 0.013911 0.327359
v 1.01 0.017767 0.356761
v 1.01 0.011673 0.32768
v 1.01 -0.113712 0.451787
v 1.01 -0.119843 0.481779
v 1.01 -0.124904 0.45316
v 1.01 -0.125386 0.48208
v 1.01 -0.129839 0.452908
v 1.01 -0.142132 0.480263
v 1.01 -0.141743 0.450108
v 1.01 -0.160136 0.473888
v 1.01 -0.152497 0.444422
v 1.01 -0.176331 0.463104
v 1.01 -0.160873 0.436959
v 1.01 -0.180816 0.458944
v 1.01 -0.167549 0.427356
v 1.01 -0.19126 0.445938
v 1.01 -0.199414 0.428872
v 1.01 -0.036924 0.492169
v 1.01 -0.034771 0.492202
v 1.01 -0.015387 0.519035
v 1.01 -0.019391 0.490427
v 1.01 0.008801 0.510511
v 1.01 -0.004203 0.484864
v 1.01 0.009454 0.475684
v 1.01 -0.118037 0.345407
v 1.01 -0.116905 0.350033
v 1.01 -0.138838 0.371006
v 1.01 -0.114643 0.354206
v 1.01 -0.130864 0.380112
v 1.01 -0.111461 0.357633
v 1.01 -0.121005 0.386952
v 1.01 -0.107603 0.360147
v 1.01 -0.110356 0.391018
v 1.01 -0.103343 0.361633
v 1.01 -0.098876 0.392429
v 1.01 -0.099358 0.362063
v 1.01 -0.092989 0.392078
v 1.01 -0.095445 0.361649
v 1.01 -0.081356 0.389184
v 1.01 -0.09096 0.36007
v 1.01 -0.071132 0.383698
v 1.01 -0.087066 0.357472
v 1.01 -0.083944 0.354023
v 1.01 0.015344 0.357209
v 1.01 0.003649 0.332542
v 1.01 0.00526 0.330937
v 1.01 0.01137 0.356822
v 1.01 0.008045 0.35557
v 1.01 -6.0E-6 0.343652
v 1.01 -6.7E-5 0.342301
v 1.01 3.52E-4 0.338861
v 1.01 0.001585 0.335585
v 1.01 0.01679 0.356889
v 1.01 0.008463 0.328818
v 1.01 0.014875 0.357243
v 1.01 0.005054 0.353522
v 1.01 0.002564 0.350724
v 1.01 8.23E-4 0.347354
v 1.0 -0.099358 0.362063
v 1.0 -0.095445 0.361649
v 1.0 -0.09096 0.36007
v 1.0 -0.087066 0.357472
v 1.0 -0.083944 0.354023
v 1.0 -0.081829 0.350077
v 1.0 -0.080704 0.345613
v 1.0 -0.080697 0.34101
v 1.0 -0.081871 0.336391
v 1.0 -0.084138 0.332256
v 1.0 -0.087326 0.32883
v 1.0 -0.091088 0.326377
v 1.0 -0.095336 0.324896
v 1.0 -0.099358 0.324467
v 1.0 -0.103519 0.324936
v 1.0 -0.10798 0.326574
v 1.0 -0.111835 0.32922
v 1.0 -0.114914 0.332711
v 1.0 -0.116975 0.336684
v 1.0 -0.118037 0.341123
v 1.0 -0.118037 0.345407
v 1.0 -0.116905 0.350033
v 1.0 -0.114643 0.354206
v 1.0 -0.111461 0.357633
v 1.0 -0.107603 0.360147
v 1.0 -0.103343 0.361633
usemtl 1
f 1// 2// 3//
f 3// 2// 4//
f 5// 6// 1//
f 1// 6// 2//
f 7// 8// 5//
f 5// 8// 6//
f 3// 4// 7//
f 7// 4// 8//
f 6// 8// 2//
f 2// 8// 4//
f 7// 5// 3//
f 3// 5// 1//
f 9// 10// 11//
f 11// 10// 12//
f 13// 14// 9//
f 9// 14// 10//
f 14// 13// 15//
f 14// 15// 16//
f 16// 15// 17//
f 16// 17// 18//
f 18// 17// 19//
f 18// 19// 20//
f 20// 19// 21//
f 20// 21// 22//
f 22// 21// 23//
f 22// 23// 24//
f 24// 23// 25//
f 24// 25// 26//
f 26// 25// 27//
f 26// 27// 28//
f 28// 27// 29//
f 28// 29// 30//
f 30// 29// 31//
f 30// 31// 32//
f 32// 31// 33//
f 32// 33// 34//
f 34// 33// 35//
f 34// 35// 36//
f 36// 35// 37//
f 36// 37// 38//
f 39// 40// 37//
f 37// 40// 38//
f 40// 39// 41//
f 40// 41// 42//
f 42// 41// 43//
f 42// 43// 44//
f 44// 43// 45//
f 44// 45// 46//
f 46// 45// 47//
f 46// 47// 48//
f 48// 47// 49//
f 48// 49// 50//
f 50// 49// 51//
f 50// 51// 52//
f 52// 51// 53//
f 52// 53// 54//
f 54// 53// 55//
f 54// 55// 56//
f 56// 55// 57//
f 56// 57// 58//
f 58// 57// 59//
f 58// 59// 60//
f 60// 59// 61//
f 60// 61// 62//
f 62// 61// 63//
f 62// 63// 64//
f 11// 12// 63//
f 63// 12// 64//
f 64// 12// 10//
f 36// 38// 64//
f 64// 38// 40//
f 10// 14// 64//
f 64// 14// 16//
f 64// 16// 18//
f 58// 60// 44//
f 18// 20// 64//
f 64// 20// 22//
f 64// 22// 24//
f 46// 48// 44//
f 44// 48// 50//
f 44// 50// 52//
f 40// 42// 64//
f 64// 42// 44//
f 64// 44// 62//
f 62// 44// 60//
f 24// 26// 64//
f 64// 26// 28//
f 64// 28// 30//
f 30// 32// 64//
f 64// 32// 34//
f 64// 34// 36//
f 52// 54// 44//
f 44// 54// 56//
f 44// 56// 58//
f 41// 39// 13//
f 13// 39// 37//
f 13// 37// 15//
f 15// 37// 17//
f 9// 11// 13//
f 13// 11// 63//
f 13// 63// 61//
f 61// 59// 13//
f 13// 59// 57//
f 13// 57// 55//
f 13// 49// 47//
f 55// 53// 13//
f 13// 53// 51//
f 13// 51// 49//
f 47// 45// 13//
f 13// 45// 43//
f 13// 43// 41//
f 37// 35// 17//
f 17// 35// 33//
f 17// 33// 31//
f 23// 21// 25//
f 25// 21// 27//
f 31// 29// 17//
f 17// 29// 27//
f 17// 27// 19//
f 19// 27// 21//
f 65// 66// 67//
f 67// 66// 68//
f 69// 70// 65//
f 65// 70// 66//
f 71// 72// 69//
f 69// 72// 70//
f 73// 74// 71//
f 71// 74// 72//
f 75// 76// 73//
f 73// 76// 74//
f 77// 78// 75//
f 75// 78// 76//
f 67// 68// 77//
f 77// 68// 78//
f 68// 66// 78//
f 78// 66// 70//
f 70// 72// 78//
f 78// 72// 74//
f 78// 74// 76//
f 73// 71// 69//
f 75// 73// 77//
f 77// 73// 69//
f 77// 69// 67//
f 67// 69// 65//
f 79// 80// 81//
f 79// 81// 82//
f 82// 81// 83//
f 82// 83// 84//
f 84// 83// 85//
f 84// 85// 86//
f 86// 85// 87//
f 86// 87// 88//
f 88// 87// 89//
f 88// 89// 90//
f 90// 89// 91//
f 90// 91// 92//
f 92// 91// 93//
f 92// 93// 94//
f 94// 93// 95//
f 94// 95// 96//
f 96// 95// 97//
f 96// 97// 98//
f 98// 97// 99//
f 98// 99// 100//
f 100// 99// 101//
f 100// 101// 102//
f 102// 101// 103//
f 102// 103// 104//
f 105// 106// 103//
f 103// 106// 104//
f 107// 108// 105//
f 105// 108// 106//
f 109// 110// 107//
f 107// 110// 108//
f 110// 109// 111//
f 110// 111// 112//
f 112// 111// 113//
f 112// 113// 114//
f 114// 113// 115//
f 114// 115// 116//
f 116// 115// 117//
f 116// 117// 118//
f 118// 117// 119//
f 118// 119// 120//
f 120// 119// 121//
f 120// 121// 122//
f 122// 121// 123//
f 122// 123// 124//
f 124// 123// 125//
f 124// 125// 126//
f 126// 125// 127//
f 126// 127// 128//
f 128// 127// 129//
f 128// 129// 130//
f 130// 129// 131//
f 130// 131// 132//
f 132// 131// 133//
f 132// 133// 134//
f 80// 79// 133//
f 133// 79// 134//
f 106// 108// 104//
f 104// 108// 110//
f 104// 110// 102//
f 134// 79// 110//
f 110// 79// 82//
f 110// 82// 84//
f 128// 130// 110//
f 110// 130// 132//
f 110// 132// 134//
f 84// 86// 110//
f 110// 86// 88//
f 110// 88// 90//
f 90// 92// 110//
f 110// 92// 94//
f 110// 94// 96//
f 96// 98// 110//
f 110// 98// 100//
f 110// 100// 102//
f 110// 112// 128//
f 128// 112// 114//
f 128// 114// 126//
f 126// 114// 116//
f 126// 116// 118//
f 118// 120// 126//
f 126// 120// 122//
f 126// 122// 124//
f 109// 107// 105//
f 81// 80// 109//
f 109// 80// 133//
f 109// 133// 131//
f 105// 103// 109//
f 109// 103// 101//
f 109// 101// 99//
f 93// 91// 109//
f 109// 91// 89//
f 109// 89// 87//
f 99// 97// 109//
f 109// 97// 95//
f 109// 95// 93//
f 87// 85// 109//
f 109// 85// 83//
f 109// 83// 81//
f 115// 113// 125//
f 125// 113// 127//
f 131// 129// 109//
f 109// 129// 127//
f 109// 127// 111//
f 111// 127// 113//
f 125// 123// 121//
f 121// 119// 125//
f 125// 119// 117//
f 125// 117// 115//
f 135// 136// 137//
f 137// 136// 138//
f 139// 140// 135//
f 135// 140// 136//
f 141// 142// 139//
f 139// 142// 140//
f 143// 144// 141//
f 141// 144// 142//
f 145// 146// 143//
f 143// 146// 144//
f 147// 148// 145//
f 145// 148// 146//
f 148// 147// 149//
f 148// 149// 150//
f 150// 149// 151//
f 150// 151// 152//
f 152// 151// 153//
f 152// 153// 154//
f 154// 153// 155//
f 154// 155// 156//
f 156// 155// 157//
f 156// 157// 158//
f 158// 157// 159//
f 158// 159// 160//
f 160// 159// 161//
f 160// 161// 162//
f 162// 161// 163//
f 162// 163// 164//
f 164// 163// 137//
f 164// 137// 138//
f 142// 144// 146//
f 136// 140// 138//
f 138// 140// 142//
f 138// 142// 164//
f 146// 148// 142//
f 142// 148// 150//
f 142// 150// 152//
f 152// 154// 142//
f 142// 154// 156//
f 142// 156// 158//
f 158// 160// 142//
f 142// 160// 162//
f 142// 162// 164//
f 139// 135// 141//
f 141// 135// 137//
f 141// 137// 163//
f 163// 161// 141//
f 141// 161// 159//
f 141// 159// 157//
f 157// 155// 141//
f 141// 155// 153//
f 141// 153// 151//
f 145// 143// 147//
f 147// 143// 141//
f 147// 141// 149//
f 149// 141// 151//
f 165// 166// 167//
f 167// 166// 168//
f 169// 170// 165//
f 165// 170// 166//
f 171// 172// 169//
f 169// 172// 170//
f 167// 168// 171//
f 171// 168// 172//
f 170// 172// 166//
f 166// 172// 168//
f 171// 169// 167//
f 167// 169// 165//
f 173// 174// 175//
f 173// 175// 176//
f 176// 175// 177//
f 176// 177// 178//
f 178// 177// 179//
f 178// 179// 180//
f 180// 179// 181//
f 180// 181// 182//
f 182// 181// 183//
f 182// 183// 184//
f 184// 183// 185//
f 184// 185// 186//
f 186// 185// 187//
f 186// 187// 188//
f 188// 187// 189//
f 188// 189// 190//
f 190// 189// 191//
f 190// 191// 192//
f 192// 191// 193//
f 192// 193// 194//
f 194// 193// 195//
f 194// 195// 196//
f 196// 195// 197//
f 196// 197// 198//
f 199// 200// 197//
f 197// 200// 198//
f 201// 202// 199//
f 199// 202// 200//
f 203// 204// 201//
f 201// 204// 202//
f 204// 203// 205//
f 204// 205// 206//
f 206// 205// 207//
f 206// 207// 208//
f 208// 207// 209//
f 208// 209// 210//
f 210// 209// 211//
f 210// 211// 212//
f 212// 211// 213//
f 212// 213// 214//
f 214// 213// 215//
f 214// 215// 216//
f 216// 215// 217//
f 216// 217// 218//
f 218// 217// 219//
f 218// 219// 220//
f 220// 219// 221//
f 220// 221// 222//
f 222// 221// 223//
f 222// 223// 224//
f 224// 223// 225//
f 224// 225// 226//
f 226// 225// 227//
f 226// 227// 228//
f 174// 173// 227//
f 227// 173// 228//
f 228// 173// 204//
f 204// 173// 176//
f 204// 176// 178//
f 222// 204// 220//
f 220// 204// 218//
f 222// 224// 204//
f 204// 224// 226//
f 204// 226// 228//
f 178// 180// 204//
f 204// 180// 182//
f 204// 182// 184//
f 190// 192// 204//
f 204// 192// 194//
f 200// 202// 198//
f 198// 202// 204//
f 198// 204// 196//
f 196// 204// 194//
f 206// 208// 204//
f 204// 208// 210//
f 204// 210// 212//
f 212// 214// 204//
f 204// 214// 216//
f 204// 216// 218//
f 184// 186// 204//
f 204// 186// 188//
f 204// 188// 190//
f 203// 201// 199//
f 175// 174// 203//
f 199// 197// 203//
f 203// 197// 195//
f 203// 195// 193//
f 193// 191// 203//
f 203// 191// 189//
f 203// 189// 187//
f 174// 227// 203//
f 203// 227// 225//
f 203// 225// 223//
f 223// 221// 203//
f 203// 221// 219//
f 203// 219// 217//
f 187// 185// 203//
f 203// 185// 183//
f 203// 183// 181//
f 181// 179// 203//
f 203// 179// 177//
f 203// 177// 175//
f 217// 215// 203//
f 203// 215// 213//
f 203// 213// 211//
f 211// 209// 203//
f 203// 209// 207//
f 203// 207// 205//
f 229// 230// 231//
f 231// 230// 232//
f 233// 234// 229//
f 229// 234// 230//
f 234// 233// 235//
f 234// 235// 236//
f 236// 235// 237//
f 236// 237// 238//
f 238// 237// 239//
f 238// 239// 240//
f 240// 239// 241//
f 240// 241// 242//
f 242// 241// 243//
f 242// 243// 244//
f 244// 243// 245//
f 244// 245// 246//
f 246// 245// 247//
f 246// 247// 248//
f 248// 247// 249//
f 248// 249// 250//
f 250// 249// 251//
f 250// 251// 252//
f 253// 254// 251//
f 251// 254// 252//
f 255// 256// 253//
f 253// 256// 254//
f 257// 258// 255//
f 255// 258// 256//
f 231// 232// 257//
f 257// 232// 258//
f 258// 232// 230//
f 254// 256// 252//
f 252// 256// 258//
f 252// 258// 250//
f 230// 234// 258//
f 258// 234// 236//
f 258// 236// 238//
f 238// 240// 258//
f 258// 240// 242//
f 258// 242// 244//
f 244// 246// 258//
f 258// 246// 248//
f 258// 248// 250//
f 229// 231// 233//
f 233// 231// 257//
f 233// 257// 235//
f 235// 257// 237//
f 255// 253// 257//
f 257// 253// 251//
f 257// 251// 249//
f 249// 247// 257//
f 257// 247// 245//
f 257// 245// 243//
f 243// 241// 257//
f 257// 241// 239//
f 257// 239// 237//
f 259// 260// 261//
f 259// 261// 262//
f 262// 261// 263//
f 262// 263// 264//
f 264// 263// 265//
f 264// 265// 266//
f 266// 265// 267//
f 266// 267// 268//
f 268// 267// 269//
f 268// 269// 270//
f 270// 269// 271//
f 270// 271// 272//
f 272// 271// 273//
f 272// 273// 274//
f 274// 273// 275//
f 274// 275// 276//
f 276// 275// 277//
f 276// 277// 278//
f 278// 277// 279//
f 278// 279// 280//
f 280// 279// 281//
f 280// 281// 282//
f 282// 281// 283//
f 282// 283// 284//
f 285// 286// 283//
f 283// 286// 284//
f 287// 288// 285//
f 285// 288// 286//
f 289// 290// 287//
f 287// 290// 288//
f 290// 289// 291//
f 290// 291// 292//
f 292// 291// 293//
f 292// 293// 294//
f 294// 293// 295//
f 294// 295// 296//
f 296// 295// 297//
f 296// 297// 298//
f 298// 297// 299//
f 298// 299// 300//
f 300// 299// 301//
f 300// 301// 302//
f 302// 301// 303//
f 302// 303// 304//
f 304// 303// 305//
f 304// 305// 306//
f 306// 305// 307//
f 306// 307// 308//
f 308// 307// 309//
f 308// 309// 310//
f 310// 309// 311//
f 310// 311// 312//
f 312// 311// 313//
f 312// 313// 314//
f 260// 259// 313//
f 313// 259// 314//
f 282// 284// 259//
f 259// 284// 314//
f 306// 308// 284//
f 308// 310// 284//
f 284// 310// 312//
f 284// 312// 314//
f 286// 288// 284//
f 284// 288// 290//
f 284// 290// 292//
f 284// 298// 300//
f 282// 259// 280//
f 280// 259// 262//
f 280// 262// 264//
f 268// 270// 272//
f 292// 294// 284//
f 284// 294// 296//
f 284// 296// 298//
f 274// 276// 264//
f 264// 276// 278//
f 264// 278// 280//
f 300// 302// 284//
f 284// 302// 304//
f 284// 304// 306//
f 274// 264// 272//
f 272// 264// 266//
f 272// 266// 268//
f 289// 287// 285//
f 285// 283// 289//
f 289// 283// 281//
f 289// 281// 279//
f 261// 260// 289//
f 289// 260// 313//
f 289// 313// 311//
f 279// 277// 289//
f 289// 277// 275//
f 289// 275// 273//
f 273// 271// 289//
f 289// 271// 269//
f 289// 269// 267//
f 267// 265// 289//
f 289// 265// 263//
f 289// 263// 261//
f 303// 301// 299//
f 311// 309// 289//
f 289// 309// 307//
f 289// 307// 291//
f 291// 307// 293//
f 303// 299// 305//
f 305// 299// 297//
f 305// 297// 307//
f 307// 297// 295//
f 307// 295// 293//
f 315// 316// 317//
f 317// 316// 318//
f 319// 320// 315//
f 315// 320// 316//
f 321// 322// 319//
f 319// 322// 320//
f 323// 324// 321//
f 321// 324// 322//
f 325// 326// 323//
f 323// 326// 324//
f 327// 328// 325//
f 325// 328// 326//
f 328// 327// 329//
f 328// 329// 330//
f 330// 329// 331//
f 330// 331// 332//
f 332// 331// 333//
f 332// 333// 334//
f 334// 333// 335//
f 334// 335// 336//
f 336// 335// 337//
f 336// 337// 338//
f 338// 337// 339//
f 338// 339// 340//
f 340// 339// 341//
f 340// 341// 342//
f 342// 341// 343//
f 342// 343// 344//
f 344// 343// 317//
f 344// 317// 318//
f 322// 324// 326//
f 316// 320// 318//
f 318// 320// 322//
f 318// 322// 344//
f 326// 328// 322//
f 322// 328// 330//
f 322// 330// 332//
f 332// 334// 322//
f 322// 334// 336//
f 322// 336// 338//
f 338// 340// 322//
f 322// 340// 342//
f 322// 342// 344//
f 319// 315// 321//
f 321// 315// 317//
f 321// 317// 343//
f 343// 341// 321//
f 321// 341// 339//
f 321// 339// 337//
f 337// 335// 321//
f 321// 335// 333//
f 321// 333// 331//
f 325// 323// 327//
f 327// 323// 321//
f 327// 321// 329//
f 329// 321// 331//
usemtl 2
f 345// 346// 347//
f 348// 349// 350//
f 351// 352// 353//
f 354// 355// 356//
f 357// 358// 359//
f 360// 361// 362//
f 363// 364// 365//
f 366// 367// 368//
f 369// 370// 371//
f 372// 373// 374//
f 375// 376// 377//
f 377// 376// 345//
f 378// 379// 377//
f 377// 379// 380//
f 380// 381// 377//
f 377// 381// 382//
f 377// 382// 375//
f 383// 384// 385//
f 386// 387// 388//
f 388// 387// 385//
f 385// 387// 389//
f 385// 389// 383//
f 390// 391// 392//
f 386// 388// 393//
f 393// 388// 392//
f 393// 392// 394//
f 391// 395// 392//
f 392// 395// 396//
f 392// 396// 394//
f 394// 396// 397//
f 394// 397// 398//
f 398// 397// 399//
f 398// 399// 400//
f 374// 373// 401//
f 373// 402// 401//
f 401// 402// 403//
f 401// 403// 392//
f 392// 403// 404//
f 392// 404// 390//
f 405// 406// 407//
f 406// 408// 407//
f 407// 408// 409//
f 407// 409// 410//
f 410// 411// 407//
f 407// 411// 412//
f 407// 412// 374//
f 374// 412// 413//
f 374// 413// 372//
f 414// 415// 407//
f 407// 415// 416//
f 407// 416// 405//
f 255// 417// 418//
f 418// 417// 419//
f 418// 419// 407//
f 407// 419// 420//
f 407// 420// 414//
f 421// 422// 253//
f 253// 422// 201//
f 423// 424// 199//
f 199// 424// 287//
f 199// 287// 425//
f 425// 287// 426//
f 425// 426// 427//
f 425// 428// 199//
f 199// 428// 429//
f 199// 429// 430//
f 430// 431// 199//
f 199// 431// 432//
f 199// 432// 201//
f 201// 432// 419//
f 201// 419// 253//
f 253// 419// 417//
f 433// 434// 425//
f 425// 434// 435//
f 435// 436// 425//
f 425// 436// 437//
f 425// 437// 428//
f 438// 439// 440//
f 441// 442// 443//
f 443// 442// 444//
f 439// 445// 440//
f 440// 445// 446//
f 440// 446// 447//
f 448// 449// 442//
f 442// 449// 450//
f 442// 450// 451//
f 452// 453// 454//
f 454// 453// 455//
f 456// 457// 433//
f 457// 458// 433//
f 433// 458// 459//
f 433// 459// 460//
f 461// 462// 463//
f 463// 462// 464//
f 463// 464// 465//
f 466// 451// 467//
f 467// 451// 468//
f 467// 468// 463//
f 463// 468// 469//
f 463// 469// 461//
f 470// 471// 346//
f 346// 471// 472//
f 346// 472// 440//
f 440// 472// 473//
f 440// 473// 438//
f 466// 474// 451//
f 451// 474// 475//
f 451// 475// 442//
f 442// 475// 476//
f 442// 476// 444//
f 452// 477// 453//
f 453// 477// 478//
f 453// 478// 479//
f 480// 481// 482//
f 482// 481// 483//
f 482// 483// 453//
f 453// 483// 484//
f 453// 484// 455//
f 460// 485// 433//
f 433// 485// 486//
f 433// 486// 487//
f 487// 486// 480//
f 487// 480// 488//
f 488// 480// 482//
f 489// 490// 453//
f 453// 490// 491//
f 453// 491// 442//
f 442// 491// 492//
f 442// 492// 448//
f 479// 493// 453//
f 453// 493// 494//
f 453// 494// 495//
f 495// 496// 453//
f 453// 496// 497//
f 453// 497// 489//
f 498// 499// 500//
f 500// 451// 498//
f 498// 451// 450//
f 498// 450// 501//
f 501// 450// 502//
f 502// 503// 501//
f 501// 503// 504//
f 501// 504// 505//
f 506// 507// 508//
f 509// 510// 507//
f 510// 511// 507//
f 507// 511// 512//
f 507// 512// 513//
f 508// 514// 506//
f 506// 514// 515//
f 506// 515// 516//
f 499// 498// 506//
f 506// 498// 517//
f 506// 517// 507//
f 507// 517// 518//
f 507// 518// 509//
f 513// 519// 507//
f 507// 519// 520//
f 507// 520// 521//
f 521// 520// 522//
f 521// 522// 523//
f 523// 522// 524//
f 525// 526// 516//
f 516// 526// 527//
f 516// 527// 506//
f 376// 528// 345//
f 345// 528// 529//
f 345// 529// 346//
f 346// 529// 530//
f 346// 530// 470//
f 531// 532// 533//
f 533// 532// 534//
f 535// 536// 537//
f 538// 539// 531//
f 531// 539// 371//
f 371// 539// 540//
f 371// 540// 369//
f 537// 541// 542//
f 542// 541// 543//
f 542// 543// 544//
f 532// 545// 534//
f 534// 545// 546//
f 534// 546// 547//
f 547// 546// 548//
f 549// 550// 551//
f 551// 550// 552//
f 553// 554// 555//
f 555// 554// 556//
f 555// 556// 557//
f 558// 559// 560//
f 560// 561// 562//
f 563// 564// 565//
f 566// 567// 568//
f 568// 567// 569//
f 549// 570// 550//
f 550// 570// 571//
f 550// 571// 572//
f 572// 571// 565//
f 572// 565// 573//
f 573// 565// 564//
f 559// 574// 560//
f 560// 574// 575//
f 560// 575// 561//
f 576// 577// 578//
f 578// 577// 579//
f 578// 579// 580//
f 581// 582// 555//
f 555// 582// 583//
f 555// 583// 553//
f 576// 584// 577//
f 577// 584// 585//
f 577// 585// 586//
f 586// 585// 557//
f 586// 557// 367//
f 587// 588// 589//
f 562// 590// 560//
f 560// 590// 591//
f 560// 591// 567//
f 567// 591// 552//
f 567// 552// 569//
f 569// 552// 550//
f 592// 593// 565//
f 565// 593// 594//
f 565// 594// 595//
f 588// 596// 589//
f 589// 596// 597//
f 589// 597// 598//
f 566// 599// 567//
f 567// 599// 600//
f 567// 600// 601//
f 595// 602// 565//
f 565// 602// 603//
f 565// 603// 563//
f 584// 604// 585//
f 585// 604// 605//
f 585// 605// 597//
f 597// 605// 606//
f 597// 606// 598//
f 366// 368// 607//
f 607// 368// 608//
f 607// 608// 609//
f 610// 611// 365//
f 612// 613// 611//
f 614// 615// 365//
f 616// 617// 618//
f 618// 617// 619//
f 618// 619// 620//
f 620// 621// 618//
f 618// 621// 622//
f 618// 622// 623//
f 623// 622// 624//
f 623// 624// 610//
f 615// 625// 365//
f 365// 625// 626//
f 365// 626// 363//
f 613// 627// 611//
f 611// 627// 628//
f 611// 628// 365//
f 365// 628// 629//
f 365// 629// 614//
f 630// 631// 632//
f 632// 631// 633//
f 632// 633// 634//
f 632// 635// 630//
f 630// 635// 636//
f 630// 636// 637//
f 637// 638// 630//
f 630// 638// 639//
f 630// 639// 640//
f 640// 639// 641//
f 640// 641// 642//
f 642// 641// 643//
f 642// 643// 611//
f 611// 643// 644//
f 611// 644// 612//
f 645// 646// 634//
f 634// 646// 647//
f 634// 647// 632//
f 648// 649// 580//
f 580// 649// 650//
f 580// 650// 578//
f 648// 651// 649//
f 649// 651// 652//
f 649// 652// 653//
f 653// 652// 654//
f 653// 655// 656//
f 654// 657// 653//
f 653// 657// 658//
f 653// 658// 659//
f 659// 660// 653//
f 653// 660// 661//
f 653// 661// 655//
f 656// 662// 653//
f 653// 662// 663//
f 653// 663// 664//
f 665// 360// 666//
f 667// 668// 669//
f 669// 668// 670//
f 360// 362// 666//
f 666// 362// 671//
f 666// 671// 672//
f 673// 674// 675//
f 675// 674// 676//
f 675// 676// 670//
f 670// 676// 677//
f 670// 677// 669//
f 678// 679// 680//
f 681// 682// 683//
f 678// 680// 684//
f 684// 680// 685//
f 684// 685// 683//
f 683// 685// 686//
f 683// 686// 681//
f 687// 688// 673//
f 689// 690// 675//
f 688// 691// 673//
f 673// 691// 692//
f 673// 692// 678//
f 678// 692// 693//
f 678// 693// 679//
f 689// 675// 694//
f 681// 695// 682//
f 682// 695// 696//
f 682// 696// 675//
f 675// 696// 697//
f 675// 697// 694//
f 690// 698// 675//
f 675// 698// 699//
f 675// 699// 673//
f 673// 699// 700//
f 673// 700// 687//
f 683// 701// 702//
f 702// 701// 703//
f 702// 704// 683//
f 683// 704// 705//
f 683// 705// 684//
f 684// 705// 706//
f 684// 706// 707//
f 708// 709// 710//
f 710// 709// 711//
f 711// 709// 712//
f 712// 709// 705//
f 712// 705// 713//
f 713// 705// 704//
f 713// 704// 359//
f 359// 704// 714//
f 359// 714// 357//
f 703// 701// 715//
f 715// 701// 716//
f 715// 716// 717//
f 718// 719// 720//
f 721// 722// 323//
f 323// 722// 723//
f 323// 723// 325//
f 325// 723// 724//
f 325// 724// 725//
f 726// 350// 727//
f 727// 350// 728//
f 727// 728// 729//
f 729// 728// 608//
f 729// 608// 730//
f 730// 608// 731//
f 730// 731// 732//
f 427// 733// 425//
f 425// 733// 440//
f 425// 440// 433//
f 433// 440// 447//
f 433// 447// 456//
f 734// 716// 735//
f 735// 716// 736//
f 706// 737// 707//
f 707// 737// 717//
f 707// 717// 356//
f 356// 717// 716//
f 356// 716// 738//
f 738// 716// 734//
f 354// 356// 739//
f 740// 741// 738//
f 738// 741// 742//
f 738// 742// 356//
f 356// 742// 743//
f 356// 743// 739//
f 744// 745// 746//
f 747// 748// 738//
f 738// 748// 749//
f 738// 749// 750//
f 750// 751// 738//
f 738// 751// 752//
f 738// 752// 740//
f 753// 754// 755//
f 755// 754// 756//
f 746// 757// 744//
f 744// 757// 758//
f 744// 758// 759//
f 759// 758// 756//
f 759// 756// 760//
f 760// 756// 754//
f 745// 744// 738//
f 738// 744// 761//
f 738// 761// 747//
f 352// 762// 763//
f 763// 762// 764//
f 764// 762// 765//
f 764// 765// 736//
f 353// 766// 767//
f 767// 768// 353//
f 353// 768// 769//
f 353// 769// 351//
f 770// 771// 772//
f 773// 774// 775//
f 775// 774// 776//
f 775// 776// 353//
f 353// 776// 777//
f 353// 777// 766//
f 778// 779// 780//
f 780// 779// 781//
f 782// 783// 567//
f 567// 783// 784//
f 567// 784// 780//
f 780// 784// 785//
f 780// 785// 778//
f 587// 589// 601//
f 601// 589// 616//
f 601// 616// 567//
f 567// 616// 618//
f 567// 618// 782//
f 558// 560// 786//
f 786// 560// 731//
f 786// 731// 787//
f 367// 557// 368//
f 368// 557// 556//
f 368// 556// 608//
f 608// 556// 788//
f 608// 788// 731//
f 731// 788// 789//
f 731// 789// 787//
f 790// 791// 792//
f 536// 535// 793//
f 793// 535// 794//
f 793// 794// 548//
f 548// 794// 792//
f 548// 792// 547//
f 547// 792// 791//
f 547// 791// 795//
f 796// 797// 798//
f 792// 799// 790//
f 790// 799// 800//
f 790// 800// 801//
f 801// 800// 796//
f 801// 796// 802//
f 802// 796// 798//
f 803// 804// 365//
f 365// 804// 805//
f 610// 365// 623//
f 623// 365// 805//
f 623// 805// 799//
f 799// 805// 806//
f 799// 806// 800//
f 807// 804// 808//
f 808// 804// 803//
f 808// 803// 809//
f 728// 810// 811//
f 609// 608// 364//
f 364// 608// 728//
f 364// 728// 365//
f 365// 728// 811//
f 365// 811// 803//
f 803// 811// 812//
f 803// 812// 813//
f 813// 814// 803//
f 803// 814// 815//
f 803// 815// 816//
f 349// 817// 350//
f 350// 817// 818//
f 350// 818// 728//
f 728// 818// 819//
f 728// 819// 810//
f 816// 820// 803//
f 803// 820// 821//
f 803// 821// 809//
f 285// 822// 726//
f 726// 822// 823//
f 726// 823// 350//
f 350// 823// 824//
f 350// 824// 348//
f 795// 825// 823//
f 823// 825// 826//
f 823// 826// 824//
f 720// 255// 718//
f 718// 255// 418//
f 718// 418// 827//
f 827// 418// 407//
f 827// 407// 828//
f 828// 407// 374//
f 828// 374// 829//
f 829// 374// 401//
f 829// 401// 830//
f 830// 401// 392//
f 830// 392// 831//
f 831// 392// 388//
f 832// 833// 772//
f 772// 833// 834//
f 835// 775// 377//
f 771// 773// 772//
f 772// 773// 775//
f 772// 775// 832//
f 832// 775// 835//
f 832// 835// 836//
f 347// 772// 345//
f 345// 772// 834//
f 345// 834// 377//
f 377// 834// 837//
f 377// 837// 835//
f 838// 839// 840//
f 839// 838// 841//
f 841// 838// 347//
f 841// 347// 842//
f 843// 844// 845//
f 845// 844// 841//
f 845// 841// 846//
f 846// 841// 842//
f 846// 842// 847//
f 847// 842// 848//
f 733// 838// 440//
f 440// 838// 840//
f 440// 840// 346//
f 346// 840// 849//
f 346// 849// 347//
f 347// 849// 850//
f 347// 850// 842//
f 352// 763// 353//
f 353// 763// 851//
f 353// 851// 775//
f 775// 851// 385//
f 775// 385// 377//
f 377// 385// 384//
f 377// 384// 378//
f 427// 732// 733//
f 733// 732// 731//
f 733// 731// 838//
f 838// 731// 560//
f 838// 560// 347//
f 347// 560// 567//
f 347// 567// 772//
f 772// 567// 780//
f 772// 780// 770//
f 770// 780// 781//
f 535// 673// 794//
f 794// 673// 678//
f 794// 678// 792//
f 792// 678// 684//
f 792// 684// 799//
f 799// 684// 707//
f 799// 707// 623//
f 623// 707// 356//
f 623// 356// 618//
f 618// 356// 355//
f 618// 355// 782//
f 725// 724// 852//
f 852// 724// 822//
f 852// 822// 853//
f 853// 822// 285//
f 853// 285// 854//
f 736// 716// 764//
f 764// 716// 701//
f 764// 701// 855//
f 855// 701// 683//
f 855// 683// 856//
f 856// 683// 682//
f 856// 682// 857//
f 857// 682// 675//
f 857// 675// 858//
f 858// 675// 670//
f 858// 670// 859//
f 859// 670// 668//
f 859// 668// 860//
f 669// 665// 667//
f 667// 665// 666//
f 667// 666// 861//
f 862// 863// 535//
f 864// 862// 533//
f 533// 862// 535//
f 533// 535// 531//
f 531// 535// 537//
f 531// 537// 538//
f 538// 537// 542//
f 535// 865// 866//
f 867// 533// 868//
f 868// 533// 869//
f 868// 869// 866//
f 866// 869// 861//
f 866// 861// 535//
f 535// 861// 666//
f 535// 666// 673//
f 673// 666// 672//
f 673// 672// 674//
f 870// 871// 867//
f 867// 871// 872//
f 867// 872// 533//
f 533// 872// 873//
f 533// 873// 864//
f 873// 874// 875//
f 875// 876// 873//
f 873// 876// 877//
f 873// 877// 864//
f 878// 879// 865//
f 865// 879// 880//
f 865// 880// 881//
f 863// 882// 535//
f 535// 882// 883//
f 535// 883// 865//
f 865// 883// 884//
f 865// 884// 878//
f 881// 885// 865//
f 865// 885// 886//
f 865// 886// 873//
f 873// 886// 887//
f 873// 887// 874//
f 795// 823// 547//
f 547// 823// 822//
f 547// 822// 534//
f 534// 822// 724//
f 534// 724// 533//
f 533// 724// 723//
f 533// 723// 869//
f 888// 889// 890//
f 890// 889// 891//
f 892// 893// 894//
f 895// 896// 897//
f 897// 896// 898//
f 899// 900// 901//
f 902// 903// 904//
f 904// 903// 905//
f 904// 905// 906//
f 907// 908// 909//
f 909// 908// 904//
f 909// 904// 910//
f 910// 904// 906//
f 901// 900// 911//
f 898// 912// 913//
f 914// 915// 916//
f 916// 915// 917//
f 916// 917// 918//
f 898// 919// 920//
f 900// 921// 898//
f 898// 921// 922//
f 898// 922// 912//
f 920// 923// 898//
f 898// 923// 924//
f 898// 924// 900//
f 900// 924// 925//
f 900// 925// 911//
f 894// 893// 926//
f 926// 893// 927//
f 926// 927// 914//
f 914// 927// 928//
f 914// 928// 915//
f 929// 930// 931//
f 931// 930// 932//
f 931// 932// 894//
f 894// 932// 933//
f 894// 933// 892//
f 934// 935// 936//
f 902// 904// 937//
f 937// 904// 897//
f 937// 897// 938//
f 938// 897// 898//
f 938// 898// 917//
f 901// 939// 899//
f 899// 939// 934//
f 899// 934// 940//
f 940// 934// 936//
f 913// 941// 898//
f 898// 941// 942//
f 898// 942// 917//
f 917// 942// 943//
f 917// 943// 918//
f 720// 719// 944//
f 944// 719// 945//
f 946// 947// 948//
f 949// 950// 951//
f 951// 950// 952//
f 953// 947// 954//
f 955// 956// 957//
f 958// 959// 960//
f 952// 961// 951//
f 951// 961// 962//
f 951// 962// 963//
f 948// 964// 946//
f 946// 964// 965//
f 946// 965// 966//
f 966// 965// 967//
f 966// 967// 968//
f 957// 969// 955//
f 955// 969// 960//
f 955// 960// 970//
f 970// 960// 959//
f 949// 951// 971//
f 971// 951// 972//
f 971// 972// 973//
f 725// 854// 974//
f 974// 854// 975//
f 974// 975// 973//
f 973// 975// 976//
f 973// 976// 971//
f 977// 978// 947//
f 947// 978// 979//
f 947// 979// 954//
f 424// 423// 980//
f 980// 423// 981//
f 980// 981// 982//
f 982// 981// 983//
f 982// 983// 960//
f 960// 983// 984//
f 960// 984// 958//
f 985// 986// 946//
f 946// 986// 987//
f 946// 987// 962//
f 962// 987// 988//
f 962// 988// 963//
f 962// 989// 946//
f 946// 989// 990//
f 946// 990// 956//
f 956// 990// 991//
f 956// 991// 957//
f 956// 992// 946//
f 946// 992// 993//
f 946// 993// 947//
f 947// 993// 994//
f 947// 994// 977//
f 422// 421// 995//
f 995// 421// 996//
f 995// 996// 954//
f 954// 996// 997//
f 954// 997// 953//
f 998// 999// 1000//
f 1000// 999// 1001//
f 1002// 1003// 1004//
f 1004// 1003// 1005//
f 722// 1006// 319//
f 315// 1007// 319//
f 319// 1007// 860//
f 319// 860// 722//
f 171// 1001// 999//
f 5// 1// 1007//
f 999// 5// 171//
f 171// 5// 1007//
f 171// 1007// 167//
f 167// 1007// 315//
f 167// 315// 946//
f 946// 315// 985//
f 891// 889// 67//
f 67// 889// 1007//
f 67// 1007// 65//
f 65// 1007// 1//
f 65// 1// 895//
f 895// 1// 896//
f 11// 930// 929//
f 889// 888// 75//
f 107// 105// 1008//
f 73// 1008// 75//
f 75// 1008// 1007//
f 75// 1007// 889//
f 929// 107// 11//
f 11// 107// 1008//
f 11// 1008// 9//
f 9// 1008// 73//
f 9// 73// 907//
f 907// 73// 908//
f 1005// 1003// 143//
f 143// 1003// 1008//
f 143// 1008// 145//
f 145// 1008// 105//
f 145// 105// 935//
f 935// 105// 936//
f 1003// 1002// 139//
f 135// 831// 139//
f 139// 831// 1008//
f 139// 1008// 1003//
f 7// 998// 1000//
f 169// 165// 831//
f 1000// 169// 7//
f 7// 169// 831//
f 7// 831// 3//
f 3// 831// 135//
f 3// 135// 898//
f 898// 135// 919//
f 945// 719// 231//
f 231// 719// 831//
f 231// 831// 229//
f 229// 831// 165//
f 229// 165// 968//
f 968// 165// 966//
f 1009// 1010// 860//
f 860// 1010// 1011//
f 1012// 831// 1013//
f 1013// 831// 860//
f 1013// 860// 1014//
f 1014// 860// 1011//
f 1015// 1016// 1007//
f 1012// 1017// 831//
f 831// 1017// 1018//
f 831// 1018// 1008//
f 1008// 1018// 1019//
f 1008// 1019// 1020//
f 1020// 1021// 1008//
f 1008// 1021// 1022//
f 1008// 1022// 1023//
f 1016// 1024// 1007//
f 1007// 1024// 1025//
f 1007// 1025// 1026//
f 1026// 1027// 1007//
f 1007// 1027// 1028//
f 1007// 1028// 860//
f 860// 1028// 1029//
f 860// 1029// 1009//
f 1023// 1030// 1008//
f 1008// 1030// 1031//
f 1008// 1031// 1007//
f 1007// 1031// 1032//
f 1007// 1032// 1015//
f 1006// 722// 1033//
f 1033// 722// 721//
usemtl 3
f 1// 3// 896//
f 896// 3// 898//
f 7// 5// 998//
f 998// 5// 999//
f 5// 7// 1//
f 1// 7// 3//
f 315// 317// 985//
f 985// 317// 986//
f 327// 974// 1034//
f 1034// 974// 973//
f 1034// 973// 1035//
f 1035// 973// 972//
f 1035// 972// 1036//
f 1036// 972// 951//
f 1036// 951// 1037//
f 1037// 951// 963//
f 1037// 963// 1038//
f 1038// 963// 988//
f 1038// 988// 1039//
f 1039// 988// 987//
f 1039// 987// 317//
f 317// 987// 986//
f 327// 325// 974//
f 974// 325// 725//
f 323// 321// 721//
f 721// 321// 1033//
f 321// 319// 1033//
f 1033// 319// 1006//
f 321// 323// 325//
f 315// 319// 317//
f 317// 319// 321//
f 317// 321// 1039//
f 1039// 321// 1038//
f 325// 327// 321//
f 321// 327// 1034//
f 321// 1034// 1035//
f 1035// 1036// 321//
f 321// 1036// 1037//
f 321// 1037// 1038//
f 165// 167// 966//
f 966// 167// 946//
f 171// 169// 1001//
f 1001// 169// 1000//
f 169// 171// 165//
f 165// 171// 167//
f 174// 956// 1040//
f 1040// 956// 955//
f 1040// 955// 1041//
f 1041// 955// 970//
f 1041// 970// 1042//
f 1042// 970// 959//
f 1042// 959// 1043//
f 1043// 959// 958//
f 1043// 958// 1044//
f 1044// 958// 984//
f 1044// 984// 1045//
f 1045// 984// 983//
f 1045// 983// 197//
f 197// 983// 981//
f 174// 227// 956//
f 956// 227// 992//
f 203// 995// 1046//
f 1046// 995// 954//
f 1046// 954// 1047//
f 1047// 954// 979//
f 1047// 979// 1048//
f 1048// 979// 978//
f 1048// 978// 1049//
f 1049// 978// 977//
f 1049// 977// 1050//
f 1050// 977// 994//
f 1050// 994// 1051//
f 1051// 994// 993//
f 1051// 993// 227//
f 227// 993// 992//
f 203// 201// 995//
f 995// 201// 422//
f 199// 197// 423//
f 423// 197// 981//
f 199// 201// 197//
f 197// 201// 203//
f 1048// 1049// 197//
f 197// 1049// 1050//
f 197// 1050// 1051//
f 174// 1043// 1044//
f 174// 1040// 1043//
f 1043// 1040// 1041//
f 1043// 1041// 1042//
f 1051// 227// 197//
f 197// 227// 174//
f 197// 174// 1045//
f 1045// 174// 1044//
f 203// 1046// 197//
f 197// 1046// 1047//
f 197// 1047// 1048//
f 231// 257// 945//
f 945// 257// 944//
f 257// 255// 944//
f 944// 255// 720//
f 253// 251// 421//
f 421// 251// 996//
f 233// 967// 1052//
f 1052// 967// 965//
f 1052// 965// 1053//
f 1053// 965// 964//
f 1053// 964// 1054//
f 1054// 964// 948//
f 1054// 948// 1055//
f 1055// 948// 947//
f 1055// 947// 1056//
f 1056// 947// 953//
f 1056// 953// 1057//
f 1057// 953// 997//
f 1057// 997// 251//
f 251// 997// 996//
f 233// 229// 967//
f 967// 229// 968//
f 253// 255// 251//
f 251// 255// 257//
f 251// 257// 1057//
f 231// 229// 257//
f 257// 229// 233//
f 233// 1052// 257//
f 257// 1052// 1053//
f 257// 1053// 1054//
f 1054// 1055// 257//
f 257// 1055// 1056//
f 257// 1056// 1057//
f 260// 962// 1058//
f 1058// 962// 961//
f 1058// 961// 1059//
f 1059// 961// 952//
f 1059// 952// 1060//
f 1060// 952// 950//
f 1060// 950// 1061//
f 1061// 950// 949//
f 1061// 949// 1062//
f 1062// 949// 971//
f 1062// 971// 1063//
f 1063// 971// 976//
f 1063// 976// 283//
f 283// 976// 975//
f 260// 313// 962//
f 962// 313// 989//
f 289// 980// 1064//
f 1064// 980// 982//
f 1064// 982// 1065//
f 1065// 982// 960//
f 1065// 960// 1066//
f 1066// 960// 969//
f 1066// 969// 1067//
f 1067// 969// 957//
f 1067// 957// 1068//
f 1068// 957// 991//
f 1068// 991// 1069//
f 1069// 991// 990//
f 1069// 990// 313//
f 313// 990// 989//
f 289// 287// 980//
f 980// 287// 424//
f 285// 283// 854//
f 854// 283// 975//
f 283// 285// 287//
f 1063// 283// 260//
f 287// 289// 283//
f 283// 289// 1064//
f 283// 1064// 1065//
f 1065// 1066// 283//
f 283// 1066// 1067//
f 283// 1067// 1068//
f 1068// 1069// 283//
f 283// 1069// 313//
f 283// 313// 260//
f 1060// 1061// 1059//
f 1059// 1061// 1058//
f 1058// 1061// 260//
f 260// 1061// 1062//
f 260// 1062// 1063//
f 135// 137// 919//
f 919// 137// 920//
f 147// 934// 1070//
f 1070// 934// 939//
f 1070// 939// 1071//
f 1071// 939// 901//
f 1071// 901// 1072//
f 1072// 901// 911//
f 1072// 911// 1073//
f 1073// 911// 925//
f 1073// 925// 1074//
f 1074// 925// 924//
f 1074// 924// 1075//
f 1075// 924// 923//
f 1075// 923// 137//
f 137// 923// 920//
f 147// 145// 934//
f 934// 145// 935//
f 143// 141// 1005//
f 1005// 141// 1004//
f 141// 139// 1004//
f 1004// 139// 1002//
f 135// 139// 137//
f 137// 139// 141//
f 137// 141// 1075//
f 143// 145// 141//
f 141// 145// 147//
f 147// 1070// 141//
f 141// 1070// 1071//
f 141// 1071// 1072//
f 1072// 1073// 141//
f 141// 1073// 1074//
f 141// 1074// 1075//
f 80// 941// 1076//
f 1076// 941// 913//
f 1076// 913// 1077//
f 1077// 913// 912//
f 1077// 912// 1078//
f 1078// 912// 922//
f 1078// 922// 1079//
f 1079// 922// 921//
f 1079// 921// 1080//
f 1080// 921// 900//
f 1080// 900// 1081//
f 1081// 900// 899//
f 1081// 899// 103//
f 103// 899// 940//
f 80// 133// 941//
f 941// 133// 942//
f 109// 931// 1082//
f 1082// 931// 894//
f 1082// 894// 1083//
f 1083// 894// 926//
f 1083// 926// 1084//
f 1084// 926// 914//
f 1084// 914// 1085//
f 1085// 914// 916//
f 1085// 916// 1086//
f 1086// 916// 918//
f 1086// 918// 1087//
f 1087// 918// 943//
f 1087// 943// 133//
f 133// 943// 942//
f 109// 107// 931//
f 931// 107// 929//
f 105// 103// 936//
f 936// 103// 940//
f 103// 105// 107//
f 1081// 103// 80//
f 107// 109// 103//
f 103// 109// 1082//
f 103// 1082// 1083//
f 1086// 1087// 103//
f 103// 1087// 133//
f 103// 133// 80//
f 1083// 1084// 103//
f 103// 1084// 1085//
f 103// 1085// 1086//
f 1077// 1078// 1076//
f 1076// 1078// 1079//
f 1076// 1079// 80//
f 80// 1079// 1080//
f 80// 1080// 1081//
f 67// 77// 891//
f 891// 77// 890//
f 77// 75// 890//
f 890// 75// 888//
f 73// 71// 908//
f 908// 71// 904//
f 71// 69// 904//
f 904// 69// 897//
f 69// 65// 897//
f 897// 65// 895//
f 67// 65// 77//
f 77// 65// 69//
f 69// 71// 77//
f 77// 71// 73//
f 77// 73// 75//
f 11// 63// 930//
f 930// 63// 932//
f 39// 917// 1088//
f 1088// 917// 915//
f 1088// 915// 1089//
f 1089// 915// 928//
f 1089// 928// 1090//
f 1090// 928// 927//
f 1090// 927// 1091//
f 1091// 927// 893//
f 1091// 893// 1092//
f 1092// 893// 892//
f 1092// 892// 1093//
f 1093// 892// 933//
f 1093// 933// 63//
f 63// 933// 932//
f 39// 37// 917//
f 917// 37// 938//
f 13// 909// 1094//
f 1094// 909// 910//
f 1094// 910// 1095//
f 1095// 910// 906//
f 1095// 906// 1096//
f 1096// 906// 905//
f 1096// 905// 1097//
f 1097// 905// 903//
f 1097// 903// 1098//
f 1098// 903// 902//
f 1098// 902// 1099//
f 1099// 902// 937//
f 1099// 937// 37//
f 37// 937// 938//
f 13// 9// 909//
f 909// 9// 907//
f 1099// 37// 63//
f 11// 9// 63//
f 63// 9// 13//
f 13// 1094// 63//
f 63// 1094// 1095//
f 63// 1095// 1096//
f 1096// 1097// 63//
f 63// 1097// 1098//
f 63// 1098// 1099//
f 1092// 1088// 1091//
f 1091// 1088// 1089//
f 1091// 1089// 1090//
f 37// 39// 63//
f 63// 39// 1088//
f 63// 1088// 1093//
f 1093// 1088// 1092//
usemtl 4
f 1100// 1014// 1101//
f 1101// 1014// 1011//
f 1101// 1011// 1102//
f 1102// 1011// 1010//
f 1102// 1010// 1103//
f 1103// 1010// 1009//
f 1103// 1009// 1104//
f 1104// 1009// 1029//
f 1104// 1029// 1105//
f 1105// 1029// 1028//
f 1105// 1028// 1106//
f 1106// 1028// 1027//
f 1106// 1027// 1107//
f 1107// 1027// 1026//
f 1107// 1026// 1108//
f 1108// 1026// 1025//
f 1108// 1025// 1109//
f 1109// 1025// 1024//
f 1109// 1024// 1110//
f 1110// 1024// 1016//
f 1110// 1016// 1111//
f 1111// 1016// 1015//
f 1111// 1015// 1112//
f 1112// 1015// 1032//
f 1112// 1032// 1113//
f 1113// 1032// 1031//
f 1113// 1031// 1114//
f 1114// 1031// 1030//
f 1114// 1030// 1115//
f 1115// 1030// 1023//
f 1115// 1023// 1116//
f 1116// 1023// 1022//
f 1116// 1022// 1117//
f 1117// 1022// 1021//
f 1117// 1021// 1118//
f 1118// 1021// 1020//
f 1118// 1020// 1119//
f 1119// 1020// 1019//
f 1119// 1019// 1120//
f 1120// 1019// 1018//
f 1120// 1018// 1121//
f 1121// 1018// 1017//
f 1121// 1017// 1122//
f 1122// 1017// 1012//
f 1122// 1012// 1123//
f 1123// 1012// 1013//
f 1123// 1013// 1100//
f 1100// 1013// 1014//
f 1122// 1123// 1124//
f 1124// 1123// 1100//
f 1124// 1100// 1101//
f 1119// 1120// 1124//
f 1124// 1120// 1121//
f 1124// 1121// 1122//
f 1116// 1117// 1124//
f 1124// 1117// 1118//
f 1124// 1118// 1119//
f 1113// 1114// 1124//
f 1124// 1114// 1115//
f 1124// 1115// 1116//
f 1110// 1111// 1124//
f 1124// 1111// 1112//
f 1124// 1112// 1113//
f 1107// 1108// 1124//
f 1124// 1108// 1109//
f 1124// 1109// 1110//
f 1104// 1105// 1124//
f 1124// 1105// 1106//
f 1124// 1106// 1107//
f 1101// 1102// 1124//
f 1124// 1102// 1103//
f 1124// 1103// 1104//
usemtl 5
f 1125// 1126// 832//
f 832// 1126// 833//
f 1127// 1125// 836//
f 836// 1125// 832//
f 1128// 1127// 835//
f 835// 1127// 836//
f 1129// 1128// 837//
f 837// 1128// 835//
f 1130// 1129// 834//
f 834// 1129// 837//
f 1126// 1130// 833//
f 833// 1130// 834//
f 1128// 1129// 1127//
f 1127// 1129// 1130//
f 1127// 1130// 1125//
f 1125// 1130// 1126//
f 782// 355// 1131//
f 1131// 355// 1132//
f 355// 354// 1132//
f 1132// 354// 739//
f 1132// 739// 1133//
f 1133// 739// 743//
f 1133// 743// 1134//
f 1135// 1134// 742//
f 742// 1134// 743//
f 1135// 742// 741//
f 1135// 741// 1136//
f 1136// 741// 740//
f 1136// 740// 1137//
f 1137// 740// 752//
f 1137// 752// 1138//
f 1138// 752// 751//
f 1138// 751// 1139//
f 1139// 751// 750//
f 1139// 750// 1140//
f 1140// 750// 749//
f 1140// 749// 1141//
f 1141// 749// 748//
f 1141// 748// 1142//
f 1142// 748// 747//
f 1142// 747// 1143//
f 1143// 747// 761//
f 1143// 761// 1144//
f 1144// 761// 744//
f 1144// 744// 1145//
f 1145// 744// 759//
f 1145// 759// 1146//
f 1146// 759// 760//
f 1146// 760// 1147//
f 1147// 760// 754//
f 1147// 754// 1148//
f 1148// 754// 753//
f 1148// 753// 1149//
f 1149// 753// 755//
f 1149// 755// 1150//
f 1150// 755// 756//
f 1150// 756// 1151//
f 1151// 756// 758//
f 1151// 758// 1152//
f 1152// 758// 757//
f 1152// 757// 1153//
f 1153// 757// 746//
f 1153// 746// 1154//
f 1154// 746// 745//
f 1154// 745// 1155//
f 1155// 745// 738//
f 1155// 738// 1156//
f 1157// 1156// 734//
f 734// 1156// 738//
f 762// 1158// 1159//
f 1157// 734// 735//
f 1157// 735// 1160//
f 1160// 735// 736//
f 1160// 736// 1159//
f 1159// 736// 765//
f 1159// 765// 762//
f 1158// 762// 352//
f 1158// 352// 1161//
f 352// 351// 1161//
f 1161// 351// 769//
f 1161// 769// 1162//
f 1162// 769// 768//
f 1162// 768// 1163//
f 1163// 768// 767//
f 1163// 767// 1164//
f 1164// 767// 766//
f 1164// 766// 1165//
f 1165// 766// 777//
f 1165// 777// 1166//
f 777// 776// 1166//
f 1166// 776// 774//
f 1166// 774// 1167//
f 1167// 774// 773//
f 1167// 773// 1168//
f 779// 1169// 1170//
f 1168// 773// 771//
f 1168// 771// 1171//
f 1171// 771// 770//
f 1171// 770// 1170//
f 1170// 770// 781//
f 1170// 781// 779//
f 782// 1131// 1172//
f 1169// 779// 778//
f 1169// 778// 1173//
f 1173// 778// 785//
f 1173// 785// 1174//
f 1174// 785// 784//
f 1174// 784// 1172//
f 1172// 784// 783//
f 1172// 783// 782//
f 1155// 1156// 1157//
f 1150// 1163// 1149//
f 1149// 1163// 1164//
f 1149// 1164// 1148//
f 1148// 1164// 1165//
f 1148// 1165// 1147//
f 1155// 1157// 1154//
f 1154// 1157// 1160//
f 1154// 1160// 1153//
f 1153// 1160// 1159//
f 1153// 1159// 1152//
f 1152// 1159// 1158//
f 1152// 1158// 1151//
f 1151// 1158// 1161//
f 1151// 1161// 1150//
f 1150// 1161// 1162//
f 1150// 1162// 1163//
f 1168// 1146// 1167//
f 1167// 1146// 1147//
f 1167// 1147// 1166//
f 1166// 1147// 1165//
f 1134// 1135// 1133//
f 1133// 1135// 1136//
f 1133// 1136// 1132//
f 1132// 1136// 1137//
f 1132// 1137// 1131//
f 1131// 1137// 1138//
f 1131// 1138// 1172//
f 1172// 1138// 1139//
f 1172// 1139// 1174//
f 1174// 1139// 1140//
f 1174// 1140// 1173//
f 1173// 1140// 1141//
f 1173// 1141// 1169//
f 1169// 1141// 1142//
f 1169// 1142// 1170//
f 1170// 1142// 1143//
f 1170// 1143// 1171//
f 1171// 1143// 1144//
f 1171// 1144// 1168//
f 1168// 1144// 1145//
f 1168// 1145// 1146//
f 1175// 1176// 705//
f 705// 1176// 706//
f 708// 1177// 709//
f 709// 1177// 1175//
f 709// 1175// 705//
f 1178// 1177// 710//
f 710// 1177// 708//
f 1178// 710// 1179//
f 1179// 710// 711//
f 1179// 711// 712//
f 1180// 1179// 713//
f 713// 1179// 712//
f 358// 1181// 359//
f 359// 1181// 1180//
f 359// 1180// 713//
f 1182// 1181// 357//
f 357// 1181// 358//
f 1182// 357// 1183//
f 1183// 357// 714//
f 1183// 714// 704//
f 1184// 1183// 702//
f 702// 1183// 704//
f 715// 1185// 703//
f 703// 1185// 1184//
f 703// 1184// 702//
f 1186// 1185// 717//
f 717// 1185// 715//
f 1186// 717// 1176//
f 1176// 717// 737//
f 1176// 737// 706//
f 1186// 1176// 1175//
f 1175// 1177// 1186//
f 1186// 1177// 1178//
f 1186// 1178// 1185//
f 1183// 1184// 1182//
f 1182// 1184// 1185//
f 1182// 1185// 1181//
f 1181// 1185// 1178//
f 1181// 1178// 1180//
f 1180// 1178// 1179//
f 1187// 1188// 1189//
f 1189// 1188// 1190//
f 1189// 1190// 1191//
f 1191// 1190// 1192//
f 1191// 1192// 1193//
f 1193// 1192// 1194//
f 1193// 1194// 1195//
f 1195// 1194// 1196//
f 1195// 1196// 1197//
f 1197// 1196// 1198//
f 1197// 1198// 1199//
f 1199// 1198// 1200//
f 1199// 1200// 1201//
f 1201// 1200// 1202//
f 1201// 1202// 1203//
f 1203// 1202// 1204//
f 1203// 1204// 1205//
f 1205// 1204// 1206//
f 1205// 1206// 1207//
f 1207// 1206// 1208//
f 1207// 1208// 1209//
f 1209// 1208// 1210//
f 1209// 1210// 1211//
f 1211// 1210// 1212//
f 1211// 1212// 1213//
f 1213// 1212// 1214//
f 1213// 1214// 1215//
f 1215// 1214// 1216//
f 1215// 1216// 1217//
f 1217// 1216// 1218//
f 1217// 1218// 1219//
f 1219// 1218// 1220//
f 1219// 1220// 1221//
f 1221// 1220// 1187//
f 1221// 1187// 1189//
f 1195// 1197// 680//
f 680// 1197// 685//
f 691// 1189// 1191//
f 1195// 680// 679//
f 1195// 679// 1193//
f 1193// 679// 693//
f 1193// 693// 1191//
f 1191// 693// 692//
f 1191// 692// 691//
f 1189// 691// 688//
f 1189// 688// 1221//
f 1221// 688// 687//
f 1221// 687// 1219//
f 1219// 687// 700//
f 1219// 700// 1217//
f 1217// 700// 699//
f 1217// 699// 1215//
f 1215// 699// 698//
f 1215// 698// 1213//
f 1213// 698// 690//
f 1213// 690// 1211//
f 1211// 690// 689//
f 1211// 689// 1209//
f 1209// 689// 694//
f 1209// 694// 1207//
f 681// 1201// 1203//
f 1207// 694// 697//
f 1207// 697// 1205//
f 1205// 697// 696//
f 1205// 696// 1203//
f 1203// 696// 695//
f 1203// 695// 681//
f 1199// 1201// 686//
f 686// 1201// 681//
f 1197// 1199// 685//
f 685// 1199// 686//
f 1202// 1200// 1222//
f 1222// 1200// 1223//
f 1200// 1198// 1223//
f 1223// 1198// 1224//
f 1198// 1196// 1224//
f 1224// 1196// 1225//
f 1188// 1226// 1227//
f 1188// 1227// 1190//
f 1190// 1227// 1228//
f 1190// 1228// 1192//
f 1192// 1228// 1229//
f 1192// 1229// 1194//
f 1194// 1229// 1225//
f 1194// 1225// 1196//
f 1216// 1230// 1231//
f 1216// 1231// 1218//
f 1218// 1231// 1232//
f 1218// 1232// 1220//
f 1220// 1232// 1233//
f 1220// 1233// 1187//
f 1187// 1233// 1226//
f 1187// 1226// 1188//
f 1208// 1234// 1235//
f 1208// 1235// 1210//
f 1210// 1235// 1236//
f 1210// 1236// 1212//
f 1212// 1236// 1237//
f 1212// 1237// 1214//
f 1214// 1237// 1230//
f 1214// 1230// 1216//
f 1202// 1222// 1238//
f 1202// 1238// 1204//
f 1204// 1238// 1239//
f 1204// 1239// 1206//
f 1206// 1239// 1234//
f 1206// 1234// 1208//
usemtl 2
f 1223// 1224// 1222//
f 1222// 1224// 1225//
f 1222// 1225// 1229//
f 1229// 1228// 1222//
f 1222// 1228// 1227//
f 1222// 1227// 1226//
f 1226// 1233// 1222//
f 1222// 1233// 1232//
f 1222// 1232// 1231//
f 1231// 1230// 1222//
f 1222// 1230// 1237//
f 1222// 1237// 1236//
f 1236// 1235// 1222//
f 1222// 1235// 1234//
f 1222// 1234// 1238//
f 1238// 1234// 1239//
usemtl 5
f 1240// 1241// 1242//
f 1242// 1241// 1243//
f 1244// 1245// 1240//
f 1240// 1245// 1246//
f 1240// 1246// 1241//
f 1241// 1246// 1247//
f 1244// 1248// 1245//
f 1245// 1248// 1249//
f 1245// 1249// 1250//
f 1250// 1249// 1251//
f 1250// 1251// 1252//
f 1252// 1253// 1250//
f 1250// 1253// 1242//
f 1250// 1242// 1254//
f 1254// 1242// 1243//
f 1254// 1243// 1255//
f 1250// 1254// 669//
f 669// 1254// 665//
f 1245// 1250// 677//
f 677// 1250// 669//
f 674// 1246// 676//
f 676// 1246// 1245//
f 676// 1245// 677//
f 1247// 1246// 672//
f 672// 1246// 674//
f 1241// 1247// 671//
f 671// 1247// 672//
f 361// 1243// 362//
f 362// 1243// 1241//
f 362// 1241// 671//
f 1255// 1243// 360//
f 360// 1243// 361//
f 1254// 1255// 665//
f 665// 1255// 360//
f 1240// 1242// 1256//
f 1256// 1242// 1257//
f 1242// 1253// 1257//
f 1257// 1253// 1258//
f 1251// 1259// 1260//
f 1251// 1260// 1252//
f 1252// 1260// 1258//
f 1252// 1258// 1253//
f 1251// 1249// 1259//
f 1259// 1249// 1261//
f 1244// 1262// 1263//
f 1244// 1263// 1248//
f 1248// 1263// 1261//
f 1248// 1261// 1249//
f 1244// 1240// 1262//
f 1262// 1240// 1256//
usemtl 2
f 1259// 1261// 1260//
f 1260// 1261// 1263//
f 1260// 1263// 1258//
f 1258// 1263// 1262//
f 1258// 1262// 1257//
f 1257// 1262// 1256//
usemtl 5
f 1264// 1265// 841//
f 841// 1265// 839//
f 1266// 1264// 844//
f 844// 1264// 841//
f 1267// 1266// 843//
f 843// 1266// 844//
f 1268// 1267// 845//
f 845// 1267// 843//
f 1269// 1268// 846//
f 846// 1268// 845//
f 1270// 1269// 847//
f 847// 1269// 846//
f 1271// 1270// 848//
f 848// 1270// 847//
f 1272// 1271// 842//
f 842// 1271// 848//
f 1273// 1272// 850//
f 850// 1272// 842//
f 1274// 1273// 849//
f 849// 1273// 850//
f 1275// 1274// 840//
f 840// 1274// 849//
f 1265// 1275// 839//
f 839// 1275// 840//
f 1275// 1265// 1264//
f 1264// 1266// 1275//
f 1275// 1266// 1267//
f 1275// 1267// 1274//
f 1272// 1273// 1271//
f 1271// 1273// 1274//
f 1271// 1274// 1270//
f 1270// 1274// 1267//
f 1270// 1267// 1269//
f 1269// 1267// 1268//
f 1276// 1277// 1278//
f 1279// 1280// 1281//
f 1282// 1283// 1280//
f 1280// 1283// 1276//
f 1280// 1276// 1281//
f 1281// 1276// 1278//
f 1284// 1285// 1286//
f 1287// 1288// 1289//
f 1289// 1288// 1290//
f 1289// 1290// 1291//
f 1291// 1290// 1292//
f 1291// 1292// 1293//
f 1286// 1285// 1294//
f 1294// 1285// 1295//
f 1294// 1295// 1296//
f 1296// 1295// 1297//
f 1296// 1297// 1298//
f 1292// 1299// 1293//
f 1293// 1299// 1300//
f 1293// 1300// 1301//
f 1301// 1300// 1302//
f 1301// 1302// 1303//
f 1303// 1302// 1304//
f 1303// 1304// 1305//
f 1305// 1304// 1306//
f 1305// 1306// 1307//
f 1307// 1306// 1308//
f 1307// 1308// 1309//
f 1309// 1308// 1279//
f 1309// 1279// 1310//
f 1310// 1279// 1281//
f 1297// 1311// 1298//
f 1298// 1311// 1312//
f 1298// 1312// 1313//
f 1313// 1312// 1314//
f 1313// 1314// 1315//
f 1286// 1316// 1284//
f 1284// 1316// 1317//
f 1284// 1317// 1318//
f 1318// 1317// 1319//
f 1318// 1319// 1320//
f 1320// 1319// 1321//
f 1320// 1321// 1322//
f 1322// 1321// 1323//
f 1322// 1323// 1287//
f 1287// 1323// 1324//
f 1287// 1324// 1288//
f 1325// 1326// 1327//
f 1327// 1326// 1328//
f 1327// 1328// 1329//
f 1329// 1328// 1330//
f 1329// 1330// 1331//
f 1331// 1330// 1332//
f 1331// 1332// 1333//
f 1333// 1332// 1334//
f 1333// 1334// 1335//
f 1335// 1334// 1336//
f 1335// 1336// 1337//
f 1337// 1336// 1338//
f 1337// 1338// 1339//
f 1339// 1338// 1340//
f 1339// 1340// 1341//
f 1341// 1340// 1342//
f 1341// 1342// 1343//
f 1343// 1342// 1344//
f 1343// 1344// 1276//
f 1276// 1344// 1315//
f 1276// 1315// 1277//
f 1277// 1315// 1314//
f 1331// 599// 566//
f 1331// 566// 1329//
f 1329// 566// 568//
f 1329// 568// 1327//
f 1327// 568// 569//
f 1327// 569// 1325//
f 1326// 1325// 550//
f 550// 1325// 569//
f 1326// 550// 572//
f 1326// 572// 1328//
f 1328// 572// 573//
f 1328// 573// 1330//
f 1330// 573// 564//
f 1330// 564// 1332//
f 1332// 564// 563//
f 1332// 563// 1334//
f 1334// 563// 603//
f 1334// 603// 1336//
f 1336// 603// 602//
f 1336// 602// 1338//
f 1338// 602// 595//
f 1338// 595// 1340//
f 1340// 595// 594//
f 1340// 594// 1342//
f 1342// 594// 593//
f 1342// 593// 1344//
f 1344// 593// 592//
f 1344// 592// 1315//
f 1313// 1315// 565//
f 565// 1315// 592//
f 1313// 565// 571//
f 1313// 571// 1298//
f 1298// 571// 570//
f 1298// 570// 1296//
f 1296// 570// 549//
f 1296// 549// 1294//
f 1294// 549// 551//
f 1294// 551// 1286//
f 1286// 551// 552//
f 1286// 552// 1316//
f 1316// 552// 591//
f 1316// 591// 1317//
f 1317// 591// 590//
f 1317// 590// 1319//
f 1319// 590// 562//
f 1319// 562// 1321//
f 1321// 562// 561//
f 1321// 561// 1323//
f 1323// 561// 575//
f 1323// 575// 1324//
f 1324// 575// 574//
f 1324// 574// 1288//
f 789// 1300// 1299//
f 1288// 574// 559//
f 1288// 559// 1290//
f 1290// 559// 558//
f 1290// 558// 1292//
f 1292// 558// 786//
f 1292// 786// 1299//
f 1299// 786// 787//
f 1299// 787// 789//
f 1300// 789// 788//
f 1300// 788// 1302//
f 1302// 788// 556//
f 1302// 556// 1304//
f 556// 554// 1304//
f 1304// 554// 553//
f 1304// 553// 1306//
f 1306// 553// 583//
f 1306// 583// 1308//
f 1308// 583// 582//
f 1308// 582// 1279//
f 1280// 1279// 581//
f 581// 1279// 582//
f 1282// 1280// 555//
f 555// 1280// 581//
f 1283// 1282// 557//
f 557// 1282// 555//
f 1276// 1283// 585//
f 585// 1283// 557//
f 1276// 585// 597//
f 1276// 597// 1343//
f 1343// 597// 596//
f 1343// 596// 1341//
f 1341// 596// 588//
f 1341// 588// 1339//
f 1339// 588// 587//
f 1339// 587// 1337//
f 1337// 587// 601//
f 1337// 601// 1335//
f 1335// 601// 600//
f 1335// 600// 1333//
f 1333// 600// 599//
f 1333// 599// 1331//
f 1297// 1345// 1346//
f 1297// 1346// 1311//
f 1311// 1346// 1347//
f 1311// 1347// 1312//
f 1312// 1347// 1348//
f 1312// 1348// 1314//
f 1318// 1349// 1350//
f 1318// 1350// 1284//
f 1284// 1350// 1351//
f 1284// 1351// 1285//
f 1285// 1351// 1352//
f 1285// 1352// 1295//
f 1295// 1352// 1345//
f 1295// 1345// 1297//
f 1289// 1353// 1354//
f 1289// 1354// 1287//
f 1287// 1354// 1355//
f 1287// 1355// 1322//
f 1322// 1355// 1356//
f 1322// 1356// 1320//
f 1320// 1356// 1349//
f 1320// 1349// 1318//
f 1301// 1357// 1358//
f 1301// 1358// 1293//
f 1293// 1358// 1359//
f 1293// 1359// 1291//
f 1291// 1359// 1353//
f 1291// 1353// 1289//
f 1309// 1360// 1361//
f 1309// 1361// 1307//
f 1307// 1361// 1362//
f 1307// 1362// 1305//
f 1305// 1362// 1363//
f 1305// 1363// 1303//
f 1303// 1363// 1357//
f 1303// 1357// 1301//
f 1278// 1364// 1365//
f 1278// 1365// 1281//
f 1281// 1365// 1366//
f 1281// 1366// 1310//
f 1310// 1366// 1360//
f 1310// 1360// 1309//
f 1278// 1277// 1364//
f 1364// 1277// 1367//
f 1277// 1314// 1367//
f 1367// 1314// 1348//
usemtl 2
f 1364// 1367// 1348//
f 1361// 1360// 1348//
f 1347// 1346// 1363//
f 1347// 1363// 1348//
f 1348// 1363// 1362//
f 1348// 1362// 1361//
f 1360// 1366// 1348//
f 1348// 1366// 1365//
f 1348// 1365// 1364//
f 1346// 1345// 1363//
f 1363// 1345// 1352//
f 1363// 1352// 1351//
f 1351// 1350// 1363//
f 1363// 1350// 1349//
f 1363// 1349// 1356//
f 1359// 1358// 1353//
f 1353// 1358// 1357//
f 1353// 1357// 1363//
f 1356// 1355// 1363//
f 1363// 1355// 1354//
f 1363// 1354// 1353//
usemtl 5
f 577// 1368// 1369//
f 1370// 651// 648//
f 1370// 648// 1371//
f 1371// 648// 580//
f 1371// 580// 1369//
f 1369// 580// 579//
f 1369// 579// 577//
f 1372// 1368// 586//
f 586// 1368// 577//
f 586// 367// 1372//
f 1372// 367// 1373//
f 609// 1374// 607//
f 607// 1374// 1373//
f 607// 1373// 366//
f 366// 1373// 367//
f 609// 364// 1374//
f 1374// 364// 1375//
f 364// 363// 1375//
f 1375// 363// 626//
f 1375// 626// 1376//
f 1376// 626// 625//
f 1376// 625// 1377//
f 1377// 625// 615//
f 1377// 615// 1378//
f 1378// 615// 614//
f 1378// 614// 1379//
f 1379// 614// 629//
f 1379// 629// 1380//
f 1380// 629// 628//
f 1380// 628// 1381//
f 1381// 628// 627//
f 1381// 627// 1382//
f 1382// 627// 613//
f 1382// 613// 1383//
f 1383// 613// 612//
f 1383// 612// 1384//
f 1384// 612// 644//
f 1384// 644// 1385//
f 1385// 644// 643//
f 1385// 643// 1386//
f 1386// 643// 641//
f 1386// 641// 1387//
f 1387// 641// 639//
f 1387// 639// 1388//
f 1388// 639// 638//
f 1388// 638// 1389//
f 1389// 638// 637//
f 1389// 637// 1390//
f 1390// 637// 636//
f 1390// 636// 1391//
f 1391// 636// 635//
f 1391// 635// 1392//
f 1392// 635// 632//
f 1392// 632// 1393//
f 1393// 632// 647//
f 1393// 647// 1394//
f 1394// 647// 646//
f 1394// 646// 1395//
f 1395// 646// 645//
f 1395// 645// 1396//
f 1396// 645// 634//
f 1396// 634// 1397//
f 1397// 634// 633//
f 1397// 633// 1398//
f 1398// 633// 631//
f 1398// 631// 1399//
f 1399// 631// 630//
f 1399// 630// 1400//
f 1400// 630// 640//
f 1400// 640// 1401//
f 1401// 640// 642//
f 1401// 642// 1402//
f 1402// 642// 611//
f 1402// 611// 1403//
f 1404// 1403// 610//
f 610// 1403// 611//
f 1404// 610// 624//
f 1404// 624// 1405//
f 1405// 624// 622//
f 1405// 622// 1406//
f 1406// 622// 621//
f 1406// 621// 1407//
f 1407// 621// 620//
f 1407// 620// 1408//
f 1408// 620// 619//
f 1408// 619// 1409//
f 619// 617// 1409//
f 1409// 617// 1410//
f 617// 616// 1410//
f 1410// 616// 589//
f 1410// 589// 1411//
f 1411// 589// 598//
f 1411// 598// 1412//
f 1412// 598// 606//
f 1412// 606// 1413//
f 1413// 606// 605//
f 1413// 605// 1414//
f 1414// 605// 604//
f 1414// 604// 1415//
f 1415// 604// 584//
f 1415// 584// 1416//
f 649// 1417// 1418//
f 1416// 584// 576//
f 1416// 576// 1419//
f 1419// 576// 578//
f 1419// 578// 1418//
f 1418// 578// 650//
f 1418// 650// 649//
f 1417// 649// 653//
f 1417// 653// 1420//
f 1420// 653// 664//
f 1420// 664// 1421//
f 1421// 664// 663//
f 1421// 663// 1422//
f 1422// 663// 662//
f 1422// 662// 1423//
f 1423// 662// 656//
f 1423// 656// 1424//
f 1424// 656// 655//
f 1424// 655// 1425//
f 1425// 655// 661//
f 1425// 661// 1426//
f 1426// 661// 660//
f 1426// 660// 1427//
f 1427// 660// 659//
f 1427// 659// 1428//
f 1428// 659// 658//
f 1428// 658// 1429//
f 1429// 658// 657//
f 1429// 657// 1430//
f 1430// 657// 654//
f 1430// 654// 1431//
f 1431// 654// 652//
f 1431// 652// 1432//
f 1432// 652// 651//
f 1432// 651// 1370//
f 1395// 1396// 1409//
f 1409// 1396// 1408//
f 1408// 1396// 1397//
f 1408// 1397// 1407//
f 1427// 1378// 1379//
f 1420// 1387// 1417//
f 1417// 1387// 1388//
f 1427// 1379// 1426//
f 1426// 1379// 1380//
f 1426// 1380// 1425//
f 1425// 1380// 1381//
f 1425// 1381// 1424//
f 1424// 1381// 1382//
f 1424// 1382// 1423//
f 1423// 1382// 1383//
f 1423// 1383// 1422//
f 1422// 1383// 1384//
f 1422// 1384// 1421//
f 1421// 1384// 1385//
f 1421// 1385// 1420//
f 1420// 1385// 1386//
f 1420// 1386// 1387//
f 1378// 1427// 1377//
f 1377// 1427// 1428//
f 1377// 1428// 1376//
f 1374// 1370// 1373//
f 1373// 1370// 1371//
f 1373// 1371// 1372//
f 1372// 1371// 1369//
f 1372// 1369// 1368//
f 1397// 1398// 1407//
f 1407// 1398// 1399//
f 1407// 1399// 1406//
f 1406// 1399// 1400//
f 1406// 1400// 1405//
f 1405// 1400// 1401//
f 1405// 1401// 1404//
f 1404// 1401// 1402//
f 1404// 1402// 1403//
f 1428// 1429// 1376//
f 1376// 1429// 1430//
f 1376// 1430// 1375//
f 1375// 1430// 1431//
f 1375// 1431// 1374//
f 1374// 1431// 1432//
f 1374// 1432// 1370//
f 1409// 1410// 1395//
f 1395// 1410// 1411//
f 1395// 1411// 1394//
f 1394// 1411// 1412//
f 1394// 1412// 1393//
f 1393// 1412// 1413//
f 1393// 1413// 1392//
f 1392// 1413// 1414//
f 1392// 1414// 1391//
f 1391// 1414// 1415//
f 1391// 1415// 1390//
f 1390// 1415// 1416//
f 1390// 1416// 1389//
f 1389// 1416// 1419//
f 1389// 1419// 1388//
f 1388// 1419// 1418//
f 1388// 1418// 1417//
f 1433// 1434// 790//
f 790// 1434// 791//
f 1435// 1433// 801//
f 801// 1433// 790//
f 1435// 801// 802//
f 1435// 802// 1436//
f 1436// 802// 798//
f 1436// 798// 1437//
f 1438// 1437// 797//
f 797// 1437// 798//
f 1439// 1438// 796//
f 796// 1438// 797//
f 1439// 796// 1440//
f 1440// 796// 800//
f 1440// 800// 806//
f 1441// 1440// 805//
f 805// 1440// 806//
f 1441// 805// 1442//
f 1442// 805// 804//
f 1442// 804// 807//
f 809// 1443// 808//
f 808// 1443// 1442//
f 808// 1442// 807//
f 809// 821// 1443//
f 1443// 821// 1444//
f 821// 820// 1444//
f 1444// 820// 816//
f 1444// 816// 1445//
f 1445// 816// 815//
f 1445// 815// 1446//
f 1446// 815// 814//
f 1446// 814// 1447//
f 1447// 814// 813//
f 1447// 813// 1448//
f 1448// 813// 812//
f 1448// 812// 1449//
f 1449// 812// 811//
f 1449// 811// 1450//
f 1451// 1450// 810//
f 810// 1450// 811//
f 1451// 810// 819//
f 1451// 819// 1452//
f 1452// 819// 818//
f 1452// 818// 1453//
f 1453// 818// 817//
f 1453// 817// 1454//
f 1454// 817// 349//
f 1454// 349// 1455//
f 349// 348// 1455//
f 1455// 348// 824//
f 1455// 824// 1456//
f 1456// 824// 826//
f 1456// 826// 1457//
f 1457// 826// 825//
f 1457// 825// 1458//
f 791// 1434// 795//
f 795// 1434// 1458//
f 795// 1458// 825//
f 1436// 1437// 1458//
f 1434// 1433// 1458//
f 1458// 1433// 1435//
f 1458// 1435// 1436//
f 1440// 1441// 1439//
f 1439// 1441// 1442//
f 1439// 1442// 1438//
f 1437// 1438// 1458//
f 1458// 1438// 1442//
f 1458// 1442// 1457//
f 1442// 1443// 1457//
f 1457// 1443// 1444//
f 1457// 1444// 1456//
f 1456// 1444// 1445//
f 1456// 1445// 1455//
f 1455// 1445// 1446//
f 1455// 1446// 1454//
f 1454// 1446// 1447//
f 1454// 1447// 1453//
f 1453// 1447// 1448//
f 1453// 1448// 1452//
f 1452// 1448// 1449//
f 1452// 1449// 1451//
f 1451// 1449// 1450//
f 1459// 1460// 531//
f 531// 1460// 532//
f 1459// 531// 1461//
f 1461// 531// 371//
f 1461// 371// 370//
f 1462// 1461// 369//
f 369// 1461// 370//
f 1462// 369// 1463//
f 1463// 369// 540//
f 1463// 540// 539//
f 1464// 1463// 538//
f 538// 1463// 539//
f 544// 1465// 542//
f 542// 1465// 1464//
f 542// 1464// 538//
f 1466// 1465// 543//
f 543// 1465// 544//
f 537// 1467// 541//
f 541// 1467// 1466//
f 541// 1466// 543//
f 1468// 1467// 536//
f 536// 1467// 537//
f 548// 1469// 793//
f 793// 1469// 1468//
f 793// 1468// 536//
f 1470// 1469// 546//
f 546// 1469// 548//
f 1470// 546// 1460//
f 1460// 546// 545//
f 1460// 545// 532//
f 1470// 1460// 1459//
f 1459// 1461// 1470//
f 1470// 1461// 1462//
f 1470// 1462// 1469//
f 1467// 1468// 1466//
f 1466// 1468// 1469//
f 1466// 1469// 1465//
f 1465// 1469// 1462//
f 1465// 1462// 1464//
f 1464// 1462// 1463//
f 1471// 1472// 1473//
f 1473// 1472// 1474//
f 1473// 1474// 1475//
f 1475// 1474// 1476//
f 1475// 1476// 1477//
f 1477// 1476// 1478//
f 1477// 1478// 1479//
f 1479// 1478// 1480//
f 1479// 1480// 1481//
f 1481// 1480// 1482//
f 1481// 1482// 1483//
f 1483// 1482// 1484//
f 1483// 1484// 1485//
f 1485// 1484// 1486//
f 1485// 1486// 1487//
f 1487// 1486// 1488//
f 1487// 1488// 1489//
f 1489// 1488// 1490//
f 1489// 1490// 1491//
f 1491// 1490// 1492//
f 1491// 1492// 1493//
f 1493// 1492// 1494//
f 1493// 1494// 1495//
f 1495// 1494// 1496//
f 1495// 1496// 1497//
f 1497// 1496// 1498//
f 1497// 1498// 1499//
f 1499// 1498// 1500//
f 1499// 1500// 1501//
f 1501// 1500// 1502//
f 1501// 1502// 1503//
f 1503// 1502// 1504//
f 1503// 1504// 1505//
f 1505// 1504// 1471//
f 1505// 1471// 1473//
f 1479// 1481// 864//
f 864// 1481// 862//
f 1479// 864// 877//
f 1479// 877// 1477//
f 1477// 877// 876//
f 1477// 876// 1475//
f 1475// 876// 875//
f 1475// 875// 1473//
f 1473// 875// 874//
f 1473// 874// 1505//
f 1505// 874// 887//
f 1505// 887// 1503//
f 1503// 887// 886//
f 1503// 886// 1501//
f 1501// 886// 885//
f 1501// 885// 1499//
f 1499// 885// 881//
f 1499// 881// 1497//
f 1497// 881// 880//
f 1497// 880// 1495//
f 1495// 880// 879//
f 1495// 879// 1493//
f 1493// 879// 878//
f 1493// 878// 1491//
f 1491// 878// 884//
f 1491// 884// 1489//
f 1489// 884// 883//
f 1489// 883// 1487//
f 1487// 883// 882//
f 1487// 882// 1485//
f 1483// 1485// 863//
f 863// 1485// 882//
f 1481// 1483// 862//
f 862// 1483// 863//
f 1486// 1484// 1506//
f 1506// 1484// 1507//
f 1484// 1482// 1507//
f 1507// 1482// 1508//
f 1482// 1480// 1508//
f 1508// 1480// 1509//
f 1472// 1510// 1511//
f 1472// 1511// 1474//
f 1474// 1511// 1512//
f 1474// 1512// 1476//
f 1476// 1512// 1513//
f 1476// 1513// 1478//
f 1478// 1513// 1509//
f 1478// 1509// 1480//
f 1500// 1514// 1515//
f 1500// 1515// 1502//
f 1502// 1515// 1516//
f 1502// 1516// 1504//
f 1504// 1516// 1517//
f 1504// 1517// 1471//
f 1471// 1517// 1510//
f 1471// 1510// 1472//
f 1492// 1518// 1519//
f 1492// 1519// 1494//
f 1494// 1519// 1520//
f 1494// 1520// 1496//
f 1496// 1520// 1521//
f 1496// 1521// 1498//
f 1498// 1521// 1514//
f 1498// 1514// 1500//
f 1486// 1506// 1522//
f 1486// 1522// 1488//
f 1488// 1522// 1523//
f 1488// 1523// 1490//
f 1490// 1523// 1518//
f 1490// 1518// 1492//
usemtl 2
f 1507// 1508// 1506//
f 1506// 1508// 1509//
f 1506// 1509// 1513//
f 1513// 1512// 1506//
f 1506// 1512// 1511//
f 1506// 1511// 1510//
f 1510// 1517// 1506//
f 1506// 1517// 1516//
f 1506// 1516// 1515//
f 1515// 1514// 1506//
f 1506// 1514// 1521//
f 1506// 1521// 1520//
f 1520// 1519// 1506//
f 1506// 1519// 1518//
f 1506// 1518// 1522//
f 1522// 1518// 1523//
usemtl 5
f 1524// 1525// 1526//
f 1526// 1525// 1527//
f 1528// 1529// 1524//
f 1524// 1529// 1530//
f 1524// 1530// 1525//
f 1525// 1530// 1531//
f 1528// 1532// 1529//
f 1529// 1532// 1533//
f 1529// 1533// 1534//
f 1534// 1533// 1535//
f 1534// 1535// 1536//
f 1536// 1537// 1534//
f 1534// 1537// 1526//
f 1534// 1526// 1538//
f 1538// 1526// 1527//
f 1538// 1527// 1539//
f 1534// 1538// 866//
f 866// 1538// 868//
f 1529// 1534// 865//
f 865// 1534// 866//
f 1530// 1529// 873//
f 873// 1529// 865//
f 1531// 1530// 872//
f 872// 1530// 873//
f 1525// 1531// 871//
f 871// 1531// 872//
f 1527// 1525// 870//
f 870// 1525// 871//
f 1539// 1527// 867//
f 867// 1527// 870//
f 1538// 1539// 868//
f 868// 1539// 867//
f 1524// 1526// 1540//
f 1540// 1526// 1541//
f 1526// 1537// 1541//
f 1541// 1537// 1542//
f 1535// 1543// 1544//
f 1535// 1544// 1536//
f 1536// 1544// 1542//
f 1536// 1542// 1537//
f 1535// 1533// 1543//
f 1543// 1533// 1545//
f 1528// 1546// 1547//
f 1528// 1547// 1532//
f 1532// 1547// 1545//
f 1532// 1545// 1533//
f 1528// 1524// 1546//
f 1546// 1524// 1540//
usemtl 2
f 1543// 1545// 1544//
f 1544// 1545// 1547//
f 1544// 1547// 1542//
f 1542// 1547// 1546//
f 1542// 1546// 1541//
f 1541// 1546// 1540//
usemtl 5
f 1548// 1549// 1550//
f 1551// 1552// 1553//
f 1554// 1549// 1555//
f 1555// 1549// 1556//
f 1555// 1556// 1557//
f 1558// 1559// 1560//
f 1561// 1562// 1563//
f 1563// 1562// 1564//
f 1563// 1564// 1565//
f 1565// 1564// 1566//
f 1565// 1566// 1553//
f 1553// 1566// 1567//
f 1553// 1567// 1551//
f 1568// 1569// 1550//
f 1550// 1569// 1570//
f 1550// 1570// 1548//
f 1571// 1572// 1573//
f 1573// 1572// 1574//
f 1573// 1574// 1575//
f 1575// 1574// 1576//
f 1575// 1576// 1577//
f 1577// 1576// 1578//
f 1579// 1580// 1581//
f 1581// 1580// 1582//
f 1581// 1582// 1583//
f 1583// 1582// 1584//
f 1583// 1584// 1585//
f 1585// 1584// 1586//
f 1585// 1586// 1587//
f 1554// 1588// 1549//
f 1549// 1588// 1589//
f 1549// 1589// 1550//
f 1550// 1589// 1590//
f 1556// 1591// 1557//
f 1557// 1591// 1592//
f 1557// 1592// 1593//
f 1593// 1592// 1594//
f 1593// 1594// 1595//
f 1595// 1594// 1596//
f 1595// 1596// 1597//
f 1597// 1596// 1566//
f 1597// 1566// 1598//
f 1598// 1566// 1599//
f 1560// 1559// 1600//
f 1600// 1559// 1601//
f 1600// 1601// 1602//
f 1587// 1586// 1603//
f 1603// 1586// 1604//
f 1603// 1604// 1605//
f 1606// 1607// 1608//
f 1608// 1607// 1609//
f 1608// 1609// 1573//
f 1573// 1609// 1610//
f 1573// 1610// 1571//
f 1611// 1612// 1568//
f 1568// 1612// 1613//
f 1568// 1613// 1569//
f 1614// 1615// 1616//
f 1616// 1615// 1617//
f 1616// 1617// 1618//
f 1618// 1617// 1619//
f 1618// 1619// 1620//
f 1620// 1619// 1621//
f 1620// 1621// 1611//
f 1611// 1621// 1622//
f 1611// 1622// 1612//
f 1623// 1624// 1564//
f 1564// 1624// 1625//
f 1564// 1625// 1566//
f 1566// 1625// 1626//
f 1566// 1626// 1599//
f 1576// 1627// 1578//
f 1578// 1627// 1628//
f 1578// 1628// 1629//
f 1629// 1628// 1630//
f 1629// 1630// 1631//
f 1631// 1630// 1632//
f 1631// 1632// 1633//
f 1633// 1632// 1558//
f 1633// 1558// 1634//
f 1634// 1558// 1560//
f 1601// 1635// 1602//
f 1602// 1635// 1636//
f 1602// 1636// 1637//
f 1637// 1636// 1638//
f 1637// 1638// 1639//
f 1639// 1638// 1640//
f 1639// 1640// 1641//
f 1641// 1640// 1642//
f 1641// 1642// 1643//
f 1643// 1642// 1644//
f 1643// 1644// 1645//
f 1579// 1581// 1646//
f 1646// 1581// 1647//
f 1646// 1647// 1648//
f 1648// 1647// 1649//
f 1648// 1649// 1650//
f 1650// 1649// 1651//
f 1650// 1651// 1652//
f 1652// 1651// 1653//
f 1652// 1653// 1654//
f 1654// 1653// 1655//
f 1654// 1655// 1656//
f 1656// 1655// 1657//
f 1656// 1657// 1658//
f 1658// 1657// 1659//
f 1658// 1659// 1614//
f 1614// 1659// 1660//
f 1614// 1660// 1615//
f 1604// 1661// 1605//
f 1605// 1661// 1662//
f 1605// 1662// 1663//
f 1663// 1662// 1664//
f 1663// 1664// 1665//
f 1665// 1664// 1666//
f 1665// 1666// 1606//
f 1606// 1666// 1667//
f 1606// 1667// 1607//
f 1590// 1668// 1550//
f 1550// 1668// 1669//
f 1550// 1669// 1670//
f 1670// 1669// 1671//
f 1670// 1671// 1672//
f 1672// 1671// 1673//
f 1672// 1673// 1674//
f 1674// 1673// 1675//
f 1674// 1675// 1676//
f 1676// 1675// 1677//
f 1676// 1677// 1678//
f 1678// 1677// 1679//
f 1678// 1679// 1680//
f 1680// 1679// 1681//
f 1680// 1681// 1682//
f 1682// 1681// 1683//
f 1682// 1683// 1684//
f 1684// 1683// 1685//
f 1684// 1685// 1564//
f 1564// 1685// 1686//
f 1564// 1686// 1623//
f 1687// 1688// 1689//
f 1690// 1691// 1692//
f 1693// 1694// 1687//
f 1687// 1694// 1695//
f 1687// 1695// 1688//
f 1644// 1696// 1645//
f 1645// 1696// 1687//
f 1645// 1687// 1697//
f 1697// 1687// 1689//
f 1693// 1687// 1692//
f 1692// 1687// 1698//
f 1692// 1698// 1690//
f 1691// 1699// 1692//
f 1692// 1699// 1700//
f 1692// 1700// 1701//
f 1633// 471// 470//
f 1633// 470// 1631//
f 1631// 470// 530//
f 1631// 530// 1629//
f 530// 529// 1629//
f 1629// 529// 528//
f 1629// 528// 1578//
f 528// 376// 1578//
f 1578// 376// 375//
f 1578// 375// 1577//
f 1577// 375// 382//
f 1577// 382// 1575//
f 1575// 382// 381//
f 1575// 381// 1573//
f 1573// 381// 380//
f 1573// 380// 1608//
f 1608// 380// 379//
f 1608// 379// 1606//
f 1606// 379// 1665//
f 1665// 379// 378//
f 378// 384// 1665//
f 1665// 384// 383//
f 1665// 383// 1663//
f 1663// 383// 389//
f 1663// 389// 1605//
f 394// 1585// 393//
f 393// 1585// 1587//
f 393// 1587// 386//
f 386// 1587// 1603//
f 386// 1603// 387//
f 387// 1603// 1605//
f 387// 1605// 389//
f 1585// 394// 398//
f 1585// 398// 1583//
f 1583// 398// 400//
f 1583// 400// 1581//
f 1581// 400// 399//
f 1581// 399// 1647//
f 1647// 399// 397//
f 1647// 397// 1649//
f 1649// 397// 396//
f 1649// 396// 1651//
f 1651// 396// 395//
f 1651// 395// 1653//
f 1653// 395// 391//
f 1653// 391// 1655//
f 1655// 391// 390//
f 1655// 390// 1657//
f 413// 1617// 1615//
f 1657// 390// 404//
f 403// 1660// 404//
f 404// 1660// 1659//
f 404// 1659// 1657//
f 403// 402// 1660//
f 1660// 402// 373//
f 1660// 373// 1615//
f 1615// 373// 372//
f 1615// 372// 413//
f 1617// 413// 412//
f 1617// 412// 1619//
f 1619// 412// 411//
f 1619// 411// 1621//
f 1621// 411// 410//
f 1621// 410// 1622//
f 1622// 410// 409//
f 1622// 409// 1612//
f 1612// 409// 408//
f 1612// 408// 1613//
f 1613// 408// 406//
f 1613// 406// 1569//
f 1569// 406// 405//
f 1569// 405// 1570//
f 1570// 405// 416//
f 1570// 416// 1548//
f 416// 415// 1548//
f 1548// 415// 414//
f 1548// 414// 1549//
f 1549// 414// 420//
f 1549// 420// 1556//
f 1556// 420// 419//
f 1556// 419// 1591//
f 419// 432// 1591//
f 1591// 432// 431//
f 1591// 431// 1592//
f 1592// 431// 430//
f 1592// 430// 1594//
f 488// 1565// 1553//
f 1594// 430// 429//
f 1594// 429// 1596//
f 1596// 429// 428//
f 1596// 428// 1566//
f 428// 437// 1566//
f 1566// 437// 436//
f 1566// 436// 1567//
f 1567// 436// 435//
f 1567// 435// 1551//
f 1551// 435// 434//
f 1551// 434// 1552//
f 1552// 434// 433//
f 1552// 433// 1553//
f 1553// 433// 487//
f 1553// 487// 488//
f 1563// 1565// 482//
f 482// 1565// 488//
f 1561// 1563// 453//
f 453// 1563// 482//
f 1562// 1561// 442//
f 442// 1561// 453//
f 1564// 1562// 441//
f 441// 1562// 442//
f 1564// 441// 443//
f 1564// 443// 1684//
f 1684// 443// 444//
f 1684// 444// 1682//
f 1682// 444// 476//
f 1682// 476// 1680//
f 1680// 476// 475//
f 1680// 475// 1678//
f 1678// 475// 474//
f 1678// 474// 1676//
f 1676// 474// 466//
f 1676// 466// 1674//
f 1674// 466// 467//
f 1674// 467// 1672//
f 1672// 467// 463//
f 1672// 463// 1670//
f 1670// 463// 465//
f 1670// 465// 1550//
f 1550// 465// 464//
f 1550// 464// 1568//
f 1568// 464// 462//
f 1568// 462// 1611//
f 1611// 462// 461//
f 1611// 461// 1620//
f 1620// 461// 469//
f 1620// 469// 1618//
f 1618// 469// 468//
f 1618// 468// 1616//
f 468// 451// 1616//
f 1616// 451// 1614//
f 451// 500// 1614//
f 1614// 500// 499//
f 1614// 499// 1658//
f 1658// 499// 506//
f 1658// 506// 1656//
f 506// 527// 1656//
f 1656// 527// 526//
f 1656// 526// 1654//
f 1654// 526// 525//
f 1654// 525// 1652//
f 1652// 525// 516//
f 1652// 516// 1650//
f 1650// 516// 515//
f 1650// 515// 1648//
f 1648// 515// 514//
f 1648// 514// 1646//
f 1646// 514// 508//
f 1646// 508// 1579//
f 1579// 508// 507//
f 1579// 507// 1580//
f 1580// 507// 521//
f 1580// 521// 1582//
f 1582// 521// 523//
f 1582// 523// 1584//
f 1584// 523// 524//
f 1584// 524// 1586//
f 1586// 524// 522//
f 1586// 522// 1604//
f 1604// 522// 520//
f 1604// 520// 1661//
f 1661// 520// 519//
f 1661// 519// 1662//
f 498// 1571// 517//
f 517// 1571// 1610//
f 517// 1610// 518//
f 518// 1610// 1609//
f 518// 1609// 509//
f 509// 1609// 1607//
f 509// 1607// 510//
f 510// 1607// 1667//
f 510// 1667// 511//
f 511// 1667// 1666//
f 511// 1666// 512//
f 512// 1666// 1664//
f 512// 1664// 513//
f 513// 1664// 1662//
f 513// 1662// 519//
f 1572// 1571// 501//
f 501// 1571// 498//
f 1572// 501// 505//
f 1572// 505// 1574//
f 1574// 505// 504//
f 1574// 504// 1576//
f 1576// 504// 503//
f 1576// 503// 1627//
f 1627// 503// 502//
f 1627// 502// 1628//
f 1628// 502// 450//
f 1628// 450// 1630//
f 450// 449// 1630//
f 1630// 449// 448//
f 1630// 448// 1632//
f 1632// 448// 492//
f 1632// 492// 1558//
f 1558// 492// 491//
f 1558// 491// 1559//
f 1559// 491// 490//
f 1559// 490// 1601//
f 1601// 490// 489//
f 1601// 489// 1635//
f 1635// 489// 497//
f 1635// 497// 1636//
f 1636// 497// 496//
f 1636// 496// 1638//
f 1638// 496// 495//
f 1638// 495// 1640//
f 1640// 495// 494//
f 1640// 494// 1642//
f 1644// 1642// 493//
f 493// 1642// 494//
f 1644// 493// 479//
f 1644// 479// 1696//
f 1696// 479// 478//
f 1696// 478// 1687//
f 1687// 478// 477//
f 1687// 477// 1698//
f 1698// 477// 452//
f 1698// 452// 1690//
f 1690// 452// 454//
f 1690// 454// 1691//
f 1691// 454// 455//
f 1691// 455// 1699//
f 1699// 455// 484//
f 1699// 484// 1700//
f 1700// 484// 483//
f 1700// 483// 1701//
f 1701// 483// 481//
f 1701// 481// 1692//
f 1692// 481// 480//
f 1692// 480// 1693//
f 1693// 480// 486//
f 1693// 486// 1694//
f 1694// 486// 485//
f 1694// 485// 1695//
f 1695// 485// 460//
f 1695// 460// 1688//
f 1688// 460// 459//
f 1688// 459// 1689//
f 1689// 459// 458//
f 1689// 458// 1697//
f 1697// 458// 457//
f 1697// 457// 1645//
f 1645// 457// 456//
f 1645// 456// 1643//
f 1641// 1643// 447//
f 447// 1643// 456//
f 1641// 447// 446//
f 1641// 446// 1639//
f 1639// 446// 445//
f 1639// 445// 1637//
f 1637// 445// 439//
f 1637// 439// 1602//
f 1602// 439// 438//
f 1602// 438// 1600//
f 1600// 438// 473//
f 1600// 473// 1560//
f 1560// 473// 472//
f 1560// 472// 1634//
f 1634// 472// 471//
f 1634// 471// 1633//
f 1679// 1702// 1703//
f 1679// 1703// 1681//
f 1681// 1703// 1704//
f 1681// 1704// 1683//
f 1683// 1704// 1705//
f 1683// 1705// 1685//
f 1685// 1705// 1706//
f 1685// 1706// 1686//
f 1686// 1706// 1707//
f 1686// 1707// 1623//
f 1623// 1707// 1708//
f 1623// 1708// 1624//
f 1624// 1708// 1709//
f 1624// 1709// 1625//
f 1625// 1709// 1710//
f 1625// 1710// 1626//
f 1626// 1710// 1711//
f 1626// 1711// 1599//
f 1599// 1711// 1712//
f 1599// 1712// 1598//
f 1598// 1712// 1713//
f 1598// 1713// 1597//
f 1597// 1713// 1714//
f 1597// 1714// 1595//
f 1595// 1714// 1715//
f 1595// 1715// 1593//
f 1593// 1715// 1716//
f 1593// 1716// 1557//
f 1557// 1716// 1717//
f 1557// 1717// 1555//
f 1555// 1717// 1718//
f 1555// 1718// 1554//
f 1554// 1718// 1719//
f 1554// 1719// 1588//
f 1588// 1719// 1720//
f 1588// 1720// 1589//
f 1589// 1720// 1721//
f 1589// 1721// 1590//
f 1590// 1721// 1722//
f 1590// 1722// 1668//
f 1668// 1722// 1723//
f 1668// 1723// 1669//
f 1669// 1723// 1724//
f 1669// 1724// 1671//
f 1671// 1724// 1725//
f 1671// 1725// 1673//
f 1673// 1725// 1726//
f 1673// 1726// 1675//
f 1675// 1726// 1727//
f 1675// 1727// 1677//
f 1677// 1727// 1702//
f 1677// 1702// 1679//
usemtl 2
f 1727// 1715// 1702//
f 1702// 1715// 1714//
f 1702// 1714// 1703//
f 1721// 1727// 1722//
f 1722// 1727// 1726//
f 1721// 1720// 1727//
f 1727// 1720// 1719//
f 1727// 1719// 1718//
f 1712// 1706// 1705//
f 1726// 1725// 1722//
f 1722// 1725// 1724//
f 1722// 1724// 1723//
f 1718// 1717// 1727//
f 1727// 1717// 1716//
f 1727// 1716// 1715//
f 1714// 1713// 1703//
f 1703// 1713// 1712//
f 1703// 1712// 1704//
f 1704// 1712// 1705//
f 1710// 1709// 1711//
f 1711// 1709// 1708//
f 1711// 1708// 1712//
f 1712// 1708// 1707//
f 1712// 1707// 1706//
