v -2.7 3.5 -0.86
v -2.7 3.16 -0.86
v -2.7 3.5 -0.85
newmtl 1
Ka 1.0 1.0 1.0
Kd 1.0 1.0 1.0
Ks 0.5019607843137255 0.5019607843137255 0.5019607843137255
d 0.0
endmtl
v -2.7 3.16 -0.85
v -2.5 3.5 -0.86
v -2.5 3.5 -0.85
v -2.5 3.16 -0.86
v -2.5 3.16 -0.85
v -2.500911 3.149581 -0.85
v -2.500911 3.149581 -0.86
v -2.503618 3.139479 -0.85
v -2.503618 3.139479 -0.86
v -2.508039 3.13 -0.85
v -2.508039 3.13 -0.86
v -2.514037 3.121433 -0.85
v -2.514037 3.121433 -0.86
v -2.521433 3.114038 -0.85
v -2.521433 3.114038 -0.86
v -2.53 3.108039 -0.85
v -2.53 3.108039 -0.86
v -2.539479 3.103619 -0.85
v -2.539479 3.103619 -0.86
v -2.549581 3.100912 -0.85
v -2.549581 3.100912 -0.86
v -2.56 3.1 -0.85
v -2.56 3.1 -0.86
v -2.64 3.1 -0.86
v -2.64 3.1 -0.85
v -2.650419 3.100912 -0.85
v -2.650419 3.100912 -0.86
v -2.660521 3.103619 -0.85
v -2.660521 3.103619 -0.86
v -2.67 3.108039 -0.85
v -2.67 3.108039 -0.86
v -2.678567 3.114038 -0.85
v -2.678567 3.114038 -0.86
v -2.685963 3.121433 -0.85
v -2.685963 3.121433 -0.86
v -2.691962 3.13 -0.85
v -2.691962 3.13 -0.86
v -2.696382 3.139479 -0.85
v -2.696382 3.139479 -0.86
v -2.699089 3.149581 -0.85
v -2.699089 3.149581 -0.86
v -2.7 -3.16 -0.86
v -2.7 -3.16 -0.85
v -2.699089 -3.149581 -0.85
v -2.699089 -3.149581 -0.86
v -2.696382 -3.139479 -0.85
v -2.696382 -3.139479 -0.86
v -2.691962 -3.13 -0.85
v -2.691962 -3.13 -0.86
v -2.685963 -3.121433 -0.85
v -2.685963 -3.121433 -0.86
v -2.678567 -3.114038 -0.85
v -2.678567 -3.114038 -0.86
v -2.67 -3.108039 -0.85
v -2.67 -3.108039 -0.86
v -2.660521 -3.103619 -0.85
v -2.660521 -3.103619 -0.86
v -2.650419 -3.100912 -0.85
v -2.650419 -3.100912 -0.86
v -2.64 -3.1 -0.85
v -2.64 -3.1 -0.86
v -2.56 -3.1 -0.86
v -2.56 -3.1 -0.85
v -2.549581 -3.100912 -0.85
v -2.549581 -3.100912 -0.86
v -2.539479 -3.103619 -0.85
v -2.539479 -3.103619 -0.86
v -2.53 -3.108039 -0.85
v -2.53 -3.108039 -0.86
v -2.521433 -3.114038 -0.85
v -2.521433 -3.114038 -0.86
v -2.514037 -3.121433 -0.85
v -2.514037 -3.121433 -0.86
v -2.508039 -3.13 -0.85
v -2.508039 -3.13 -0.86
v -2.503618 -3.139479 -0.85
v -2.503618 -3.139479 -0.86
v -2.500911 -3.149581 -0.85
v -2.500911 -3.149581 -0.86
v -2.5 -3.16 -0.85
v -2.5 -3.16 -0.86
v -2.5 -3.5 -0.86
v -2.5 -3.5 -0.85
v -2.7 -3.5 -0.86
v -2.7 -3.5 -0.85
v -3.5 2.7 -0.86
v -3.5 2.5 -0.86
v -3.5 2.7 -0.85
v -3.5 2.5 -0.85
v -3.16 2.7 -0.86
v -3.16 2.7 -0.85
v -3.149581 2.699089 -0.85
v -3.149581 2.699089 -0.86
v -3.139479 2.696382 -0.85
v -3.139479 2.696382 -0.86
v -3.13 2.691962 -0.85
v -3.13 2.691962 -0.86
v -3.121433 2.685963 -0.85
v -3.121433 2.685963 -0.86
v -3.114038 2.678567 -0.85
v -3.114038 2.678567 -0.86
v -3.108039 2.67 -0.85
v -3.108039 2.67 -0.86
v -3.103619 2.660521 -0.85
v -3.103619 2.660521 -0.86
v -3.100912 2.650419 -0.85
v -3.100912 2.650419 -0.86
v -3.1 2.64 -0.85
v -3.1 2.64 -0.86
v -3.1 2.56 -0.86
v -3.1 2.56 -0.85
v -3.100912 2.549581 -0.85
v -3.100912 2.549581 -0.86
v -3.103619 2.539479 -0.85
v -3.103619 2.539479 -0.86
v -3.108039 2.53 -0.85
v -3.108039 2.53 -0.86
v -3.114038 2.521433 -0.85
v -3.114038 2.521433 -0.86
v -3.121433 2.514037 -0.85
v -3.121433 2.514037 -0.86
v -3.13 2.508039 -0.85
v -3.13 2.508039 -0.86
v -3.139479 2.503618 -0.85
v -3.139479 2.503618 -0.86
v -3.149581 2.500911 -0.85
v -3.149581 2.500911 -0.86
v -3.16 2.5 -0.85
v -3.16 2.5 -0.86
v -2.1 3.5 -0.86
v -2.3 3.5 -0.86
v -2.1 3.5 -0.85
v -2.3 3.5 -0.85
v -2.1 3.16 -0.86
v -2.1 3.16 -0.85
v -2.100911 3.149581 -0.85
v -2.100911 3.149581 -0.86
v -2.103618 3.139479 -0.85
v -2.103618 3.139479 -0.86
v -2.108038 3.13 -0.85
v -2.108038 3.13 -0.86
v -2.114037 3.121433 -0.85
v -2.114037 3.121433 -0.86
v -2.121433 3.114038 -0.85
v -2.121433 3.114038 -0.86
v -2.13 3.108039 -0.85
v -2.13 3.108039 -0.86
v -2.139479 3.103619 -0.85
v -2.139479 3.103619 -0.86
v -2.149581 3.100912 -0.85
v -2.149581 3.100912 -0.86
v -2.16 3.1 -0.85
v -2.16 3.1 -0.86
v -2.24 3.1 -0.86
v -2.24 3.1 -0.85
v -2.250419 3.100912 -0.85
v -2.250419 3.100912 -0.86
v -2.260521 3.103619 -0.85
v -2.260521 3.103619 -0.86
v -2.27 3.108039 -0.85
v -2.27 3.108039 -0.86
v -2.278567 3.114038 -0.85
v -2.278567 3.114038 -0.86
v -2.285963 3.121433 -0.85
v -2.285963 3.121433 -0.86
v -2.291962 3.13 -0.85
v -2.291962 3.13 -0.86
v -2.296382 3.139479 -0.85
v -2.296382 3.139479 -0.86
v -2.299088 3.149581 -0.85
v -2.299088 3.149581 -0.86
v -2.3 3.16 -0.85
v -2.3 3.16 -0.86
v -2.3 -3.16 -0.86
v -2.3 -3.16 -0.85
v -2.299088 -3.149581 -0.85
v -2.299088 -3.149581 -0.86
v -2.296382 -3.139479 -0.85
v -2.296382 -3.139479 -0.86
v -2.291962 -3.13 -0.85
v -2.291962 -3.13 -0.86
v -2.285963 -3.121433 -0.85
v -2.285963 -3.121433 -0.86
v -2.278567 -3.114038 -0.85
v -2.278567 -3.114038 -0.86
v -2.27 -3.108039 -0.85
v -2.27 -3.108039 -0.86
v -2.260521 -3.103619 -0.85
v -2.260521 -3.103619 -0.86
v -2.250419 -3.100912 -0.85
v -2.250419 -3.100912 -0.86
v -2.24 -3.1 -0.85
v -2.24 -3.1 -0.86
v -2.16 -3.1 -0.86
v -2.16 -3.1 -0.85
v -2.149581 -3.100912 -0.85
v -2.149581 -3.100912 -0.86
v -2.139479 -3.103619 -0.85
v -2.139479 -3.103619 -0.86
v -2.13 -3.108039 -0.85
v -2.13 -3.108039 -0.86
v -2.121433 -3.114038 -0.85
v -2.121433 -3.114038 -0.86
v -2.114037 -3.121433 -0.85
v -2.114037 -3.121433 -0.86
v -2.108038 -3.13 -0.85
v -2.108038 -3.13 -0.86
v -2.103618 -3.139479 -0.85
v -2.103618 -3.139479 -0.86
v -2.100911 -3.149581 -0.85
v -2.100911 -3.149581 -0.86
v -2.1 -3.16 -0.85
v -2.1 -3.16 -0.86
v -2.1 -3.5 -0.86
v -2.1 -3.5 -0.85
v -2.3 -3.5 -0.86
v -2.3 -3.5 -0.85
v -1.7 3.5 -0.86
v -1.9 3.5 -0.86
v -1.7 3.5 -0.85
v -1.9 3.5 -0.85
v -1.7 3.16 -0.86
v -1.7 3.16 -0.85
v -1.700912 3.149581 -0.85
v -1.700912 3.149581 -0.86
v -1.703618 3.139479 -0.85
v -1.703618 3.139479 -0.86
v -1.708038 3.13 -0.85
v -1.708038 3.13 -0.86
v -1.714037 3.121433 -0.85
v -1.714037 3.121433 -0.86
v -1.721433 3.114038 -0.85
v -1.721433 3.114038 -0.86
v -1.73 3.108039 -0.85
v -1.73 3.108039 -0.86
v -1.739479 3.103619 -0.85
v -1.739479 3.103619 -0.86
v -1.749581 3.100912 -0.85
v -1.749581 3.100912 -0.86
v -1.76 3.1 -0.85
v -1.76 3.1 -0.86
v -1.84 3.1 -0.86
v -1.84 3.1 -0.85
v -1.850419 3.100912 -0.85
v -1.850419 3.100912 -0.86
v -1.860521 3.103619 -0.85
v -1.860521 3.103619 -0.86
v -1.87 3.108039 -0.85
v -1.87 3.108039 -0.86
v -1.878567 3.114038 -0.85
v -1.878567 3.114038 -0.86
v -1.885963 3.121433 -0.85
v -1.885963 3.121433 -0.86
v -1.891962 3.13 -0.85
v -1.891962 3.13 -0.86
v -1.896382 3.139479 -0.85
v -1.896382 3.139479 -0.86
v -1.899089 3.149581 -0.85
v -1.899089 3.149581 -0.86
v -1.9 3.16 -0.85
v -1.9 3.16 -0.86
v -1.9 -3.16 -0.86
v -1.9 -3.16 -0.85
v -1.899089 -3.149581 -0.85
v -1.899089 -3.149581 -0.86
v -1.896382 -3.139479 -0.85
v -1.896382 -3.139479 -0.86
v -1.891962 -3.13 -0.85
v -1.891962 -3.13 -0.86
v -1.885963 -3.121433 -0.85
v -1.885963 -3.121433 -0.86
v -1.878567 -3.114038 -0.85
v -1.878567 -3.114038 -0.86
v -1.87 -3.108039 -0.85
v -1.87 -3.108039 -0.86
v -1.860521 -3.103619 -0.85
v -1.860521 -3.103619 -0.86
v -1.850419 -3.100912 -0.85
v -1.850419 -3.100912 -0.86
v -1.84 -3.1 -0.85
v -1.84 -3.1 -0.86
v -1.76 -3.1 -0.86
v -1.76 -3.1 -0.85
v -1.749581 -3.100912 -0.85
v -1.749581 -3.100912 -0.86
v -1.739479 -3.103619 -0.85
v -1.739479 -3.103619 -0.86
v -1.73 -3.108039 -0.85
v -1.73 -3.108039 -0.86
v -1.721433 -3.114038 -0.85
v -1.721433 -3.114038 -0.86
v -1.714037 -3.121433 -0.85
v -1.714037 -3.121433 -0.86
v -1.708038 -3.13 -0.85
v -1.708038 -3.13 -0.86
v -1.703618 -3.139479 -0.85
v -1.703618 -3.139479 -0.86
v -1.700912 -3.149581 -0.85
v -1.700912 -3.149581 -0.86
v -1.7 -3.16 -0.85
v -1.7 -3.16 -0.86
v -1.7 -3.5 -0.86
v -1.7 -3.5 -0.85
v -1.9 -3.5 -0.86
v -1.9 -3.5 -0.85
v -1.3 3.5 -0.86
v -1.5 3.5 -0.86
v -1.3 3.5 -0.85
v -1.5 3.5 -0.85
v -1.3 3.16 -0.86
v -1.3 3.16 -0.85
v -1.300912 3.149581 -0.85
v -1.300912 3.149581 -0.86
v -1.303618 3.139479 -0.85
v -1.303618 3.139479 -0.86
v -1.308038 3.13 -0.85
v -1.308038 3.13 -0.86
v -1.314037 3.121433 -0.85
v -1.314037 3.121433 -0.86
v -1.321433 3.114038 -0.85
v -1.321433 3.114038 -0.86
v -1.33 3.108039 -0.85
v -1.33 3.108039 -0.86
v -1.339479 3.103619 -0.85
v -1.339479 3.103619 -0.86
v -1.349581 3.100912 -0.85
v -1.349581 3.100912 -0.86
v -1.36 3.1 -0.85
v -1.36 3.1 -0.86
v -1.44 3.1 -0.86
v -1.44 3.1 -0.85
v -1.450419 3.100912 -0.85
v -1.450419 3.100912 -0.86
v -1.460521 3.103619 -0.85
v -1.460521 3.103619 -0.86
v -1.47 3.108039 -0.85
v -1.47 3.108039 -0.86
v -1.478567 3.114038 -0.85
v -1.478567 3.114038 -0.86
v -1.485963 3.121433 -0.85
v -1.485963 3.121433 -0.86
v -1.491961 3.13 -0.85
v -1.491961 3.13 -0.86
v -1.496382 3.139479 -0.85
v -1.496382 3.139479 -0.86
v -1.499089 3.149581 -0.85
v -1.499089 3.149581 -0.86
v -1.5 3.16 -0.85
v -1.5 3.16 -0.86
v -1.5 -3.16 -0.86
v -1.5 -3.16 -0.85
v -1.499089 -3.149581 -0.85
v -1.499089 -3.149581 -0.86
v -1.496382 -3.139479 -0.85
v -1.496382 -3.139479 -0.86
v -1.491961 -3.13 -0.85
v -1.491961 -3.13 -0.86
v -1.485963 -3.121433 -0.85
v -1.485963 -3.121433 -0.86
v -1.478567 -3.114038 -0.85
v -1.478567 -3.114038 -0.86
v -1.47 -3.108039 -0.85
v -1.47 -3.108039 -0.86
v -1.460521 -3.103619 -0.85
v -1.460521 -3.103619 -0.86
v -1.450419 -3.100912 -0.85
v -1.450419 -3.100912 -0.86
v -1.44 -3.1 -0.85
v -1.44 -3.1 -0.86
v -1.36 -3.1 -0.86
v -1.36 -3.1 -0.85
v -1.349581 -3.100912 -0.85
v -1.349581 -3.100912 -0.86
v -1.339479 -3.103619 -0.85
v -1.339479 -3.103619 -0.86
v -1.33 -3.108039 -0.85
v -1.33 -3.108039 -0.86
v -1.321433 -3.114038 -0.85
v -1.321433 -3.114038 -0.86
v -1.314037 -3.121433 -0.85
v -1.314037 -3.121433 -0.86
v -1.308038 -3.13 -0.85
v -1.308038 -3.13 -0.86
v -1.303618 -3.139479 -0.85
v -1.303618 -3.139479 -0.86
v -1.300912 -3.149581 -0.85
v -1.300912 -3.149581 -0.86
v -1.3 -3.16 -0.85
v -1.3 -3.16 -0.86
v -1.3 -3.5 -0.86
v -1.3 -3.5 -0.85
v -1.5 -3.5 -0.86
v -1.5 -3.5 -0.85
v -0.9 3.5 -0.86
v -1.1 3.5 -0.86
v -0.9 3.5 -0.85
v -1.1 3.5 -0.85
v -0.9 3.16 -0.86
v -0.9 3.16 -0.85
v -0.900912 3.149581 -0.85
v -0.900912 3.149581 -0.86
v -0.903618 3.139479 -0.85
v -0.903618 3.139479 -0.86
v -0.908038 3.13 -0.85
v -0.908038 3.13 -0.86
v -0.914037 3.121433 -0.85
v -0.914037 3.121433 -0.86
v -0.921433 3.114038 -0.85
v -0.921433 3.114038 -0.86
v -0.93 3.108039 -0.85
v -0.93 3.108039 -0.86
v -0.939479 3.103619 -0.85
v -0.939479 3.103619 -0.86
v -0.949581 3.100912 -0.85
v -0.949581 3.100912 -0.86
v -0.96 3.1 -0.85
v -0.96 3.1 -0.86
v -1.04 3.1 -0.86
v -1.04 3.1 -0.85
v -1.050419 3.100912 -0.85
v -1.050419 3.100912 -0.86
v -1.060521 3.103619 -0.85
v -1.060521 3.103619 -0.86
v -1.07 3.108039 -0.85
v -1.07 3.108039 -0.86
v -1.078567 3.114038 -0.85
v -1.078567 3.114038 -0.86
v -1.085963 3.121433 -0.85
v -1.085963 3.121433 -0.86
v -1.091962 3.13 -0.85
v -1.091962 3.13 -0.86
v -1.096382 3.139479 -0.85
v -1.096382 3.139479 -0.86
v -1.099088 3.149581 -0.85
v -1.099088 3.149581 -0.86
v -1.1 3.16 -0.85
v -1.1 3.16 -0.86
v -1.1 -3.16 -0.86
v -1.1 -3.16 -0.85
v -1.099088 -3.149581 -0.85
v -1.099088 -3.149581 -0.86
v -1.096382 -3.139479 -0.85
v -1.096382 -3.139479 -0.86
v -1.091962 -3.13 -0.85
v -1.091962 -3.13 -0.86
v -1.085963 -3.121433 -0.85
v -1.085963 -3.121433 -0.86
v -1.078567 -3.114038 -0.85
v -1.078567 -3.114038 -0.86
v -1.07 -3.108039 -0.85
v -1.07 -3.108039 -0.86
v -1.060521 -3.103619 -0.85
v -1.060521 -3.103619 -0.86
v -1.050419 -3.100912 -0.85
v -1.050419 -3.100912 -0.86
v -1.04 -3.1 -0.85
v -1.04 -3.1 -0.86
v -0.96 -3.1 -0.86
v -0.96 -3.1 -0.85
v -0.949581 -3.100912 -0.85
v -0.949581 -3.100912 -0.86
v -0.939479 -3.103619 -0.85
v -0.939479 -3.103619 -0.86
v -0.93 -3.108039 -0.85
v -0.93 -3.108039 -0.86
v -0.921433 -3.114038 -0.85
v -0.921433 -3.114038 -0.86
v -0.914037 -3.121433 -0.85
v -0.914037 -3.121433 -0.86
v -0.908038 -3.13 -0.85
v -0.908038 -3.13 -0.86
v -0.903618 -3.139479 -0.85
v -0.903618 -3.139479 -0.86
v -0.900912 -3.149581 -0.85
v -0.900912 -3.149581 -0.86
v -0.9 -3.16 -0.85
v -0.9 -3.16 -0.86
v -0.9 -3.5 -0.86
v -0.9 -3.5 -0.85
v -1.1 -3.5 -0.86
v -1.1 -3.5 -0.85
v -0.5 3.5 -0.86
v -0.7 3.5 -0.86
v -0.5 3.5 -0.85
v -0.7 3.5 -0.85
v -0.5 3.16 -0.86
v -0.5 3.16 -0.85
v -0.500912 3.149581 -0.85
v -0.500912 3.149581 -0.86
v -0.503618 3.139479 -0.85
v -0.503618 3.139479 -0.86
v -0.508039 3.13 -0.85
v -0.508039 3.13 -0.86
v -0.514037 3.121433 -0.85
v -0.514037 3.121433 -0.86
v -0.521433 3.114038 -0.85
v -0.521433 3.114038 -0.86
v -0.53 3.108039 -0.85
v -0.53 3.108039 -0.86
v -0.539479 3.103619 -0.85
v -0.539479 3.103619 -0.86
v -0.549581 3.100912 -0.85
v -0.549581 3.100912 -0.86
v -0.56 3.1 -0.85
v -0.56 3.1 -0.86
v -0.64 3.1 -0.86
v -0.64 3.1 -0.85
v -0.650419 3.100912 -0.85
v -0.650419 3.100912 -0.86
v -0.660521 3.103619 -0.85
v -0.660521 3.103619 -0.86
v -0.67 3.108039 -0.85
v -0.67 3.108039 -0.86
v -0.678567 3.114038 -0.85
v -0.678567 3.114038 -0.86
v -0.685963 3.121433 -0.85
v -0.685963 3.121433 -0.86
v -0.691962 3.13 -0.85
v -0.691962 3.13 -0.86
v -0.696382 3.139479 -0.85
v -0.696382 3.139479 -0.86
v -0.699088 3.149581 -0.85
v -0.699088 3.149581 -0.86
v -0.7 3.16 -0.85
v -0.7 3.16 -0.86
v -0.7 -3.16 -0.86
v -0.7 -3.16 -0.85
v -0.699088 -3.149581 -0.85
v -0.699088 -3.149581 -0.86
v -0.696382 -3.139479 -0.85
v -0.696382 -3.139479 -0.86
v -0.691962 -3.13 -0.85
v -0.691962 -3.13 -0.86
v -0.685963 -3.121433 -0.85
v -0.685963 -3.121433 -0.86
v -0.678567 -3.114038 -0.85
v -0.678567 -3.114038 -0.86
v -0.67 -3.108039 -0.85
v -0.67 -3.108039 -0.86
v -0.660521 -3.103619 -0.85
v -0.660521 -3.103619 -0.86
v -0.650419 -3.100912 -0.85
v -0.650419 -3.100912 -0.86
v -0.64 -3.1 -0.85
v -0.64 -3.1 -0.86
v -0.56 -3.1 -0.86
v -0.56 -3.1 -0.85
v -0.549581 -3.100912 -0.85
v -0.549581 -3.100912 -0.86
v -0.539479 -3.103619 -0.85
v -0.539479 -3.103619 -0.86
v -0.53 -3.108039 -0.85
v -0.53 -3.108039 -0.86
v -0.521433 -3.114038 -0.85
v -0.521433 -3.114038 -0.86
v -0.514037 -3.121433 -0.85
v -0.514037 -3.121433 -0.86
v -0.508039 -3.13 -0.85
v -0.508039 -3.13 -0.86
v -0.503618 -3.139479 -0.85
v -0.503618 -3.139479 -0.86
v -0.500912 -3.149581 -0.85
v -0.500912 -3.149581 -0.86
v -0.5 -3.16 -0.85
v -0.5 -3.16 -0.86
v -0.5 -3.5 -0.86
v -0.5 -3.5 -0.85
v -0.7 -3.5 -0.86
v -0.7 -3.5 -0.85
v -0.1 3.5 -0.86
v -0.3 3.5 -0.86
v -0.1 3.5 -0.85
v -0.3 3.5 -0.85
v -0.1 3.16 -0.86
v -0.1 3.16 -0.85
v -0.100912 3.149581 -0.85
v -0.100912 3.149581 -0.86
v -0.103618 3.139479 -0.85
v -0.103618 3.139479 -0.86
v -0.108038 3.13 -0.85
v -0.108038 3.13 -0.86
v -0.114037 3.121433 -0.85
v -0.114037 3.121433 -0.86
v -0.121433 3.114038 -0.85
v -0.121433 3.114038 -0.86
v -0.13 3.108039 -0.85
v -0.13 3.108039 -0.86
v -0.139479 3.103619 -0.85
v -0.139479 3.103619 -0.86
v -0.149581 3.100912 -0.85
v -0.149581 3.100912 -0.86
v -0.16 3.1 -0.85
v -0.16 3.1 -0.86
v -0.24 3.1 -0.86
v -0.24 3.1 -0.85
v -0.250419 3.100912 -0.85
v -0.250419 3.100912 -0.86
v -0.260521 3.103619 -0.85
v -0.260521 3.103619 -0.86
v -0.27 3.108039 -0.85
v -0.27 3.108039 -0.86
v -0.278567 3.114038 -0.85
v -0.278567 3.114038 -0.86
v -0.285963 3.121433 -0.85
v -0.285963 3.121433 -0.86
v -0.291962 3.13 -0.85
v -0.291962 3.13 -0.86
v -0.296382 3.139479 -0.85
v -0.296382 3.139479 -0.86
v -0.299088 3.149581 -0.85
v -0.299088 3.149581 -0.86
v -0.3 3.16 -0.85
v -0.3 3.16 -0.86
v -0.3 -3.16 -0.86
v -0.3 -3.16 -0.85
v -0.299088 -3.149581 -0.85
v -0.299088 -3.149581 -0.86
v -0.296382 -3.139479 -0.85
v -0.296382 -3.139479 -0.86
v -0.291962 -3.13 -0.85
v -0.291962 -3.13 -0.86
v -0.285963 -3.121433 -0.85
v -0.285963 -3.121433 -0.86
v -0.278567 -3.114038 -0.85
v -0.278567 -3.114038 -0.86
v -0.27 -3.108039 -0.85
v -0.27 -3.108039 -0.86
v -0.260521 -3.103619 -0.85
v -0.260521 -3.103619 -0.86
v -0.250419 -3.100912 -0.85
v -0.250419 -3.100912 -0.86
v -0.24 -3.1 -0.85
v -0.24 -3.1 -0.86
v -0.16 -3.1 -0.86
v -0.16 -3.1 -0.85
v -0.149581 -3.100912 -0.85
v -0.149581 -3.100912 -0.86
v -0.139479 -3.103619 -0.85
v -0.139479 -3.103619 -0.86
v -0.13 -3.108039 -0.85
v -0.13 -3.108039 -0.86
v -0.121433 -3.114038 -0.85
v -0.121433 -3.114038 -0.86
v -0.114037 -3.121433 -0.85
v -0.114037 -3.121433 -0.86
v -0.108038 -3.13 -0.85
v -0.108038 -3.13 -0.86
v -0.103618 -3.139479 -0.85
v -0.103618 -3.139479 -0.86
v -0.100912 -3.149581 -0.85
v -0.100912 -3.149581 -0.86
v -0.1 -3.16 -0.85
v -0.1 -3.16 -0.86
v -0.1 -3.5 -0.86
v -0.1 -3.5 -0.85
v -0.3 -3.5 -0.86
v -0.3 -3.5 -0.85
v 0.3 3.5 -0.86
v 0.1 3.5 -0.86
v 0.3 3.5 -0.85
v 0.1 3.5 -0.85
v 0.3 3.16 -0.86
v 0.3 3.16 -0.85
v 0.299088 3.149581 -0.85
v 0.299088 3.149581 -0.86
v 0.296382 3.139479 -0.85
v 0.296382 3.139479 -0.86
v 0.291962 3.13 -0.85
v 0.291962 3.13 -0.86
v 0.285963 3.121433 -0.85
v 0.285963 3.121433 -0.86
v 0.278567 3.114038 -0.85
v 0.278567 3.114038 -0.86
v 0.27 3.108039 -0.85
v 0.27 3.108039 -0.86
v 0.260521 3.103619 -0.85
v 0.260521 3.103619 -0.86
v 0.250419 3.100912 -0.85
v 0.250419 3.100912 -0.86
v 0.24 3.1 -0.85
v 0.24 3.1 -0.86
v 0.16 3.1 -0.86
v 0.16 3.1 -0.85
v 0.149581 3.100912 -0.85
v 0.149581 3.100912 -0.86
v 0.139479 3.103619 -0.85
v 0.139479 3.103619 -0.86
v 0.13 3.108039 -0.85
v 0.13 3.108039 -0.86
v 0.121433 3.114038 -0.85
v 0.121433 3.114038 -0.86
v 0.114037 3.121433 -0.85
v 0.114037 3.121433 -0.86
v 0.108038 3.13 -0.85
v 0.108038 3.13 -0.86
v 0.103618 3.139479 -0.85
v 0.103618 3.139479 -0.86
v 0.100912 3.149581 -0.85
v 0.100912 3.149581 -0.86
v 0.1 3.16 -0.85
v 0.1 3.16 -0.86
v 0.1 -3.16 -0.86
v 0.1 -3.16 -0.85
v 0.100912 -3.149581 -0.85
v 0.100912 -3.149581 -0.86
v 0.103618 -3.139479 -0.85
v 0.103618 -3.139479 -0.86
v 0.108038 -3.13 -0.85
v 0.108038 -3.13 -0.86
v 0.114037 -3.121433 -0.85
v 0.114037 -3.121433 -0.86
v 0.121433 -3.114038 -0.85
v 0.121433 -3.114038 -0.86
v 0.13 -3.108039 -0.85
v 0.13 -3.108039 -0.86
v 0.139479 -3.103619 -0.85
v 0.139479 -3.103619 -0.86
v 0.149581 -3.100912 -0.85
v 0.149581 -3.100912 -0.86
v 0.16 -3.1 -0.85
v 0.16 -3.1 -0.86
v 0.24 -3.1 -0.86
v 0.24 -3.1 -0.85
v 0.250419 -3.100912 -0.85
v 0.250419 -3.100912 -0.86
v 0.260521 -3.103619 -0.85
v 0.260521 -3.103619 -0.86
v 0.27 -3.108039 -0.85
v 0.27 -3.108039 -0.86
v 0.278567 -3.114038 -0.85
v 0.278567 -3.114038 -0.86
v 0.285963 -3.121433 -0.85
v 0.285963 -3.121433 -0.86
v 0.291962 -3.13 -0.85
v 0.291962 -3.13 -0.86
v 0.296382 -3.139479 -0.85
v 0.296382 -3.139479 -0.86
v 0.299088 -3.149581 -0.85
v 0.299088 -3.149581 -0.86
v 0.3 -3.16 -0.85
v 0.3 -3.16 -0.86
v 0.3 -3.5 -0.86
v 0.3 -3.5 -0.85
v 0.1 -3.5 -0.86
v 0.1 -3.5 -0.85
v 0.7 3.5 -0.86
v 0.5 3.5 -0.86
v 0.7 3.5 -0.85
v 0.5 3.5 -0.85
v 0.7 3.16 -0.86
v 0.7 3.16 -0.85
v 0.699088 3.149581 -0.85
v 0.699088 3.149581 -0.86
v 0.696382 3.139479 -0.85
v 0.696382 3.139479 -0.86
v 0.691962 3.13 -0.85
v 0.691962 3.13 -0.86
v 0.685963 3.121433 -0.85
v 0.685963 3.121433 -0.86
v 0.678567 3.114038 -0.85
v 0.678567 3.114038 -0.86
v 0.67 3.108039 -0.85
v 0.67 3.108039 -0.86
v 0.660521 3.103619 -0.85
v 0.660521 3.103619 -0.86
v 0.650419 3.100912 -0.85
v 0.650419 3.100912 -0.86
v 0.64 3.1 -0.85
v 0.64 3.1 -0.86
v 0.56 3.1 -0.86
v 0.56 3.1 -0.85
v 0.549581 3.100912 -0.85
v 0.549581 3.100912 -0.86
v 0.539479 3.103619 -0.85
v 0.539479 3.103619 -0.86
v 0.53 3.108039 -0.85
v 0.53 3.108039 -0.86
v 0.521433 3.114038 -0.85
v 0.521433 3.114038 -0.86
v 0.514037 3.121433 -0.85
v 0.514037 3.121433 -0.86
v 0.508039 3.13 -0.85
v 0.508039 3.13 -0.86
v 0.503618 3.139479 -0.85
v 0.503618 3.139479 -0.86
v 0.500912 3.149581 -0.85
v 0.500912 3.149581 -0.86
v 0.5 3.16 -0.85
v 0.5 3.16 -0.86
v 0.5 -3.16 -0.86
v 0.5 -3.16 -0.85
v 0.500912 -3.149581 -0.85
v 0.500912 -3.149581 -0.86
v 0.503618 -3.139479 -0.85
v 0.503618 -3.139479 -0.86
v 0.508039 -3.13 -0.85
v 0.508039 -3.13 -0.86
v 0.514037 -3.121433 -0.85
v 0.514037 -3.121433 -0.86
v 0.521433 -3.114038 -0.85
v 0.521433 -3.114038 -0.86
v 0.53 -3.108039 -0.85
v 0.53 -3.108039 -0.86
v 0.539479 -3.103619 -0.85
v 0.539479 -3.103619 -0.86
v 0.549581 -3.100912 -0.85
v 0.549581 -3.100912 -0.86
v 0.56 -3.1 -0.85
v 0.56 -3.1 -0.86
v 0.64 -3.1 -0.86
v 0.64 -3.1 -0.85
v 0.650419 -3.100912 -0.85
v 0.650419 -3.100912 -0.86
v 0.660521 -3.103619 -0.85
v 0.660521 -3.103619 -0.86
v 0.67 -3.108039 -0.85
v 0.67 -3.108039 -0.86
v 0.678567 -3.114038 -0.85
v 0.678567 -3.114038 -0.86
v 0.685963 -3.121433 -0.85
v 0.685963 -3.121433 -0.86
v 0.691962 -3.13 -0.85
v 0.691962 -3.13 -0.86
v 0.696382 -3.139479 -0.85
v 0.696382 -3.139479 -0.86
v 0.699088 -3.149581 -0.85
v 0.699088 -3.149581 -0.86
v 0.7 -3.16 -0.85
v 0.7 -3.16 -0.86
v 0.7 -3.5 -0.86
v 0.7 -3.5 -0.85
v 0.5 -3.5 -0.86
v 0.5 -3.5 -0.85
v 1.1 3.5 -0.86
v 0.9 3.5 -0.86
v 1.1 3.5 -0.85
v 0.9 3.5 -0.85
v 1.1 3.16 -0.86
v 1.1 3.16 -0.85
v 1.099088 3.149581 -0.85
v 1.099088 3.149581 -0.86
v 1.096382 3.139479 -0.85
v 1.096382 3.139479 -0.86
v 1.091962 3.13 -0.85
v 1.091962 3.13 -0.86
v 1.085963 3.121433 -0.85
v 1.085963 3.121433 -0.86
v 1.078567 3.114038 -0.85
v 1.078567 3.114038 -0.86
v 1.07 3.108039 -0.85
v 1.07 3.108039 -0.86
v 1.060521 3.103619 -0.85
v 1.060521 3.103619 -0.86
v 1.050419 3.100912 -0.85
v 1.050419 3.100912 -0.86
v 1.04 3.1 -0.85
v 1.04 3.1 -0.86
v 0.96 3.1 -0.86
v 0.96 3.1 -0.85
v 0.949581 3.100912 -0.85
v 0.949581 3.100912 -0.86
v 0.939479 3.103619 -0.85
v 0.939479 3.103619 -0.86
v 0.93 3.108039 -0.85
v 0.93 3.108039 -0.86
v 0.921433 3.114038 -0.85
v 0.921433 3.114038 -0.86
v 0.914037 3.121433 -0.85
v 0.914037 3.121433 -0.86
v 0.908038 3.13 -0.85
v 0.908038 3.13 -0.86
v 0.903618 3.139479 -0.85
v 0.903618 3.139479 -0.86
v 0.900912 3.149581 -0.85
v 0.900912 3.149581 -0.86
v 0.9 3.16 -0.85
v 0.9 3.16 -0.86
v 0.9 -3.16 -0.86
v 0.9 -3.16 -0.85
v 0.900912 -3.149581 -0.85
v 0.900912 -3.149581 -0.86
v 0.903618 -3.139479 -0.85
v 0.903618 -3.139479 -0.86
v 0.908038 -3.13 -0.85
v 0.908038 -3.13 -0.86
v 0.914037 -3.121433 -0.85
v 0.914037 -3.121433 -0.86
v 0.921433 -3.114038 -0.85
v 0.921433 -3.114038 -0.86
v 0.93 -3.108039 -0.85
v 0.93 -3.108039 -0.86
v 0.939479 -3.103619 -0.85
v 0.939479 -3.103619 -0.86
v 0.949581 -3.100912 -0.85
v 0.949581 -3.100912 -0.86
v 0.96 -3.1 -0.85
v 0.96 -3.1 -0.86
v 1.04 -3.1 -0.86
v 1.04 -3.1 -0.85
v 1.050419 -3.100912 -0.85
v 1.050419 -3.100912 -0.86
v 1.060521 -3.103619 -0.85
v 1.060521 -3.103619 -0.86
v 1.07 -3.108039 -0.85
v 1.07 -3.108039 -0.86
v 1.078567 -3.114038 -0.85
v 1.078567 -3.114038 -0.86
v 1.085963 -3.121433 -0.85
v 1.085963 -3.121433 -0.86
v 1.091962 -3.13 -0.85
v 1.091962 -3.13 -0.86
v 1.096382 -3.139479 -0.85
v 1.096382 -3.139479 -0.86
v 1.099088 -3.149581 -0.85
v 1.099088 -3.149581 -0.86
v 1.1 -3.16 -0.85
v 1.1 -3.16 -0.86
v 1.1 -3.5 -0.86
v 1.1 -3.5 -0.85
v 0.9 -3.5 -0.86
v 0.9 -3.5 -0.85
v 1.5 3.5 -0.86
v 1.3 3.5 -0.86
v 1.5 3.5 -0.85
v 1.3 3.5 -0.85
v 1.5 3.16 -0.86
v 1.5 3.16 -0.85
v 1.499089 3.149581 -0.85
v 1.499089 3.149581 -0.86
v 1.496382 3.139479 -0.85
v 1.496382 3.139479 -0.86
v 1.491961 3.13 -0.85
v 1.491961 3.13 -0.86
v 1.485963 3.121433 -0.85
v 1.485963 3.121433 -0.86
v 1.478567 3.114038 -0.85
v 1.478567 3.114038 -0.86
v 1.47 3.108039 -0.85
v 1.47 3.108039 -0.86
v 1.460521 3.103619 -0.85
v 1.460521 3.103619 -0.86
v 1.450419 3.100912 -0.85
v 1.450419 3.100912 -0.86
v 1.44 3.1 -0.85
v 1.44 3.1 -0.86
v 1.36 3.1 -0.86
v 1.36 3.1 -0.85
v 1.349581 3.100912 -0.85
v 1.349581 3.100912 -0.86
v 1.339479 3.103619 -0.85
v 1.339479 3.103619 -0.86
v 1.33 3.108039 -0.85
v 1.33 3.108039 -0.86
v 1.321433 3.114038 -0.85
v 1.321433 3.114038 -0.86
v 1.314037 3.121433 -0.85
v 1.314037 3.121433 -0.86
v 1.308038 3.13 -0.85
v 1.308038 3.13 -0.86
v 1.303618 3.139479 -0.85
v 1.303618 3.139479 -0.86
v 1.300912 3.149581 -0.85
v 1.300912 3.149581 -0.86
v 1.3 3.16 -0.85
v 1.3 3.16 -0.86
v 1.3 -3.16 -0.86
v 1.3 -3.16 -0.85
v 1.300912 -3.149581 -0.85
v 1.300912 -3.149581 -0.86
v 1.303618 -3.139479 -0.85
v 1.303618 -3.139479 -0.86
v 1.308038 -3.13 -0.85
v 1.308038 -3.13 -0.86
v 1.314037 -3.121433 -0.85
v 1.314037 -3.121433 -0.86
v 1.321433 -3.114038 -0.85
v 1.321433 -3.114038 -0.86
v 1.33 -3.108039 -0.85
v 1.33 -3.108039 -0.86
v 1.339479 -3.103619 -0.85
v 1.339479 -3.103619 -0.86
v 1.349581 -3.100912 -0.85
v 1.349581 -3.100912 -0.86
v 1.36 -3.1 -0.85
v 1.36 -3.1 -0.86
v 1.44 -3.1 -0.86
v 1.44 -3.1 -0.85
v 1.450419 -3.100912 -0.85
v 1.450419 -3.100912 -0.86
v 1.460521 -3.103619 -0.85
v 1.460521 -3.103619 -0.86
v 1.47 -3.108039 -0.85
v 1.47 -3.108039 -0.86
v 1.478567 -3.114038 -0.85
v 1.478567 -3.114038 -0.86
v 1.485963 -3.121433 -0.85
v 1.485963 -3.121433 -0.86
v 1.491961 -3.13 -0.85
v 1.491961 -3.13 -0.86
v 1.496382 -3.139479 -0.85
v 1.496382 -3.139479 -0.86
v 1.499089 -3.149581 -0.85
v 1.499089 -3.149581 -0.86
v 1.5 -3.16 -0.85
v 1.5 -3.16 -0.86
v 1.5 -3.5 -0.86
v 1.5 -3.5 -0.85
v 1.3 -3.5 -0.86
v 1.3 -3.5 -0.85
v 1.9 3.5 -0.86
v 1.7 3.5 -0.86
v 1.9 3.5 -0.85
v 1.7 3.5 -0.85
v 1.9 3.16 -0.86
v 1.9 3.16 -0.85
v 1.899089 3.149581 -0.85
v 1.899089 3.149581 -0.86
v 1.896382 3.139479 -0.85
v 1.896382 3.139479 -0.86
v 1.891962 3.13 -0.85
v 1.891962 3.13 -0.86
v 1.885963 3.121433 -0.85
v 1.885963 3.121433 -0.86
v 1.878567 3.114038 -0.85
v 1.878567 3.114038 -0.86
v 1.87 3.108039 -0.85
v 1.87 3.108039 -0.86
v 1.860521 3.103619 -0.85
v 1.860521 3.103619 -0.86
v 1.850419 3.100912 -0.85
v 1.850419 3.100912 -0.86
v 1.84 3.1 -0.85
v 1.84 3.1 -0.86
v 1.76 3.1 -0.86
v 1.76 3.1 -0.85
v 1.749581 3.100912 -0.85
v 1.749581 3.100912 -0.86
v 1.739479 3.103619 -0.85
v 1.739479 3.103619 -0.86
v 1.73 3.108039 -0.85
v 1.73 3.108039 -0.86
v 1.721433 3.114038 -0.85
v 1.721433 3.114038 -0.86
v 1.714037 3.121433 -0.85
v 1.714037 3.121433 -0.86
v 1.708038 3.13 -0.85
v 1.708038 3.13 -0.86
v 1.703618 3.139479 -0.85
v 1.703618 3.139479 -0.86
v 1.700912 3.149581 -0.85
v 1.700912 3.149581 -0.86
v 1.7 3.16 -0.85
v 1.7 3.16 -0.86
v 1.7 -3.16 -0.86
v 1.7 -3.16 -0.85
v 1.700912 -3.149581 -0.85
v 1.700912 -3.149581 -0.86
v 1.703618 -3.139479 -0.85
v 1.703618 -3.139479 -0.86
v 1.708038 -3.13 -0.85
v 1.708038 -3.13 -0.86
v 1.714037 -3.121433 -0.85
v 1.714037 -3.121433 -0.86
v 1.721433 -3.114038 -0.85
v 1.721433 -3.114038 -0.86
v 1.73 -3.108039 -0.85
v 1.73 -3.108039 -0.86
v 1.739479 -3.103619 -0.85
v 1.739479 -3.103619 -0.86
v 1.749581 -3.100912 -0.85
v 1.749581 -3.100912 -0.86
v 1.76 -3.1 -0.85
v 1.76 -3.1 -0.86
v 1.84 -3.1 -0.86
v 1.84 -3.1 -0.85
v 1.850419 -3.100912 -0.85
v 1.850419 -3.100912 -0.86
v 1.860521 -3.103619 -0.85
v 1.860521 -3.103619 -0.86
v 1.87 -3.108039 -0.85
v 1.87 -3.108039 -0.86
v 1.878567 -3.114038 -0.85
v 1.878567 -3.114038 -0.86
v 1.885963 -3.121433 -0.85
v 1.885963 -3.121433 -0.86
v 1.891962 -3.13 -0.85
v 1.891962 -3.13 -0.86
v 1.896382 -3.139479 -0.85
v 1.896382 -3.139479 -0.86
v 1.899089 -3.149581 -0.85
v 1.899089 -3.149581 -0.86
v 1.9 -3.16 -0.85
v 1.9 -3.16 -0.86
v 1.9 -3.5 -0.86
v 1.9 -3.5 -0.85
v 1.7 -3.5 -0.86
v 1.7 -3.5 -0.85
v 2.3 3.5 -0.86
v 2.1 3.5 -0.86
v 2.3 3.5 -0.85
v 2.1 3.5 -0.85
v 2.3 3.16 -0.86
v 2.3 3.16 -0.85
v 2.299088 3.149581 -0.85
v 2.299088 3.149581 -0.86
v 2.296382 3.139479 -0.85
v 2.296382 3.139479 -0.86
v 2.291962 3.13 -0.85
v 2.291962 3.13 -0.86
v 2.285963 3.121433 -0.85
v 2.285963 3.121433 -0.86
v 2.278567 3.114038 -0.85
v 2.278567 3.114038 -0.86
v 2.27 3.108039 -0.85
v 2.27 3.108039 -0.86
v 2.260521 3.103619 -0.85
v 2.260521 3.103619 -0.86
v 2.250419 3.100912 -0.85
v 2.250419 3.100912 -0.86
v 2.24 3.1 -0.85
v 2.24 3.1 -0.86
v 2.16 3.1 -0.86
v 2.16 3.1 -0.85
v 2.149581 3.100912 -0.85
v 2.149581 3.100912 -0.86
v 2.139479 3.103619 -0.85
v 2.139479 3.103619 -0.86
v 2.13 3.108039 -0.85
v 2.13 3.108039 -0.86
v 2.121433 3.114038 -0.85
v 2.121433 3.114038 -0.86
v 2.114037 3.121433 -0.85
v 2.114037 3.121433 -0.86
v 2.108038 3.13 -0.85
v 2.108038 3.13 -0.86
v 2.103618 3.139479 -0.85
v 2.103618 3.139479 -0.86
v 2.100911 3.149581 -0.85
v 2.100911 3.149581 -0.86
v 2.1 3.16 -0.85
v 2.1 3.16 -0.86
v 2.1 -3.16 -0.86
v 2.1 -3.16 -0.85
v 2.100911 -3.149581 -0.85
v 2.100911 -3.149581 -0.86
v 2.103618 -3.139479 -0.85
v 2.103618 -3.139479 -0.86
v 2.108038 -3.13 -0.85
v 2.108038 -3.13 -0.86
v 2.114037 -3.121433 -0.85
v 2.114037 -3.121433 -0.86
v 2.121433 -3.114038 -0.85
v 2.121433 -3.114038 -0.86
v 2.13 -3.108039 -0.85
v 2.13 -3.108039 -0.86
v 2.139479 -3.103619 -0.85
v 2.139479 -3.103619 -0.86
v 2.149581 -3.100912 -0.85
v 2.149581 -3.100912 -0.86
v 2.16 -3.1 -0.85
v 2.16 -3.1 -0.86
v 2.24 -3.1 -0.86
v 2.24 -3.1 -0.85
v 2.250419 -3.100912 -0.85
v 2.250419 -3.100912 -0.86
v 2.260521 -3.103619 -0.85
v 2.260521 -3.103619 -0.86
v 2.27 -3.108039 -0.85
v 2.27 -3.108039 -0.86
v 2.278567 -3.114038 -0.85
v 2.278567 -3.114038 -0.86
v 2.285963 -3.121433 -0.85
v 2.285963 -3.121433 -0.86
v 2.291962 -3.13 -0.85
v 2.291962 -3.13 -0.86
v 2.296382 -3.139479 -0.85
v 2.296382 -3.139479 -0.86
v 2.299088 -3.149581 -0.85
v 2.299088 -3.149581 -0.86
v 2.3 -3.16 -0.85
v 2.3 -3.16 -0.86
v 2.3 -3.5 -0.86
v 2.3 -3.5 -0.85
v 2.1 -3.5 -0.86
v 2.1 -3.5 -0.85
v 2.7 3.5 -0.86
v 2.5 3.5 -0.86
v 2.7 3.5 -0.85
v 2.5 3.5 -0.85
v 2.7 3.16 -0.86
v 2.7 3.16 -0.85
v 2.699089 3.149581 -0.85
v 2.699089 3.149581 -0.86
v 2.696382 3.139479 -0.85
v 2.696382 3.139479 -0.86
v 2.691962 3.13 -0.85
v 2.691962 3.13 -0.86
v 2.685963 3.121433 -0.85
v 2.685963 3.121433 -0.86
v 2.678567 3.114038 -0.85
v 2.678567 3.114038 -0.86
v 2.67 3.108039 -0.85
v 2.67 3.108039 -0.86
v 2.660521 3.103619 -0.85
v 2.660521 3.103619 -0.86
v 2.650419 3.100912 -0.85
v 2.650419 3.100912 -0.86
v 2.64 3.1 -0.85
v 2.64 3.1 -0.86
v 2.56 3.1 -0.86
v 2.56 3.1 -0.85
v 2.549581 3.100912 -0.85
v 2.549581 3.100912 -0.86
v 2.539479 3.103619 -0.85
v 2.539479 3.103619 -0.86
v 2.53 3.108039 -0.85
v 2.53 3.108039 -0.86
v 2.521433 3.114038 -0.85
v 2.521433 3.114038 -0.86
v 2.514037 3.121433 -0.85
v 2.514037 3.121433 -0.86
v 2.508039 3.13 -0.85
v 2.508039 3.13 -0.86
v 2.503618 3.139479 -0.85
v 2.503618 3.139479 -0.86
v 2.500911 3.149581 -0.85
v 2.500911 3.149581 -0.86
v 2.5 3.16 -0.85
v 2.5 3.16 -0.86
v 2.5 -3.16 -0.86
v 2.5 -3.16 -0.85
v 2.500911 -3.149581 -0.85
v 2.500911 -3.149581 -0.86
v 2.503618 -3.139479 -0.85
v 2.503618 -3.139479 -0.86
v 2.508039 -3.13 -0.85
v 2.508039 -3.13 -0.86
v 2.514037 -3.121433 -0.85
v 2.514037 -3.121433 -0.86
v 2.521433 -3.114038 -0.85
v 2.521433 -3.114038 -0.86
v 2.53 -3.108039 -0.85
v 2.53 -3.108039 -0.86
v 2.539479 -3.103619 -0.85
v 2.539479 -3.103619 -0.86
v 2.549581 -3.100912 -0.85
v 2.549581 -3.100912 -0.86
v 2.56 -3.1 -0.85
v 2.56 -3.1 -0.86
v 2.64 -3.1 -0.86
v 2.64 -3.1 -0.85
v 2.650419 -3.100912 -0.85
v 2.650419 -3.100912 -0.86
v 2.660521 -3.103619 -0.85
v 2.660521 -3.103619 -0.86
v 2.67 -3.108039 -0.85
v 2.67 -3.108039 -0.86
v 2.678567 -3.114038 -0.85
v 2.678567 -3.114038 -0.86
v 2.685963 -3.121433 -0.85
v 2.685963 -3.121433 -0.86
v 2.691962 -3.13 -0.85
v 2.691962 -3.13 -0.86
v 2.696382 -3.139479 -0.85
v 2.696382 -3.139479 -0.86
v 2.699089 -3.149581 -0.85
v 2.699089 -3.149581 -0.86
v 2.7 -3.16 -0.85
v 2.7 -3.16 -0.86
v 2.7 -3.5 -0.86
v 2.7 -3.5 -0.85
v 2.5 -3.5 -0.86
v 2.5 -3.5 -0.85
v 3.16 2.5 -0.86
v 3.16 2.5 -0.85
v 3.149581 2.500911 -0.85
v 3.149581 2.500911 -0.86
v 3.139479 2.503618 -0.85
v 3.139479 2.503618 -0.86
v 3.13 2.508039 -0.85
v 3.13 2.508039 -0.86
v 3.121433 2.514037 -0.85
v 3.121433 2.514037 -0.86
v 3.114038 2.521433 -0.85
v 3.114038 2.521433 -0.86
v 3.108039 2.53 -0.85
v 3.108039 2.53 -0.86
v 3.103619 2.539479 -0.85
v 3.103619 2.539479 -0.86
v 3.100912 2.549581 -0.85
v 3.100912 2.549581 -0.86
v 3.1 2.56 -0.85
v 3.1 2.56 -0.86
v 3.1 2.64 -0.86
v 3.1 2.64 -0.85
v 3.100912 2.650419 -0.85
v 3.100912 2.650419 -0.86
v 3.103619 2.660521 -0.85
v 3.103619 2.660521 -0.86
v 3.108039 2.67 -0.85
v 3.108039 2.67 -0.86
v 3.114038 2.678567 -0.85
v 3.114038 2.678567 -0.86
v 3.121433 2.685963 -0.85
v 3.121433 2.685963 -0.86
v 3.13 2.691962 -0.85
v 3.13 2.691962 -0.86
v 3.139479 2.696382 -0.85
v 3.139479 2.696382 -0.86
v 3.149581 2.699089 -0.85
v 3.149581 2.699089 -0.86
v 3.16 2.7 -0.85
v 3.16 2.7 -0.86
v 3.5 2.7 -0.86
v 3.5 2.7 -0.85
v 3.5 2.5 -0.86
v 3.5 2.5 -0.85
v -3.16 2.3 -0.86
v -3.5 2.3 -0.86
v -3.16 2.3 -0.85
v -3.5 2.3 -0.85
v -3.149581 2.299088 -0.85
v -3.149581 2.299088 -0.86
v -3.139479 2.296382 -0.85
v -3.139479 2.296382 -0.86
v -3.13 2.291962 -0.85
v -3.13 2.291962 -0.86
v -3.121433 2.285963 -0.85
v -3.121433 2.285963 -0.86
v -3.114038 2.278567 -0.85
v -3.114038 2.278567 -0.86
v -3.108039 2.27 -0.85
v -3.108039 2.27 -0.86
v -3.103619 2.260521 -0.85
v -3.103619 2.260521 -0.86
v -3.100912 2.250419 -0.85
v -3.100912 2.250419 -0.86
v -3.1 2.24 -0.85
v -3.1 2.24 -0.86
v -3.1 2.16 -0.86
v -3.1 2.16 -0.85
v -3.100912 2.149581 -0.85
v -3.100912 2.149581 -0.86
v -3.103619 2.139479 -0.85
v -3.103619 2.139479 -0.86
v -3.108039 2.13 -0.85
v -3.108039 2.13 -0.86
v -3.114038 2.121433 -0.85
v -3.114038 2.121433 -0.86
v -3.121433 2.114037 -0.85
v -3.121433 2.114037 -0.86
v -3.13 2.108038 -0.85
v -3.13 2.108038 -0.86
v -3.139479 2.103618 -0.85
v -3.139479 2.103618 -0.86
v -3.149581 2.100911 -0.85
v -3.149581 2.100911 -0.86
v -3.16 2.1 -0.85
v -3.16 2.1 -0.86
v -3.5 2.1 -0.86
v -3.5 2.1 -0.85
v 3.16 2.1 -0.86
v 3.16 2.1 -0.85
v 3.149581 2.100911 -0.85
v 3.149581 2.100911 -0.86
v 3.139479 2.103618 -0.85
v 3.139479 2.103618 -0.86
v 3.13 2.108038 -0.85
v 3.13 2.108038 -0.86
v 3.121433 2.114037 -0.85
v 3.121433 2.114037 -0.86
v 3.114038 2.121433 -0.85
v 3.114038 2.121433 -0.86
v 3.108039 2.13 -0.85
v 3.108039 2.13 -0.86
v 3.103619 2.139479 -0.85
v 3.103619 2.139479 -0.86
v 3.100912 2.149581 -0.85
v 3.100912 2.149581 -0.86
v 3.1 2.16 -0.85
v 3.1 2.16 -0.86
v 3.1 2.24 -0.86
v 3.1 2.24 -0.85
v 3.100912 2.250419 -0.85
v 3.100912 2.250419 -0.86
v 3.103619 2.260521 -0.85
v 3.103619 2.260521 -0.86
v 3.108039 2.27 -0.85
v 3.108039 2.27 -0.86
v 3.114038 2.278567 -0.85
v 3.114038 2.278567 -0.86
v 3.121433 2.285963 -0.85
v 3.121433 2.285963 -0.86
v 3.13 2.291962 -0.85
v 3.13 2.291962 -0.86
v 3.139479 2.296382 -0.85
v 3.139479 2.296382 -0.86
v 3.149581 2.299088 -0.85
v 3.149581 2.299088 -0.86
v 3.16 2.3 -0.85
v 3.16 2.3 -0.86
v 3.5 2.3 -0.86
v 3.5 2.3 -0.85
v 3.5 2.1 -0.86
v 3.5 2.1 -0.85
v -3.16 1.9 -0.86
v -3.5 1.9 -0.86
v -3.16 1.9 -0.85
v -3.5 1.9 -0.85
v -3.149581 1.899089 -0.85
v -3.149581 1.899089 -0.86
v -3.139479 1.896382 -0.85
v -3.139479 1.896382 -0.86
v -3.13 1.891962 -0.85
v -3.13 1.891962 -0.86
v -3.121433 1.885963 -0.85
v -3.121433 1.885963 -0.86
v -3.114038 1.878567 -0.85
v -3.114038 1.878567 -0.86
v -3.108039 1.87 -0.85
v -3.108039 1.87 -0.86
v -3.103619 1.860521 -0.85
v -3.103619 1.860521 -0.86
v -3.100912 1.850419 -0.85
v -3.100912 1.850419 -0.86
v -3.1 1.84 -0.85
v -3.1 1.84 -0.86
v -3.1 1.76 -0.86
v -3.1 1.76 -0.85
v -3.100912 1.749581 -0.85
v -3.100912 1.749581 -0.86
v -3.103619 1.739479 -0.85
v -3.103619 1.739479 -0.86
v -3.108039 1.73 -0.85
v -3.108039 1.73 -0.86
v -3.114038 1.721433 -0.85
v -3.114038 1.721433 -0.86
v -3.121433 1.714037 -0.85
v -3.121433 1.714037 -0.86
v -3.13 1.708038 -0.85
v -3.13 1.708038 -0.86
v -3.139479 1.703618 -0.85
v -3.139479 1.703618 -0.86
v -3.149581 1.700912 -0.85
v -3.149581 1.700912 -0.86
v -3.16 1.7 -0.85
v -3.16 1.7 -0.86
v -3.5 1.7 -0.86
v -3.5 1.7 -0.85
v 3.16 1.7 -0.86
v 3.16 1.7 -0.85
v 3.149581 1.700912 -0.85
v 3.149581 1.700912 -0.86
v 3.139479 1.703618 -0.85
v 3.139479 1.703618 -0.86
v 3.13 1.708038 -0.85
v 3.13 1.708038 -0.86
v 3.121433 1.714037 -0.85
v 3.121433 1.714037 -0.86
v 3.114038 1.721433 -0.85
v 3.114038 1.721433 -0.86
v 3.108039 1.73 -0.85
v 3.108039 1.73 -0.86
v 3.103619 1.739479 -0.85
v 3.103619 1.739479 -0.86
v 3.100912 1.749581 -0.85
v 3.100912 1.749581 -0.86
v 3.1 1.76 -0.85
v 3.1 1.76 -0.86
v 3.1 1.84 -0.86
v 3.1 1.84 -0.85
v 3.100912 1.850419 -0.85
v 3.100912 1.850419 -0.86
v 3.103619 1.860521 -0.85
v 3.103619 1.860521 -0.86
v 3.108039 1.87 -0.85
v 3.108039 1.87 -0.86
v 3.114038 1.878567 -0.85
v 3.114038 1.878567 -0.86
v 3.121433 1.885963 -0.85
v 3.121433 1.885963 -0.86
v 3.13 1.891962 -0.85
v 3.13 1.891962 -0.86
v 3.139479 1.896382 -0.85
v 3.139479 1.896382 -0.86
v 3.149581 1.899089 -0.85
v 3.149581 1.899089 -0.86
v 3.16 1.9 -0.85
v 3.16 1.9 -0.86
v 3.5 1.9 -0.86
v 3.5 1.9 -0.85
v 3.5 1.7 -0.86
v 3.5 1.7 -0.85
v -3.16 1.5 -0.86
v -3.5 1.5 -0.86
v -3.16 1.5 -0.85
v -3.5 1.5 -0.85
v -3.149581 1.499089 -0.85
v -3.149581 1.499089 -0.86
v -3.139479 1.496382 -0.85
v -3.139479 1.496382 -0.86
v -3.13 1.491961 -0.85
v -3.13 1.491961 -0.86
v -3.121433 1.485963 -0.85
v -3.121433 1.485963 -0.86
v -3.114038 1.478567 -0.85
v -3.114038 1.478567 -0.86
v -3.108039 1.47 -0.85
v -3.108039 1.47 -0.86
v -3.103619 1.460521 -0.85
v -3.103619 1.460521 -0.86
v -3.100912 1.450419 -0.85
v -3.100912 1.450419 -0.86
v -3.1 1.44 -0.85
v -3.1 1.44 -0.86
v -3.1 1.36 -0.86
v -3.1 1.36 -0.85
v -3.100912 1.349581 -0.85
v -3.100912 1.349581 -0.86
v -3.103619 1.339479 -0.85
v -3.103619 1.339479 -0.86
v -3.108039 1.33 -0.85
v -3.108039 1.33 -0.86
v -3.114038 1.321433 -0.85
v -3.114038 1.321433 -0.86
v -3.121433 1.314037 -0.85
v -3.121433 1.314037 -0.86
v -3.13 1.308038 -0.85
v -3.13 1.308038 -0.86
v -3.139479 1.303618 -0.85
v -3.139479 1.303618 -0.86
v -3.149581 1.300912 -0.85
v -3.149581 1.300912 -0.86
v -3.16 1.3 -0.85
v -3.16 1.3 -0.86
v -3.5 1.3 -0.86
v -3.5 1.3 -0.85
v 3.16 1.3 -0.86
v 3.16 1.3 -0.85
v 3.149581 1.300912 -0.85
v 3.149581 1.300912 -0.86
v 3.139479 1.303618 -0.85
v 3.139479 1.303618 -0.86
v 3.13 1.308038 -0.85
v 3.13 1.308038 -0.86
v 3.121433 1.314037 -0.85
v 3.121433 1.314037 -0.86
v 3.114038 1.321433 -0.85
v 3.114038 1.321433 -0.86
v 3.108039 1.33 -0.85
v 3.108039 1.33 -0.86
v 3.103619 1.339479 -0.85
v 3.103619 1.339479 -0.86
v 3.100912 1.349581 -0.85
v 3.100912 1.349581 -0.86
v 3.1 1.36 -0.85
v 3.1 1.36 -0.86
v 3.1 1.44 -0.86
v 3.1 1.44 -0.85
v 3.100912 1.450419 -0.85
v 3.100912 1.450419 -0.86
v 3.103619 1.460521 -0.85
v 3.103619 1.460521 -0.86
v 3.108039 1.47 -0.85
v 3.108039 1.47 -0.86
v 3.114038 1.478567 -0.85
v 3.114038 1.478567 -0.86
v 3.121433 1.485963 -0.85
v 3.121433 1.485963 -0.86
v 3.13 1.491961 -0.85
v 3.13 1.491961 -0.86
v 3.139479 1.496382 -0.85
v 3.139479 1.496382 -0.86
v 3.149581 1.499089 -0.85
v 3.149581 1.499089 -0.86
v 3.16 1.5 -0.85
v 3.16 1.5 -0.86
v 3.5 1.5 -0.86
v 3.5 1.5 -0.85
v 3.5 1.3 -0.86
v 3.5 1.3 -0.85
v -3.16 1.1 -0.86
v -3.5 1.1 -0.86
v -3.16 1.1 -0.85
v -3.5 1.1 -0.85
v -3.149581 1.099088 -0.85
v -3.149581 1.099088 -0.86
v -3.139479 1.096382 -0.85
v -3.139479 1.096382 -0.86
v -3.13 1.091962 -0.85
v -3.13 1.091962 -0.86
v -3.121433 1.085963 -0.85
v -3.121433 1.085963 -0.86
v -3.114038 1.078567 -0.85
v -3.114038 1.078567 -0.86
v -3.108039 1.07 -0.85
v -3.108039 1.07 -0.86
v -3.103619 1.060521 -0.85
v -3.103619 1.060521 -0.86
v -3.100912 1.050419 -0.85
v -3.100912 1.050419 -0.86
v -3.1 1.04 -0.85
v -3.1 1.04 -0.86
v -3.1 0.96 -0.86
v -3.1 0.96 -0.85
v -3.100912 0.949581 -0.85
v -3.100912 0.949581 -0.86
v -3.103619 0.939479 -0.85
v -3.103619 0.939479 -0.86
v -3.108039 0.93 -0.85
v -3.108039 0.93 -0.86
v -3.114038 0.921433 -0.85
v -3.114038 0.921433 -0.86
v -3.121433 0.914037 -0.85
v -3.121433 0.914037 -0.86
v -3.13 0.908038 -0.85
v -3.13 0.908038 -0.86
v -3.139479 0.903618 -0.85
v -3.139479 0.903618 -0.86
v -3.149581 0.900912 -0.85
v -3.149581 0.900912 -0.86
v -3.16 0.9 -0.85
v -3.16 0.9 -0.86
v -3.5 0.9 -0.86
v -3.5 0.9 -0.85
v 3.16 0.9 -0.86
v 3.16 0.9 -0.85
v 3.149581 0.900912 -0.85
v 3.149581 0.900912 -0.86
v 3.139479 0.903618 -0.85
v 3.139479 0.903618 -0.86
v 3.13 0.908038 -0.85
v 3.13 0.908038 -0.86
v 3.121433 0.914037 -0.85
v 3.121433 0.914037 -0.86
v 3.114038 0.921433 -0.85
v 3.114038 0.921433 -0.86
v 3.108039 0.93 -0.85
v 3.108039 0.93 -0.86
v 3.103619 0.939479 -0.85
v 3.103619 0.939479 -0.86
v 3.100912 0.949581 -0.85
v 3.100912 0.949581 -0.86
v 3.1 0.96 -0.85
v 3.1 0.96 -0.86
v 3.1 1.04 -0.86
v 3.1 1.04 -0.85
v 3.100912 1.050419 -0.85
v 3.100912 1.050419 -0.86
v 3.103619 1.060521 -0.85
v 3.103619 1.060521 -0.86
v 3.108039 1.07 -0.85
v 3.108039 1.07 -0.86
v 3.114038 1.078567 -0.85
v 3.114038 1.078567 -0.86
v 3.121433 1.085963 -0.85
v 3.121433 1.085963 -0.86
v 3.13 1.091962 -0.85
v 3.13 1.091962 -0.86
v 3.139479 1.096382 -0.85
v 3.139479 1.096382 -0.86
v 3.149581 1.099088 -0.85
v 3.149581 1.099088 -0.86
v 3.16 1.1 -0.85
v 3.16 1.1 -0.86
v 3.5 1.1 -0.86
v 3.5 1.1 -0.85
v 3.5 0.9 -0.86
v 3.5 0.9 -0.85
v -3.16 0.7 -0.86
v -3.5 0.7 -0.86
v -3.16 0.7 -0.85
v -3.5 0.7 -0.85
v -3.149581 0.699088 -0.85
v -3.149581 0.699088 -0.86
v -3.139479 0.696382 -0.85
v -3.139479 0.696382 -0.86
v -3.13 0.691962 -0.85
v -3.13 0.691962 -0.86
v -3.121433 0.685963 -0.85
v -3.121433 0.685963 -0.86
v -3.114038 0.678567 -0.85
v -3.114038 0.678567 -0.86
v -3.108039 0.67 -0.85
v -3.108039 0.67 -0.86
v -3.103619 0.660521 -0.85
v -3.103619 0.660521 -0.86
v -3.100912 0.650419 -0.85
v -3.100912 0.650419 -0.86
v -3.1 0.64 -0.85
v -3.1 0.64 -0.86
v -3.1 0.56 -0.86
v -3.1 0.56 -0.85
v -3.100912 0.549581 -0.85
v -3.100912 0.549581 -0.86
v -3.103619 0.539479 -0.85
v -3.103619 0.539479 -0.86
v -3.108039 0.53 -0.85
v -3.108039 0.53 -0.86
v -3.114038 0.521433 -0.85
v -3.114038 0.521433 -0.86
v -3.121433 0.514037 -0.85
v -3.121433 0.514037 -0.86
v -3.13 0.508039 -0.85
v -3.13 0.508039 -0.86
v -3.139479 0.503618 -0.85
v -3.139479 0.503618 -0.86
v -3.149581 0.500912 -0.85
v -3.149581 0.500912 -0.86
v -3.16 0.5 -0.85
v -3.16 0.5 -0.86
v -3.5 0.5 -0.86
v -3.5 0.5 -0.85
v 3.16 0.5 -0.86
v 3.16 0.5 -0.85
v 3.149581 0.500912 -0.85
v 3.149581 0.500912 -0.86
v 3.139479 0.503618 -0.85
v 3.139479 0.503618 -0.86
v 3.13 0.508039 -0.85
v 3.13 0.508039 -0.86
v 3.121433 0.514037 -0.85
v 3.121433 0.514037 -0.86
v 3.114038 0.521433 -0.85
v 3.114038 0.521433 -0.86
v 3.108039 0.53 -0.85
v 3.108039 0.53 -0.86
v 3.103619 0.539479 -0.85
v 3.103619 0.539479 -0.86
v 3.100912 0.549581 -0.85
v 3.100912 0.549581 -0.86
v 3.1 0.56 -0.85
v 3.1 0.56 -0.86
v 3.1 0.64 -0.86
v 3.1 0.64 -0.85
v 3.100912 0.650419 -0.85
v 3.100912 0.650419 -0.86
v 3.103619 0.660521 -0.85
v 3.103619 0.660521 -0.86
v 3.108039 0.67 -0.85
v 3.108039 0.67 -0.86
v 3.114038 0.678567 -0.85
v 3.114038 0.678567 -0.86
v 3.121433 0.685963 -0.85
v 3.121433 0.685963 -0.86
v 3.13 0.691962 -0.85
v 3.13 0.691962 -0.86
v 3.139479 0.696382 -0.85
v 3.139479 0.696382 -0.86
v 3.149581 0.699088 -0.85
v 3.149581 0.699088 -0.86
v 3.16 0.7 -0.85
v 3.16 0.7 -0.86
v 3.5 0.7 -0.86
v 3.5 0.7 -0.85
v 3.5 0.5 -0.86
v 3.5 0.5 -0.85
v -3.16 0.3 -0.86
v -3.5 0.3 -0.86
v -3.16 0.3 -0.85
v -3.5 0.3 -0.85
v -3.149581 0.299088 -0.85
v -3.149581 0.299088 -0.86
v -3.139479 0.296382 -0.85
v -3.139479 0.296382 -0.86
v -3.13 0.291962 -0.85
v -3.13 0.291962 -0.86
v -3.121433 0.285963 -0.85
v -3.121433 0.285963 -0.86
v -3.114038 0.278567 -0.85
v -3.114038 0.278567 -0.86
v -3.108039 0.27 -0.85
v -3.108039 0.27 -0.86
v -3.103619 0.260521 -0.85
v -3.103619 0.260521 -0.86
v -3.100912 0.250419 -0.85
v -3.100912 0.250419 -0.86
v -3.1 0.24 -0.85
v -3.1 0.24 -0.86
v -3.1 0.16 -0.86
v -3.1 0.16 -0.85
v -3.100912 0.149581 -0.85
v -3.100912 0.149581 -0.86
v -3.103619 0.139479 -0.85
v -3.103619 0.139479 -0.86
v -3.108039 0.13 -0.85
v -3.108039 0.13 -0.86
v -3.114038 0.121433 -0.85
v -3.114038 0.121433 -0.86
v -3.121433 0.114037 -0.85
v -3.121433 0.114037 -0.86
v -3.13 0.108038 -0.85
v -3.13 0.108038 -0.86
v -3.139479 0.103618 -0.85
v -3.139479 0.103618 -0.86
v -3.149581 0.100912 -0.85
v -3.149581 0.100912 -0.86
v -3.16 0.1 -0.85
v -3.16 0.1 -0.86
v -3.5 0.1 -0.86
v -3.5 0.1 -0.85
v 3.16 0.1 -0.86
v 3.16 0.1 -0.85
v 3.149581 0.100912 -0.85
v 3.149581 0.100912 -0.86
v 3.139479 0.103618 -0.85
v 3.139479 0.103618 -0.86
v 3.13 0.108038 -0.85
v 3.13 0.108038 -0.86
v 3.121433 0.114037 -0.85
v 3.121433 0.114037 -0.86
v 3.114038 0.121433 -0.85
v 3.114038 0.121433 -0.86
v 3.108039 0.13 -0.85
v 3.108039 0.13 -0.86
v 3.103619 0.139479 -0.85
v 3.103619 0.139479 -0.86
v 3.100912 0.149581 -0.85
v 3.100912 0.149581 -0.86
v 3.1 0.16 -0.85
v 3.1 0.16 -0.86
v 3.1 0.24 -0.86
v 3.1 0.24 -0.85
v 3.100912 0.250419 -0.85
v 3.100912 0.250419 -0.86
v 3.103619 0.260521 -0.85
v 3.103619 0.260521 -0.86
v 3.108039 0.27 -0.85
v 3.108039 0.27 -0.86
v 3.114038 0.278567 -0.85
v 3.114038 0.278567 -0.86
v 3.121433 0.285963 -0.85
v 3.121433 0.285963 -0.86
v 3.13 0.291962 -0.85
v 3.13 0.291962 -0.86
v 3.139479 0.296382 -0.85
v 3.139479 0.296382 -0.86
v 3.149581 0.299088 -0.85
v 3.149581 0.299088 -0.86
v 3.16 0.3 -0.85
v 3.16 0.3 -0.86
v 3.5 0.3 -0.86
v 3.5 0.3 -0.85
v 3.5 0.1 -0.86
v 3.5 0.1 -0.85
v -3.16 -0.1 -0.86
v -3.5 -0.1 -0.86
v -3.16 -0.1 -0.85
v -3.5 -0.1 -0.85
v -3.149581 -0.100912 -0.85
v -3.149581 -0.100912 -0.86
v -3.139479 -0.103618 -0.85
v -3.139479 -0.103618 -0.86
v -3.13 -0.108038 -0.85
v -3.13 -0.108038 -0.86
v -3.121433 -0.114037 -0.85
v -3.121433 -0.114037 -0.86
v -3.114038 -0.121433 -0.85
v -3.114038 -0.121433 -0.86
v -3.108039 -0.13 -0.85
v -3.108039 -0.13 -0.86
v -3.103619 -0.139479 -0.85
v -3.103619 -0.139479 -0.86
v -3.100912 -0.149581 -0.85
v -3.100912 -0.149581 -0.86
v -3.1 -0.16 -0.85
v -3.1 -0.16 -0.86
v -3.1 -0.24 -0.86
v -3.1 -0.24 -0.85
v -3.100912 -0.250419 -0.85
v -3.100912 -0.250419 -0.86
v -3.103619 -0.260521 -0.85
v -3.103619 -0.260521 -0.86
v -3.108039 -0.27 -0.85
v -3.108039 -0.27 -0.86
v -3.114038 -0.278567 -0.85
v -3.114038 -0.278567 -0.86
v -3.121433 -0.285963 -0.85
v -3.121433 -0.285963 -0.86
v -3.13 -0.291962 -0.85
v -3.13 -0.291962 -0.86
v -3.139479 -0.296382 -0.85
v -3.139479 -0.296382 -0.86
v -3.149581 -0.299088 -0.85
v -3.149581 -0.299088 -0.86
v -3.16 -0.3 -0.85
v -3.16 -0.3 -0.86
v -3.5 -0.3 -0.86
v -3.5 -0.3 -0.85
v 3.16 -0.3 -0.86
v 3.16 -0.3 -0.85
v 3.149581 -0.299088 -0.85
v 3.149581 -0.299088 -0.86
v 3.139479 -0.296382 -0.85
v 3.139479 -0.296382 -0.86
v 3.13 -0.291962 -0.85
v 3.13 -0.291962 -0.86
v 3.121433 -0.285963 -0.85
v 3.121433 -0.285963 -0.86
v 3.114038 -0.278567 -0.85
v 3.114038 -0.278567 -0.86
v 3.108039 -0.27 -0.85
v 3.108039 -0.27 -0.86
v 3.103619 -0.260521 -0.85
v 3.103619 -0.260521 -0.86
v 3.100912 -0.250419 -0.85
v 3.100912 -0.250419 -0.86
v 3.1 -0.24 -0.85
v 3.1 -0.24 -0.86
v 3.1 -0.16 -0.86
v 3.1 -0.16 -0.85
v 3.100912 -0.149581 -0.85
v 3.100912 -0.149581 -0.86
v 3.103619 -0.139479 -0.85
v 3.103619 -0.139479 -0.86
v 3.108039 -0.13 -0.85
v 3.108039 -0.13 -0.86
v 3.114038 -0.121433 -0.85
v 3.114038 -0.121433 -0.86
v 3.121433 -0.114037 -0.85
v 3.121433 -0.114037 -0.86
v 3.13 -0.108038 -0.85
v 3.13 -0.108038 -0.86
v 3.139479 -0.103618 -0.85
v 3.139479 -0.103618 -0.86
v 3.149581 -0.100912 -0.85
v 3.149581 -0.100912 -0.86
v 3.16 -0.1 -0.85
v 3.16 -0.1 -0.86
v 3.5 -0.1 -0.86
v 3.5 -0.1 -0.85
v 3.5 -0.3 -0.86
v 3.5 -0.3 -0.85
v -3.16 -0.5 -0.86
v -3.5 -0.5 -0.86
v -3.16 -0.5 -0.85
v -3.5 -0.5 -0.85
v -3.149581 -0.500912 -0.85
v -3.149581 -0.500912 -0.86
v -3.139479 -0.503618 -0.85
v -3.139479 -0.503618 -0.86
v -3.13 -0.508039 -0.85
v -3.13 -0.508039 -0.86
v -3.121433 -0.514037 -0.85
v -3.121433 -0.514037 -0.86
v -3.114038 -0.521433 -0.85
v -3.114038 -0.521433 -0.86
v -3.108039 -0.53 -0.85
v -3.108039 -0.53 -0.86
v -3.103619 -0.539479 -0.85
v -3.103619 -0.539479 -0.86
v -3.100912 -0.549581 -0.85
v -3.100912 -0.549581 -0.86
v -3.1 -0.56 -0.85
v -3.1 -0.56 -0.86
v -3.1 -0.64 -0.86
v -3.1 -0.64 -0.85
v -3.100912 -0.650419 -0.85
v -3.100912 -0.650419 -0.86
v -3.103619 -0.660521 -0.85
v -3.103619 -0.660521 -0.86
v -3.108039 -0.67 -0.85
v -3.108039 -0.67 -0.86
v -3.114038 -0.678567 -0.85
v -3.114038 -0.678567 -0.86
v -3.121433 -0.685963 -0.85
v -3.121433 -0.685963 -0.86
v -3.13 -0.691962 -0.85
v -3.13 -0.691962 -0.86
v -3.139479 -0.696382 -0.85
v -3.139479 -0.696382 -0.86
v -3.149581 -0.699088 -0.85
v -3.149581 -0.699088 -0.86
v -3.16 -0.7 -0.85
v -3.16 -0.7 -0.86
v -3.5 -0.7 -0.86
v -3.5 -0.7 -0.85
v 3.16 -0.7 -0.86
v 3.16 -0.7 -0.85
v 3.149581 -0.699088 -0.85
v 3.149581 -0.699088 -0.86
v 3.139479 -0.696382 -0.85
v 3.139479 -0.696382 -0.86
v 3.13 -0.691962 -0.85
v 3.13 -0.691962 -0.86
v 3.121433 -0.685963 -0.85
v 3.121433 -0.685963 -0.86
v 3.114038 -0.678567 -0.85
v 3.114038 -0.678567 -0.86
v 3.108039 -0.67 -0.85
v 3.108039 -0.67 -0.86
v 3.103619 -0.660521 -0.85
v 3.103619 -0.660521 -0.86
v 3.100912 -0.650419 -0.85
v 3.100912 -0.650419 -0.86
v 3.1 -0.64 -0.85
v 3.1 -0.64 -0.86
v 3.1 -0.56 -0.86
v 3.1 -0.56 -0.85
v 3.100912 -0.549581 -0.85
v 3.100912 -0.549581 -0.86
v 3.103619 -0.539479 -0.85
v 3.103619 -0.539479 -0.86
v 3.108039 -0.53 -0.85
v 3.108039 -0.53 -0.86
v 3.114038 -0.521433 -0.85
v 3.114038 -0.521433 -0.86
v 3.121433 -0.514037 -0.85
v 3.121433 -0.514037 -0.86
v 3.13 -0.508039 -0.85
v 3.13 -0.508039 -0.86
v 3.139479 -0.503618 -0.85
v 3.139479 -0.503618 -0.86
v 3.149581 -0.500912 -0.85
v 3.149581 -0.500912 -0.86
v 3.16 -0.5 -0.85
v 3.16 -0.5 -0.86
v 3.5 -0.5 -0.86
v 3.5 -0.5 -0.85
v 3.5 -0.7 -0.86
v 3.5 -0.7 -0.85
v -3.16 -0.9 -0.86
v -3.5 -0.9 -0.86
v -3.16 -0.9 -0.85
v -3.5 -0.9 -0.85
v -3.149581 -0.900912 -0.85
v -3.149581 -0.900912 -0.86
v -3.139479 -0.903618 -0.85
v -3.139479 -0.903618 -0.86
v -3.13 -0.908038 -0.85
v -3.13 -0.908038 -0.86
v -3.121433 -0.914037 -0.85
v -3.121433 -0.914037 -0.86
v -3.114038 -0.921433 -0.85
v -3.114038 -0.921433 -0.86
v -3.108039 -0.93 -0.85
v -3.108039 -0.93 -0.86
v -3.103619 -0.939479 -0.85
v -3.103619 -0.939479 -0.86
v -3.100912 -0.949581 -0.85
v -3.100912 -0.949581 -0.86
v -3.1 -0.96 -0.85
v -3.1 -0.96 -0.86
v -3.1 -1.04 -0.86
v -3.1 -1.04 -0.85
v -3.100912 -1.050419 -0.85
v -3.100912 -1.050419 -0.86
v -3.103619 -1.060521 -0.85
v -3.103619 -1.060521 -0.86
v -3.108039 -1.07 -0.85
v -3.108039 -1.07 -0.86
v -3.114038 -1.078567 -0.85
v -3.114038 -1.078567 -0.86
v -3.121433 -1.085963 -0.85
v -3.121433 -1.085963 -0.86
v -3.13 -1.091962 -0.85
v -3.13 -1.091962 -0.86
v -3.139479 -1.096382 -0.85
v -3.139479 -1.096382 -0.86
v -3.149581 -1.099088 -0.85
v -3.149581 -1.099088 -0.86
v -3.16 -1.1 -0.85
v -3.16 -1.1 -0.86
v -3.5 -1.1 -0.86
v -3.5 -1.1 -0.85
v 3.16 -1.1 -0.86
v 3.16 -1.1 -0.85
v 3.149581 -1.099088 -0.85
v 3.149581 -1.099088 -0.86
v 3.139479 -1.096382 -0.85
v 3.139479 -1.096382 -0.86
v 3.13 -1.091962 -0.85
v 3.13 -1.091962 -0.86
v 3.121433 -1.085963 -0.85
v 3.121433 -1.085963 -0.86
v 3.114038 -1.078567 -0.85
v 3.114038 -1.078567 -0.86
v 3.108039 -1.07 -0.85
v 3.108039 -1.07 -0.86
v 3.103619 -1.060521 -0.85
v 3.103619 -1.060521 -0.86
v 3.100912 -1.050419 -0.85
v 3.100912 -1.050419 -0.86
v 3.1 -1.04 -0.85
v 3.1 -1.04 -0.86
v 3.1 -0.96 -0.86
v 3.1 -0.96 -0.85
v 3.100912 -0.949581 -0.85
v 3.100912 -0.949581 -0.86
v 3.103619 -0.939479 -0.85
v 3.103619 -0.939479 -0.86
v 3.108039 -0.93 -0.85
v 3.108039 -0.93 -0.86
v 3.114038 -0.921433 -0.85
v 3.114038 -0.921433 -0.86
v 3.121433 -0.914037 -0.85
v 3.121433 -0.914037 -0.86
v 3.13 -0.908038 -0.85
v 3.13 -0.908038 -0.86
v 3.139479 -0.903618 -0.85
v 3.139479 -0.903618 -0.86
v 3.149581 -0.900912 -0.85
v 3.149581 -0.900912 -0.86
v 3.16 -0.9 -0.85
v 3.16 -0.9 -0.86
v 3.5 -0.9 -0.86
v 3.5 -0.9 -0.85
v 3.5 -1.1 -0.86
v 3.5 -1.1 -0.85
v -3.16 -1.3 -0.86
v -3.5 -1.3 -0.86
v -3.16 -1.3 -0.85
v -3.5 -1.3 -0.85
v -3.149581 -1.300912 -0.85
v -3.149581 -1.300912 -0.86
v -3.139479 -1.303618 -0.85
v -3.139479 -1.303618 -0.86
v -3.13 -1.308038 -0.85
v -3.13 -1.308038 -0.86
v -3.121433 -1.314037 -0.85
v -3.121433 -1.314037 -0.86
v -3.114038 -1.321433 -0.85
v -3.114038 -1.321433 -0.86
v -3.108039 -1.33 -0.85
v -3.108039 -1.33 -0.86
v -3.103619 -1.339479 -0.85
v -3.103619 -1.339479 -0.86
v -3.100912 -1.349581 -0.85
v -3.100912 -1.349581 -0.86
v -3.1 -1.36 -0.85
v -3.1 -1.36 -0.86
v -3.1 -1.44 -0.86
v -3.1 -1.44 -0.85
v -3.100912 -1.450419 -0.85
v -3.100912 -1.450419 -0.86
v -3.103619 -1.460521 -0.85
v -3.103619 -1.460521 -0.86
v -3.108039 -1.47 -0.85
v -3.108039 -1.47 -0.86
v -3.114038 -1.478567 -0.85
v -3.114038 -1.478567 -0.86
v -3.121433 -1.485963 -0.85
v -3.121433 -1.485963 -0.86
v -3.13 -1.491961 -0.85
v -3.13 -1.491961 -0.86
v -3.139479 -1.496382 -0.85
v -3.139479 -1.496382 -0.86
v -3.149581 -1.499089 -0.85
v -3.149581 -1.499089 -0.86
v -3.16 -1.5 -0.85
v -3.16 -1.5 -0.86
v -3.5 -1.5 -0.86
v -3.5 -1.5 -0.85
v 3.16 -1.5 -0.86
v 3.16 -1.5 -0.85
v 3.149581 -1.499089 -0.85
v 3.149581 -1.499089 -0.86
v 3.139479 -1.496382 -0.85
v 3.139479 -1.496382 -0.86
v 3.13 -1.491961 -0.85
v 3.13 -1.491961 -0.86
v 3.121433 -1.485963 -0.85
v 3.121433 -1.485963 -0.86
v 3.114038 -1.478567 -0.85
v 3.114038 -1.478567 -0.86
v 3.108039 -1.47 -0.85
v 3.108039 -1.47 -0.86
v 3.103619 -1.460521 -0.85
v 3.103619 -1.460521 -0.86
v 3.100912 -1.450419 -0.85
v 3.100912 -1.450419 -0.86
v 3.1 -1.44 -0.85
v 3.1 -1.44 -0.86
v 3.1 -1.36 -0.86
v 3.1 -1.36 -0.85
v 3.100912 -1.349581 -0.85
v 3.100912 -1.349581 -0.86
v 3.103619 -1.339479 -0.85
v 3.103619 -1.339479 -0.86
v 3.108039 -1.33 -0.85
v 3.108039 -1.33 -0.86
v 3.114038 -1.321433 -0.85
v 3.114038 -1.321433 -0.86
v 3.121433 -1.314037 -0.85
v 3.121433 -1.314037 -0.86
v 3.13 -1.308038 -0.85
v 3.13 -1.308038 -0.86
v 3.139479 -1.303618 -0.85
v 3.139479 -1.303618 -0.86
v 3.149581 -1.300912 -0.85
v 3.149581 -1.300912 -0.86
v 3.16 -1.3 -0.85
v 3.16 -1.3 -0.86
v 3.5 -1.3 -0.86
v 3.5 -1.3 -0.85
v 3.5 -1.5 -0.86
v 3.5 -1.5 -0.85
v -3.16 -1.7 -0.86
v -3.5 -1.7 -0.86
v -3.16 -1.7 -0.85
v -3.5 -1.7 -0.85
v -3.149581 -1.700912 -0.85
v -3.149581 -1.700912 -0.86
v -3.139479 -1.703618 -0.85
v -3.139479 -1.703618 -0.86
v -3.13 -1.708038 -0.85
v -3.13 -1.708038 -0.86
v -3.121433 -1.714037 -0.85
v -3.121433 -1.714037 -0.86
v -3.114038 -1.721433 -0.85
v -3.114038 -1.721433 -0.86
v -3.108039 -1.73 -0.85
v -3.108039 -1.73 -0.86
v -3.103619 -1.739479 -0.85
v -3.103619 -1.739479 -0.86
v -3.100912 -1.749581 -0.85
v -3.100912 -1.749581 -0.86
v -3.1 -1.76 -0.85
v -3.1 -1.76 -0.86
v -3.1 -1.84 -0.86
v -3.1 -1.84 -0.85
v -3.100912 -1.850419 -0.85
v -3.100912 -1.850419 -0.86
v -3.103619 -1.860521 -0.85
v -3.103619 -1.860521 -0.86
v -3.108039 -1.87 -0.85
v -3.108039 -1.87 -0.86
v -3.114038 -1.878567 -0.85
v -3.114038 -1.878567 -0.86
v -3.121433 -1.885963 -0.85
v -3.121433 -1.885963 -0.86
v -3.13 -1.891962 -0.85
v -3.13 -1.891962 -0.86
v -3.139479 -1.896382 -0.85
v -3.139479 -1.896382 -0.86
v -3.149581 -1.899089 -0.85
v -3.149581 -1.899089 -0.86
v -3.16 -1.9 -0.85
v -3.16 -1.9 -0.86
v -3.5 -1.9 -0.86
v -3.5 -1.9 -0.85
v 3.16 -1.9 -0.86
v 3.16 -1.9 -0.85
v 3.149581 -1.899089 -0.85
v 3.149581 -1.899089 -0.86
v 3.139479 -1.896382 -0.85
v 3.139479 -1.896382 -0.86
v 3.13 -1.891962 -0.85
v 3.13 -1.891962 -0.86
v 3.121433 -1.885963 -0.85
v 3.121433 -1.885963 -0.86
v 3.114038 -1.878567 -0.85
v 3.114038 -1.878567 -0.86
v 3.108039 -1.87 -0.85
v 3.108039 -1.87 -0.86
v 3.103619 -1.860521 -0.85
v 3.103619 -1.860521 -0.86
v 3.100912 -1.850419 -0.85
v 3.100912 -1.850419 -0.86
v 3.1 -1.84 -0.85
v 3.1 -1.84 -0.86
v 3.1 -1.76 -0.86
v 3.1 -1.76 -0.85
v 3.100912 -1.749581 -0.85
v 3.100912 -1.749581 -0.86
v 3.103619 -1.739479 -0.85
v 3.103619 -1.739479 -0.86
v 3.108039 -1.73 -0.85
v 3.108039 -1.73 -0.86
v 3.114038 -1.721433 -0.85
v 3.114038 -1.721433 -0.86
v 3.121433 -1.714037 -0.85
v 3.121433 -1.714037 -0.86
v 3.13 -1.708038 -0.85
v 3.13 -1.708038 -0.86
v 3.139479 -1.703618 -0.85
v 3.139479 -1.703618 -0.86
v 3.149581 -1.700912 -0.85
v 3.149581 -1.700912 -0.86
v 3.16 -1.7 -0.85
v 3.16 -1.7 -0.86
v 3.5 -1.7 -0.86
v 3.5 -1.7 -0.85
v 3.5 -1.9 -0.86
v 3.5 -1.9 -0.85
v -3.16 -2.1 -0.86
v -3.5 -2.1 -0.86
v -3.16 -2.1 -0.85
v -3.5 -2.1 -0.85
v -3.149581 -2.100911 -0.85
v -3.149581 -2.100911 -0.86
v -3.139479 -2.103618 -0.85
v -3.139479 -2.103618 -0.86
v -3.13 -2.108038 -0.85
v -3.13 -2.108038 -0.86
v -3.121433 -2.114037 -0.85
v -3.121433 -2.114037 -0.86
v -3.114038 -2.121433 -0.85
v -3.114038 -2.121433 -0.86
v -3.108039 -2.13 -0.85
v -3.108039 -2.13 -0.86
v -3.103619 -2.139479 -0.85
v -3.103619 -2.139479 -0.86
v -3.100912 -2.149581 -0.85
v -3.100912 -2.149581 -0.86
v -3.1 -2.16 -0.85
v -3.1 -2.16 -0.86
v -3.1 -2.24 -0.86
v -3.1 -2.24 -0.85
v -3.100912 -2.250419 -0.85
v -3.100912 -2.250419 -0.86
v -3.103619 -2.260521 -0.85
v -3.103619 -2.260521 -0.86
v -3.108039 -2.27 -0.85
v -3.108039 -2.27 -0.86
v -3.114038 -2.278567 -0.85
v -3.114038 -2.278567 -0.86
v -3.121433 -2.285963 -0.85
v -3.121433 -2.285963 -0.86
v -3.13 -2.291962 -0.85
v -3.13 -2.291962 -0.86
v -3.139479 -2.296382 -0.85
v -3.139479 -2.296382 -0.86
v -3.149581 -2.299088 -0.85
v -3.149581 -2.299088 -0.86
v -3.16 -2.3 -0.85
v -3.16 -2.3 -0.86
v -3.5 -2.3 -0.86
v -3.5 -2.3 -0.85
v 3.16 -2.3 -0.86
v 3.16 -2.3 -0.85
v 3.149581 -2.299088 -0.85
v 3.149581 -2.299088 -0.86
v 3.139479 -2.296382 -0.85
v 3.139479 -2.296382 -0.86
v 3.13 -2.291962 -0.85
v 3.13 -2.291962 -0.86
v 3.121433 -2.285963 -0.85
v 3.121433 -2.285963 -0.86
v 3.114038 -2.278567 -0.85
v 3.114038 -2.278567 -0.86
v 3.108039 -2.27 -0.85
v 3.108039 -2.27 -0.86
v 3.103619 -2.260521 -0.85
v 3.103619 -2.260521 -0.86
v 3.100912 -2.250419 -0.85
v 3.100912 -2.250419 -0.86
v 3.1 -2.24 -0.85
v 3.1 -2.24 -0.86
v 3.1 -2.16 -0.86
v 3.1 -2.16 -0.85
v 3.100912 -2.149581 -0.85
v 3.100912 -2.149581 -0.86
v 3.103619 -2.139479 -0.85
v 3.103619 -2.139479 -0.86
v 3.108039 -2.13 -0.85
v 3.108039 -2.13 -0.86
v 3.114038 -2.121433 -0.85
v 3.114038 -2.121433 -0.86
v 3.121433 -2.114037 -0.85
v 3.121433 -2.114037 -0.86
v 3.13 -2.108038 -0.85
v 3.13 -2.108038 -0.86
v 3.139479 -2.103618 -0.85
v 3.139479 -2.103618 -0.86
v 3.149581 -2.100911 -0.85
v 3.149581 -2.100911 -0.86
v 3.16 -2.1 -0.85
v 3.16 -2.1 -0.86
v 3.5 -2.1 -0.86
v 3.5 -2.1 -0.85
v 3.5 -2.3 -0.86
v 3.5 -2.3 -0.85
v -3.16 -2.5 -0.86
v -3.5 -2.5 -0.86
v -3.16 -2.5 -0.85
v -3.5 -2.5 -0.85
v -3.149581 -2.500911 -0.85
v -3.149581 -2.500911 -0.86
v -3.139479 -2.503618 -0.85
v -3.139479 -2.503618 -0.86
v -3.13 -2.508039 -0.85
v -3.13 -2.508039 -0.86
v -3.121433 -2.514037 -0.85
v -3.121433 -2.514037 -0.86
v -3.114038 -2.521433 -0.85
v -3.114038 -2.521433 -0.86
v -3.108039 -2.53 -0.85
v -3.108039 -2.53 -0.86
v -3.103619 -2.539479 -0.85
v -3.103619 -2.539479 -0.86
v -3.100912 -2.549581 -0.85
v -3.100912 -2.549581 -0.86
v -3.1 -2.56 -0.85
v -3.1 -2.56 -0.86
v -3.1 -2.64 -0.86
v -3.1 -2.64 -0.85
v -3.100912 -2.650419 -0.85
v -3.100912 -2.650419 -0.86
v -3.103619 -2.660521 -0.85
v -3.103619 -2.660521 -0.86
v -3.108039 -2.67 -0.85
v -3.108039 -2.67 -0.86
v -3.114038 -2.678567 -0.85
v -3.114038 -2.678567 -0.86
v -3.121433 -2.685963 -0.85
v -3.121433 -2.685963 -0.86
v -3.13 -2.691962 -0.85
v -3.13 -2.691962 -0.86
v -3.139479 -2.696382 -0.85
v -3.139479 -2.696382 -0.86
v -3.149581 -2.699089 -0.85
v -3.149581 -2.699089 -0.86
v -3.16 -2.7 -0.85
v -3.16 -2.7 -0.86
v -3.5 -2.7 -0.86
v -3.5 -2.7 -0.85
v 3.16 -2.7 -0.86
v 3.16 -2.7 -0.85
v 3.149581 -2.699089 -0.85
v 3.149581 -2.699089 -0.86
v 3.139479 -2.696382 -0.85
v 3.139479 -2.696382 -0.86
v 3.13 -2.691962 -0.85
v 3.13 -2.691962 -0.86
v 3.121433 -2.685963 -0.85
v 3.121433 -2.685963 -0.86
v 3.114038 -2.678567 -0.85
v 3.114038 -2.678567 -0.86
v 3.108039 -2.67 -0.85
v 3.108039 -2.67 -0.86
v 3.103619 -2.660521 -0.85
v 3.103619 -2.660521 -0.86
v 3.100912 -2.650419 -0.85
v 3.100912 -2.650419 -0.86
v 3.1 -2.64 -0.85
v 3.1 -2.64 -0.86
v 3.1 -2.56 -0.86
v 3.1 -2.56 -0.85
v 3.100912 -2.549581 -0.85
v 3.100912 -2.549581 -0.86
v 3.103619 -2.539479 -0.85
v 3.103619 -2.539479 -0.86
v 3.108039 -2.53 -0.85
v 3.108039 -2.53 -0.86
v 3.114038 -2.521433 -0.85
v 3.114038 -2.521433 -0.86
v 3.121433 -2.514037 -0.85
v 3.121433 -2.514037 -0.86
v 3.13 -2.508039 -0.85
v 3.13 -2.508039 -0.86
v 3.139479 -2.503618 -0.85
v 3.139479 -2.503618 -0.86
v 3.149581 -2.500911 -0.85
v 3.149581 -2.500911 -0.86
v 3.16 -2.5 -0.85
v 3.16 -2.5 -0.86
v 3.5 -2.5 -0.86
v 3.5 -2.5 -0.85
v 3.5 -2.7 -0.86
v 3.5 -2.7 -0.85
v -2.0 1.5 -0.86
v -2.0 -1.8 -0.86
v -2.0 1.5 -0.85
v -2.0 -1.8 -0.85
v -1.5 2.0 -0.86
v -1.5 2.0 -0.85
v 1.8 2.0 -0.86
v 1.8 2.0 -0.85
v 1.844504 1.994986 -0.85
v 1.844504 1.994986 -0.86
v 1.886777 1.980194 -0.85
v 1.886777 1.980194 -0.86
v 1.924698 1.956366 -0.85
v 1.924698 1.956366 -0.86
v 1.956366 1.924698 -0.85
v 1.956366 1.924698 -0.86
v 1.980194 1.886777 -0.85
v 1.980194 1.886777 -0.86
v 1.994986 1.844504 -0.85
v 1.994986 1.844504 -0.86
v 2.0 1.8 -0.85
v 2.0 1.8 -0.86
v 2.0 -1.8 -0.86
v 2.0 -1.8 -0.85
v 1.994986 -1.844504 -0.85
v 1.994986 -1.844504 -0.86
v 1.980194 -1.886777 -0.85
v 1.980194 -1.886777 -0.86
v 1.956366 -1.924698 -0.85
v 1.956366 -1.924698 -0.86
v 1.924698 -1.956366 -0.85
v 1.924698 -1.956366 -0.86
v 1.886777 -1.980194 -0.85
v 1.886777 -1.980194 -0.86
v 1.844504 -1.994986 -0.85
v 1.844504 -1.994986 -0.86
v 1.8 -2.0 -0.85
v 1.8 -2.0 -0.86
v -1.8 -2.0 -0.86
v -1.8 -2.0 -0.85
v -1.844504 -1.994986 -0.85
v -1.844504 -1.994986 -0.86
v -1.886777 -1.980194 -0.85
v -1.886777 -1.980194 -0.86
v -1.924698 -1.956366 -0.85
v -1.924698 -1.956366 -0.86
v -1.956366 -1.924698 -0.85
v -1.956366 -1.924698 -0.86
v -1.980194 -1.886777 -0.85
v -1.980194 -1.886777 -0.86
v -1.994986 -1.844504 -0.85
v -1.994986 -1.844504 -0.86
v 0.101504 3.146649 -0.85
v 0.105751 3.134514 -0.85
v 0.105751 2.547124 -0.85
newmtl 2
Ka 0.25098039215686274 0.25098039215686274 0.25098039215686274
Kd 0.25098039215686274 0.25098039215686274 0.25098039215686274
Ks 0.12549019607843137 0.12549019607843137 0.12549019607843137
d 0.0
endmtl
v -0.077176 -3.5 -0.85
v 0.326787 -3.5 -0.85
v 0.130141 2.335996 -0.85
v 0.130141 2.308557 -0.85
v 0.105751 2.294075 -0.85
v 0.15679 2.297615 -0.85
v 0.182051 2.294075 -0.85
v 0.166881 2.547124 -0.85
v 0.159045 2.546583 -0.85
v 0.130141 2.53874 -0.85
v 0.130141 2.505203 -0.85
v 0.158301 2.517261 -0.85
v 0.134621 2.333514 -0.85
v 0.188687 2.521209 -0.85
v 0.213304 2.518445 -0.85
v 0.232016 2.511692 -0.85
v 0.24932 2.500116 -0.85
v 0.264417 2.483449 -0.85
v 0.28258 2.417932 -0.85
v 0.280049 2.390868 -0.85
v 0.273257 2.369364 -0.85
v 0.217626 2.322605 -0.85
v 0.194308 2.31999 -0.85
v 0.235842 2.329311 -0.85
v 0.251185 2.339653 -0.85
v 0.262917 2.352029 -0.85
v 0.161123 2.323673 -0.85
v 0.274724 2.464146 -0.85
v 0.281387 2.437383 -0.85
v 0.326787 3.5 -0.85
v 0.326787 2.547124 -0.85
v 0.105942 3.133967 -0.85
v 0.11309 3.122591 -0.85
v 0.122591 3.11309 -0.85
v 0.277409 3.11309 -0.85
v 0.28691 3.122591 -0.85
v 0.294058 3.133967 -0.85
v 0.298496 3.146649 -0.85
v 0.253351 3.101504 -0.85
v 0.266033 3.105942 -0.85
v 0.133967 3.105942 -0.85
v 0.146649 3.101504 -0.85
v 0.188973 2.548648 -0.85
v 0.207645 2.547124 -0.85
v 0.274079 2.316927 -0.85
v 0.292857 2.336696 -0.85
v 0.326787 2.294075 -0.85
v 0.253969 2.304085 -0.85
v 0.288269 2.503126 -0.85
v 0.265699 2.524833 -0.85
v 0.241953 2.538502 -0.85
v 0.316117 2.415883 -0.85
v 0.31252 2.451426 -0.85
v 0.302923 2.479753 -0.85
v 0.214083 2.546598 -0.85
v 0.306175 2.360468 -0.85
v 0.313699 2.38693 -0.85
v 0.192093 2.292668 -0.85
v 0.105751 2.146275 -0.85
v 0.198929 2.292551 -0.85
v 0.326787 2.146275 -0.85
v 0.213631 2.294075 -0.85
v 0.229738 2.295745 -0.85
v -3.5 -3.5 -0.85
v -3.102044 -2.655529 -0.85
v -3.144471 -2.502044 -0.85
v -3.144471 2.102044 -0.85
v -3.102044 2.144471 -0.85
v -3.117574 2.117573 -0.85
v -2.298496 -3.146649 -0.85
v -2.505942 -3.133967 -0.85
v -2.294058 -3.133967 -0.85
v -2.51309 -3.122591 -0.85
v -0.501504 -3.146649 -0.85
v -0.505942 -3.133967 -0.85
v -0.311932 -2.0 -0.85
v -0.51309 -3.122591 -0.85
v -0.522591 -3.11309 -0.85
v -0.533967 -3.105942 -0.85
v -0.905942 -3.133967 -0.85
v -0.91309 -3.122591 -0.85
v -0.698496 -3.146649 -0.85
v -3.117574 -2.517574 -0.85
v -2.666033 -3.105942 -0.85
v -2.677409 -3.11309 -0.85
v -1.705942 -3.133967 -0.85
v -1.71309 -3.122591 -0.85
v -1.498496 -3.146649 -0.85
v -1.722591 -3.11309 -0.85
v -0.68691 -3.122591 -0.85
v -0.694058 -3.133967 -0.85
v -0.933967 -3.105942 -0.85
v -0.922591 -3.11309 -0.85
v -3.102044 -2.544471 -0.85
v -3.144471 -2.297956 -0.85
v -3.117574 -2.282426 -0.85
v -2.522591 -3.11309 -0.85
v -3.117574 -2.682426 -0.85
v -2.533967 -3.105942 -0.85
v -2.546649 -3.101504 -0.85
v -2.68691 -3.122591 -0.85
v -2.694058 -3.133967 -0.85
v -2.698496 -3.146649 -0.85
v -3.144471 -2.697956 -0.85
v -0.311932 -3.5 -0.85
v -1.077409 -3.11309 -0.85
v -1.08691 -3.122591 -0.85
v -1.094058 -3.133967 -0.85
v -1.305942 -3.133967 -0.85
v -1.31309 -3.122591 -0.85
v -1.098496 -3.146649 -0.85
v -1.322591 -3.11309 -0.85
v -1.333967 -3.105942 -0.85
v -1.346649 -3.101504 -0.85
v -3.102044 -2.255529 -0.85
v -2.653351 -3.101504 -0.85
v -2.501504 -3.146649 -0.85
v -1.453351 -3.101504 -0.85
v -1.466033 -3.105942 -0.85
v -1.477409 -3.11309 -0.85
v -2.105942 -3.133967 -0.85
v -2.11309 -3.122591 -0.85
v -1.898496 -3.146649 -0.85
v -2.122591 -3.11309 -0.85
v -0.946649 -3.101504 -0.85
v -3.102044 -2.144471 -0.85
v -3.117574 -2.117573 -0.85
v -3.144471 -2.102044 -0.85
v -1.866033 -3.105942 -0.85
v -1.877409 -3.11309 -0.85
v -2.101504 -3.146649 -0.85
v -1.701504 -3.146649 -0.85
v -0.546649 -3.101504 -0.85
v -0.653351 -3.101504 -0.85
v -0.666033 -3.105942 -0.85
v -0.677409 -3.11309 -0.85
v -1.053351 -3.101504 -0.85
v -1.066033 -3.105942 -0.85
v -1.746649 -3.101504 -0.85
v -2.28691 -3.122591 -0.85
v -2.277409 -3.11309 -0.85
v -2.266033 -3.105942 -0.85
v -0.901504 -3.146649 -0.85
v -1.301504 -3.146649 -0.85
v -3.144471 -1.897956 -0.85
v -3.117574 -1.882427 -0.85
v -1.853351 -3.101504 -0.85
v -2.146649 -3.101504 -0.85
v -3.102044 -1.855529 -0.85
v -1.48691 -3.122591 -0.85
v -1.494058 -3.133967 -0.85
v -1.733967 -3.105942 -0.85
v -2.253351 -3.101504 -0.85
v -3.102044 -1.744471 -0.85
v -3.117574 -1.717574 -0.85
v -3.144471 -1.702044 -0.85
v -1.88691 -3.122591 -0.85
v -1.894058 -3.133967 -0.85
v -2.133967 -3.105942 -0.85
v -3.144471 -1.497956 -0.85
v -3.117574 -1.482426 -0.85
v -3.102044 -1.344471 -0.85
v -3.102044 -1.455529 -0.85
v -3.102044 -1.055529 -0.85
v -3.144471 -1.302045 -0.85
v -3.117574 -1.082426 -0.85
v -3.102044 -0.544471 -0.85
v -3.144471 -1.097955 -0.85
v -3.102044 -0.944471 -0.85
v -3.117574 -0.682426 -0.85
v -3.102044 -0.655529 -0.85
v -3.102044 0.655529 -0.85
v -3.144471 1.302045 -0.85
v -3.144471 1.097955 -0.85
v -3.117574 1.317574 -0.85
v -3.117574 -0.917574 -0.85
v -3.117574 1.082426 -0.85
v -3.117574 -1.317574 -0.85
v -3.102044 -0.144471 -0.85
v -3.102044 0.944471 -0.85
v -3.102044 1.344471 -0.85
v -3.102044 1.455529 -0.85
v -3.102044 1.855529 -0.85
v -3.144471 1.702044 -0.85
v -3.144471 1.497956 -0.85
v -3.117574 1.717574 -0.85
v -3.117574 0.282426 -0.85
v -3.102044 1.055529 -0.85
v -3.117574 1.882427 -0.85
v -3.144471 1.897956 -0.85
v -3.144471 -0.902044 -0.85
v -3.144471 -0.697956 -0.85
v -3.117574 -0.517574 -0.85
v -3.117574 0.517574 -0.85
v -3.102044 0.255529 -0.85
v -3.144471 0.502044 -0.85
v -3.102044 1.744471 -0.85
v -3.117574 1.482426 -0.85
v -3.117574 -0.282426 -0.85
v -3.144471 -0.297956 -0.85
v -3.102044 0.544471 -0.85
v -3.117574 0.917574 -0.85
v -3.117574 0.682426 -0.85
v -3.102044 -0.255529 -0.85
v -3.144471 0.297956 -0.85
v -3.117574 0.117574 -0.85
v -3.117574 -0.117574 -0.85
v -3.102044 0.144471 -0.85
v -3.144471 -0.502044 -0.85
v -3.144471 0.697956 -0.85
v -3.144471 0.902044 -0.85
v -3.144471 -0.102044 -0.85
v -3.144471 0.102044 -0.85
v -3.101807 2.146275 -0.85
v -0.311932 2.146275 -0.85
v -0.311932 2.0 -0.85
v -0.077176 2.146275 -0.85
v -0.077176 2.0 -0.85
v 0.105751 2.0 -0.85
v 0.326787 2.0 -0.85
v 3.101807 2.146275 -0.85
v 3.144471 1.897956 -0.85
v 3.144471 2.102044 -0.85
v 3.117574 1.882427 -0.85
v 1.232753 2.146275 -0.85
v 1.232753 2.0 -0.85
v 3.102044 1.855529 -0.85
v 1.746649 -3.101504 -0.85
v 1.232753 -3.5 -0.85
v 1.232753 -2.0 -0.85
v 3.144471 1.702044 -0.85
v 1.853351 -3.101504 -0.85
v 3.117574 1.717574 -0.85
v 1.494058 -3.133967 -0.85
v 1.48691 -3.122591 -0.85
v 1.701504 -3.146649 -0.85
v 1.477409 -3.11309 -0.85
v 3.102044 1.744471 -0.85
v 3.144471 1.497956 -0.85
v 3.117574 1.482426 -0.85
v 1.733967 -3.105942 -0.85
v 1.722591 -3.11309 -0.85
v 1.31309 -3.122591 -0.85
v 1.322591 -3.11309 -0.85
v 1.333967 -3.105942 -0.85
v 1.305942 -3.133967 -0.85
v 1.301504 -3.146649 -0.85
v 3.102044 1.455529 -0.85
v 3.117574 2.117573 -0.85
v 3.102044 2.144471 -0.85
v 1.498496 -3.146649 -0.85
v 3.144471 1.302045 -0.85
v 3.117574 1.317574 -0.85
v 1.453351 -3.101504 -0.85
v 3.102044 -1.055529 -0.85
v 1.346649 -3.101504 -0.85
v 3.102044 1.344471 -0.85
v 1.866033 -3.105942 -0.85
v 1.877409 -3.11309 -0.85
v 3.144471 1.097955 -0.85
v 3.117574 1.082426 -0.85
v 3.102044 0.944471 -0.85
v 1.466033 -3.105942 -0.85
v 1.705942 -3.133967 -0.85
v 1.71309 -3.122591 -0.85
v 1.898496 -3.146649 -0.85
v 1.894058 -3.133967 -0.85
v 1.88691 -3.122591 -0.85
v 3.117574 -1.082426 -0.85
v 3.102044 1.055529 -0.85
v 3.102044 0.655529 -0.85
v 3.117574 0.682426 -0.85
v 3.144471 -1.302045 -0.85
v 3.144471 -1.097955 -0.85
v 3.117574 -1.317574 -0.85
v 3.102044 -1.455529 -0.85
v 3.117574 0.917574 -0.85
v 3.102044 -0.655529 -0.85
v 3.102044 -1.344471 -0.85
v 3.102044 0.255529 -0.85
v 2.298496 -3.146649 -0.85
v 2.294058 -3.133967 -0.85
v 2.28691 -3.122591 -0.85
v 3.117574 -1.482426 -0.85
v 3.102044 -0.144471 -0.85
v 3.102044 -0.255529 -0.85
v 3.117574 -0.282426 -0.85
v 3.144471 -0.297956 -0.85
v 3.117574 -0.517574 -0.85
v 3.102044 -0.544471 -0.85
v 3.144471 0.902044 -0.85
v 3.144471 0.697956 -0.85
v 3.102044 0.544471 -0.85
v 3.102044 0.144471 -0.85
v 3.144471 0.102044 -0.85
v 3.117574 -0.117574 -0.85
v 3.117574 -0.917574 -0.85
v 3.102044 -0.944471 -0.85
v 2.277409 -3.11309 -0.85
v 2.266033 -3.105942 -0.85
v 2.253351 -3.101504 -0.85
v 2.133967 -3.105942 -0.85
v 2.122591 -3.11309 -0.85
v 3.144471 -1.702044 -0.85
v 3.144471 -1.497956 -0.85
v 3.117574 -1.717574 -0.85
v 3.117574 0.282426 -0.85
v 3.144471 0.297956 -0.85
v 3.117574 0.517574 -0.85
v 3.117574 0.117574 -0.85
v 2.146649 -3.101504 -0.85
v 2.11309 -3.122591 -0.85
v 2.105942 -3.133967 -0.85
v 2.101504 -3.146649 -0.85
v 2.698496 -3.146649 -0.85
v 2.694058 -3.133967 -0.85
v 2.68691 -3.122591 -0.85
v 3.102044 -1.744471 -0.85
v 3.117574 -0.682426 -0.85
v 3.102044 -1.855529 -0.85
v 3.144471 -2.102044 -0.85
v 3.144471 -1.897956 -0.85
v 3.144471 0.502044 -0.85
v 3.144471 -0.502044 -0.85
v 3.144471 -0.102044 -0.85
v 2.677409 -3.11309 -0.85
v 2.666033 -3.105942 -0.85
v 2.653351 -3.101504 -0.85
v 2.533967 -3.105942 -0.85
v 2.522591 -3.11309 -0.85
v 2.51309 -3.122591 -0.85
v 2.505942 -3.133967 -0.85
v 2.501504 -3.146649 -0.85
v 3.117574 -2.117573 -0.85
v 3.102044 -2.144471 -0.85
v 3.144471 -0.697956 -0.85
v 3.144471 -0.902044 -0.85
v 2.546649 -3.101504 -0.85
v 3.117574 -1.882427 -0.85
v 3.102044 -2.255529 -0.85
v 3.102044 -2.544471 -0.85
v 3.117574 -2.682426 -0.85
v 3.5 -3.5 -0.85
v 3.144471 -2.697956 -0.85
v 3.144471 -2.502044 -0.85
v 3.144471 -2.297956 -0.85
v 3.117574 -2.517574 -0.85
v 3.102044 -2.655529 -0.85
v 3.117574 -2.282426 -0.85
v 0.501504 -3.146649 -0.85
v 1.08691 -3.122591 -0.85
v 1.077409 -3.11309 -0.85
v 0.694058 -3.133967 -0.85
v 0.68691 -3.122591 -0.85
v 0.901504 -3.146649 -0.85
v 0.677409 -3.11309 -0.85
v 0.666033 -3.105942 -0.85
v 1.098496 -3.146649 -0.85
v 1.094058 -3.133967 -0.85
v 0.922591 -3.11309 -0.85
v 0.91309 -3.122591 -0.85
v 0.905942 -3.133967 -0.85
v 0.533967 -3.105942 -0.85
v 0.522591 -3.11309 -0.85
v 0.326787 -2.0 -0.85
v 0.51309 -3.122591 -0.85
v 0.505942 -3.133967 -0.85
v 1.066033 -3.105942 -0.85
v 1.053351 -3.101504 -0.85
v 0.546649 -3.101504 -0.85
v 0.946649 -3.101504 -0.85
v 0.933967 -3.105942 -0.85
v 0.653351 -3.101504 -0.85
v 0.698496 -3.146649 -0.85
v 0.277409 -3.11309 -0.85
v 0.266033 -3.105942 -0.85
v 0.298496 -3.146649 -0.85
v 0.294058 -3.133967 -0.85
v 0.28691 -3.122591 -0.85
v 0.146649 -3.101504 -0.85
v 0.133967 -3.105942 -0.85
v 0.105751 -2.0 -0.85
v 0.122591 -3.11309 -0.85
v 0.11309 -3.122591 -0.85
v 0.253351 -3.101504 -0.85
v 0.105942 -3.133967 -0.85
v 0.105751 -3.134514 -0.85
v -0.077176 -2.0 -0.85
v 0.101504 -3.146649 -0.85
v -0.122591 -3.11309 -0.85
v -0.133967 -3.105942 -0.85
v -0.253351 -3.101504 -0.85
v -0.266033 -3.105942 -0.85
v -0.277409 -3.11309 -0.85
v -0.28691 -3.122591 -0.85
v -0.294058 -3.133967 -0.85
v -0.298496 -3.146649 -0.85
v -0.101504 -3.146649 -0.85
v -0.105942 -3.133967 -0.85
v -0.11309 -3.122591 -0.85
v -0.146649 -3.101504 -0.85
v -0.311932 3.5 -0.85
v -1.094058 3.133967 -0.85
v -1.08691 3.122591 -0.85
v -1.301504 3.146649 -0.85
v -3.5 3.5 -0.85
v -3.144471 2.697956 -0.85
v -1.322591 3.11309 -0.85
v -1.31309 3.122591 -0.85
v -1.066033 3.105942 -0.85
v -1.077409 3.11309 -0.85
v -1.305942 3.133967 -0.85
v -0.311932 2.547124 -0.85
v -1.053351 3.101504 -0.85
v -1.894058 3.133967 -0.85
v -1.88691 3.122591 -0.85
v -2.101504 3.146649 -0.85
v -3.101695 2.547124 -0.85
v -0.946649 3.101504 -0.85
v -0.933967 3.105942 -0.85
v -0.694058 3.133967 -0.85
v -0.68691 3.122591 -0.85
v -0.901504 3.146649 -0.85
v -0.501504 3.146649 -0.85
v -3.102044 2.655529 -0.85
v -1.877409 3.11309 -0.85
v -2.698496 3.146649 -0.85
v -2.694058 3.133967 -0.85
v -2.68691 3.122591 -0.85
v -3.117574 2.682426 -0.85
v -2.677409 3.11309 -0.85
v -1.098496 3.146649 -0.85
v -0.677409 3.11309 -0.85
v -0.666033 3.105942 -0.85
v -0.905942 3.133967 -0.85
v -0.653351 3.101504 -0.85
v -0.533967 3.105942 -0.85
v -0.522591 3.11309 -0.85
v -0.51309 3.122591 -0.85
v -0.505942 3.133967 -0.85
v -1.494058 3.133967 -0.85
v -1.48691 3.122591 -0.85
v -1.701504 3.146649 -0.85
v -2.533967 3.105942 -0.85
v -2.294058 3.133967 -0.85
v -2.522591 3.11309 -0.85
v -1.466033 3.105942 -0.85
v -1.453351 3.101504 -0.85
v -1.346649 3.101504 -0.85
v -1.333967 3.105942 -0.85
v -0.922591 3.11309 -0.85
v -0.91309 3.122591 -0.85
v -0.546649 3.101504 -0.85
v -2.28691 3.122591 -0.85
v -2.277409 3.11309 -0.85
v -1.722591 3.11309 -0.85
v -1.71309 3.122591 -0.85
v -2.666033 3.105942 -0.85
v -2.653351 3.101504 -0.85
v -2.51309 3.122591 -0.85
v -2.505942 3.133967 -0.85
v -2.501504 3.146649 -0.85
v -1.477409 3.11309 -0.85
v -1.705942 3.133967 -0.85
v -2.546649 3.101504 -0.85
v -0.698496 3.146649 -0.85
v -2.266033 3.105942 -0.85
v -2.253351 3.101504 -0.85
v -2.122591 3.11309 -0.85
v -2.11309 3.122591 -0.85
v -2.105942 3.133967 -0.85
v -2.146649 3.101504 -0.85
v -2.133967 3.105942 -0.85
v -1.866033 3.105942 -0.85
v -1.853351 3.101504 -0.85
v -1.746649 3.101504 -0.85
v -1.733967 3.105942 -0.85
v -1.498496 3.146649 -0.85
v -2.298496 3.146649 -0.85
v -1.898496 3.146649 -0.85
v -0.546688 2.295599 -0.85
v -0.510103 2.295599 -0.85
v -0.311932 2.294075 -0.85
v -0.484808 2.365721 -0.85
v -0.38153 2.365721 -0.85
v -0.357664 2.295599 -0.85
v -0.321079 2.295599 -0.85
v -0.415591 2.545599 -0.85
v -0.449127 2.545599 -0.85
v -3.102044 2.544471 -0.85
v -3.117574 2.517574 -0.85
v -3.135102 2.294075 -0.85
v -3.144471 2.502044 -0.85
v -3.144471 2.297956 -0.85
v -3.102044 2.255529 -0.85
v -3.117574 2.282426 -0.85
v 1.232753 2.294075 -0.85
v 3.117574 2.282426 -0.85
v 3.102044 2.255529 -0.85
v 3.117574 2.517574 -0.85
v 3.135102 2.294075 -0.85
v 3.144471 2.502044 -0.85
v 3.144471 2.297956 -0.85
v 3.5 3.5 -0.85
v 1.322591 3.11309 -0.85
v 1.333967 3.105942 -0.85
v 1.232753 2.547124 -0.85
v 1.346649 3.101504 -0.85
v 1.301504 3.146649 -0.85
v 3.101695 2.547124 -0.85
v 3.102044 2.544471 -0.85
v 2.298496 3.146649 -0.85
v 2.505942 3.133967 -0.85
v 2.294058 3.133967 -0.85
v 2.51309 3.122591 -0.85
v 1.305942 3.133967 -0.85
v 1.31309 3.122591 -0.85
v 1.705942 3.133967 -0.85
v 1.71309 3.122591 -0.85
v 1.498496 3.146649 -0.85
v 1.232753 3.5 -0.85
v 2.666033 3.105942 -0.85
v 2.677409 3.11309 -0.85
v 2.522591 3.11309 -0.85
v 3.117574 2.682426 -0.85
v 2.533967 3.105942 -0.85
v 2.546649 3.101504 -0.85
v 2.68691 3.122591 -0.85
v 2.694058 3.133967 -0.85
v 2.698496 3.146649 -0.85
v 3.144471 2.697956 -0.85
v 1.453351 3.101504 -0.85
v 1.466033 3.105942 -0.85
v 1.733967 3.105942 -0.85
v 1.477409 3.11309 -0.85
v 1.48691 3.122591 -0.85
v 1.722591 3.11309 -0.85
v 1.494058 3.133967 -0.85
v 3.102044 2.655529 -0.85
v 2.653351 3.101504 -0.85
v 2.501504 3.146649 -0.85
v 1.853351 3.101504 -0.85
v 1.866033 3.105942 -0.85
v 1.877409 3.11309 -0.85
v 2.105942 3.133967 -0.85
v 2.11309 3.122591 -0.85
v 1.898496 3.146649 -0.85
v 2.122591 3.11309 -0.85
v 1.701504 3.146649 -0.85
v 1.746649 3.101504 -0.85
v 2.28691 3.122591 -0.85
v 2.277409 3.11309 -0.85
v 2.266033 3.105942 -0.85
v 2.101504 3.146649 -0.85
v 2.146649 3.101504 -0.85
v 2.253351 3.101504 -0.85
v 1.88691 3.122591 -0.85
v 1.894058 3.133967 -0.85
v 2.133967 3.105942 -0.85
v 0.522591 3.11309 -0.85
v 0.533967 3.105942 -0.85
v 0.546649 3.101504 -0.85
v 1.08691 3.122591 -0.85
v 1.077409 3.11309 -0.85
v 1.066033 3.105942 -0.85
v 1.094058 3.133967 -0.85
v 1.098496 3.146649 -0.85
v 0.501504 3.146649 -0.85
v 0.505942 3.133967 -0.85
v 0.51309 3.122591 -0.85
v 0.905942 3.133967 -0.85
v 0.91309 3.122591 -0.85
v 0.698496 3.146649 -0.85
v 0.922591 3.11309 -0.85
v 0.933967 3.105942 -0.85
v 0.946649 3.101504 -0.85
v 0.653351 3.101504 -0.85
v 0.666033 3.105942 -0.85
v 0.677409 3.11309 -0.85
v 0.68691 3.122591 -0.85
v 0.694058 3.133967 -0.85
v 1.053351 3.101504 -0.85
v 0.901504 3.146649 -0.85
v -0.077176 3.5 -0.85
v -0.077176 2.547124 -0.85
v -0.298496 3.146649 -0.85
v -0.294058 3.133967 -0.85
v -0.28691 3.122591 -0.85
v -0.277409 3.11309 -0.85
v -0.266033 3.105942 -0.85
v -0.253351 3.101504 -0.85
v -0.11309 3.122591 -0.85
v -0.122591 3.11309 -0.85
v -0.133967 3.105942 -0.85
v -0.105942 3.133967 -0.85
v -0.101504 3.146649 -0.85
v -0.146649 3.101504 -0.85
v -0.290302 2.364119 -0.85
v -0.275966 2.341758 -0.85
v -0.255388 2.322055 -0.85
v -0.229285 2.306886 -0.85
v -0.172117 2.545599 -0.85
v -0.208235 2.541739 -0.85
v -0.237486 2.531467 -0.85
v -0.264696 2.513232 -0.85
v -0.264957 2.513002 -0.85
v -0.282636 2.493399 -0.85
v -0.294254 2.471899 -0.85
v -0.200478 2.2983 -0.85
v -0.169545 2.295599 -0.85
v -0.077176 2.294075 -0.85
v -0.101566 2.295599 -0.85
v -0.101566 2.545599 -0.85
v -0.300969 2.447267 -0.85
v -0.302786 2.423743 -0.85
v -0.299278 2.390286 -0.85
v 0.08136 2.295599 -0.85
v 0.08136 2.545599 -0.85
v -0.046688 2.545599 -0.85
v -0.046688 2.518161 -0.85
v -0.052786 2.323038 -0.85
v -0.052786 2.295599 -0.85
v 0.047824 2.408404 -0.85
v 0.047824 2.323038 -0.85
v -0.040591 2.408404 -0.85
v -0.040591 2.435843 -0.85
v 0.047824 2.435843 -0.85
v 0.047824 2.518161 -0.85
v 0.337458 2.323038 -0.85
v 0.337458 2.295599 -0.85
v 0.43197 2.323038 -0.85
v 0.43197 2.545599 -0.85
v 0.465507 2.545599 -0.85
v 0.465507 2.295599 -0.85
v 3.5 1.3 -0.66
v 3.5 1.5 -0.66
v 3.5 3.5 0.0
v 3.5 -3.5 0.0
v 3.5 1.1 -0.66
v 3.5 -2.7 -0.66
v 3.5 -2.5 -0.66
v 3.5 -2.1 -0.66
v 3.5 2.3 -0.66
v 3.5 -1.9 -0.66
v 3.5 -1.7 -0.66
v 3.5 -2.3 -0.66
v 3.5 1.9 -0.66
v 3.5 1.7 -0.66
v 3.5 2.7 -0.66
v 3.5 2.5 -0.66
v 3.5 2.1 -0.66
v 3.5 -1.3 -0.66
v 3.5 -1.1 -0.66
v 3.5 -0.9 -0.66
v 3.5 -1.5 -0.66
v 3.5 -0.5 -0.66
v 3.5 -0.3 -0.66
v 3.5 -0.1 -0.66
v 3.5 -0.7 -0.66
v 3.5 0.3 -0.66
v 3.5 0.5 -0.66
v 3.5 0.7 -0.66
v 3.5 0.1 -0.66
v 3.5 0.9 -0.66
v 2.3 -3.5 -0.66
v -3.5 -3.5 0.0
v -2.7 -3.5 -0.66
v -2.5 -3.5 -0.66
v 0.5 -3.5 -0.66
v 0.7 -3.5 -0.66
v 2.7 -3.5 -0.66
v 2.5 -3.5 -0.66
v -1.9 -3.5 -0.66
v -1.7 -3.5 -0.66
v -2.1 -3.5 -0.66
v -2.3 -3.5 -0.66
v 1.1 -3.5 -0.66
v 0.9 -3.5 -0.66
v 1.3 -3.5 -0.66
v 1.5 -3.5 -0.66
v -1.3 -3.5 -0.66
v -0.3 -3.5 -0.66
v -0.1 -3.5 -0.66
v 1.7 -3.5 -0.66
v 1.9 -3.5 -0.66
v -1.1 -3.5 -0.66
v -0.9 -3.5 -0.66
v -1.5 -3.5 -0.66
v -0.5 -3.5 -0.66
v 0.1 -3.5 -0.66
v 2.1 -3.5 -0.66
v -0.7 -3.5 -0.66
v 0.3 -3.5 -0.66
v -3.5 3.5 0.0
v -3.5 2.1 -0.66
v -3.5 2.7 -0.66
v -3.5 2.5 -0.66
v -3.5 1.9 -0.66
v -3.5 1.7 -0.66
v -3.5 0.5 -0.66
v -3.5 -2.3 -0.66
v -3.5 2.3 -0.66
v -3.5 0.3 -0.66
v -3.5 0.1 -0.66
v -3.5 -2.7 -0.66
v -3.5 -2.5 -0.66
v -3.5 1.3 -0.66
v -3.5 1.1 -0.66
v -3.5 0.9 -0.66
v -3.5 -0.3 -0.66
v -3.5 -0.1 -0.66
v -3.5 1.5 -0.66
v -3.5 0.7 -0.66
v -3.5 -0.7 -0.66
v -3.5 -0.9 -0.66
v -3.5 -1.1 -0.66
v -3.5 -0.5 -0.66
v -3.5 -1.5 -0.66
v -3.5 -1.7 -0.66
v -3.5 -1.9 -0.66
v -3.5 -1.3 -0.66
v -3.5 -2.1 -0.66
v 1.5 3.5 -0.66
v 1.3 3.5 -0.66
v 1.1 3.5 -0.66
v 0.7 3.5 -0.66
v 0.5 3.5 -0.66
v 2.5 3.5 -0.66
v 2.3 3.5 -0.66
v 2.7 3.5 -0.66
v 2.1 3.5 -0.66
v 1.7 3.5 -0.66
v 0.9 3.5 -0.66
v 1.9 3.5 -0.66
v 0.3 3.5 -0.66
v -0.1 3.5 -0.66
v -0.3 3.5 -0.66
v -2.3 3.5 -0.66
v -2.7 3.5 -0.66
v -2.5 3.5 -0.66
v 0.1 3.5 -0.66
v -0.5 3.5 -0.66
v -0.9 3.5 -0.66
v -1.1 3.5 -0.66
v -0.7 3.5 -0.66
v -1.7 3.5 -0.66
v -1.9 3.5 -0.66
v -1.5 3.5 -0.66
v -1.3 3.5 -0.66
v -2.1 3.5 -0.66
v -3.14665 2.960252 0.0
v -3.113547 3.040169 0.0
v -2.592275 3.108796 0.0
v -2.539616 3.040169 0.0
v -2.506513 2.960252 0.0
v -2.495223 2.87449 0.0
v -2.506513 2.788728 0.0
v -2.539616 2.70881 0.0
v -2.826581 2.543131 0.0
v -2.912344 2.554421 0.0
v -2.992261 2.587524 0.0
v -3.060888 2.640183 0.0
v -2.592275 2.640183 0.0
v -2.660902 2.587524 0.0
v -2.740819 2.554421 0.0
v -3.113547 2.70881 0.0
v -3.14665 2.788728 0.0
v -3.157941 2.87449 0.0
v -3.060888 3.108796 0.0
v -2.992261 3.161455 0.0
v -2.912344 3.194558 0.0
v -2.826581 3.205849 0.0
v -2.740819 3.194558 0.0
v -2.660902 3.161455 0.0
v -2.495223 2.87449 -0.01
v -2.506513 2.960252 -0.01
newmtl 3
Ka 0.7529411764705882 0.7529411764705882 0.7529411764705882
Kd 0.7529411764705882 0.7529411764705882 0.7529411764705882
Ks 0.3764705882352941 0.3764705882352941 0.3764705882352941
d 0.0
endmtl
v -2.539616 3.040169 -0.01
v -2.592275 3.108796 -0.01
v -2.660902 3.161455 -0.01
v -2.740819 3.194558 -0.01
v -2.826581 3.205849 -0.01
v -2.912344 3.194558 -0.01
v -2.992261 3.161455 -0.01
v -3.060888 3.108796 -0.01
v -3.113547 3.040169 -0.01
v -3.14665 2.960252 -0.01
v -3.157941 2.87449 -0.01
v -3.14665 2.788728 -0.01
v -3.113547 2.70881 -0.01
v -3.060888 2.640183 -0.01
v -2.992261 2.587524 -0.01
v -2.912344 2.554421 -0.01
v -2.826581 2.543131 -0.01
v -2.740819 2.554421 -0.01
v -2.660902 2.587524 -0.01
v -2.592275 2.640183 -0.01
v -2.539616 2.70881 -0.01
v -2.506513 2.788728 -0.01
v -2.826581 2.87449 -0.01
v -0.449127 2.545599 -0.84
v -0.546688 2.295599 -0.84
newmtl 4
Ka 0.5019607843137255 0.5019607843137255 0.5019607843137255
Kd 0.5019607843137255 0.5019607843137255 0.5019607843137255
Ks 0.25098039215686274 0.25098039215686274 0.25098039215686274
d 0.0
endmtl
v -0.510103 2.295599 -0.84
v -0.484808 2.365721 -0.84
v -0.38153 2.365721 -0.84
v -0.357664 2.295599 -0.84
v -0.321079 2.295599 -0.84
v -0.415591 2.545599 -0.84
v -0.389962 2.393161 -0.84
v -0.473565 2.393161 -0.84
v -0.427262 2.497581 -0.84
v -0.429668 2.506252 -0.84
v -0.431263 2.515112 -0.84
v -0.432073 2.515112 -0.84
v -0.433705 2.506278 -0.84
v -0.435932 2.497581 -0.84
v -0.389962 2.393161 -0.85
v -0.473565 2.393161 -0.85
v -0.427262 2.497581 -0.85
v -0.429668 2.506252 -0.85
v -0.431263 2.515112 -0.85
v -0.432073 2.515112 -0.85
v -0.433705 2.506278 -0.85
v -0.435932 2.497581 -0.85
v -0.169545 2.295599 -0.84
v -0.101566 2.295599 -0.84
v -0.101566 2.545599 -0.84
v -0.172117 2.545599 -0.84
v -0.302786 2.423743 -0.84
v -0.300969 2.447267 -0.84
v -0.294254 2.471899 -0.84
v -0.282636 2.493399 -0.84
v -0.264957 2.513002 -0.84
v -0.264696 2.513232 -0.84
v -0.237486 2.531467 -0.84
v -0.208235 2.541739 -0.84
v -0.200478 2.2983 -0.84
v -0.229285 2.306886 -0.84
v -0.255388 2.322055 -0.84
v -0.275966 2.341758 -0.84
v -0.290302 2.364119 -0.84
v -0.299278 2.390286 -0.84
v -0.252604 2.483103 -0.84
v -0.240461 2.495996 -0.84
v -0.2222 2.507793 -0.84
v -0.201564 2.515015 -0.84
v -0.171974 2.518161 -0.84
v -0.135103 2.518161 -0.84
v -0.135103 2.323038 -0.84
v -0.170593 2.323038 -0.84
v -0.196968 2.325493 -0.84
v -0.218006 2.33206 -0.84
v -0.235055 2.342185 -0.84
v -0.249077 2.356034 -0.84
v -0.259622 2.373271 -0.84
v -0.266954 2.396771 -0.84
v -0.269249 2.423029 -0.84
v -0.267125 2.44791 -0.84
v -0.261289 2.467684 -0.84
v -0.171974 2.518161 -0.85
v -0.135103 2.518161 -0.85
v -0.201564 2.515015 -0.85
v -0.2222 2.507793 -0.85
v -0.240461 2.495996 -0.85
v -0.252604 2.483103 -0.85
v -0.261289 2.467684 -0.85
v -0.267125 2.44791 -0.85
v -0.269249 2.423029 -0.85
v -0.266954 2.396771 -0.85
v -0.259622 2.373271 -0.85
v -0.249077 2.356034 -0.85
v -0.235055 2.342185 -0.85
v -0.218006 2.33206 -0.85
v -0.196968 2.325493 -0.85
v -0.170593 2.323038 -0.85
v -0.135103 2.323038 -0.85
v -0.052786 2.323038 -0.84
v -0.052786 2.295599 -0.84
v 0.08136 2.295599 -0.84
v 0.08136 2.545599 -0.84
v -0.046688 2.545599 -0.84
v -0.046688 2.518161 -0.84
v 0.047824 2.518161 -0.84
v 0.047824 2.435843 -0.84
v -0.040591 2.435843 -0.84
v -0.040591 2.408404 -0.84
v 0.047824 2.408404 -0.84
v 0.047824 2.323038 -0.84
v 0.130141 2.335996 -0.84
v 0.130141 2.308557 -0.84
v 0.15679 2.297615 -0.84
v 0.198929 2.292551 -0.84
v 0.192093 2.292668 -0.84
v 0.316117 2.415883 -0.84
v 0.313699 2.38693 -0.84
v 0.306175 2.360468 -0.84
v 0.292857 2.336696 -0.84
v 0.274079 2.316927 -0.84
v 0.253969 2.304085 -0.84
v 0.229738 2.295745 -0.84
v 0.188973 2.548648 -0.84
v 0.214083 2.546598 -0.84
v 0.241953 2.538502 -0.84
v 0.265699 2.524833 -0.84
v 0.288269 2.503126 -0.84
v 0.302923 2.479753 -0.84
v 0.31252 2.451426 -0.84
v 0.130141 2.53874 -0.84
v 0.159045 2.546583 -0.84
v 0.130141 2.505203 -0.84
v 0.188687 2.521209 -0.84
v 0.158301 2.517261 -0.84
v 0.28258 2.417932 -0.84
v 0.281387 2.437383 -0.84
v 0.274724 2.464146 -0.84
v 0.264417 2.483449 -0.84
v 0.24932 2.500116 -0.84
v 0.232016 2.511692 -0.84
v 0.213304 2.518445 -0.84
v 0.194308 2.31999 -0.84
v 0.217626 2.322605 -0.84
v 0.235842 2.329311 -0.84
v 0.251185 2.339653 -0.84
v 0.262917 2.352029 -0.84
v 0.273257 2.369364 -0.84
v 0.280049 2.390868 -0.84
v 0.134621 2.333514 -0.84
v 0.161123 2.323673 -0.84
v 0.337458 2.323038 -0.84
v 0.337458 2.295599 -0.84
v 0.465507 2.295599 -0.84
v 0.465507 2.545599 -0.84
v 0.43197 2.545599 -0.84
v 0.43197 2.323038 -0.84
v 2.5 3.16 -0.66
newmtl 5
Ka 0.792156862745098 0.8196078431372549 0.9333333333333333
Kd 0.792156862745098 0.8196078431372549 0.9333333333333333
Ks 0.396078431372549 0.4117647058823529 0.4666666666666667
d 0.0
endmtl
v 2.56 3.1 -0.66
v 2.546649 3.101504 -0.66
v 2.533967 3.105942 -0.66
v 2.522591 3.11309 -0.66
v 2.51309 3.122591 -0.66
v 2.505942 3.133967 -0.66
v 2.501504 3.146649 -0.66
v 2.64 3.1 -0.66
v 2.7 3.16 -0.66
v 2.698496 3.146649 -0.66
v 2.694058 3.133967 -0.66
v 2.68691 3.122591 -0.66
v 2.677409 3.11309 -0.66
v 2.666033 3.105942 -0.66
v 2.653351 3.101504 -0.66
v 2.1 3.16 -0.66
v 2.16 3.1 -0.66
v 2.146649 3.101504 -0.66
v 2.133967 3.105942 -0.66
v 2.122591 3.11309 -0.66
v 2.11309 3.122591 -0.66
v 2.105942 3.133967 -0.66
v 2.101504 3.146649 -0.66
v 2.24 3.1 -0.66
v 2.3 3.16 -0.66
v 2.298496 3.146649 -0.66
v 2.294058 3.133967 -0.66
v 2.28691 3.122591 -0.66
v 2.277409 3.11309 -0.66
v 2.266033 3.105942 -0.66
v 2.253351 3.101504 -0.66
v 1.7 3.16 -0.66
v 1.76 3.1 -0.66
v 1.746649 3.101504 -0.66
v 1.733967 3.105942 -0.66
v 1.722591 3.11309 -0.66
v 1.71309 3.122591 -0.66
v 1.705942 3.133967 -0.66
v 1.701504 3.146649 -0.66
v 1.84 3.1 -0.66
v 1.9 3.16 -0.66
v 1.898496 3.146649 -0.66
v 1.894058 3.133967 -0.66
v 1.88691 3.122591 -0.66
v 1.877409 3.11309 -0.66
v 1.866033 3.105942 -0.66
v 1.853351 3.101504 -0.66
v 1.3 3.16 -0.66
v 1.36 3.1 -0.66
v 1.346649 3.101504 -0.66
v 1.333967 3.105942 -0.66
v 1.322591 3.11309 -0.66
v 1.31309 3.122591 -0.66
v 1.305942 3.133967 -0.66
v 1.301504 3.146649 -0.66
v 1.44 3.1 -0.66
v 1.5 3.16 -0.66
v 1.498496 3.146649 -0.66
v 1.494058 3.133967 -0.66
v 1.48691 3.122591 -0.66
v 1.477409 3.11309 -0.66
v 1.466033 3.105942 -0.66
v 1.453351 3.101504 -0.66
v 0.9 3.16 -0.66
v 0.96 3.1 -0.66
v 0.946649 3.101504 -0.66
v 0.933967 3.105942 -0.66
v 0.922591 3.11309 -0.66
v 0.91309 3.122591 -0.66
v 0.905942 3.133967 -0.66
v 0.901504 3.146649 -0.66
v 1.04 3.1 -0.66
v 1.1 3.16 -0.66
v 1.098496 3.146649 -0.66
v 1.094058 3.133967 -0.66
v 1.08691 3.122591 -0.66
v 1.077409 3.11309 -0.66
v 1.066033 3.105942 -0.66
v 1.053351 3.101504 -0.66
v 0.5 3.16 -0.66
v 0.56 3.1 -0.66
v 0.546649 3.101504 -0.66
v 0.533967 3.105942 -0.66
v 0.522591 3.11309 -0.66
v 0.51309 3.122591 -0.66
v 0.505942 3.133967 -0.66
v 0.501504 3.146649 -0.66
v 0.64 3.1 -0.66
v 0.7 3.16 -0.66
v 0.698496 3.146649 -0.66
v 0.694058 3.133967 -0.66
v 0.68691 3.122591 -0.66
v 0.677409 3.11309 -0.66
v 0.666033 3.105942 -0.66
v 0.653351 3.101504 -0.66
v 0.1 3.16 -0.66
v 0.16 3.1 -0.66
v 0.146649 3.101504 -0.66
v 0.133967 3.105942 -0.66
v 0.122591 3.11309 -0.66
v 0.11309 3.122591 -0.66
v 0.105942 3.133967 -0.66
v 0.101504 3.146649 -0.66
v 0.24 3.1 -0.66
v 0.3 3.16 -0.66
v 0.298496 3.146649 -0.66
v 0.294058 3.133967 -0.66
v 0.28691 3.122591 -0.66
v 0.277409 3.11309 -0.66
v 0.266033 3.105942 -0.66
v 0.253351 3.101504 -0.66
v -0.3 3.16 -0.66
v -0.24 3.1 -0.66
v -0.253351 3.101504 -0.66
v -0.266033 3.105942 -0.66
v -0.277409 3.11309 -0.66
v -0.28691 3.122591 -0.66
v -0.294058 3.133967 -0.66
v -0.298496 3.146649 -0.66
v -0.16 3.1 -0.66
v -0.1 3.16 -0.66
v -0.101504 3.146649 -0.66
v -0.105942 3.133967 -0.66
v -0.11309 3.122591 -0.66
v -0.122591 3.11309 -0.66
v -0.133967 3.105942 -0.66
v -0.146649 3.101504 -0.66
v -0.7 3.16 -0.66
v -0.64 3.1 -0.66
v -0.653351 3.101504 -0.66
v -0.666033 3.105942 -0.66
v -0.677409 3.11309 -0.66
v -0.68691 3.122591 -0.66
v -0.694058 3.133967 -0.66
v -0.698496 3.146649 -0.66
v -0.56 3.1 -0.66
v -0.5 3.16 -0.66
v -0.501504 3.146649 -0.66
v -0.505942 3.133967 -0.66
v -0.51309 3.122591 -0.66
v -0.522591 3.11309 -0.66
v -0.533967 3.105942 -0.66
v -0.546649 3.101504 -0.66
v -1.1 3.16 -0.66
v -1.04 3.1 -0.66
v -1.053351 3.101504 -0.66
v -1.066033 3.105942 -0.66
v -1.077409 3.11309 -0.66
v -1.08691 3.122591 -0.66
v -1.094058 3.133967 -0.66
v -1.098496 3.146649 -0.66
v -0.96 3.1 -0.66
v -0.9 3.16 -0.66
v -0.901504 3.146649 -0.66
v -0.905942 3.133967 -0.66
v -0.91309 3.122591 -0.66
v -0.922591 3.11309 -0.66
v -0.933967 3.105942 -0.66
v -0.946649 3.101504 -0.66
v -1.5 3.16 -0.66
v -1.44 3.1 -0.66
v -1.453351 3.101504 -0.66
v -1.466033 3.105942 -0.66
v -1.477409 3.11309 -0.66
v -1.48691 3.122591 -0.66
v -1.494058 3.133967 -0.66
v -1.498496 3.146649 -0.66
v -1.36 3.1 -0.66
v -1.3 3.16 -0.66
v -1.301504 3.146649 -0.66
v -1.305942 3.133967 -0.66
v -1.31309 3.122591 -0.66
v -1.322591 3.11309 -0.66
v -1.333967 3.105942 -0.66
v -1.346649 3.101504 -0.66
v -1.9 3.16 -0.66
v -1.84 3.1 -0.66
v -1.853351 3.101504 -0.66
v -1.866033 3.105942 -0.66
v -1.877409 3.11309 -0.66
v -1.88691 3.122591 -0.66
v -1.894058 3.133967 -0.66
v -1.898496 3.146649 -0.66
v -1.76 3.1 -0.66
v -1.7 3.16 -0.66
v -1.701504 3.146649 -0.66
v -1.705942 3.133967 -0.66
v -1.71309 3.122591 -0.66
v -1.722591 3.11309 -0.66
v -1.733967 3.105942 -0.66
v -1.746649 3.101504 -0.66
v -2.3 3.16 -0.66
v -2.24 3.1 -0.66
v -2.253351 3.101504 -0.66
v -2.266033 3.105942 -0.66
v -2.277409 3.11309 -0.66
v -2.28691 3.122591 -0.66
v -2.294058 3.133967 -0.66
v -2.298496 3.146649 -0.66
v -2.16 3.1 -0.66
v -2.1 3.16 -0.66
v -2.101504 3.146649 -0.66
v -2.105942 3.133967 -0.66
v -2.11309 3.122591 -0.66
v -2.122591 3.11309 -0.66
v -2.133967 3.105942 -0.66
v -2.146649 3.101504 -0.66
v -2.7 3.16 -0.66
v -2.64 3.1 -0.66
v -2.653351 3.101504 -0.66
v -2.666033 3.105942 -0.66
v -2.677409 3.11309 -0.66
v -2.68691 3.122591 -0.66
v -2.694058 3.133967 -0.66
v -2.698496 3.146649 -0.66
v -2.56 3.1 -0.66
v -2.5 3.16 -0.66
v -2.501504 3.146649 -0.66
v -2.505942 3.133967 -0.66
v -2.51309 3.122591 -0.66
v -2.522591 3.11309 -0.66
v -2.533967 3.105942 -0.66
v -2.546649 3.101504 -0.66
v -3.16 -2.5 -0.66
v -3.16 -2.7 -0.66
v -3.1 -2.64 -0.66
v -3.102044 -2.655529 -0.66
v -3.108039 -2.67 -0.66
v -3.117574 -2.682426 -0.66
v -3.13 -2.691962 -0.66
v -3.144471 -2.697956 -0.66
v -3.1 -2.56 -0.66
v -3.144471 -2.502044 -0.66
v -3.13 -2.508039 -0.66
v -3.117574 -2.517574 -0.66
v -3.108039 -2.53 -0.66
v -3.102044 -2.544471 -0.66
v -3.16 -2.1 -0.66
v -3.16 -2.3 -0.66
v -3.1 -2.24 -0.66
v -3.102044 -2.255529 -0.66
v -3.108039 -2.27 -0.66
v -3.117574 -2.282426 -0.66
v -3.13 -2.291962 -0.66
v -3.144471 -2.297956 -0.66
v -3.1 -2.16 -0.66
v -3.144471 -2.102044 -0.66
v -3.13 -2.108038 -0.66
v -3.117574 -2.117573 -0.66
v -3.108039 -2.13 -0.66
v -3.102044 -2.144471 -0.66
v -3.16 -1.7 -0.66
v -3.16 -1.9 -0.66
v -3.1 -1.84 -0.66
v -3.102044 -1.855529 -0.66
v -3.108039 -1.87 -0.66
v -3.117574 -1.882427 -0.66
v -3.13 -1.891962 -0.66
v -3.144471 -1.897956 -0.66
v -3.1 -1.76 -0.66
v -3.144471 -1.702044 -0.66
v -3.13 -1.708038 -0.66
v -3.117574 -1.717574 -0.66
v -3.108039 -1.73 -0.66
v -3.102044 -1.744471 -0.66
v -3.16 -1.3 -0.66
v -3.16 -1.5 -0.66
v -3.1 -1.44 -0.66
v -3.102044 -1.455529 -0.66
v -3.108039 -1.47 -0.66
v -3.117574 -1.482426 -0.66
v -3.13 -1.491961 -0.66
v -3.144471 -1.497956 -0.66
v -3.1 -1.36 -0.66
v -3.144471 -1.302045 -0.66
v -3.13 -1.308038 -0.66
v -3.117574 -1.317574 -0.66
v -3.108039 -1.33 -0.66
v -3.102044 -1.344471 -0.66
v -3.16 -0.9 -0.66
v -3.16 -1.1 -0.66
v -3.1 -1.04 -0.66
v -3.102044 -1.055529 -0.66
v -3.108039 -1.07 -0.66
v -3.117574 -1.082426 -0.66
v -3.13 -1.091962 -0.66
v -3.144471 -1.097955 -0.66
v -3.1 -0.96 -0.66
v -3.144471 -0.902044 -0.66
v -3.13 -0.908038 -0.66
v -3.117574 -0.917574 -0.66
v -3.108039 -0.93 -0.66
v -3.102044 -0.944471 -0.66
v -3.16 -0.5 -0.66
v -3.16 -0.7 -0.66
v -3.1 -0.64 -0.66
v -3.102044 -0.655529 -0.66
v -3.108039 -0.67 -0.66
v -3.117574 -0.682426 -0.66
v -3.13 -0.691962 -0.66
v -3.144471 -0.697956 -0.66
v -3.1 -0.56 -0.66
v -3.144471 -0.502044 -0.66
v -3.13 -0.508039 -0.66
v -3.117574 -0.517574 -0.66
v -3.108039 -0.53 -0.66
v -3.102044 -0.544471 -0.66
v -3.16 -0.1 -0.66
v -3.16 -0.3 -0.66
v -3.1 -0.24 -0.66
v -3.102044 -0.255529 -0.66
v -3.108039 -0.27 -0.66
v -3.117574 -0.282426 -0.66
v -3.13 -0.291962 -0.66
v -3.144471 -0.297956 -0.66
v -3.1 -0.16 -0.66
v -3.144471 -0.102044 -0.66
v -3.13 -0.108038 -0.66
v -3.117574 -0.117574 -0.66
v -3.108039 -0.13 -0.66
v -3.102044 -0.144471 -0.66
v -3.16 0.3 -0.66
v -3.16 0.1 -0.66
v -3.1 0.16 -0.66
v -3.102044 0.144471 -0.66
v -3.108039 0.13 -0.66
v -3.117574 0.117574 -0.66
v -3.13 0.108038 -0.66
v -3.144471 0.102044 -0.66
v -3.1 0.24 -0.66
v -3.144471 0.297956 -0.66
v -3.13 0.291962 -0.66
v -3.117574 0.282426 -0.66
v -3.108039 0.27 -0.66
v -3.102044 0.255529 -0.66
v -3.16 0.7 -0.66
v -3.16 0.5 -0.66
v -3.1 0.56 -0.66
v -3.102044 0.544471 -0.66
v -3.108039 0.53 -0.66
v -3.117574 0.517574 -0.66
v -3.13 0.508039 -0.66
v -3.144471 0.502044 -0.66
v -3.1 0.64 -0.66
v -3.144471 0.697956 -0.66
v -3.13 0.691962 -0.66
v -3.117574 0.682426 -0.66
v -3.108039 0.67 -0.66
v -3.102044 0.655529 -0.66
v -3.16 1.1 -0.66
v -3.16 0.9 -0.66
v -3.1 0.96 -0.66
v -3.102044 0.944471 -0.66
v -3.108039 0.93 -0.66
v -3.117574 0.917574 -0.66
v -3.13 0.908038 -0.66
v -3.144471 0.902044 -0.66
v -3.1 1.04 -0.66
v -3.144471 1.097955 -0.66
v -3.13 1.091962 -0.66
v -3.117574 1.082426 -0.66
v -3.108039 1.07 -0.66
v -3.102044 1.055529 -0.66
v -3.16 1.5 -0.66
v -3.16 1.3 -0.66
v -3.1 1.36 -0.66
v -3.102044 1.344471 -0.66
v -3.108039 1.33 -0.66
v -3.117574 1.317574 -0.66
v -3.13 1.308038 -0.66
v -3.144471 1.302045 -0.66
v -3.1 1.44 -0.66
v -3.144471 1.497956 -0.66
v -3.13 1.491961 -0.66
v -3.117574 1.482426 -0.66
v -3.108039 1.47 -0.66
v -3.102044 1.455529 -0.66
v -3.16 1.9 -0.66
v -3.16 1.7 -0.66
v -3.1 1.76 -0.66
v -3.102044 1.744471 -0.66
v -3.108039 1.73 -0.66
v -3.117574 1.717574 -0.66
v -3.13 1.708038 -0.66
v -3.144471 1.702044 -0.66
v -3.1 1.84 -0.66
v -3.144471 1.897956 -0.66
v -3.13 1.891962 -0.66
v -3.117574 1.882427 -0.66
v -3.108039 1.87 -0.66
v -3.102044 1.855529 -0.66
v -3.16 2.3 -0.66
v -3.16 2.1 -0.66
v -3.144471 2.102044 -0.66
v -3.13 2.108038 -0.66
v -3.117574 2.117573 -0.66
v -3.108039 2.13 -0.66
v -3.102044 2.144471 -0.66
v -3.1 2.16 -0.66
v -3.1 2.24 -0.66
v -3.144471 2.297956 -0.66
v -3.13 2.291962 -0.66
v -3.117574 2.282426 -0.66
v -3.108039 2.27 -0.66
v -3.102044 2.255529 -0.66
v -3.16 2.5 -0.66
v -3.144471 2.502044 -0.66
v -3.13 2.508039 -0.66
v -3.117574 2.517574 -0.66
v -3.108039 2.53 -0.66
v -3.102044 2.544471 -0.66
v -3.1 2.56 -0.66
v -3.1 2.64 -0.66
v -3.16 2.7 -0.66
v -3.144471 2.697956 -0.66
v -3.13 2.691962 -0.66
v -3.117574 2.682426 -0.66
v -3.108039 2.67 -0.66
v -3.102044 2.655529 -0.66
v 2.5 -3.16 -0.66
v 2.501504 -3.146649 -0.66
v 2.505942 -3.133967 -0.66
v 2.51309 -3.122591 -0.66
v 2.522591 -3.11309 -0.66
v 2.533967 -3.105942 -0.66
v 2.546649 -3.101504 -0.66
v 2.56 -3.1 -0.66
v 2.7 -3.16 -0.66
v 2.64 -3.1 -0.66
v 2.653351 -3.101504 -0.66
v 2.666033 -3.105942 -0.66
v 2.677409 -3.11309 -0.66
v 2.68691 -3.122591 -0.66
v 2.694058 -3.133967 -0.66
v 2.698496 -3.146649 -0.66
v 2.1 -3.16 -0.66
v 2.101504 -3.146649 -0.66
v 2.105942 -3.133967 -0.66
v 2.11309 -3.122591 -0.66
v 2.122591 -3.11309 -0.66
v 2.133967 -3.105942 -0.66
v 2.146649 -3.101504 -0.66
v 2.16 -3.1 -0.66
v 2.3 -3.16 -0.66
v 2.24 -3.1 -0.66
v 2.253351 -3.101504 -0.66
v 2.266033 -3.105942 -0.66
v 2.277409 -3.11309 -0.66
v 2.28691 -3.122591 -0.66
v 2.294058 -3.133967 -0.66
v 2.298496 -3.146649 -0.66
v 1.7 -3.16 -0.66
v 1.701504 -3.146649 -0.66
v 1.705942 -3.133967 -0.66
v 1.71309 -3.122591 -0.66
v 1.722591 -3.11309 -0.66
v 1.733967 -3.105942 -0.66
v 1.746649 -3.101504 -0.66
v 1.76 -3.1 -0.66
v 1.9 -3.16 -0.66
v 1.84 -3.1 -0.66
v 1.853351 -3.101504 -0.66
v 1.866033 -3.105942 -0.66
v 1.877409 -3.11309 -0.66
v 1.88691 -3.122591 -0.66
v 1.894058 -3.133967 -0.66
v 1.898496 -3.146649 -0.66
v 1.3 -3.16 -0.66
v 1.301504 -3.146649 -0.66
v 1.305942 -3.133967 -0.66
v 1.31309 -3.122591 -0.66
v 1.322591 -3.11309 -0.66
v 1.333967 -3.105942 -0.66
v 1.346649 -3.101504 -0.66
v 1.36 -3.1 -0.66
v 1.5 -3.16 -0.66
v 1.44 -3.1 -0.66
v 1.453351 -3.101504 -0.66
v 1.466033 -3.105942 -0.66
v 1.477409 -3.11309 -0.66
v 1.48691 -3.122591 -0.66
v 1.494058 -3.133967 -0.66
v 1.498496 -3.146649 -0.66
v 0.9 -3.16 -0.66
v 0.901504 -3.146649 -0.66
v 0.905942 -3.133967 -0.66
v 0.91309 -3.122591 -0.66
v 0.922591 -3.11309 -0.66
v 0.933967 -3.105942 -0.66
v 0.946649 -3.101504 -0.66
v 0.96 -3.1 -0.66
v 1.1 -3.16 -0.66
v 1.04 -3.1 -0.66
v 1.053351 -3.101504 -0.66
v 1.066033 -3.105942 -0.66
v 1.077409 -3.11309 -0.66
v 1.08691 -3.122591 -0.66
v 1.094058 -3.133967 -0.66
v 1.098496 -3.146649 -0.66
v 0.5 -3.16 -0.66
v 0.501504 -3.146649 -0.66
v 0.505942 -3.133967 -0.66
v 0.51309 -3.122591 -0.66
v 0.522591 -3.11309 -0.66
v 0.533967 -3.105942 -0.66
v 0.546649 -3.101504 -0.66
v 0.56 -3.1 -0.66
v 0.7 -3.16 -0.66
v 0.64 -3.1 -0.66
v 0.653351 -3.101504 -0.66
v 0.666033 -3.105942 -0.66
v 0.677409 -3.11309 -0.66
v 0.68691 -3.122591 -0.66
v 0.694058 -3.133967 -0.66
v 0.698496 -3.146649 -0.66
v 0.101504 -3.146649 -0.66
v 0.1 -3.16 -0.66
v 0.105942 -3.133967 -0.66
v 0.11309 -3.122591 -0.66
v 0.122591 -3.11309 -0.66
v 0.133967 -3.105942 -0.66
v 0.146649 -3.101504 -0.66
v 0.16 -3.1 -0.66
v 0.3 -3.16 -0.66
v 0.24 -3.1 -0.66
v 0.253351 -3.101504 -0.66
v 0.266033 -3.105942 -0.66
v 0.277409 -3.11309 -0.66
v 0.28691 -3.122591 -0.66
v 0.294058 -3.133967 -0.66
v 0.298496 -3.146649 -0.66
v -0.3 -3.16 -0.66
v -0.298496 -3.146649 -0.66
v -0.294058 -3.133967 -0.66
v -0.28691 -3.122591 -0.66
v -0.277409 -3.11309 -0.66
v -0.266033 -3.105942 -0.66
v -0.253351 -3.101504 -0.66
v -0.24 -3.1 -0.66
v -0.1 -3.16 -0.66
v -0.16 -3.1 -0.66
v -0.146649 -3.101504 -0.66
v -0.133967 -3.105942 -0.66
v -0.122591 -3.11309 -0.66
v -0.11309 -3.122591 -0.66
v -0.105942 -3.133967 -0.66
v -0.101504 -3.146649 -0.66
v -0.7 -3.16 -0.66
v -0.698496 -3.146649 -0.66
v -0.694058 -3.133967 -0.66
v -0.68691 -3.122591 -0.66
v -0.677409 -3.11309 -0.66
v -0.666033 -3.105942 -0.66
v -0.653351 -3.101504 -0.66
v -0.64 -3.1 -0.66
v -0.5 -3.16 -0.66
v -0.56 -3.1 -0.66
v -0.546649 -3.101504 -0.66
v -0.533967 -3.105942 -0.66
v -0.522591 -3.11309 -0.66
v -0.51309 -3.122591 -0.66
v -0.505942 -3.133967 -0.66
v -0.501504 -3.146649 -0.66
v -1.1 -3.16 -0.66
v -1.098496 -3.146649 -0.66
v -1.094058 -3.133967 -0.66
v -1.08691 -3.122591 -0.66
v -1.077409 -3.11309 -0.66
v -1.066033 -3.105942 -0.66
v -1.053351 -3.101504 -0.66
v -1.04 -3.1 -0.66
v -0.9 -3.16 -0.66
v -0.96 -3.1 -0.66
v -0.946649 -3.101504 -0.66
v -0.933967 -3.105942 -0.66
v -0.922591 -3.11309 -0.66
v -0.91309 -3.122591 -0.66
v -0.905942 -3.133967 -0.66
v -0.901504 -3.146649 -0.66
v -1.5 -3.16 -0.66
v -1.498496 -3.146649 -0.66
v -1.494058 -3.133967 -0.66
v -1.48691 -3.122591 -0.66
v -1.477409 -3.11309 -0.66
v -1.466033 -3.105942 -0.66
v -1.453351 -3.101504 -0.66
v -1.44 -3.1 -0.66
v -1.3 -3.16 -0.66
v -1.36 -3.1 -0.66
v -1.346649 -3.101504 -0.66
v -1.333967 -3.105942 -0.66
v -1.322591 -3.11309 -0.66
v -1.31309 -3.122591 -0.66
v -1.305942 -3.133967 -0.66
v -1.301504 -3.146649 -0.66
v -1.9 -3.16 -0.66
v -1.898496 -3.146649 -0.66
v -1.894058 -3.133967 -0.66
v -1.88691 -3.122591 -0.66
v -1.877409 -3.11309 -0.66
v -1.866033 -3.105942 -0.66
v -1.853351 -3.101504 -0.66
v -1.84 -3.1 -0.66
v -1.7 -3.16 -0.66
v -1.76 -3.1 -0.66
v -1.746649 -3.101504 -0.66
v -1.733967 -3.105942 -0.66
v -1.722591 -3.11309 -0.66
v -1.71309 -3.122591 -0.66
v -1.705942 -3.133967 -0.66
v -1.701504 -3.146649 -0.66
v -2.3 -3.16 -0.66
v -2.298496 -3.146649 -0.66
v -2.294058 -3.133967 -0.66
v -2.28691 -3.122591 -0.66
v -2.277409 -3.11309 -0.66
v -2.266033 -3.105942 -0.66
v -2.253351 -3.101504 -0.66
v -2.24 -3.1 -0.66
v -2.1 -3.16 -0.66
v -2.16 -3.1 -0.66
v -2.146649 -3.101504 -0.66
v -2.133967 -3.105942 -0.66
v -2.122591 -3.11309 -0.66
v -2.11309 -3.122591 -0.66
v -2.105942 -3.133967 -0.66
v -2.101504 -3.146649 -0.66
v -2.7 -3.16 -0.66
v -2.698496 -3.146649 -0.66
v -2.694058 -3.133967 -0.66
v -2.68691 -3.122591 -0.66
v -2.677409 -3.11309 -0.66
v -2.666033 -3.105942 -0.66
v -2.653351 -3.101504 -0.66
v -2.64 -3.1 -0.66
v -2.5 -3.16 -0.66
v -2.56 -3.1 -0.66
v -2.546649 -3.101504 -0.66
v -2.533967 -3.105942 -0.66
v -2.522591 -3.11309 -0.66
v -2.51309 -3.122591 -0.66
v -2.505942 -3.133967 -0.66
v -2.501504 -3.146649 -0.66
v 3.16 -2.7 -0.66
v 3.144471 -2.697956 -0.66
v 3.13 -2.691962 -0.66
v 3.117574 -2.682426 -0.66
v 3.108039 -2.67 -0.66
v 3.102044 -2.655529 -0.66
v 3.1 -2.64 -0.66
v 3.16 -2.5 -0.66
v 3.1 -2.56 -0.66
v 3.102044 -2.544471 -0.66
v 3.108039 -2.53 -0.66
v 3.117574 -2.517574 -0.66
v 3.13 -2.508039 -0.66
v 3.144471 -2.502044 -0.66
v 3.16 -2.3 -0.66
v 3.144471 -2.297956 -0.66
v 3.13 -2.291962 -0.66
v 3.117574 -2.282426 -0.66
v 3.108039 -2.27 -0.66
v 3.102044 -2.255529 -0.66
v 3.1 -2.24 -0.66
v 3.16 -2.1 -0.66
v 3.1 -2.16 -0.66
v 3.102044 -2.144471 -0.66
v 3.108039 -2.13 -0.66
v 3.117574 -2.117573 -0.66
v 3.13 -2.108038 -0.66
v 3.144471 -2.102044 -0.66
v 3.16 -1.9 -0.66
v 3.144471 -1.897956 -0.66
v 3.13 -1.891962 -0.66
v 3.117574 -1.882427 -0.66
v 3.108039 -1.87 -0.66
v 3.102044 -1.855529 -0.66
v 3.1 -1.84 -0.66
v 3.16 -1.7 -0.66
v 3.1 -1.76 -0.66
v 3.102044 -1.744471 -0.66
v 3.108039 -1.73 -0.66
v 3.117574 -1.717574 -0.66
v 3.13 -1.708038 -0.66
v 3.144471 -1.702044 -0.66
v 3.16 -1.5 -0.66
v 3.144471 -1.497956 -0.66
v 3.13 -1.491961 -0.66
v 3.117574 -1.482426 -0.66
v 3.108039 -1.47 -0.66
v 3.102044 -1.455529 -0.66
v 3.1 -1.44 -0.66
v 3.16 -1.3 -0.66
v 3.1 -1.36 -0.66
v 3.102044 -1.344471 -0.66
v 3.108039 -1.33 -0.66
v 3.117574 -1.317574 -0.66
v 3.13 -1.308038 -0.66
v 3.144471 -1.302045 -0.66
v 3.16 -1.1 -0.66
v 3.144471 -1.097955 -0.66
v 3.13 -1.091962 -0.66
v 3.117574 -1.082426 -0.66
v 3.108039 -1.07 -0.66
v 3.102044 -1.055529 -0.66
v 3.1 -1.04 -0.66
v 3.16 -0.9 -0.66
v 3.1 -0.96 -0.66
v 3.102044 -0.944471 -0.66
v 3.108039 -0.93 -0.66
v 3.117574 -0.917574 -0.66
v 3.13 -0.908038 -0.66
v 3.144471 -0.902044 -0.66
v 3.16 -0.7 -0.66
v 3.144471 -0.697956 -0.66
v 3.13 -0.691962 -0.66
v 3.117574 -0.682426 -0.66
v 3.108039 -0.67 -0.66
v 3.102044 -0.655529 -0.66
v 3.1 -0.64 -0.66
v 3.16 -0.5 -0.66
v 3.1 -0.56 -0.66
v 3.102044 -0.544471 -0.66
v 3.108039 -0.53 -0.66
v 3.117574 -0.517574 -0.66
v 3.13 -0.508039 -0.66
v 3.144471 -0.502044 -0.66
v 3.16 -0.3 -0.66
v 3.144471 -0.297956 -0.66
v 3.13 -0.291962 -0.66
v 3.117574 -0.282426 -0.66
v 3.108039 -0.27 -0.66
v 3.102044 -0.255529 -0.66
v 3.1 -0.24 -0.66
v 3.16 -0.1 -0.66
v 3.1 -0.16 -0.66
v 3.102044 -0.144471 -0.66
v 3.108039 -0.13 -0.66
v 3.117574 -0.117574 -0.66
v 3.13 -0.108038 -0.66
v 3.144471 -0.102044 -0.66
v 3.16 0.1 -0.66
v 3.144471 0.102044 -0.66
v 3.13 0.108038 -0.66
v 3.117574 0.117574 -0.66
v 3.108039 0.13 -0.66
v 3.102044 0.144471 -0.66
v 3.1 0.16 -0.66
v 3.16 0.3 -0.66
v 3.1 0.24 -0.66
v 3.102044 0.255529 -0.66
v 3.108039 0.27 -0.66
v 3.117574 0.282426 -0.66
v 3.13 0.291962 -0.66
v 3.144471 0.297956 -0.66
v 3.16 0.5 -0.66
v 3.144471 0.502044 -0.66
v 3.13 0.508039 -0.66
v 3.117574 0.517574 -0.66
v 3.108039 0.53 -0.66
v 3.102044 0.544471 -0.66
v 3.1 0.56 -0.66
v 3.16 0.7 -0.66
v 3.1 0.64 -0.66
v 3.102044 0.655529 -0.66
v 3.108039 0.67 -0.66
v 3.117574 0.682426 -0.66
v 3.13 0.691962 -0.66
v 3.144471 0.697956 -0.66
v 3.16 0.9 -0.66
v 3.144471 0.902044 -0.66
v 3.13 0.908038 -0.66
v 3.117574 0.917574 -0.66
v 3.108039 0.93 -0.66
v 3.102044 0.944471 -0.66
v 3.1 0.96 -0.66
v 3.16 1.1 -0.66
v 3.1 1.04 -0.66
v 3.102044 1.055529 -0.66
v 3.108039 1.07 -0.66
v 3.117574 1.082426 -0.66
v 3.13 1.091962 -0.66
v 3.144471 1.097955 -0.66
v 3.16 1.3 -0.66
v 3.144471 1.302045 -0.66
v 3.13 1.308038 -0.66
v 3.117574 1.317574 -0.66
v 3.108039 1.33 -0.66
v 3.102044 1.344471 -0.66
v 3.1 1.36 -0.66
v 3.16 1.5 -0.66
v 3.1 1.44 -0.66
v 3.102044 1.455529 -0.66
v 3.108039 1.47 -0.66
v 3.117574 1.482426 -0.66
v 3.13 1.491961 -0.66
v 3.144471 1.497956 -0.66
v 3.16 1.7 -0.66
v 3.144471 1.702044 -0.66
v 3.13 1.708038 -0.66
v 3.117574 1.717574 -0.66
v 3.108039 1.73 -0.66
v 3.102044 1.744471 -0.66
v 3.1 1.76 -0.66
v 3.16 1.9 -0.66
v 3.1 1.84 -0.66
v 3.102044 1.855529 -0.66
v 3.108039 1.87 -0.66
v 3.117574 1.882427 -0.66
v 3.13 1.891962 -0.66
v 3.144471 1.897956 -0.66
v 3.16 2.1 -0.66
v 3.144471 2.102044 -0.66
v 3.13 2.108038 -0.66
v 3.117574 2.117573 -0.66
v 3.108039 2.13 -0.66
v 3.102044 2.144471 -0.66
v 3.1 2.16 -0.66
v 3.16 2.3 -0.66
v 3.1 2.24 -0.66
v 3.102044 2.255529 -0.66
v 3.108039 2.27 -0.66
v 3.117574 2.282426 -0.66
v 3.13 2.291962 -0.66
v 3.144471 2.297956 -0.66
v 3.16 2.5 -0.66
v 3.144471 2.502044 -0.66
v 3.13 2.508039 -0.66
v 3.117574 2.517574 -0.66
v 3.108039 2.53 -0.66
v 3.102044 2.544471 -0.66
v 3.1 2.56 -0.66
v 3.16 2.7 -0.66
v 3.1 2.64 -0.66
v 3.102044 2.655529 -0.66
v 3.108039 2.67 -0.66
v 3.117574 2.682426 -0.66
v 3.13 2.691962 -0.66
v 3.144471 2.697956 -0.66
v -2.0 1.5 -0.66
v -2.0 -1.8 -0.66
v -1.8 -2.0 -0.66
v -1.844504 -1.994986 -0.66
v -1.886777 -1.980194 -0.66
v -1.924698 -1.956366 -0.66
v -1.956366 -1.924698 -0.66
v -1.980194 -1.886777 -0.66
v -1.994986 -1.844504 -0.66
v 1.8 -2.0 -0.66
v 2.0 -1.8 -0.66
v 1.994986 -1.844504 -0.66
v 1.980194 -1.886777 -0.66
v 1.956366 -1.924698 -0.66
v 1.924698 -1.956366 -0.66
v 1.886777 -1.980194 -0.66
v 1.844504 -1.994986 -0.66
v 2.0 1.8 -0.66
v 1.8 2.0 -0.66
v 1.844504 1.994986 -0.66
v 1.886777 1.980194 -0.66
v 1.924698 1.956366 -0.66
v 1.956366 1.924698 -0.66
v 1.980194 1.886777 -0.66
v 1.994986 1.844504 -0.66
v -1.5 2.0 -0.66
v -2.698847 3.148294 -0.85
v -2.698847 3.148294 -0.66
v -2.695433 3.137039 -0.85
v -2.695433 3.137039 -0.66
v -2.689888 3.126666 -0.85
v -2.689888 3.126666 -0.66
v -2.682426 3.117574 -0.85
v -2.682426 3.117574 -0.66
v -2.673334 3.110112 -0.85
v -2.673334 3.110112 -0.66
v -2.662961 3.104567 -0.85
v -2.662961 3.104567 -0.66
v -2.651706 3.101153 -0.85
v -2.651706 3.101153 -0.66
v -2.548295 3.101153 -0.85
v -2.548295 3.101153 -0.66
v -2.537039 3.104567 -0.85
v -2.537039 3.104567 -0.66
v -2.526666 3.110112 -0.85
v -2.526666 3.110112 -0.66
v -2.517574 3.117574 -0.85
v -2.517574 3.117574 -0.66
v -2.510112 3.126666 -0.85
v -2.510112 3.126666 -0.66
v -2.504567 3.137039 -0.85
v -2.504567 3.137039 -0.66
v -2.501153 3.148294 -0.85
v -2.501153 3.148294 -0.66
v -2.651706 -3.101153 -0.85
v -2.651706 -3.101153 -0.66
v -2.662961 -3.104567 -0.85
v -2.662961 -3.104567 -0.66
v -2.673334 -3.110112 -0.85
v -2.673334 -3.110112 -0.66
v -2.682426 -3.117574 -0.85
v -2.682426 -3.117574 -0.66
v -2.689888 -3.126666 -0.85
v -2.689888 -3.126666 -0.66
v -2.695433 -3.137039 -0.85
v -2.695433 -3.137039 -0.66
v -2.698847 -3.148294 -0.85
v -2.698847 -3.148294 -0.66
v -2.501153 -3.148294 -0.85
v -2.501153 -3.148294 -0.66
v -2.504567 -3.137039 -0.85
v -2.504567 -3.137039 -0.66
v -2.510112 -3.126666 -0.85
v -2.510112 -3.126666 -0.66
v -2.517574 -3.117574 -0.85
v -2.517574 -3.117574 -0.66
v -2.526666 -3.110112 -0.85
v -2.526666 -3.110112 -0.66
v -2.537039 -3.104567 -0.85
v -2.537039 -3.104567 -0.66
v -2.548295 -3.101153 -0.85
v -2.548295 -3.101153 -0.66
v -3.148294 2.501153 -0.85
v -3.148294 2.501153 -0.66
v -3.137039 2.504567 -0.85
v -3.137039 2.504567 -0.66
v -3.126666 2.510112 -0.85
v -3.126666 2.510112 -0.66
v -3.110112 2.526666 -0.85
v -3.110112 2.526666 -0.66
v -3.104567 2.537039 -0.85
v -3.104567 2.537039 -0.66
v -3.101153 2.548295 -0.85
v -3.101153 2.548295 -0.66
v -3.101153 2.651706 -0.85
v -3.101153 2.651706 -0.66
v -3.104567 2.662961 -0.85
v -3.104567 2.662961 -0.66
v -3.110112 2.673334 -0.85
v -3.110112 2.673334 -0.66
v -3.126666 2.689888 -0.85
v -3.126666 2.689888 -0.66
v -3.137039 2.695433 -0.85
v -3.137039 2.695433 -0.66
v -3.148294 2.698847 -0.85
v -3.148294 2.698847 -0.66
v -2.298847 3.148294 -0.85
v -2.298847 3.148294 -0.66
v -2.295433 3.137039 -0.85
v -2.295433 3.137039 -0.66
v -2.289888 3.126666 -0.85
v -2.289888 3.126666 -0.66
v -2.282426 3.117574 -0.85
v -2.282426 3.117574 -0.66
v -2.273334 3.110112 -0.85
v -2.273334 3.110112 -0.66
v -2.262961 3.104567 -0.85
v -2.262961 3.104567 -0.66
v -2.251705 3.101153 -0.85
v -2.251705 3.101153 -0.66
v -2.148295 3.101153 -0.85
v -2.148295 3.101153 -0.66
v -2.137039 3.104567 -0.85
v -2.137039 3.104567 -0.66
v -2.126666 3.110112 -0.85
v -2.126666 3.110112 -0.66
v -2.117573 3.117574 -0.85
v -2.117573 3.117574 -0.66
v -2.110112 3.126666 -0.85
v -2.110112 3.126666 -0.66
v -2.104567 3.137039 -0.85
v -2.104567 3.137039 -0.66
v -2.101153 3.148294 -0.85
v -2.101153 3.148294 -0.66
v -2.251705 -3.101153 -0.85
v -2.251705 -3.101153 -0.66
v -2.262961 -3.104567 -0.85
v -2.262961 -3.104567 -0.66
v -2.273334 -3.110112 -0.85
v -2.273334 -3.110112 -0.66
v -2.282426 -3.117574 -0.85
v -2.282426 -3.117574 -0.66
v -2.289888 -3.126666 -0.85
v -2.289888 -3.126666 -0.66
v -2.295433 -3.137039 -0.85
v -2.295433 -3.137039 -0.66
v -2.298847 -3.148294 -0.85
v -2.298847 -3.148294 -0.66
v -2.101153 -3.148294 -0.85
v -2.101153 -3.148294 -0.66
v -2.104567 -3.137039 -0.85
v -2.104567 -3.137039 -0.66
v -2.110112 -3.126666 -0.85
v -2.110112 -3.126666 -0.66
v -2.117573 -3.117574 -0.85
v -2.117573 -3.117574 -0.66
v -2.126666 -3.110112 -0.85
v -2.126666 -3.110112 -0.66
v -2.137039 -3.104567 -0.85
v -2.137039 -3.104567 -0.66
v -2.148295 -3.101153 -0.85
v -2.148295 -3.101153 -0.66
v -1.898847 3.148294 -0.85
v -1.898847 3.148294 -0.66
v -1.895433 3.137039 -0.85
v -1.895433 3.137039 -0.66
v -1.889888 3.126666 -0.85
v -1.889888 3.126666 -0.66
v -1.882427 3.117574 -0.85
v -1.882427 3.117574 -0.66
v -1.873334 3.110112 -0.85
v -1.873334 3.110112 -0.66
v -1.862961 3.104567 -0.85
v -1.862961 3.104567 -0.66
v -1.851705 3.101153 -0.85
v -1.851705 3.101153 -0.66
v -1.748295 3.101153 -0.85
v -1.748295 3.101153 -0.66
v -1.737039 3.104567 -0.85
v -1.737039 3.104567 -0.66
v -1.726666 3.110112 -0.85
v -1.726666 3.110112 -0.66
v -1.717574 3.117574 -0.85
v -1.717574 3.117574 -0.66
v -1.710112 3.126666 -0.85
v -1.710112 3.126666 -0.66
v -1.704567 3.137039 -0.85
v -1.704567 3.137039 -0.66
v -1.701153 3.148294 -0.85
v -1.701153 3.148294 -0.66
v -1.851705 -3.101153 -0.85
v -1.851705 -3.101153 -0.66
v -1.862961 -3.104567 -0.85
v -1.862961 -3.104567 -0.66
v -1.873334 -3.110112 -0.85
v -1.873334 -3.110112 -0.66
v -1.882427 -3.117574 -0.85
v -1.882427 -3.117574 -0.66
v -1.889888 -3.126666 -0.85
v -1.889888 -3.126666 -0.66
v -1.895433 -3.137039 -0.85
v -1.895433 -3.137039 -0.66
v -1.898847 -3.148294 -0.85
v -1.898847 -3.148294 -0.66
v -1.701153 -3.148294 -0.85
v -1.701153 -3.148294 -0.66
v -1.704567 -3.137039 -0.85
v -1.704567 -3.137039 -0.66
v -1.710112 -3.126666 -0.85
v -1.710112 -3.126666 -0.66
v -1.717574 -3.117574 -0.85
v -1.717574 -3.117574 -0.66
v -1.726666 -3.110112 -0.85
v -1.726666 -3.110112 -0.66
v -1.737039 -3.104567 -0.85
v -1.737039 -3.104567 -0.66
v -1.748295 -3.101153 -0.85
v -1.748295 -3.101153 -0.66
v -1.498847 3.148294 -0.85
v -1.498847 3.148294 -0.66
v -1.495433 3.137039 -0.85
v -1.495433 3.137039 -0.66
v -1.489888 3.126666 -0.85
v -1.489888 3.126666 -0.66
v -1.482426 3.117574 -0.85
v -1.482426 3.117574 -0.66
v -1.473334 3.110112 -0.85
v -1.473334 3.110112 -0.66
v -1.462961 3.104567 -0.85
v -1.462961 3.104567 -0.66
v -1.451705 3.101153 -0.85
v -1.451705 3.101153 -0.66
v -1.348294 3.101153 -0.85
v -1.348294 3.101153 -0.66
v -1.337039 3.104567 -0.85
v -1.337039 3.104567 -0.66
v -1.326666 3.110112 -0.85
v -1.326666 3.110112 -0.66
v -1.317574 3.117574 -0.85
v -1.317574 3.117574 -0.66
v -1.310112 3.126666 -0.85
v -1.310112 3.126666 -0.66
v -1.304567 3.137039 -0.85
v -1.304567 3.137039 -0.66
v -1.301153 3.148294 -0.85
v -1.301153 3.148294 -0.66
v -1.451705 -3.101153 -0.85
v -1.451705 -3.101153 -0.66
v -1.462961 -3.104567 -0.85
v -1.462961 -3.104567 -0.66
v -1.473334 -3.110112 -0.85
v -1.473334 -3.110112 -0.66
v -1.482426 -3.117574 -0.85
v -1.482426 -3.117574 -0.66
v -1.489888 -3.126666 -0.85
v -1.489888 -3.126666 -0.66
v -1.495433 -3.137039 -0.85
v -1.495433 -3.137039 -0.66
v -1.498847 -3.148294 -0.85
v -1.498847 -3.148294 -0.66
v -1.301153 -3.148294 -0.85
v -1.301153 -3.148294 -0.66
v -1.304567 -3.137039 -0.85
v -1.304567 -3.137039 -0.66
v -1.310112 -3.126666 -0.85
v -1.310112 -3.126666 -0.66
v -1.317574 -3.117574 -0.85
v -1.317574 -3.117574 -0.66
v -1.326666 -3.110112 -0.85
v -1.326666 -3.110112 -0.66
v -1.337039 -3.104567 -0.85
v -1.337039 -3.104567 -0.66
v -1.348294 -3.101153 -0.85
v -1.348294 -3.101153 -0.66
v -1.098847 3.148294 -0.85
v -1.098847 3.148294 -0.66
v -1.095433 3.137039 -0.85
v -1.095433 3.137039 -0.66
v -1.089888 3.126666 -0.85
v -1.089888 3.126666 -0.66
v -1.082426 3.117574 -0.85
v -1.082426 3.117574 -0.66
v -1.073334 3.110112 -0.85
v -1.073334 3.110112 -0.66
v -1.062961 3.104567 -0.85
v -1.062961 3.104567 -0.66
v -1.051705 3.101153 -0.85
v -1.051705 3.101153 -0.66
v -0.948295 3.101153 -0.85
v -0.948295 3.101153 -0.66
v -0.937039 3.104567 -0.85
v -0.937039 3.104567 -0.66
v -0.926666 3.110112 -0.85
v -0.926666 3.110112 -0.66
v -0.917574 3.117574 -0.85
v -0.917574 3.117574 -0.66
v -0.910112 3.126666 -0.85
v -0.910112 3.126666 -0.66
v -0.904567 3.137039 -0.85
v -0.904567 3.137039 -0.66
v -0.901153 3.148294 -0.85
v -0.901153 3.148294 -0.66
v -1.051705 -3.101153 -0.85
v -1.051705 -3.101153 -0.66
v -1.062961 -3.104567 -0.85
v -1.062961 -3.104567 -0.66
v -1.073334 -3.110112 -0.85
v -1.073334 -3.110112 -0.66
v -1.082426 -3.117574 -0.85
v -1.082426 -3.117574 -0.66
v -1.089888 -3.126666 -0.85
v -1.089888 -3.126666 -0.66
v -1.095433 -3.137039 -0.85
v -1.095433 -3.137039 -0.66
v -1.098847 -3.148294 -0.85
v -1.098847 -3.148294 -0.66
v -0.901153 -3.148294 -0.85
v -0.901153 -3.148294 -0.66
v -0.904567 -3.137039 -0.85
v -0.904567 -3.137039 -0.66
v -0.910112 -3.126666 -0.85
v -0.910112 -3.126666 -0.66
v -0.917574 -3.117574 -0.85
v -0.917574 -3.117574 -0.66
v -0.926666 -3.110112 -0.85
v -0.926666 -3.110112 -0.66
v -0.937039 -3.104567 -0.85
v -0.937039 -3.104567 -0.66
v -0.948295 -3.101153 -0.85
v -0.948295 -3.101153 -0.66
v -0.698847 3.148294 -0.85
v -0.698847 3.148294 -0.66
v -0.695433 3.137039 -0.85
v -0.695433 3.137039 -0.66
v -0.689888 3.126666 -0.85
v -0.689888 3.126666 -0.66
v -0.682426 3.117574 -0.85
v -0.682426 3.117574 -0.66
v -0.673334 3.110112 -0.85
v -0.673334 3.110112 -0.66
v -0.662961 3.104567 -0.85
v -0.662961 3.104567 -0.66
v -0.651705 3.101153 -0.85
v -0.651705 3.101153 -0.66
v -0.548295 3.101153 -0.85
v -0.548295 3.101153 -0.66
v -0.537039 3.104567 -0.85
v -0.537039 3.104567 -0.66
v -0.526666 3.110112 -0.85
v -0.526666 3.110112 -0.66
v -0.517574 3.117574 -0.85
v -0.517574 3.117574 -0.66
v -0.510112 3.126666 -0.85
v -0.510112 3.126666 -0.66
v -0.504567 3.137039 -0.85
v -0.504567 3.137039 -0.66
v -0.501153 3.148294 -0.85
v -0.501153 3.148294 -0.66
v -0.651705 -3.101153 -0.85
v -0.651705 -3.101153 -0.66
v -0.662961 -3.104567 -0.85
v -0.662961 -3.104567 -0.66
v -0.673334 -3.110112 -0.85
v -0.673334 -3.110112 -0.66
v -0.682426 -3.117574 -0.85
v -0.682426 -3.117574 -0.66
v -0.689888 -3.126666 -0.85
v -0.689888 -3.126666 -0.66
v -0.695433 -3.137039 -0.85
v -0.695433 -3.137039 -0.66
v -0.698847 -3.148294 -0.85
v -0.698847 -3.148294 -0.66
v -0.501153 -3.148294 -0.85
v -0.501153 -3.148294 -0.66
v -0.504567 -3.137039 -0.85
v -0.504567 -3.137039 -0.66
v -0.510112 -3.126666 -0.85
v -0.510112 -3.126666 -0.66
v -0.517574 -3.117574 -0.85
v -0.517574 -3.117574 -0.66
v -0.526666 -3.110112 -0.85
v -0.526666 -3.110112 -0.66
v -0.537039 -3.104567 -0.85
v -0.537039 -3.104567 -0.66
v -0.548295 -3.101153 -0.85
v -0.548295 -3.101153 -0.66
v -0.298847 3.148294 -0.85
v -0.298847 3.148294 -0.66
v -0.295433 3.137039 -0.85
v -0.295433 3.137039 -0.66
v -0.289888 3.126666 -0.85
v -0.289888 3.126666 -0.66
v -0.282426 3.117574 -0.85
v -0.282426 3.117574 -0.66
v -0.273334 3.110112 -0.85
v -0.273334 3.110112 -0.66
v -0.262961 3.104567 -0.85
v -0.262961 3.104567 -0.66
v -0.251705 3.101153 -0.85
v -0.251705 3.101153 -0.66
v -0.148295 3.101153 -0.85
v -0.148295 3.101153 -0.66
v -0.137039 3.104567 -0.85
v -0.137039 3.104567 -0.66
v -0.126666 3.110112 -0.85
v -0.126666 3.110112 -0.66
v -0.117574 3.117574 -0.85
v -0.117574 3.117574 -0.66
v -0.110112 3.126666 -0.85
v -0.110112 3.126666 -0.66
v -0.104567 3.137039 -0.85
v -0.104567 3.137039 -0.66
v -0.101153 3.148294 -0.85
v -0.101153 3.148294 -0.66
v -0.251705 -3.101153 -0.85
v -0.251705 -3.101153 -0.66
v -0.262961 -3.104567 -0.85
v -0.262961 -3.104567 -0.66
v -0.273334 -3.110112 -0.85
v -0.273334 -3.110112 -0.66
v -0.282426 -3.117574 -0.85
v -0.282426 -3.117574 -0.66
v -0.289888 -3.126666 -0.85
v -0.289888 -3.126666 -0.66
v -0.295433 -3.137039 -0.85
v -0.295433 -3.137039 -0.66
v -0.298847 -3.148294 -0.85
v -0.298847 -3.148294 -0.66
v -0.101153 -3.148294 -0.85
v -0.101153 -3.148294 -0.66
v -0.104567 -3.137039 -0.85
v -0.104567 -3.137039 -0.66
v -0.110112 -3.126666 -0.85
v -0.110112 -3.126666 -0.66
v -0.117574 -3.117574 -0.85
v -0.117574 -3.117574 -0.66
v -0.126666 -3.110112 -0.85
v -0.126666 -3.110112 -0.66
v -0.137039 -3.104567 -0.85
v -0.137039 -3.104567 -0.66
v -0.148295 -3.101153 -0.85
v -0.148295 -3.101153 -0.66
v 0.101153 3.148294 -0.85
v 0.101153 3.148294 -0.66
v 0.104567 3.137039 -0.85
v 0.104567 3.137039 -0.66
v 0.110112 3.126666 -0.85
v 0.110112 3.126666 -0.66
v 0.117574 3.117574 -0.85
v 0.117574 3.117574 -0.66
v 0.126666 3.110112 -0.85
v 0.126666 3.110112 -0.66
v 0.137039 3.104567 -0.85
v 0.137039 3.104567 -0.66
v 0.148295 3.101153 -0.85
v 0.148295 3.101153 -0.66
v 0.251705 3.101153 -0.85
v 0.251705 3.101153 -0.66
v 0.262961 3.104567 -0.85
v 0.262961 3.104567 -0.66
v 0.273334 3.110112 -0.85
v 0.273334 3.110112 -0.66
v 0.282426 3.117574 -0.85
v 0.282426 3.117574 -0.66
v 0.289888 3.126666 -0.85
v 0.289888 3.126666 -0.66
v 0.295433 3.137039 -0.85
v 0.295433 3.137039 -0.66
v 0.298847 3.148294 -0.85
v 0.298847 3.148294 -0.66
v 0.148295 -3.101153 -0.85
v 0.148295 -3.101153 -0.66
v 0.137039 -3.104567 -0.85
v 0.137039 -3.104567 -0.66
v 0.126666 -3.110112 -0.85
v 0.126666 -3.110112 -0.66
v 0.117574 -3.117574 -0.85
v 0.117574 -3.117574 -0.66
v 0.110112 -3.126666 -0.85
v 0.110112 -3.126666 -0.66
v 0.104567 -3.137039 -0.85
v 0.104567 -3.137039 -0.66
v 0.101153 -3.148294 -0.85
v 0.101153 -3.148294 -0.66
v 0.298847 -3.148294 -0.85
v 0.298847 -3.148294 -0.66
v 0.295433 -3.137039 -0.85
v 0.295433 -3.137039 -0.66
v 0.289888 -3.126666 -0.85
v 0.289888 -3.126666 -0.66
v 0.282426 -3.117574 -0.85
v 0.282426 -3.117574 -0.66
v 0.273334 -3.110112 -0.85
v 0.273334 -3.110112 -0.66
v 0.262961 -3.104567 -0.85
v 0.262961 -3.104567 -0.66
v 0.251705 -3.101153 -0.85
v 0.251705 -3.101153 -0.66
v 0.501153 3.148294 -0.85
v 0.501153 3.148294 -0.66
v 0.504567 3.137039 -0.85
v 0.504567 3.137039 -0.66
v 0.510112 3.126666 -0.85
v 0.510112 3.126666 -0.66
v 0.517574 3.117574 -0.85
v 0.517574 3.117574 -0.66
v 0.526666 3.110112 -0.85
v 0.526666 3.110112 -0.66
v 0.537039 3.104567 -0.85
v 0.537039 3.104567 -0.66
v 0.548295 3.101153 -0.85
v 0.548295 3.101153 -0.66
v 0.651705 3.101153 -0.85
v 0.651705 3.101153 -0.66
v 0.662961 3.104567 -0.85
v 0.662961 3.104567 -0.66
v 0.673334 3.110112 -0.85
v 0.673334 3.110112 -0.66
v 0.682426 3.117574 -0.85
v 0.682426 3.117574 -0.66
v 0.689888 3.126666 -0.85
v 0.689888 3.126666 -0.66
v 0.695433 3.137039 -0.85
v 0.695433 3.137039 -0.66
v 0.698847 3.148294 -0.85
v 0.698847 3.148294 -0.66
v 0.548295 -3.101153 -0.85
v 0.548295 -3.101153 -0.66
v 0.537039 -3.104567 -0.85
v 0.537039 -3.104567 -0.66
v 0.526666 -3.110112 -0.85
v 0.526666 -3.110112 -0.66
v 0.517574 -3.117574 -0.85
v 0.517574 -3.117574 -0.66
v 0.510112 -3.126666 -0.85
v 0.510112 -3.126666 -0.66
v 0.504567 -3.137039 -0.85
v 0.504567 -3.137039 -0.66
v 0.501153 -3.148294 -0.85
v 0.501153 -3.148294 -0.66
v 0.698847 -3.148294 -0.85
v 0.698847 -3.148294 -0.66
v 0.695433 -3.137039 -0.85
v 0.695433 -3.137039 -0.66
v 0.689888 -3.126666 -0.85
v 0.689888 -3.126666 -0.66
v 0.682426 -3.117574 -0.85
v 0.682426 -3.117574 -0.66
v 0.673334 -3.110112 -0.85
v 0.673334 -3.110112 -0.66
v 0.662961 -3.104567 -0.85
v 0.662961 -3.104567 -0.66
v 0.651705 -3.101153 -0.85
v 0.651705 -3.101153 -0.66
v 0.901153 3.148294 -0.85
v 0.901153 3.148294 -0.66
v 0.904567 3.137039 -0.85
v 0.904567 3.137039 -0.66
v 0.910112 3.126666 -0.85
v 0.910112 3.126666 -0.66
v 0.917574 3.117574 -0.85
v 0.917574 3.117574 -0.66
v 0.926666 3.110112 -0.85
v 0.926666 3.110112 -0.66
v 0.937039 3.104567 -0.85
v 0.937039 3.104567 -0.66
v 0.948295 3.101153 -0.85
v 0.948295 3.101153 -0.66
v 1.051705 3.101153 -0.85
v 1.051705 3.101153 -0.66
v 1.062961 3.104567 -0.85
v 1.062961 3.104567 -0.66
v 1.073334 3.110112 -0.85
v 1.073334 3.110112 -0.66
v 1.082426 3.117574 -0.85
v 1.082426 3.117574 -0.66
v 1.089888 3.126666 -0.85
v 1.089888 3.126666 -0.66
v 1.095433 3.137039 -0.85
v 1.095433 3.137039 -0.66
v 1.098847 3.148294 -0.85
v 1.098847 3.148294 -0.66
v 0.948295 -3.101153 -0.85
v 0.948295 -3.101153 -0.66
v 0.937039 -3.104567 -0.85
v 0.937039 -3.104567 -0.66
v 0.926666 -3.110112 -0.85
v 0.926666 -3.110112 -0.66
v 0.917574 -3.117574 -0.85
v 0.917574 -3.117574 -0.66
v 0.910112 -3.126666 -0.85
v 0.910112 -3.126666 -0.66
v 0.904567 -3.137039 -0.85
v 0.904567 -3.137039 -0.66
v 0.901153 -3.148294 -0.85
v 0.901153 -3.148294 -0.66
v 1.098847 -3.148294 -0.85
v 1.098847 -3.148294 -0.66
v 1.095433 -3.137039 -0.85
v 1.095433 -3.137039 -0.66
v 1.089888 -3.126666 -0.85
v 1.089888 -3.126666 -0.66
v 1.082426 -3.117574 -0.85
v 1.082426 -3.117574 -0.66
v 1.073334 -3.110112 -0.85
v 1.073334 -3.110112 -0.66
v 1.062961 -3.104567 -0.85
v 1.062961 -3.104567 -0.66
v 1.051705 -3.101153 -0.85
v 1.051705 -3.101153 -0.66
v 1.301153 3.148294 -0.85
v 1.301153 3.148294 -0.66
v 1.304567 3.137039 -0.85
v 1.304567 3.137039 -0.66
v 1.310112 3.126666 -0.85
v 1.310112 3.126666 -0.66
v 1.317574 3.117574 -0.85
v 1.317574 3.117574 -0.66
v 1.326666 3.110112 -0.85
v 1.326666 3.110112 -0.66
v 1.337039 3.104567 -0.85
v 1.337039 3.104567 -0.66
v 1.348294 3.101153 -0.85
v 1.348294 3.101153 -0.66
v 1.451705 3.101153 -0.85
v 1.451705 3.101153 -0.66
v 1.462961 3.104567 -0.85
v 1.462961 3.104567 -0.66
v 1.473334 3.110112 -0.85
v 1.473334 3.110112 -0.66
v 1.482426 3.117574 -0.85
v 1.482426 3.117574 -0.66
v 1.489888 3.126666 -0.85
v 1.489888 3.126666 -0.66
v 1.495433 3.137039 -0.85
v 1.495433 3.137039 -0.66
v 1.498847 3.148294 -0.85
v 1.498847 3.148294 -0.66
v 1.348294 -3.101153 -0.85
v 1.348294 -3.101153 -0.66
v 1.337039 -3.104567 -0.85
v 1.337039 -3.104567 -0.66
v 1.326666 -3.110112 -0.85
v 1.326666 -3.110112 -0.66
v 1.317574 -3.117574 -0.85
v 1.317574 -3.117574 -0.66
v 1.310112 -3.126666 -0.85
v 1.310112 -3.126666 -0.66
v 1.304567 -3.137039 -0.85
v 1.304567 -3.137039 -0.66
v 1.301153 -3.148294 -0.85
v 1.301153 -3.148294 -0.66
v 1.498847 -3.148294 -0.85
v 1.498847 -3.148294 -0.66
v 1.495433 -3.137039 -0.85
v 1.495433 -3.137039 -0.66
v 1.489888 -3.126666 -0.85
v 1.489888 -3.126666 -0.66
v 1.482426 -3.117574 -0.85
v 1.482426 -3.117574 -0.66
v 1.473334 -3.110112 -0.85
v 1.473334 -3.110112 -0.66
v 1.462961 -3.104567 -0.85
v 1.462961 -3.104567 -0.66
v 1.451705 -3.101153 -0.85
v 1.451705 -3.101153 -0.66
v 1.701153 3.148294 -0.85
v 1.701153 3.148294 -0.66
v 1.704567 3.137039 -0.85
v 1.704567 3.137039 -0.66
v 1.710112 3.126666 -0.85
v 1.710112 3.126666 -0.66
v 1.717574 3.117574 -0.85
v 1.717574 3.117574 -0.66
v 1.726666 3.110112 -0.85
v 1.726666 3.110112 -0.66
v 1.737039 3.104567 -0.85
v 1.737039 3.104567 -0.66
v 1.748295 3.101153 -0.85
v 1.748295 3.101153 -0.66
v 1.851705 3.101153 -0.85
v 1.851705 3.101153 -0.66
v 1.862961 3.104567 -0.85
v 1.862961 3.104567 -0.66
v 1.873334 3.110112 -0.85
v 1.873334 3.110112 -0.66
v 1.882427 3.117574 -0.85
v 1.882427 3.117574 -0.66
v 1.889888 3.126666 -0.85
v 1.889888 3.126666 -0.66
v 1.895433 3.137039 -0.85
v 1.895433 3.137039 -0.66
v 1.898847 3.148294 -0.85
v 1.898847 3.148294 -0.66
v 1.748295 -3.101153 -0.85
v 1.748295 -3.101153 -0.66
v 1.737039 -3.104567 -0.85
v 1.737039 -3.104567 -0.66
v 1.726666 -3.110112 -0.85
v 1.726666 -3.110112 -0.66
v 1.717574 -3.117574 -0.85
v 1.717574 -3.117574 -0.66
v 1.710112 -3.126666 -0.85
v 1.710112 -3.126666 -0.66
v 1.704567 -3.137039 -0.85
v 1.704567 -3.137039 -0.66
v 1.701153 -3.148294 -0.85
v 1.701153 -3.148294 -0.66
v 1.898847 -3.148294 -0.85
v 1.898847 -3.148294 -0.66
v 1.895433 -3.137039 -0.85
v 1.895433 -3.137039 -0.66
v 1.889888 -3.126666 -0.85
v 1.889888 -3.126666 -0.66
v 1.882427 -3.117574 -0.85
v 1.882427 -3.117574 -0.66
v 1.873334 -3.110112 -0.85
v 1.873334 -3.110112 -0.66
v 1.862961 -3.104567 -0.85
v 1.862961 -3.104567 -0.66
v 1.851705 -3.101153 -0.85
v 1.851705 -3.101153 -0.66
v 2.101153 3.148294 -0.85
v 2.101153 3.148294 -0.66
v 2.104567 3.137039 -0.85
v 2.104567 3.137039 -0.66
v 2.110112 3.126666 -0.85
v 2.110112 3.126666 -0.66
v 2.117573 3.117574 -0.85
v 2.117573 3.117574 -0.66
v 2.126666 3.110112 -0.85
v 2.126666 3.110112 -0.66
v 2.137039 3.104567 -0.85
v 2.137039 3.104567 -0.66
v 2.148295 3.101153 -0.85
v 2.148295 3.101153 -0.66
v 2.251705 3.101153 -0.85
v 2.251705 3.101153 -0.66
v 2.262961 3.104567 -0.85
v 2.262961 3.104567 -0.66
v 2.273334 3.110112 -0.85
v 2.273334 3.110112 -0.66
v 2.282426 3.117574 -0.85
v 2.282426 3.117574 -0.66
v 2.289888 3.126666 -0.85
v 2.289888 3.126666 -0.66
v 2.295433 3.137039 -0.85
v 2.295433 3.137039 -0.66
v 2.298847 3.148294 -0.85
v 2.298847 3.148294 -0.66
v 2.148295 -3.101153 -0.85
v 2.148295 -3.101153 -0.66
v 2.137039 -3.104567 -0.85
v 2.137039 -3.104567 -0.66
v 2.126666 -3.110112 -0.85
v 2.126666 -3.110112 -0.66
v 2.117573 -3.117574 -0.85
v 2.117573 -3.117574 -0.66
v 2.110112 -3.126666 -0.85
v 2.110112 -3.126666 -0.66
v 2.104567 -3.137039 -0.85
v 2.104567 -3.137039 -0.66
v 2.101153 -3.148294 -0.85
v 2.101153 -3.148294 -0.66
v 2.298847 -3.148294 -0.85
v 2.298847 -3.148294 -0.66
v 2.295433 -3.137039 -0.85
v 2.295433 -3.137039 -0.66
v 2.289888 -3.126666 -0.85
v 2.289888 -3.126666 -0.66
v 2.282426 -3.117574 -0.85
v 2.282426 -3.117574 -0.66
v 2.273334 -3.110112 -0.85
v 2.273334 -3.110112 -0.66
v 2.262961 -3.104567 -0.85
v 2.262961 -3.104567 -0.66
v 2.251705 -3.101153 -0.85
v 2.251705 -3.101153 -0.66
v 2.501153 3.148294 -0.85
v 2.501153 3.148294 -0.66
v 2.504567 3.137039 -0.85
v 2.504567 3.137039 -0.66
v 2.510112 3.126666 -0.85
v 2.510112 3.126666 -0.66
v 2.517574 3.117574 -0.85
v 2.517574 3.117574 -0.66
v 2.526666 3.110112 -0.85
v 2.526666 3.110112 -0.66
v 2.537039 3.104567 -0.85
v 2.537039 3.104567 -0.66
v 2.548295 3.101153 -0.85
v 2.548295 3.101153 -0.66
v 2.651706 3.101153 -0.85
v 2.651706 3.101153 -0.66
v 2.662961 3.104567 -0.85
v 2.662961 3.104567 -0.66
v 2.673334 3.110112 -0.85
v 2.673334 3.110112 -0.66
v 2.682426 3.117574 -0.85
v 2.682426 3.117574 -0.66
v 2.689888 3.126666 -0.85
v 2.689888 3.126666 -0.66
v 2.695433 3.137039 -0.85
v 2.695433 3.137039 -0.66
v 2.698847 3.148294 -0.85
v 2.698847 3.148294 -0.66
v 2.548295 -3.101153 -0.85
v 2.548295 -3.101153 -0.66
v 2.537039 -3.104567 -0.85
v 2.537039 -3.104567 -0.66
v 2.526666 -3.110112 -0.85
v 2.526666 -3.110112 -0.66
v 2.517574 -3.117574 -0.85
v 2.517574 -3.117574 -0.66
v 2.510112 -3.126666 -0.85
v 2.510112 -3.126666 -0.66
v 2.504567 -3.137039 -0.85
v 2.504567 -3.137039 -0.66
v 2.501153 -3.148294 -0.85
v 2.501153 -3.148294 -0.66
v 2.698847 -3.148294 -0.85
v 2.698847 -3.148294 -0.66
v 2.695433 -3.137039 -0.85
v 2.695433 -3.137039 -0.66
v 2.689888 -3.126666 -0.85
v 2.689888 -3.126666 -0.66
v 2.682426 -3.117574 -0.85
v 2.682426 -3.117574 -0.66
v 2.673334 -3.110112 -0.85
v 2.673334 -3.110112 -0.66
v 2.662961 -3.104567 -0.85
v 2.662961 -3.104567 -0.66
v 2.651706 -3.101153 -0.85
v 2.651706 -3.101153 -0.66
v 3.101153 2.548295 -0.85
v 3.101153 2.548295 -0.66
v 3.104567 2.537039 -0.85
v 3.104567 2.537039 -0.66
v 3.110112 2.526666 -0.85
v 3.110112 2.526666 -0.66
v 3.126666 2.510112 -0.85
v 3.126666 2.510112 -0.66
v 3.137039 2.504567 -0.85
v 3.137039 2.504567 -0.66
v 3.148294 2.501153 -0.85
v 3.148294 2.501153 -0.66
v 3.148294 2.698847 -0.85
v 3.148294 2.698847 -0.66
v 3.137039 2.695433 -0.85
v 3.137039 2.695433 -0.66
v 3.126666 2.689888 -0.85
v 3.126666 2.689888 -0.66
v 3.110112 2.673334 -0.85
v 3.110112 2.673334 -0.66
v 3.104567 2.662961 -0.85
v 3.104567 2.662961 -0.66
v 3.101153 2.651706 -0.85
v 3.101153 2.651706 -0.66
v -3.148294 2.101153 -0.85
v -3.148294 2.101153 -0.66
v -3.137039 2.104567 -0.85
v -3.137039 2.104567 -0.66
v -3.126666 2.110112 -0.85
v -3.126666 2.110112 -0.66
v -3.110112 2.126666 -0.85
v -3.110112 2.126666 -0.66
v -3.104567 2.137039 -0.85
v -3.104567 2.137039 -0.66
v -3.101153 2.148295 -0.85
v -3.101153 2.148295 -0.66
v -3.101153 2.251705 -0.85
v -3.101153 2.251705 -0.66
v -3.104567 2.262961 -0.85
v -3.104567 2.262961 -0.66
v -3.110112 2.273334 -0.85
v -3.110112 2.273334 -0.66
v -3.126666 2.289888 -0.85
v -3.126666 2.289888 -0.66
v -3.137039 2.295433 -0.85
v -3.137039 2.295433 -0.66
v -3.148294 2.298847 -0.85
v -3.148294 2.298847 -0.66
v 3.101153 2.148295 -0.85
v 3.101153 2.148295 -0.66
v 3.104567 2.137039 -0.85
v 3.104567 2.137039 -0.66
v 3.110112 2.126666 -0.85
v 3.110112 2.126666 -0.66
v 3.126666 2.110112 -0.85
v 3.126666 2.110112 -0.66
v 3.137039 2.104567 -0.85
v 3.137039 2.104567 -0.66
v 3.148294 2.101153 -0.85
v 3.148294 2.101153 -0.66
v 3.148294 2.298847 -0.85
v 3.148294 2.298847 -0.66
v 3.137039 2.295433 -0.85
v 3.137039 2.295433 -0.66
v 3.126666 2.289888 -0.85
v 3.126666 2.289888 -0.66
v 3.110112 2.273334 -0.85
v 3.110112 2.273334 -0.66
v 3.104567 2.262961 -0.85
v 3.104567 2.262961 -0.66
v 3.101153 2.251705 -0.85
v 3.101153 2.251705 -0.66
v -3.148294 1.701153 -0.85
v -3.148294 1.701153 -0.66
v -3.137039 1.704567 -0.85
v -3.137039 1.704567 -0.66
v -3.126666 1.710112 -0.85
v -3.126666 1.710112 -0.66
v -3.110112 1.726666 -0.85
v -3.110112 1.726666 -0.66
v -3.104567 1.737039 -0.85
v -3.104567 1.737039 -0.66
v -3.101153 1.748295 -0.85
v -3.101153 1.748295 -0.66
v -3.101153 1.851705 -0.85
v -3.101153 1.851705 -0.66
v -3.104567 1.862961 -0.85
v -3.104567 1.862961 -0.66
v -3.110112 1.873334 -0.85
v -3.110112 1.873334 -0.66
v -3.126666 1.889888 -0.85
v -3.126666 1.889888 -0.66
v -3.137039 1.895433 -0.85
v -3.137039 1.895433 -0.66
v -3.148294 1.898847 -0.85
v -3.148294 1.898847 -0.66
v 3.101153 1.748295 -0.85
v 3.101153 1.748295 -0.66
v 3.104567 1.737039 -0.85
v 3.104567 1.737039 -0.66
v 3.110112 1.726666 -0.85
v 3.110112 1.726666 -0.66
v 3.126666 1.710112 -0.85
v 3.126666 1.710112 -0.66
v 3.137039 1.704567 -0.85
v 3.137039 1.704567 -0.66
v 3.148294 1.701153 -0.85
v 3.148294 1.701153 -0.66
v 3.148294 1.898847 -0.85
v 3.148294 1.898847 -0.66
v 3.137039 1.895433 -0.85
v 3.137039 1.895433 -0.66
v 3.126666 1.889888 -0.85
v 3.126666 1.889888 -0.66
v 3.110112 1.873334 -0.85
v 3.110112 1.873334 -0.66
v 3.104567 1.862961 -0.85
v 3.104567 1.862961 -0.66
v 3.101153 1.851705 -0.85
v 3.101153 1.851705 -0.66
v -3.148294 1.301153 -0.85
v -3.148294 1.301153 -0.66
v -3.137039 1.304567 -0.85
v -3.137039 1.304567 -0.66
v -3.126666 1.310112 -0.85
v -3.126666 1.310112 -0.66
v -3.110112 1.326666 -0.85
v -3.110112 1.326666 -0.66
v -3.104567 1.337039 -0.85
v -3.104567 1.337039 -0.66
v -3.101153 1.348294 -0.85
v -3.101153 1.348294 -0.66
v -3.101153 1.451705 -0.85
v -3.101153 1.451705 -0.66
v -3.104567 1.462961 -0.85
v -3.104567 1.462961 -0.66
v -3.110112 1.473334 -0.85
v -3.110112 1.473334 -0.66
v -3.126666 1.489888 -0.85
v -3.126666 1.489888 -0.66
v -3.137039 1.495433 -0.85
v -3.137039 1.495433 -0.66
v -3.148294 1.498847 -0.85
v -3.148294 1.498847 -0.66
v 3.101153 1.348294 -0.85
v 3.101153 1.348294 -0.66
v 3.104567 1.337039 -0.85
v 3.104567 1.337039 -0.66
v 3.110112 1.326666 -0.85
v 3.110112 1.326666 -0.66
v 3.126666 1.310112 -0.85
v 3.126666 1.310112 -0.66
v 3.137039 1.304567 -0.85
v 3.137039 1.304567 -0.66
v 3.148294 1.301153 -0.85
v 3.148294 1.301153 -0.66
v 3.148294 1.498847 -0.85
v 3.148294 1.498847 -0.66
v 3.137039 1.495433 -0.85
v 3.137039 1.495433 -0.66
v 3.126666 1.489888 -0.85
v 3.126666 1.489888 -0.66
v 3.110112 1.473334 -0.85
v 3.110112 1.473334 -0.66
v 3.104567 1.462961 -0.85
v 3.104567 1.462961 -0.66
v 3.101153 1.451705 -0.85
v 3.101153 1.451705 -0.66
v -3.148294 0.901153 -0.85
v -3.148294 0.901153 -0.66
v -3.137039 0.904567 -0.85
v -3.137039 0.904567 -0.66
v -3.126666 0.910112 -0.85
v -3.126666 0.910112 -0.66
v -3.110112 0.926666 -0.85
v -3.110112 0.926666 -0.66
v -3.104567 0.937039 -0.85
v -3.104567 0.937039 -0.66
v -3.101153 0.948295 -0.85
v -3.101153 0.948295 -0.66
v -3.101153 1.051705 -0.85
v -3.101153 1.051705 -0.66
v -3.104567 1.062961 -0.85
v -3.104567 1.062961 -0.66
v -3.110112 1.073334 -0.85
v -3.110112 1.073334 -0.66
v -3.126666 1.089888 -0.85
v -3.126666 1.089888 -0.66
v -3.137039 1.095433 -0.85
v -3.137039 1.095433 -0.66
v -3.148294 1.098847 -0.85
v -3.148294 1.098847 -0.66
v 3.101153 0.948295 -0.85
v 3.101153 0.948295 -0.66
v 3.104567 0.937039 -0.85
v 3.104567 0.937039 -0.66
v 3.110112 0.926666 -0.85
v 3.110112 0.926666 -0.66
v 3.126666 0.910112 -0.85
v 3.126666 0.910112 -0.66
v 3.137039 0.904567 -0.85
v 3.137039 0.904567 -0.66
v 3.148294 0.901153 -0.85
v 3.148294 0.901153 -0.66
v 3.148294 1.098847 -0.85
v 3.148294 1.098847 -0.66
v 3.137039 1.095433 -0.85
v 3.137039 1.095433 -0.66
v 3.126666 1.089888 -0.85
v 3.126666 1.089888 -0.66
v 3.110112 1.073334 -0.85
v 3.110112 1.073334 -0.66
v 3.104567 1.062961 -0.85
v 3.104567 1.062961 -0.66
v 3.101153 1.051705 -0.85
v 3.101153 1.051705 -0.66
v -3.148294 0.501153 -0.85
v -3.148294 0.501153 -0.66
v -3.137039 0.504567 -0.85
v -3.137039 0.504567 -0.66
v -3.126666 0.510112 -0.85
v -3.126666 0.510112 -0.66
v -3.110112 0.526666 -0.85
v -3.110112 0.526666 -0.66
v -3.104567 0.537039 -0.85
v -3.104567 0.537039 -0.66
v -3.101153 0.548295 -0.85
v -3.101153 0.548295 -0.66
v -3.101153 0.651705 -0.85
v -3.101153 0.651705 -0.66
v -3.104567 0.662961 -0.85
v -3.104567 0.662961 -0.66
v -3.110112 0.673334 -0.85
v -3.110112 0.673334 -0.66
v -3.126666 0.689888 -0.85
v -3.126666 0.689888 -0.66
v -3.137039 0.695433 -0.85
v -3.137039 0.695433 -0.66
v -3.148294 0.698847 -0.85
v -3.148294 0.698847 -0.66
v 3.101153 0.548295 -0.85
v 3.101153 0.548295 -0.66
v 3.104567 0.537039 -0.85
v 3.104567 0.537039 -0.66
v 3.110112 0.526666 -0.85
v 3.110112 0.526666 -0.66
v 3.126666 0.510112 -0.85
v 3.126666 0.510112 -0.66
v 3.137039 0.504567 -0.85
v 3.137039 0.504567 -0.66
v 3.148294 0.501153 -0.85
v 3.148294 0.501153 -0.66
v 3.148294 0.698847 -0.85
v 3.148294 0.698847 -0.66
v 3.137039 0.695433 -0.85
v 3.137039 0.695433 -0.66
v 3.126666 0.689888 -0.85
v 3.126666 0.689888 -0.66
v 3.110112 0.673334 -0.85
v 3.110112 0.673334 -0.66
v 3.104567 0.662961 -0.85
v 3.104567 0.662961 -0.66
v 3.101153 0.651705 -0.85
v 3.101153 0.651705 -0.66
v -3.148294 0.101153 -0.85
v -3.148294 0.101153 -0.66
v -3.137039 0.104567 -0.85
v -3.137039 0.104567 -0.66
v -3.126666 0.110112 -0.85
v -3.126666 0.110112 -0.66
v -3.110112 0.126666 -0.85
v -3.110112 0.126666 -0.66
v -3.104567 0.137039 -0.85
v -3.104567 0.137039 -0.66
v -3.101153 0.148295 -0.85
v -3.101153 0.148295 -0.66
v -3.101153 0.251705 -0.85
v -3.101153 0.251705 -0.66
v -3.104567 0.262961 -0.85
v -3.104567 0.262961 -0.66
v -3.110112 0.273334 -0.85
v -3.110112 0.273334 -0.66
v -3.126666 0.289888 -0.85
v -3.126666 0.289888 -0.66
v -3.137039 0.295433 -0.85
v -3.137039 0.295433 -0.66
v -3.148294 0.298847 -0.85
v -3.148294 0.298847 -0.66
v 3.101153 0.148295 -0.85
v 3.101153 0.148295 -0.66
v 3.104567 0.137039 -0.85
v 3.104567 0.137039 -0.66
v 3.110112 0.126666 -0.85
v 3.110112 0.126666 -0.66
v 3.126666 0.110112 -0.85
v 3.126666 0.110112 -0.66
v 3.137039 0.104567 -0.85
v 3.137039 0.104567 -0.66
v 3.148294 0.101153 -0.85
v 3.148294 0.101153 -0.66
v 3.148294 0.298847 -0.85
v 3.148294 0.298847 -0.66
v 3.137039 0.295433 -0.85
v 3.137039 0.295433 -0.66
v 3.126666 0.289888 -0.85
v 3.126666 0.289888 -0.66
v 3.110112 0.273334 -0.85
v 3.110112 0.273334 -0.66
v 3.104567 0.262961 -0.85
v 3.104567 0.262961 -0.66
v 3.101153 0.251705 -0.85
v 3.101153 0.251705 -0.66
v -3.148294 -0.298847 -0.85
v -3.148294 -0.298847 -0.66
v -3.137039 -0.295433 -0.85
v -3.137039 -0.295433 -0.66
v -3.126666 -0.289888 -0.85
v -3.126666 -0.289888 -0.66
v -3.110112 -0.273334 -0.85
v -3.110112 -0.273334 -0.66
v -3.104567 -0.262961 -0.85
v -3.104567 -0.262961 -0.66
v -3.101153 -0.251705 -0.85
v -3.101153 -0.251705 -0.66
v -3.101153 -0.148295 -0.85
v -3.101153 -0.148295 -0.66
v -3.104567 -0.137039 -0.85
v -3.104567 -0.137039 -0.66
v -3.110112 -0.126666 -0.85
v -3.110112 -0.126666 -0.66
v -3.126666 -0.110112 -0.85
v -3.126666 -0.110112 -0.66
v -3.137039 -0.104567 -0.85
v -3.137039 -0.104567 -0.66
v -3.148294 -0.101153 -0.85
v -3.148294 -0.101153 -0.66
v 3.101153 -0.251705 -0.85
v 3.101153 -0.251705 -0.66
v 3.104567 -0.262961 -0.85
v 3.104567 -0.262961 -0.66
v 3.110112 -0.273334 -0.85
v 3.110112 -0.273334 -0.66
v 3.126666 -0.289888 -0.85
v 3.126666 -0.289888 -0.66
v 3.137039 -0.295433 -0.85
v 3.137039 -0.295433 -0.66
v 3.148294 -0.298847 -0.85
v 3.148294 -0.298847 -0.66
v 3.148294 -0.101153 -0.85
v 3.148294 -0.101153 -0.66
v 3.137039 -0.104567 -0.85
v 3.137039 -0.104567 -0.66
v 3.126666 -0.110112 -0.85
v 3.126666 -0.110112 -0.66
v 3.110112 -0.126666 -0.85
v 3.110112 -0.126666 -0.66
v 3.104567 -0.137039 -0.85
v 3.104567 -0.137039 -0.66
v 3.101153 -0.148295 -0.85
v 3.101153 -0.148295 -0.66
v -3.148294 -0.698847 -0.85
v -3.148294 -0.698847 -0.66
v -3.137039 -0.695433 -0.85
v -3.137039 -0.695433 -0.66
v -3.126666 -0.689888 -0.85
v -3.126666 -0.689888 -0.66
v -3.110112 -0.673334 -0.85
v -3.110112 -0.673334 -0.66
v -3.104567 -0.662961 -0.85
v -3.104567 -0.662961 -0.66
v -3.101153 -0.651705 -0.85
v -3.101153 -0.651705 -0.66
v -3.101153 -0.548295 -0.85
v -3.101153 -0.548295 -0.66
v -3.104567 -0.537039 -0.85
v -3.104567 -0.537039 -0.66
v -3.110112 -0.526666 -0.85
v -3.110112 -0.526666 -0.66
v -3.126666 -0.510112 -0.85
v -3.126666 -0.510112 -0.66
v -3.137039 -0.504567 -0.85
v -3.137039 -0.504567 -0.66
v -3.148294 -0.501153 -0.85
v -3.148294 -0.501153 -0.66
v 3.101153 -0.651705 -0.85
v 3.101153 -0.651705 -0.66
v 3.104567 -0.662961 -0.85
v 3.104567 -0.662961 -0.66
v 3.110112 -0.673334 -0.85
v 3.110112 -0.673334 -0.66
v 3.126666 -0.689888 -0.85
v 3.126666 -0.689888 -0.66
v 3.137039 -0.695433 -0.85
v 3.137039 -0.695433 -0.66
v 3.148294 -0.698847 -0.85
v 3.148294 -0.698847 -0.66
v 3.148294 -0.501153 -0.85
v 3.148294 -0.501153 -0.66
v 3.137039 -0.504567 -0.85
v 3.137039 -0.504567 -0.66
v 3.126666 -0.510112 -0.85
v 3.126666 -0.510112 -0.66
v 3.110112 -0.526666 -0.85
v 3.110112 -0.526666 -0.66
v 3.104567 -0.537039 -0.85
v 3.104567 -0.537039 -0.66
v 3.101153 -0.548295 -0.85
v 3.101153 -0.548295 -0.66
v -3.148294 -1.098847 -0.85
v -3.148294 -1.098847 -0.66
v -3.137039 -1.095433 -0.85
v -3.137039 -1.095433 -0.66
v -3.126666 -1.089888 -0.85
v -3.126666 -1.089888 -0.66
v -3.110112 -1.073334 -0.85
v -3.110112 -1.073334 -0.66
v -3.104567 -1.062961 -0.85
v -3.104567 -1.062961 -0.66
v -3.101153 -1.051705 -0.85
v -3.101153 -1.051705 -0.66
v -3.101153 -0.948295 -0.85
v -3.101153 -0.948295 -0.66
v -3.104567 -0.937039 -0.85
v -3.104567 -0.937039 -0.66
v -3.110112 -0.926666 -0.85
v -3.110112 -0.926666 -0.66
v -3.126666 -0.910112 -0.85
v -3.126666 -0.910112 -0.66
v -3.137039 -0.904567 -0.85
v -3.137039 -0.904567 -0.66
v -3.148294 -0.901153 -0.85
v -3.148294 -0.901153 -0.66
v 3.101153 -1.051705 -0.85
v 3.101153 -1.051705 -0.66
v 3.104567 -1.062961 -0.85
v 3.104567 -1.062961 -0.66
v 3.110112 -1.073334 -0.85
v 3.110112 -1.073334 -0.66
v 3.126666 -1.089888 -0.85
v 3.126666 -1.089888 -0.66
v 3.137039 -1.095433 -0.85
v 3.137039 -1.095433 -0.66
v 3.148294 -1.098847 -0.85
v 3.148294 -1.098847 -0.66
v 3.148294 -0.901153 -0.85
v 3.148294 -0.901153 -0.66
v 3.137039 -0.904567 -0.85
v 3.137039 -0.904567 -0.66
v 3.126666 -0.910112 -0.85
v 3.126666 -0.910112 -0.66
v 3.110112 -0.926666 -0.85
v 3.110112 -0.926666 -0.66
v 3.104567 -0.937039 -0.85
v 3.104567 -0.937039 -0.66
v 3.101153 -0.948295 -0.85
v 3.101153 -0.948295 -0.66
v -3.148294 -1.498847 -0.85
v -3.148294 -1.498847 -0.66
v -3.137039 -1.495433 -0.85
v -3.137039 -1.495433 -0.66
v -3.126666 -1.489888 -0.85
v -3.126666 -1.489888 -0.66
v -3.110112 -1.473334 -0.85
v -3.110112 -1.473334 -0.66
v -3.104567 -1.462961 -0.85
v -3.104567 -1.462961 -0.66
v -3.101153 -1.451705 -0.85
v -3.101153 -1.451705 -0.66
v -3.101153 -1.348294 -0.85
v -3.101153 -1.348294 -0.66
v -3.104567 -1.337039 -0.85
v -3.104567 -1.337039 -0.66
v -3.110112 -1.326666 -0.85
v -3.110112 -1.326666 -0.66
v -3.126666 -1.310112 -0.85
v -3.126666 -1.310112 -0.66
v -3.137039 -1.304567 -0.85
v -3.137039 -1.304567 -0.66
v -3.148294 -1.301153 -0.85
v -3.148294 -1.301153 -0.66
v 3.101153 -1.451705 -0.85
v 3.101153 -1.451705 -0.66
v 3.104567 -1.462961 -0.85
v 3.104567 -1.462961 -0.66
v 3.110112 -1.473334 -0.85
v 3.110112 -1.473334 -0.66
v 3.126666 -1.489888 -0.85
v 3.126666 -1.489888 -0.66
v 3.137039 -1.495433 -0.85
v 3.137039 -1.495433 -0.66
v 3.148294 -1.498847 -0.85
v 3.148294 -1.498847 -0.66
v 3.148294 -1.301153 -0.85
v 3.148294 -1.301153 -0.66
v 3.137039 -1.304567 -0.85
v 3.137039 -1.304567 -0.66
v 3.126666 -1.310112 -0.85
v 3.126666 -1.310112 -0.66
v 3.110112 -1.326666 -0.85
v 3.110112 -1.326666 -0.66
v 3.104567 -1.337039 -0.85
v 3.104567 -1.337039 -0.66
v 3.101153 -1.348294 -0.85
v 3.101153 -1.348294 -0.66
v -3.148294 -1.898847 -0.85
v -3.148294 -1.898847 -0.66
v -3.137039 -1.895433 -0.85
v -3.137039 -1.895433 -0.66
v -3.126666 -1.889888 -0.85
v -3.126666 -1.889888 -0.66
v -3.110112 -1.873334 -0.85
v -3.110112 -1.873334 -0.66
v -3.104567 -1.862961 -0.85
v -3.104567 -1.862961 -0.66
v -3.101153 -1.851705 -0.85
v -3.101153 -1.851705 -0.66
v -3.101153 -1.748295 -0.85
v -3.101153 -1.748295 -0.66
v -3.104567 -1.737039 -0.85
v -3.104567 -1.737039 -0.66
v -3.110112 -1.726666 -0.85
v -3.110112 -1.726666 -0.66
v -3.126666 -1.710112 -0.85
v -3.126666 -1.710112 -0.66
v -3.137039 -1.704567 -0.85
v -3.137039 -1.704567 -0.66
v -3.148294 -1.701153 -0.85
v -3.148294 -1.701153 -0.66
v 3.101153 -1.851705 -0.85
v 3.101153 -1.851705 -0.66
v 3.104567 -1.862961 -0.85
v 3.104567 -1.862961 -0.66
v 3.110112 -1.873334 -0.85
v 3.110112 -1.873334 -0.66
v 3.126666 -1.889888 -0.85
v 3.126666 -1.889888 -0.66
v 3.137039 -1.895433 -0.85
v 3.137039 -1.895433 -0.66
v 3.148294 -1.898847 -0.85
v 3.148294 -1.898847 -0.66
v 3.148294 -1.701153 -0.85
v 3.148294 -1.701153 -0.66
v 3.137039 -1.704567 -0.85
v 3.137039 -1.704567 -0.66
v 3.126666 -1.710112 -0.85
v 3.126666 -1.710112 -0.66
v 3.110112 -1.726666 -0.85
v 3.110112 -1.726666 -0.66
v 3.104567 -1.737039 -0.85
v 3.104567 -1.737039 -0.66
v 3.101153 -1.748295 -0.85
v 3.101153 -1.748295 -0.66
v -3.148294 -2.298847 -0.85
v -3.148294 -2.298847 -0.66
v -3.137039 -2.295433 -0.85
v -3.137039 -2.295433 -0.66
v -3.126666 -2.289888 -0.85
v -3.126666 -2.289888 -0.66
v -3.110112 -2.273334 -0.85
v -3.110112 -2.273334 -0.66
v -3.104567 -2.262961 -0.85
v -3.104567 -2.262961 -0.66
v -3.101153 -2.251705 -0.85
v -3.101153 -2.251705 -0.66
v -3.101153 -2.148295 -0.85
v -3.101153 -2.148295 -0.66
v -3.104567 -2.137039 -0.85
v -3.104567 -2.137039 -0.66
v -3.110112 -2.126666 -0.85
v -3.110112 -2.126666 -0.66
v -3.126666 -2.110112 -0.85
v -3.126666 -2.110112 -0.66
v -3.137039 -2.104567 -0.85
v -3.137039 -2.104567 -0.66
v -3.148294 -2.101153 -0.85
v -3.148294 -2.101153 -0.66
v 3.101153 -2.251705 -0.85
v 3.101153 -2.251705 -0.66
v 3.104567 -2.262961 -0.85
v 3.104567 -2.262961 -0.66
v 3.110112 -2.273334 -0.85
v 3.110112 -2.273334 -0.66
v 3.126666 -2.289888 -0.85
v 3.126666 -2.289888 -0.66
v 3.137039 -2.295433 -0.85
v 3.137039 -2.295433 -0.66
v 3.148294 -2.298847 -0.85
v 3.148294 -2.298847 -0.66
v 3.148294 -2.101153 -0.85
v 3.148294 -2.101153 -0.66
v 3.137039 -2.104567 -0.85
v 3.137039 -2.104567 -0.66
v 3.126666 -2.110112 -0.85
v 3.126666 -2.110112 -0.66
v 3.110112 -2.126666 -0.85
v 3.110112 -2.126666 -0.66
v 3.104567 -2.137039 -0.85
v 3.104567 -2.137039 -0.66
v 3.101153 -2.148295 -0.85
v 3.101153 -2.148295 -0.66
v -3.148294 -2.698847 -0.85
v -3.148294 -2.698847 -0.66
v -3.137039 -2.695433 -0.85
v -3.137039 -2.695433 -0.66
v -3.126666 -2.689888 -0.85
v -3.126666 -2.689888 -0.66
v -3.110112 -2.673334 -0.85
v -3.110112 -2.673334 -0.66
v -3.104567 -2.662961 -0.85
v -3.104567 -2.662961 -0.66
v -3.101153 -2.651706 -0.85
v -3.101153 -2.651706 -0.66
v -3.101153 -2.548295 -0.85
v -3.101153 -2.548295 -0.66
v -3.104567 -2.537039 -0.85
v -3.104567 -2.537039 -0.66
v -3.110112 -2.526666 -0.85
v -3.110112 -2.526666 -0.66
v -3.126666 -2.510112 -0.85
v -3.126666 -2.510112 -0.66
v -3.137039 -2.504567 -0.85
v -3.137039 -2.504567 -0.66
v -3.148294 -2.501153 -0.85
v -3.148294 -2.501153 -0.66
v 3.101153 -2.651706 -0.85
v 3.101153 -2.651706 -0.66
v 3.104567 -2.662961 -0.85
v 3.104567 -2.662961 -0.66
v 3.110112 -2.673334 -0.85
v 3.110112 -2.673334 -0.66
v 3.126666 -2.689888 -0.85
v 3.126666 -2.689888 -0.66
v 3.137039 -2.695433 -0.85
v 3.137039 -2.695433 -0.66
v 3.148294 -2.698847 -0.85
v 3.148294 -2.698847 -0.66
v 3.148294 -2.501153 -0.85
v 3.148294 -2.501153 -0.66
v 3.137039 -2.504567 -0.85
v 3.137039 -2.504567 -0.66
v 3.126666 -2.510112 -0.85
v 3.126666 -2.510112 -0.66
v 3.110112 -2.526666 -0.85
v 3.110112 -2.526666 -0.66
v 3.104567 -2.537039 -0.85
v 3.104567 -2.537039 -0.66
v 3.101153 -2.548295 -0.85
v 3.101153 -2.548295 -0.66
usemtl 1
f 1// 2// 3//
f 3// 2// 4//
f 5// 1// 6//
f 6// 1// 3//
f 7// 5// 8//
f 8// 5// 6//
f 7// 8// 9//
f 7// 9// 10//
f 10// 9// 11//
f 10// 11// 12//
f 12// 11// 13//
f 12// 13// 14//
f 14// 13// 15//
f 14// 15// 16//
f 16// 15// 17//
f 16// 17// 18//
f 18// 17// 19//
f 18// 19// 20//
f 20// 19// 21//
f 20// 21// 22//
f 22// 21// 23//
f 22// 23// 24//
f 24// 23// 25//
f 24// 25// 26//
f 27// 26// 28//
f 28// 26// 25//
f 27// 28// 29//
f 27// 29// 30//
f 30// 29// 31//
f 30// 31// 32//
f 32// 31// 33//
f 32// 33// 34//
f 34// 33// 35//
f 34// 35// 36//
f 36// 35// 37//
f 36// 37// 38//
f 38// 37// 39//
f 38// 39// 40//
f 40// 39// 41//
f 40// 41// 42//
f 42// 41// 43//
f 42// 43// 44//
f 44// 43// 4//
f 44// 4// 2//
f 5// 7// 26//
f 26// 7// 10//
f 26// 10// 12//
f 5// 26// 1//
f 1// 26// 27//
f 1// 27// 2//
f 2// 27// 30//
f 2// 30// 32//
f 14// 22// 12//
f 12// 22// 24//
f 12// 24// 26//
f 14// 16// 22//
f 22// 16// 18//
f 22// 18// 20//
f 34// 42// 32//
f 32// 42// 44//
f 32// 44// 2//
f 34// 36// 42//
f 42// 36// 38//
f 42// 38// 40//
f 3// 4// 28//
f 28// 4// 43//
f 28// 43// 41//
f 3// 28// 6//
f 6// 28// 25//
f 6// 25// 8//
f 8// 25// 23//
f 8// 23// 21//
f 39// 31// 41//
f 41// 31// 29//
f 41// 29// 28//
f 39// 37// 31//
f 31// 37// 35//
f 31// 35// 33//
f 19// 11// 21//
f 21// 11// 9//
f 21// 9// 8//
f 19// 17// 11//
f 11// 17// 15//
f 11// 15// 13//
f 45// 46// 47//
f 45// 47// 48//
f 48// 47// 49//
f 48// 49// 50//
f 50// 49// 51//
f 50// 51// 52//
f 52// 51// 53//
f 52// 53// 54//
f 54// 53// 55//
f 54// 55// 56//
f 56// 55// 57//
f 56// 57// 58//
f 58// 57// 59//
f 58// 59// 60//
f 60// 59// 61//
f 60// 61// 62//
f 62// 61// 63//
f 62// 63// 64//
f 65// 64// 66//
f 66// 64// 63//
f 65// 66// 67//
f 65// 67// 68//
f 68// 67// 69//
f 68// 69// 70//
f 70// 69// 71//
f 70// 71// 72//
f 72// 71// 73//
f 72// 73// 74//
f 74// 73// 75//
f 74// 75// 76//
f 76// 75// 77//
f 76// 77// 78//
f 78// 77// 79//
f 78// 79// 80//
f 80// 79// 81//
f 80// 81// 82//
f 82// 81// 83//
f 82// 83// 84//
f 85// 84// 86//
f 86// 84// 83//
f 87// 85// 88//
f 88// 85// 86//
f 45// 87// 46//
f 46// 87// 88//
f 87// 45// 64//
f 64// 45// 48//
f 64// 48// 50//
f 87// 64// 85//
f 85// 64// 65//
f 85// 65// 84//
f 84// 65// 68//
f 84// 68// 70//
f 52// 60// 50//
f 50// 60// 62//
f 50// 62// 64//
f 52// 54// 60//
f 60// 54// 56//
f 60// 56// 58//
f 72// 80// 70//
f 70// 80// 82//
f 70// 82// 84//
f 72// 74// 80//
f 80// 74// 76//
f 80// 76// 78//
f 86// 83// 66//
f 66// 83// 81//
f 66// 81// 79//
f 86// 66// 88//
f 88// 66// 63//
f 88// 63// 46//
f 46// 63// 61//
f 46// 61// 59//
f 77// 69// 79//
f 79// 69// 67//
f 79// 67// 66//
f 77// 75// 69//
f 69// 75// 73//
f 69// 73// 71//
f 57// 49// 59//
f 59// 49// 47//
f 59// 47// 46//
f 57// 55// 49//
f 49// 55// 53//
f 49// 53// 51//
f 89// 90// 91//
f 91// 90// 92//
f 93// 89// 94//
f 94// 89// 91//
f 93// 94// 95//
f 93// 95// 96//
f 96// 95// 97//
f 96// 97// 98//
f 98// 97// 99//
f 98// 99// 100//
f 100// 99// 101//
f 100// 101// 102//
f 102// 101// 103//
f 102// 103// 104//
f 104// 103// 105//
f 104// 105// 106//
f 106// 105// 107//
f 106// 107// 108//
f 108// 107// 109//
f 108// 109// 110//
f 110// 109// 111//
f 110// 111// 112//
f 113// 112// 114//
f 114// 112// 111//
f 113// 114// 115//
f 113// 115// 116//
f 116// 115// 117//
f 116// 117// 118//
f 118// 117// 119//
f 118// 119// 120//
f 120// 119// 121//
f 120// 121// 122//
f 122// 121// 123//
f 122// 123// 124//
f 124// 123// 125//
f 124// 125// 126//
f 126// 125// 127//
f 126// 127// 128//
f 128// 127// 129//
f 128// 129// 130//
f 130// 129// 131//
f 130// 131// 132//
f 90// 132// 92//
f 92// 132// 131//
f 130// 132// 116//
f 90// 89// 132//
f 132// 89// 93//
f 110// 112// 96//
f 96// 112// 93//
f 93// 112// 132//
f 132// 112// 113//
f 132// 113// 116//
f 104// 106// 102//
f 102// 106// 100//
f 96// 98// 110//
f 110// 98// 100//
f 110// 100// 108//
f 108// 100// 106//
f 124// 126// 122//
f 122// 126// 120//
f 116// 118// 130//
f 130// 118// 120//
f 130// 120// 128//
f 128// 120// 126//
f 95// 94// 109//
f 91// 92// 94//
f 94// 92// 131//
f 115// 114// 129//
f 129// 114// 131//
f 131// 114// 94//
f 94// 114// 111//
f 94// 111// 109//
f 121// 119// 123//
f 123// 119// 125//
f 129// 127// 115//
f 115// 127// 125//
f 115// 125// 117//
f 117// 125// 119//
f 101// 99// 103//
f 103// 99// 105//
f 109// 107// 95//
f 95// 107// 105//
f 95// 105// 97//
f 97// 105// 99//
f 133// 134// 135//
f 135// 134// 136//
f 137// 133// 138//
f 138// 133// 135//
f 137// 138// 139//
f 137// 139// 140//
f 140// 139// 141//
f 140// 141// 142//
f 142// 141// 143//
f 142// 143// 144//
f 144// 143// 145//
f 144// 145// 146//
f 146// 145// 147//
f 146// 147// 148//
f 148// 147// 149//
f 148// 149// 150//
f 150// 149// 151//
f 150// 151// 152//
f 152// 151// 153//
f 152// 153// 154//
f 154// 153// 155//
f 154// 155// 156//
f 157// 156// 158//
f 158// 156// 155//
f 157// 158// 159//
f 157// 159// 160//
f 160// 159// 161//
f 160// 161// 162//
f 162// 161// 163//
f 162// 163// 164//
f 164// 163// 165//
f 164// 165// 166//
f 166// 165// 167//
f 166// 167// 168//
f 168// 167// 169//
f 168// 169// 170//
f 170// 169// 171//
f 170// 171// 172//
f 172// 171// 173//
f 172// 173// 174//
f 174// 173// 175//
f 174// 175// 176//
f 134// 176// 136//
f 136// 176// 175//
f 133// 137// 156//
f 156// 137// 140//
f 156// 140// 142//
f 133// 156// 134//
f 134// 156// 157//
f 134// 157// 176//
f 176// 157// 160//
f 176// 160// 162//
f 144// 152// 142//
f 142// 152// 154//
f 142// 154// 156//
f 144// 146// 152//
f 152// 146// 148//
f 152// 148// 150//
f 164// 172// 162//
f 162// 172// 174//
f 162// 174// 176//
f 164// 166// 172//
f 172// 166// 168//
f 172// 168// 170//
f 136// 175// 158//
f 158// 175// 173//
f 158// 173// 171//
f 136// 158// 135//
f 135// 158// 155//
f 135// 155// 138//
f 138// 155// 153//
f 138// 153// 151//
f 169// 161// 171//
f 171// 161// 159//
f 171// 159// 158//
f 169// 167// 161//
f 161// 167// 165//
f 161// 165// 163//
f 149// 141// 151//
f 151// 141// 139//
f 151// 139// 138//
f 149// 147// 141//
f 141// 147// 145//
f 141// 145// 143//
f 177// 178// 179//
f 177// 179// 180//
f 180// 179// 181//
f 180// 181// 182//
f 182// 181// 183//
f 182// 183// 184//
f 184// 183// 185//
f 184// 185// 186//
f 186// 185// 187//
f 186// 187// 188//
f 188// 187// 189//
f 188// 189// 190//
f 190// 189// 191//
f 190// 191// 192//
f 192// 191// 193//
f 192// 193// 194//
f 194// 193// 195//
f 194// 195// 196//
f 197// 196// 198//
f 198// 196// 195//
f 197// 198// 199//
f 197// 199// 200//
f 200// 199// 201//
f 200// 201// 202//
f 202// 201// 203//
f 202// 203// 204//
f 204// 203// 205//
f 204// 205// 206//
f 206// 205// 207//
f 206// 207// 208//
f 208// 207// 209//
f 208// 209// 210//
f 210// 209// 211//
f 210// 211// 212//
f 212// 211// 213//
f 212// 213// 214//
f 214// 213// 215//
f 214// 215// 216//
f 217// 216// 218//
f 218// 216// 215//
f 219// 217// 220//
f 220// 217// 218//
f 177// 219// 178//
f 178// 219// 220//
f 219// 177// 196//
f 196// 177// 180//
f 196// 180// 182//
f 219// 196// 217//
f 217// 196// 197//
f 217// 197// 216//
f 216// 197// 200//
f 216// 200// 202//
f 184// 192// 182//
f 182// 192// 194//
f 182// 194// 196//
f 184// 186// 192//
f 192// 186// 188//
f 192// 188// 190//
f 204// 212// 202//
f 202// 212// 214//
f 202// 214// 216//
f 204// 206// 212//
f 212// 206// 208//
f 212// 208// 210//
f 218// 215// 198//
f 198// 215// 213//
f 198// 213// 211//
f 218// 198// 220//
f 220// 198// 195//
f 220// 195// 178//
f 178// 195// 193//
f 178// 193// 191//
f 209// 201// 211//
f 211// 201// 199//
f 211// 199// 198//
f 209// 207// 201//
f 201// 207// 205//
f 201// 205// 203//
f 189// 181// 191//
f 191// 181// 179//
f 191// 179// 178//
f 189// 187// 181//
f 181// 187// 185//
f 181// 185// 183//
f 221// 222// 223//
f 223// 222// 224//
f 225// 221// 226//
f 226// 221// 223//
f 225// 226// 227//
f 225// 227// 228//
f 228// 227// 229//
f 228// 229// 230//
f 230// 229// 231//
f 230// 231// 232//
f 232// 231// 233//
f 232// 233// 234//
f 234// 233// 235//
f 234// 235// 236//
f 236// 235// 237//
f 236// 237// 238//
f 238// 237// 239//
f 238// 239// 240//
f 240// 239// 241//
f 240// 241// 242//
f 242// 241// 243//
f 242// 243// 244//
f 245// 244// 246//
f 246// 244// 243//
f 245// 246// 247//
f 245// 247// 248//
f 248// 247// 249//
f 248// 249// 250//
f 250// 249// 251//
f 250// 251// 252//
f 252// 251// 253//
f 252// 253// 254//
f 254// 253// 255//
f 254// 255// 256//
f 256// 255// 257//
f 256// 257// 258//
f 258// 257// 259//
f 258// 259// 260//
f 260// 259// 261//
f 260// 261// 262//
f 262// 261// 263//
f 262// 263// 264//
f 222// 264// 224//
f 224// 264// 263//
f 262// 264// 245//
f 245// 264// 244//
f 222// 221// 264//
f 264// 221// 225//
f 264// 225// 244//
f 244// 225// 228//
f 244// 228// 230//
f 236// 238// 244//
f 244// 238// 240//
f 244// 240// 242//
f 230// 232// 244//
f 244// 232// 234//
f 244// 234// 236//
f 245// 248// 250//
f 250// 252// 245//
f 245// 252// 254//
f 245// 254// 256//
f 256// 258// 245//
f 245// 258// 260//
f 245// 260// 262//
f 227// 226// 243//
f 243// 226// 246//
f 223// 224// 226//
f 226// 224// 263//
f 226// 263// 246//
f 246// 263// 261//
f 246// 261// 259//
f 253// 251// 246//
f 246// 251// 249//
f 246// 249// 247//
f 259// 257// 246//
f 246// 257// 255//
f 246// 255// 253//
f 243// 241// 239//
f 239// 237// 243//
f 243// 237// 235//
f 243// 235// 233//
f 233// 231// 243//
f 243// 231// 229//
f 243// 229// 227//
f 265// 266// 267//
f 265// 267// 268//
f 268// 267// 269//
f 268// 269// 270//
f 270// 269// 271//
f 270// 271// 272//
f 272// 271// 273//
f 272// 273// 274//
f 274// 273// 275//
f 274// 275// 276//
f 276// 275// 277//
f 276// 277// 278//
f 278// 277// 279//
f 278// 279// 280//
f 280// 279// 281//
f 280// 281// 282//
f 282// 281// 283//
f 282// 283// 284//
f 285// 284// 286//
f 286// 284// 283//
f 285// 286// 287//
f 285// 287// 288//
f 288// 287// 289//
f 288// 289// 290//
f 290// 289// 291//
f 290// 291// 292//
f 292// 291// 293//
f 292// 293// 294//
f 294// 293// 295//
f 294// 295// 296//
f 296// 295// 297//
f 296// 297// 298//
f 298// 297// 299//
f 298// 299// 300//
f 300// 299// 301//
f 300// 301// 302//
f 302// 301// 303//
f 302// 303// 304//
f 305// 304// 306//
f 306// 304// 303//
f 307// 305// 308//
f 308// 305// 306//
f 265// 307// 266//
f 266// 307// 308//
f 302// 304// 285//
f 285// 304// 284//
f 305// 307// 304//
f 304// 307// 265//
f 304// 265// 284//
f 284// 265// 268//
f 284// 268// 270//
f 276// 278// 284//
f 284// 278// 280//
f 284// 280// 282//
f 270// 272// 284//
f 284// 272// 274//
f 284// 274// 276//
f 285// 288// 290//
f 290// 292// 285//
f 285// 292// 294//
f 285// 294// 296//
f 296// 298// 285//
f 285// 298// 300//
f 285// 300// 302//
f 267// 266// 283//
f 283// 266// 286//
f 308// 306// 266//
f 266// 306// 303//
f 266// 303// 286//
f 286// 303// 301//
f 286// 301// 299//
f 293// 291// 286//
f 286// 291// 289//
f 286// 289// 287//
f 299// 297// 286//
f 286// 297// 295//
f 286// 295// 293//
f 283// 281// 279//
f 279// 277// 283//
f 283// 277// 275//
f 283// 275// 273//
f 273// 271// 283//
f 283// 271// 269//
f 283// 269// 267//
f 309// 310// 311//
f 311// 310// 312//
f 313// 309// 314//
f 314// 309// 311//
f 313// 314// 315//
f 313// 315// 316//
f 316// 315// 317//
f 316// 317// 318//
f 318// 317// 319//
f 318// 319// 320//
f 320// 319// 321//
f 320// 321// 322//
f 322// 321// 323//
f 322// 323// 324//
f 324// 323// 325//
f 324// 325// 326//
f 326// 325// 327//
f 326// 327// 328//
f 328// 327// 329//
f 328// 329// 330//
f 330// 329// 331//
f 330// 331// 332//
f 333// 332// 334//
f 334// 332// 331//
f 333// 334// 335//
f 333// 335// 336//
f 336// 335// 337//
f 336// 337// 338//
f 338// 337// 339//
f 338// 339// 340//
f 340// 339// 341//
f 340// 341// 342//
f 342// 341// 343//
f 342// 343// 344//
f 344// 343// 345//
f 344// 345// 346//
f 346// 345// 347//
f 346// 347// 348//
f 348// 347// 349//
f 348// 349// 350//
f 350// 349// 351//
f 350// 351// 352//
f 310// 352// 312//
f 312// 352// 351//
f 350// 352// 333//
f 333// 352// 332//
f 310// 309// 352//
f 352// 309// 313//
f 352// 313// 332//
f 332// 313// 316//
f 332// 316// 318//
f 324// 326// 332//
f 332// 326// 328//
f 332// 328// 330//
f 318// 320// 332//
f 332// 320// 322//
f 332// 322// 324//
f 333// 336// 338//
f 338// 340// 333//
f 333// 340// 342//
f 333// 342// 344//
f 344// 346// 333//
f 333// 346// 348//
f 333// 348// 350//
f 315// 314// 331//
f 331// 314// 334//
f 311// 312// 314//
f 314// 312// 351//
f 314// 351// 334//
f 334// 351// 349//
f 334// 349// 347//
f 341// 339// 334//
f 334// 339// 337//
f 334// 337// 335//
f 347// 345// 334//
f 334// 345// 343//
f 334// 343// 341//
f 331// 329// 327//
f 327// 325// 331//
f 331// 325// 323//
f 331// 323// 321//
f 321// 319// 331//
f 331// 319// 317//
f 331// 317// 315//
f 353// 354// 355//
f 353// 355// 356//
f 356// 355// 357//
f 356// 357// 358//
f 358// 357// 359//
f 358// 359// 360//
f 360// 359// 361//
f 360// 361// 362//
f 362// 361// 363//
f 362// 363// 364//
f 364// 363// 365//
f 364// 365// 366//
f 366// 365// 367//
f 366// 367// 368//
f 368// 367// 369//
f 368// 369// 370//
f 370// 369// 371//
f 370// 371// 372//
f 373// 372// 374//
f 374// 372// 371//
f 373// 374// 375//
f 373// 375// 376//
f 376// 375// 377//
f 376// 377// 378//
f 378// 377// 379//
f 378// 379// 380//
f 380// 379// 381//
f 380// 381// 382//
f 382// 381// 383//
f 382// 383// 384//
f 384// 383// 385//
f 384// 385// 386//
f 386// 385// 387//
f 386// 387// 388//
f 388// 387// 389//
f 388// 389// 390//
f 390// 389// 391//
f 390// 391// 392//
f 393// 392// 394//
f 394// 392// 391//
f 395// 393// 396//
f 396// 393// 394//
f 353// 395// 354//
f 354// 395// 396//
f 390// 392// 373//
f 373// 392// 372//
f 393// 395// 392//
f 392// 395// 353//
f 392// 353// 372//
f 372// 353// 356//
f 372// 356// 358//
f 364// 366// 372//
f 372// 366// 368//
f 372// 368// 370//
f 358// 360// 372//
f 372// 360// 362//
f 372// 362// 364//
f 373// 376// 378//
f 378// 380// 373//
f 373// 380// 382//
f 373// 382// 384//
f 384// 386// 373//
f 373// 386// 388//
f 373// 388// 390//
f 355// 354// 371//
f 371// 354// 374//
f 396// 394// 354//
f 354// 394// 391//
f 354// 391// 374//
f 374// 391// 389//
f 374// 389// 387//
f 381// 379// 374//
f 374// 379// 377//
f 374// 377// 375//
f 387// 385// 374//
f 374// 385// 383//
f 374// 383// 381//
f 371// 369// 367//
f 367// 365// 371//
f 371// 365// 363//
f 371// 363// 361//
f 361// 359// 371//
f 371// 359// 357//
f 371// 357// 355//
f 397// 398// 399//
f 399// 398// 400//
f 401// 397// 402//
f 402// 397// 399//
f 401// 402// 403//
f 401// 403// 404//
f 404// 403// 405//
f 404// 405// 406//
f 406// 405// 407//
f 406// 407// 408//
f 408// 407// 409//
f 408// 409// 410//
f 410// 409// 411//
f 410// 411// 412//
f 412// 411// 413//
f 412// 413// 414//
f 414// 413// 415//
f 414// 415// 416//
f 416// 415// 417//
f 416// 417// 418//
f 418// 417// 419//
f 418// 419// 420//
f 421// 420// 422//
f 422// 420// 419//
f 421// 422// 423//
f 421// 423// 424//
f 424// 423// 425//
f 424// 425// 426//
f 426// 425// 427//
f 426// 427// 428//
f 428// 427// 429//
f 428// 429// 430//
f 430// 429// 431//
f 430// 431// 432//
f 432// 431// 433//
f 432// 433// 434//
f 434// 433// 435//
f 434// 435// 436//
f 436// 435// 437//
f 436// 437// 438//
f 438// 437// 439//
f 438// 439// 440//
f 398// 440// 400//
f 400// 440// 439//
f 438// 440// 421//
f 421// 440// 420//
f 398// 397// 440//
f 440// 397// 401//
f 440// 401// 420//
f 420// 401// 404//
f 420// 404// 406//
f 416// 410// 414//
f 414// 410// 412//
f 406// 408// 420//
f 420// 408// 410//
f 420// 410// 418//
f 418// 410// 416//
f 421// 424// 426//
f 426// 428// 421//
f 421// 428// 430//
f 421// 430// 432//
f 432// 434// 421//
f 421// 434// 436//
f 421// 436// 438//
f 422// 419// 402//
f 399// 400// 402//
f 402// 400// 439//
f 402// 439// 422//
f 422// 439// 437//
f 422// 437// 435//
f 429// 427// 422//
f 422// 427// 425//
f 422// 425// 423//
f 435// 433// 422//
f 422// 433// 431//
f 422// 431// 429//
f 419// 417// 402//
f 402// 417// 415//
f 402// 415// 413//
f 409// 407// 405//
f 413// 411// 402//
f 402// 411// 409//
f 402// 409// 403//
f 403// 409// 405//
f 441// 442// 443//
f 441// 443// 444//
f 444// 443// 445//
f 444// 445// 446//
f 446// 445// 447//
f 446// 447// 448//
f 448// 447// 449//
f 448// 449// 450//
f 450// 449// 451//
f 450// 451// 452//
f 452// 451// 453//
f 452// 453// 454//
f 454// 453// 455//
f 454// 455// 456//
f 456// 455// 457//
f 456// 457// 458//
f 458// 457// 459//
f 458// 459// 460//
f 461// 460// 462//
f 462// 460// 459//
f 461// 462// 463//
f 461// 463// 464//
f 464// 463// 465//
f 464// 465// 466//
f 466// 465// 467//
f 466// 467// 468//
f 468// 467// 469//
f 468// 469// 470//
f 470// 469// 471//
f 470// 471// 472//
f 472// 471// 473//
f 472// 473// 474//
f 474// 473// 475//
f 474// 475// 476//
f 476// 475// 477//
f 476// 477// 478//
f 478// 477// 479//
f 478// 479// 480//
f 481// 480// 482//
f 482// 480// 479//
f 483// 481// 484//
f 484// 481// 482//
f 441// 483// 442//
f 442// 483// 484//
f 460// 461// 480//
f 480// 461// 464//
f 480// 464// 466//
f 466// 468// 480//
f 480// 468// 470//
f 480// 470// 472//
f 481// 483// 480//
f 480// 483// 441//
f 480// 441// 460//
f 460// 441// 444//
f 460// 444// 446//
f 452// 454// 460//
f 460// 454// 456//
f 460// 456// 458//
f 472// 474// 480//
f 480// 474// 476//
f 480// 476// 478//
f 446// 448// 460//
f 460// 448// 450//
f 460// 450// 452//
f 443// 442// 459//
f 459// 442// 462//
f 484// 482// 442//
f 442// 482// 479//
f 442// 479// 462//
f 462// 479// 477//
f 477// 475// 462//
f 462// 475// 473//
f 462// 473// 471//
f 471// 469// 462//
f 462// 469// 467//
f 462// 467// 463//
f 463// 467// 465//
f 459// 457// 455//
f 455// 453// 459//
f 459// 453// 451//
f 459// 451// 449//
f 449// 447// 459//
f 459// 447// 445//
f 459// 445// 443//
f 485// 486// 487//
f 487// 486// 488//
f 489// 485// 490//
f 490// 485// 487//
f 489// 490// 491//
f 489// 491// 492//
f 492// 491// 493//
f 492// 493// 494//
f 494// 493// 495//
f 494// 495// 496//
f 496// 495// 497//
f 496// 497// 498//
f 498// 497// 499//
f 498// 499// 500//
f 500// 499// 501//
f 500// 501// 502//
f 502// 501// 503//
f 502// 503// 504//
f 504// 503// 505//
f 504// 505// 506//
f 506// 505// 507//
f 506// 507// 508//
f 509// 508// 510//
f 510// 508// 507//
f 509// 510// 511//
f 509// 511// 512//
f 512// 511// 513//
f 512// 513// 514//
f 514// 513// 515//
f 514// 515// 516//
f 516// 515// 517//
f 516// 517// 518//
f 518// 517// 519//
f 518// 519// 520//
f 520// 519// 521//
f 520// 521// 522//
f 522// 521// 523//
f 522// 523// 524//
f 524// 523// 525//
f 524// 525// 526//
f 526// 525// 527//
f 526// 527// 528//
f 486// 528// 488//
f 488// 528// 527//
f 508// 509// 528//
f 528// 509// 512//
f 528// 512// 514//
f 514// 516// 528//
f 528// 516// 518//
f 528// 518// 520//
f 486// 485// 528//
f 528// 485// 489//
f 528// 489// 508//
f 508// 489// 492//
f 508// 492// 494//
f 504// 498// 502//
f 502// 498// 500//
f 494// 496// 508//
f 508// 496// 498//
f 508// 498// 506//
f 506// 498// 504//
f 520// 522// 528//
f 528// 522// 524//
f 528// 524// 526//
f 510// 507// 490//
f 487// 488// 490//
f 490// 488// 527//
f 490// 527// 510//
f 510// 527// 525//
f 525// 523// 510//
f 510// 523// 521//
f 510// 521// 519//
f 519// 517// 510//
f 510// 517// 515//
f 510// 515// 511//
f 511// 515// 513//
f 507// 505// 490//
f 490// 505// 503//
f 490// 503// 501//
f 497// 495// 493//
f 501// 499// 490//
f 490// 499// 497//
f 490// 497// 491//
f 491// 497// 493//
f 529// 530// 531//
f 529// 531// 532//
f 532// 531// 533//
f 532// 533// 534//
f 534// 533// 535//
f 534// 535// 536//
f 536// 535// 537//
f 536// 537// 538//
f 538// 537// 539//
f 538// 539// 540//
f 540// 539// 541//
f 540// 541// 542//
f 542// 541// 543//
f 542// 543// 544//
f 544// 543// 545//
f 544// 545// 546//
f 546// 545// 547//
f 546// 547// 548//
f 549// 548// 550//
f 550// 548// 547//
f 549// 550// 551//
f 549// 551// 552//
f 552// 551// 553//
f 552// 553// 554//
f 554// 553// 555//
f 554// 555// 556//
f 556// 555// 557//
f 556// 557// 558//
f 558// 557// 559//
f 558// 559// 560//
f 560// 559// 561//
f 560// 561// 562//
f 562// 561// 563//
f 562// 563// 564//
f 564// 563// 565//
f 564// 565// 566//
f 566// 565// 567//
f 566// 567// 568//
f 569// 568// 570//
f 570// 568// 567//
f 571// 569// 572//
f 572// 569// 570//
f 529// 571// 530//
f 530// 571// 572//
f 546// 548// 529//
f 529// 548// 568//
f 529// 568// 571//
f 571// 568// 569//
f 546// 529// 544//
f 544// 529// 532//
f 544// 532// 534//
f 534// 536// 544//
f 544// 536// 538//
f 544// 538// 542//
f 542// 538// 540//
f 548// 549// 568//
f 568// 549// 552//
f 568// 552// 554//
f 554// 556// 568//
f 568// 556// 558//
f 568// 558// 560//
f 560// 562// 568//
f 568// 562// 564//
f 568// 564// 566//
f 550// 547// 530//
f 572// 570// 530//
f 530// 570// 567//
f 530// 567// 550//
f 550// 567// 565//
f 565// 563// 550//
f 550// 563// 561//
f 550// 561// 559//
f 559// 557// 550//
f 550// 557// 555//
f 550// 555// 551//
f 551// 555// 553//
f 541// 539// 537//
f 547// 545// 530//
f 530// 545// 543//
f 530// 543// 531//
f 531// 543// 533//
f 541// 537// 543//
f 543// 537// 535//
f 543// 535// 533//
f 573// 574// 575//
f 575// 574// 576//
f 577// 573// 578//
f 578// 573// 575//
f 577// 578// 579//
f 577// 579// 580//
f 580// 579// 581//
f 580// 581// 582//
f 582// 581// 583//
f 582// 583// 584//
f 584// 583// 585//
f 584// 585// 586//
f 586// 585// 587//
f 586// 587// 588//
f 588// 587// 589//
f 588// 589// 590//
f 590// 589// 591//
f 590// 591// 592//
f 592// 591// 593//
f 592// 593// 594//
f 594// 593// 595//
f 594// 595// 596//
f 597// 596// 598//
f 598// 596// 595//
f 597// 598// 599//
f 597// 599// 600//
f 600// 599// 601//
f 600// 601// 602//
f 602// 601// 603//
f 602// 603// 604//
f 604// 603// 605//
f 604// 605// 606//
f 606// 605// 607//
f 606// 607// 608//
f 608// 607// 609//
f 608// 609// 610//
f 610// 609// 611//
f 610// 611// 612//
f 612// 611// 613//
f 612// 613// 614//
f 614// 613// 615//
f 614// 615// 616//
f 574// 616// 576//
f 576// 616// 615//
f 574// 573// 616//
f 616// 573// 577//
f 580// 582// 596//
f 582// 584// 596//
f 596// 584// 586//
f 596// 586// 588//
f 588// 590// 596//
f 596// 590// 592//
f 596// 592// 594//
f 600// 602// 608//
f 608// 602// 604//
f 608// 604// 606//
f 600// 608// 597//
f 597// 608// 610//
f 597// 610// 612//
f 612// 614// 597//
f 597// 614// 616//
f 597// 616// 596//
f 596// 616// 577//
f 596// 577// 580//
f 575// 576// 578//
f 578// 576// 615//
f 613// 611// 598//
f 601// 607// 603//
f 603// 607// 605//
f 611// 609// 598//
f 598// 609// 607//
f 598// 607// 599//
f 599// 607// 601//
f 593// 591// 595//
f 595// 591// 589//
f 595// 589// 587//
f 587// 585// 595//
f 595// 585// 583//
f 595// 583// 581//
f 581// 579// 595//
f 595// 579// 578//
f 595// 578// 598//
f 598// 578// 615//
f 598// 615// 613//
f 617// 618// 619//
f 617// 619// 620//
f 620// 619// 621//
f 620// 621// 622//
f 622// 621// 623//
f 622// 623// 624//
f 624// 623// 625//
f 624// 625// 626//
f 626// 625// 627//
f 626// 627// 628//
f 628// 627// 629//
f 628// 629// 630//
f 630// 629// 631//
f 630// 631// 632//
f 632// 631// 633//
f 632// 633// 634//
f 634// 633// 635//
f 634// 635// 636//
f 637// 636// 638//
f 638// 636// 635//
f 637// 638// 639//
f 637// 639// 640//
f 640// 639// 641//
f 640// 641// 642//
f 642// 641// 643//
f 642// 643// 644//
f 644// 643// 645//
f 644// 645// 646//
f 646// 645// 647//
f 646// 647// 648//
f 648// 647// 649//
f 648// 649// 650//
f 650// 649// 651//
f 650// 651// 652//
f 652// 651// 653//
f 652// 653// 654//
f 654// 653// 655//
f 654// 655// 656//
f 657// 656// 658//
f 658// 656// 655//
f 659// 657// 660//
f 660// 657// 658//
f 617// 659// 618//
f 618// 659// 660//
f 652// 654// 637//
f 637// 654// 656//
f 637// 656// 636//
f 640// 642// 648//
f 648// 642// 644//
f 648// 644// 646//
f 657// 659// 656//
f 656// 659// 617//
f 656// 617// 636//
f 636// 617// 620//
f 636// 620// 622//
f 632// 626// 630//
f 630// 626// 628//
f 622// 624// 636//
f 636// 624// 626//
f 636// 626// 634//
f 634// 626// 632//
f 640// 648// 637//
f 637// 648// 650//
f 637// 650// 652//
f 660// 658// 618//
f 618// 658// 655//
f 638// 653// 651//
f 641// 647// 643//
f 643// 647// 645//
f 641// 639// 647//
f 647// 639// 638//
f 647// 638// 649//
f 649// 638// 651//
f 633// 631// 625//
f 625// 631// 629//
f 625// 629// 627//
f 633// 625// 635//
f 635// 625// 623//
f 635// 623// 621//
f 621// 619// 635//
f 635// 619// 618//
f 635// 618// 638//
f 638// 618// 655//
f 638// 655// 653//
f 661// 662// 663//
f 663// 662// 664//
f 665// 661// 666//
f 666// 661// 663//
f 665// 666// 667//
f 665// 667// 668//
f 668// 667// 669//
f 668// 669// 670//
f 670// 669// 671//
f 670// 671// 672//
f 672// 671// 673//
f 672// 673// 674//
f 674// 673// 675//
f 674// 675// 676//
f 676// 675// 677//
f 676// 677// 678//
f 678// 677// 679//
f 678// 679// 680//
f 680// 679// 681//
f 680// 681// 682//
f 682// 681// 683//
f 682// 683// 684//
f 685// 684// 686//
f 686// 684// 683//
f 685// 686// 687//
f 685// 687// 688//
f 688// 687// 689//
f 688// 689// 690//
f 690// 689// 691//
f 690// 691// 692//
f 692// 691// 693//
f 692// 693// 694//
f 694// 693// 695//
f 694// 695// 696//
f 696// 695// 697//
f 696// 697// 698//
f 698// 697// 699//
f 698// 699// 700//
f 700// 699// 701//
f 700// 701// 702//
f 702// 701// 703//
f 702// 703// 704//
f 662// 704// 664//
f 664// 704// 703//
f 662// 661// 704//
f 704// 661// 665//
f 668// 670// 684//
f 680// 674// 678//
f 678// 674// 676//
f 670// 672// 684//
f 684// 672// 674//
f 684// 674// 682//
f 682// 674// 680//
f 700// 702// 685//
f 685// 702// 704//
f 685// 704// 684//
f 684// 704// 665//
f 684// 665// 668//
f 688// 690// 696//
f 696// 690// 692//
f 696// 692// 694//
f 688// 696// 685//
f 685// 696// 698//
f 685// 698// 700//
f 663// 664// 666//
f 666// 664// 703//
f 686// 701// 699//
f 689// 695// 691//
f 691// 695// 693//
f 689// 687// 695//
f 695// 687// 686//
f 695// 686// 697//
f 697// 686// 699//
f 681// 679// 673//
f 673// 679// 677//
f 673// 677// 675//
f 681// 673// 683//
f 683// 673// 671//
f 683// 671// 669//
f 669// 667// 683//
f 683// 667// 666//
f 683// 666// 686//
f 686// 666// 703//
f 686// 703// 701//
f 705// 706// 707//
f 705// 707// 708//
f 708// 707// 709//
f 708// 709// 710//
f 710// 709// 711//
f 710// 711// 712//
f 712// 711// 713//
f 712// 713// 714//
f 714// 713// 715//
f 714// 715// 716//
f 716// 715// 717//
f 716// 717// 718//
f 718// 717// 719//
f 718// 719// 720//
f 720// 719// 721//
f 720// 721// 722//
f 722// 721// 723//
f 722// 723// 724//
f 725// 724// 726//
f 726// 724// 723//
f 725// 726// 727//
f 725// 727// 728//
f 728// 727// 729//
f 728// 729// 730//
f 730// 729// 731//
f 730// 731// 732//
f 732// 731// 733//
f 732// 733// 734//
f 734// 733// 735//
f 734// 735// 736//
f 736// 735// 737//
f 736// 737// 738//
f 738// 737// 739//
f 738// 739// 740//
f 740// 739// 741//
f 740// 741// 742//
f 742// 741// 743//
f 742// 743// 744//
f 745// 744// 746//
f 746// 744// 743//
f 747// 745// 748//
f 748// 745// 746//
f 705// 747// 706//
f 706// 747// 748//
f 745// 747// 744//
f 744// 747// 705//
f 724// 708// 710//
f 720// 714// 718//
f 718// 714// 716//
f 720// 722// 714//
f 714// 722// 724//
f 714// 724// 712//
f 712// 724// 710//
f 728// 730// 736//
f 736// 730// 732//
f 736// 732// 734//
f 728// 736// 725//
f 725// 736// 738//
f 725// 738// 740//
f 740// 742// 725//
f 725// 742// 744//
f 725// 744// 724//
f 724// 744// 705//
f 724// 705// 708//
f 709// 707// 723//
f 723// 707// 706//
f 723// 706// 726//
f 721// 719// 713//
f 713// 719// 717//
f 713// 717// 715//
f 748// 746// 706//
f 706// 746// 743//
f 706// 743// 726//
f 726// 743// 741//
f 726// 741// 739//
f 729// 735// 731//
f 731// 735// 733//
f 739// 737// 726//
f 726// 737// 735//
f 726// 735// 727//
f 727// 735// 729//
f 721// 713// 723//
f 723// 713// 711//
f 723// 711// 709//
f 749// 750// 751//
f 751// 750// 752//
f 753// 749// 754//
f 754// 749// 751//
f 753// 754// 755//
f 753// 755// 756//
f 756// 755// 757//
f 756// 757// 758//
f 758// 757// 759//
f 758// 759// 760//
f 760// 759// 761//
f 760// 761// 762//
f 762// 761// 763//
f 762// 763// 764//
f 764// 763// 765//
f 764// 765// 766//
f 766// 765// 767//
f 766// 767// 768//
f 768// 767// 769//
f 768// 769// 770//
f 770// 769// 771//
f 770// 771// 772//
f 773// 772// 774//
f 774// 772// 771//
f 773// 774// 775//
f 773// 775// 776//
f 776// 775// 777//
f 776// 777// 778//
f 778// 777// 779//
f 778// 779// 780//
f 780// 779// 781//
f 780// 781// 782//
f 782// 781// 783//
f 782// 783// 784//
f 784// 783// 785//
f 784// 785// 786//
f 786// 785// 787//
f 786// 787// 788//
f 788// 787// 789//
f 788// 789// 790//
f 790// 789// 791//
f 790// 791// 792//
f 750// 792// 752//
f 752// 792// 791//
f 772// 773// 792//
f 792// 773// 776//
f 792// 776// 778//
f 778// 780// 792//
f 792// 780// 782//
f 792// 782// 784//
f 750// 749// 792//
f 792// 749// 753//
f 792// 753// 772//
f 772// 753// 756//
f 772// 756// 758//
f 768// 762// 766//
f 766// 762// 764//
f 758// 760// 772//
f 772// 760// 762//
f 772// 762// 770//
f 770// 762// 768//
f 784// 786// 792//
f 792// 786// 788//
f 792// 788// 790//
f 774// 771// 754//
f 751// 752// 754//
f 754// 752// 791//
f 754// 791// 774//
f 774// 791// 789//
f 789// 787// 774//
f 774// 787// 785//
f 774// 785// 783//
f 783// 781// 774//
f 774// 781// 779//
f 774// 779// 775//
f 775// 779// 777//
f 771// 769// 754//
f 754// 769// 767//
f 754// 767// 765//
f 761// 759// 757//
f 765// 763// 754//
f 754// 763// 761//
f 754// 761// 755//
f 755// 761// 757//
f 793// 794// 795//
f 793// 795// 796//
f 796// 795// 797//
f 796// 797// 798//
f 798// 797// 799//
f 798// 799// 800//
f 800// 799// 801//
f 800// 801// 802//
f 802// 801// 803//
f 802// 803// 804//
f 804// 803// 805//
f 804// 805// 806//
f 806// 805// 807//
f 806// 807// 808//
f 808// 807// 809//
f 808// 809// 810//
f 810// 809// 811//
f 810// 811// 812//
f 813// 812// 814//
f 814// 812// 811//
f 813// 814// 815//
f 813// 815// 816//
f 816// 815// 817//
f 816// 817// 818//
f 818// 817// 819//
f 818// 819// 820//
f 820// 819// 821//
f 820// 821// 822//
f 822// 821// 823//
f 822// 823// 824//
f 824// 823// 825//
f 824// 825// 826//
f 826// 825// 827//
f 826// 827// 828//
f 828// 827// 829//
f 828// 829// 830//
f 830// 829// 831//
f 830// 831// 832//
f 833// 832// 834//
f 834// 832// 831//
f 835// 833// 836//
f 836// 833// 834//
f 793// 835// 794//
f 794// 835// 836//
f 810// 812// 793//
f 793// 812// 832//
f 793// 832// 835//
f 835// 832// 833//
f 810// 793// 808//
f 808// 793// 796//
f 808// 796// 798//
f 798// 800// 808//
f 808// 800// 802//
f 808// 802// 806//
f 806// 802// 804//
f 812// 813// 832//
f 832// 813// 816//
f 832// 816// 818//
f 818// 820// 832//
f 832// 820// 822//
f 832// 822// 824//
f 824// 826// 832//
f 832// 826// 828//
f 832// 828// 830//
f 814// 811// 794//
f 836// 834// 794//
f 794// 834// 831//
f 794// 831// 814//
f 814// 831// 829//
f 829// 827// 814//
f 814// 827// 825//
f 814// 825// 823//
f 823// 821// 814//
f 814// 821// 819//
f 814// 819// 815//
f 815// 819// 817//
f 805// 803// 801//
f 811// 809// 794//
f 794// 809// 807//
f 794// 807// 795//
f 795// 807// 797//
f 805// 801// 807//
f 807// 801// 799//
f 807// 799// 797//
f 837// 838// 839//
f 839// 838// 840//
f 841// 837// 842//
f 842// 837// 839//
f 841// 842// 843//
f 841// 843// 844//
f 844// 843// 845//
f 844// 845// 846//
f 846// 845// 847//
f 846// 847// 848//
f 848// 847// 849//
f 848// 849// 850//
f 850// 849// 851//
f 850// 851// 852//
f 852// 851// 853//
f 852// 853// 854//
f 854// 853// 855//
f 854// 855// 856//
f 856// 855// 857//
f 856// 857// 858//
f 858// 857// 859//
f 858// 859// 860//
f 861// 860// 862//
f 862// 860// 859//
f 861// 862// 863//
f 861// 863// 864//
f 864// 863// 865//
f 864// 865// 866//
f 866// 865// 867//
f 866// 867// 868//
f 868// 867// 869//
f 868// 869// 870//
f 870// 869// 871//
f 870// 871// 872//
f 872// 871// 873//
f 872// 873// 874//
f 874// 873// 875//
f 874// 875// 876//
f 876// 875// 877//
f 876// 877// 878//
f 878// 877// 879//
f 878// 879// 880//
f 838// 880// 840//
f 840// 880// 879//
f 860// 861// 880//
f 880// 861// 864//
f 880// 864// 866//
f 866// 868// 880//
f 880// 868// 870//
f 880// 870// 872//
f 838// 837// 880//
f 880// 837// 841//
f 880// 841// 860//
f 860// 841// 844//
f 860// 844// 846//
f 852// 854// 860//
f 860// 854// 856//
f 860// 856// 858//
f 872// 874// 880//
f 880// 874// 876//
f 880// 876// 878//
f 846// 848// 860//
f 860// 848// 850//
f 860// 850// 852//
f 843// 842// 859//
f 859// 842// 862//
f 839// 840// 842//
f 842// 840// 879//
f 842// 879// 862//
f 862// 879// 877//
f 877// 875// 862//
f 862// 875// 873//
f 862// 873// 871//
f 871// 869// 862//
f 862// 869// 867//
f 862// 867// 863//
f 863// 867// 865//
f 859// 857// 855//
f 855// 853// 859//
f 859// 853// 851//
f 859// 851// 849//
f 849// 847// 859//
f 859// 847// 845//
f 859// 845// 843//
f 881// 882// 883//
f 881// 883// 884//
f 884// 883// 885//
f 884// 885// 886//
f 886// 885// 887//
f 886// 887// 888//
f 888// 887// 889//
f 888// 889// 890//
f 890// 889// 891//
f 890// 891// 892//
f 892// 891// 893//
f 892// 893// 894//
f 894// 893// 895//
f 894// 895// 896//
f 896// 895// 897//
f 896// 897// 898//
f 898// 897// 899//
f 898// 899// 900//
f 901// 900// 902//
f 902// 900// 899//
f 901// 902// 903//
f 901// 903// 904//
f 904// 903// 905//
f 904// 905// 906//
f 906// 905// 907//
f 906// 907// 908//
f 908// 907// 909//
f 908// 909// 910//
f 910// 909// 911//
f 910// 911// 912//
f 912// 911// 913//
f 912// 913// 914//
f 914// 913// 915//
f 914// 915// 916//
f 916// 915// 917//
f 916// 917// 918//
f 918// 917// 919//
f 918// 919// 920//
f 921// 920// 922//
f 922// 920// 919//
f 923// 921// 924//
f 924// 921// 922//
f 881// 923// 882//
f 882// 923// 924//
f 921// 923// 920//
f 920// 923// 881//
f 898// 900// 881//
f 881// 900// 920//
f 920// 900// 901//
f 920// 901// 918//
f 898// 881// 896//
f 896// 881// 884//
f 896// 884// 886//
f 886// 888// 896//
f 896// 888// 890//
f 896// 890// 894//
f 894// 890// 892//
f 901// 904// 906//
f 906// 908// 901//
f 901// 908// 910//
f 901// 910// 912//
f 912// 914// 901//
f 901// 914// 916//
f 901// 916// 918//
f 902// 899// 882//
f 893// 891// 889//
f 899// 897// 882//
f 882// 897// 895//
f 882// 895// 883//
f 883// 895// 885//
f 924// 922// 882//
f 882// 922// 919//
f 882// 919// 902//
f 902// 919// 917//
f 902// 917// 915//
f 909// 907// 902//
f 902// 907// 905//
f 902// 905// 903//
f 893// 889// 895//
f 895// 889// 887//
f 895// 887// 885//
f 915// 913// 902//
f 902// 913// 911//
f 902// 911// 909//
f 925// 926// 927//
f 927// 926// 928//
f 929// 925// 930//
f 930// 925// 927//
f 929// 930// 931//
f 929// 931// 932//
f 932// 931// 933//
f 932// 933// 934//
f 934// 933// 935//
f 934// 935// 936//
f 936// 935// 937//
f 936// 937// 938//
f 938// 937// 939//
f 938// 939// 940//
f 940// 939// 941//
f 940// 941// 942//
f 942// 941// 943//
f 942// 943// 944//
f 944// 943// 945//
f 944// 945// 946//
f 946// 945// 947//
f 946// 947// 948//
f 949// 948// 950//
f 950// 948// 947//
f 949// 950// 951//
f 949// 951// 952//
f 952// 951// 953//
f 952// 953// 954//
f 954// 953// 955//
f 954// 955// 956//
f 956// 955// 957//
f 956// 957// 958//
f 958// 957// 959//
f 958// 959// 960//
f 960// 959// 961//
f 960// 961// 962//
f 962// 961// 963//
f 962// 963// 964//
f 964// 963// 965//
f 964// 965// 966//
f 966// 965// 967//
f 966// 967// 968//
f 926// 968// 928//
f 928// 968// 967//
f 966// 968// 949//
f 949// 968// 948//
f 926// 925// 968//
f 968// 925// 929//
f 968// 929// 948//
f 948// 929// 932//
f 948// 932// 934//
f 940// 942// 948//
f 948// 942// 944//
f 948// 944// 946//
f 934// 936// 948//
f 948// 936// 938//
f 948// 938// 940//
f 949// 952// 954//
f 954// 956// 949//
f 949// 956// 958//
f 949// 958// 960//
f 960// 962// 949//
f 949// 962// 964//
f 949// 964// 966//
f 931// 930// 947//
f 947// 930// 950//
f 927// 928// 930//
f 930// 928// 967//
f 930// 967// 950//
f 950// 967// 965//
f 950// 965// 963//
f 957// 955// 950//
f 950// 955// 953//
f 950// 953// 951//
f 963// 961// 950//
f 950// 961// 959//
f 950// 959// 957//
f 947// 945// 943//
f 943// 941// 947//
f 947// 941// 939//
f 947// 939// 937//
f 937// 935// 947//
f 947// 935// 933//
f 947// 933// 931//
f 969// 970// 971//
f 969// 971// 972//
f 972// 971// 973//
f 972// 973// 974//
f 974// 973// 975//
f 974// 975// 976//
f 976// 975// 977//
f 976// 977// 978//
f 978// 977// 979//
f 978// 979// 980//
f 980// 979// 981//
f 980// 981// 982//
f 982// 981// 983//
f 982// 983// 984//
f 984// 983// 985//
f 984// 985// 986//
f 986// 985// 987//
f 986// 987// 988//
f 989// 988// 990//
f 990// 988// 987//
f 989// 990// 991//
f 989// 991// 992//
f 992// 991// 993//
f 992// 993// 994//
f 994// 993// 995//
f 994// 995// 996//
f 996// 995// 997//
f 996// 997// 998//
f 998// 997// 999//
f 998// 999// 1000//
f 1000// 999// 1001//
f 1000// 1001// 1002//
f 1002// 1001// 1003//
f 1002// 1003// 1004//
f 1004// 1003// 1005//
f 1004// 1005// 1006//
f 1006// 1005// 1007//
f 1006// 1007// 1008//
f 1009// 1008// 1010//
f 1010// 1008// 1007//
f 1011// 1009// 1012//
f 1012// 1009// 1010//
f 969// 1011// 970//
f 970// 1011// 1012//
f 1006// 1008// 989//
f 989// 1008// 988//
f 1009// 1011// 1008//
f 1008// 1011// 969//
f 1008// 969// 988//
f 988// 969// 972//
f 988// 972// 974//
f 980// 982// 988//
f 988// 982// 984//
f 988// 984// 986//
f 974// 976// 988//
f 988// 976// 978//
f 988// 978// 980//
f 989// 992// 994//
f 994// 996// 989//
f 989// 996// 998//
f 989// 998// 1000//
f 1000// 1002// 989//
f 989// 1002// 1004//
f 989// 1004// 1006//
f 971// 970// 987//
f 987// 970// 990//
f 1012// 1010// 970//
f 970// 1010// 1007//
f 970// 1007// 990//
f 990// 1007// 1005//
f 990// 1005// 1003//
f 997// 995// 990//
f 990// 995// 993//
f 990// 993// 991//
f 1003// 1001// 990//
f 990// 1001// 999//
f 990// 999// 997//
f 987// 985// 983//
f 983// 981// 987//
f 987// 981// 979//
f 987// 979// 977//
f 977// 975// 987//
f 987// 975// 973//
f 987// 973// 971//
f 1013// 1014// 1015//
f 1015// 1014// 1016//
f 1017// 1013// 1018//
f 1018// 1013// 1015//
f 1017// 1018// 1019//
f 1017// 1019// 1020//
f 1020// 1019// 1021//
f 1020// 1021// 1022//
f 1022// 1021// 1023//
f 1022// 1023// 1024//
f 1024// 1023// 1025//
f 1024// 1025// 1026//
f 1026// 1025// 1027//
f 1026// 1027// 1028//
f 1028// 1027// 1029//
f 1028// 1029// 1030//
f 1030// 1029// 1031//
f 1030// 1031// 1032//
f 1032// 1031// 1033//
f 1032// 1033// 1034//
f 1034// 1033// 1035//
f 1034// 1035// 1036//
f 1037// 1036// 1038//
f 1038// 1036// 1035//
f 1037// 1038// 1039//
f 1037// 1039// 1040//
f 1040// 1039// 1041//
f 1040// 1041// 1042//
f 1042// 1041// 1043//
f 1042// 1043// 1044//
f 1044// 1043// 1045//
f 1044// 1045// 1046//
f 1046// 1045// 1047//
f 1046// 1047// 1048//
f 1048// 1047// 1049//
f 1048// 1049// 1050//
f 1050// 1049// 1051//
f 1050// 1051// 1052//
f 1052// 1051// 1053//
f 1052// 1053// 1054//
f 1054// 1053// 1055//
f 1054// 1055// 1056//
f 1014// 1056// 1016//
f 1016// 1056// 1055//
f 1054// 1056// 1037//
f 1037// 1056// 1036//
f 1014// 1013// 1056//
f 1056// 1013// 1017//
f 1056// 1017// 1036//
f 1036// 1017// 1020//
f 1036// 1020// 1022//
f 1028// 1030// 1036//
f 1036// 1030// 1032//
f 1036// 1032// 1034//
f 1022// 1024// 1036//
f 1036// 1024// 1026//
f 1036// 1026// 1028//
f 1037// 1040// 1042//
f 1042// 1044// 1037//
f 1037// 1044// 1046//
f 1037// 1046// 1048//
f 1048// 1050// 1037//
f 1037// 1050// 1052//
f 1037// 1052// 1054//
f 1019// 1018// 1035//
f 1035// 1018// 1038//
f 1015// 1016// 1018//
f 1018// 1016// 1055//
f 1018// 1055// 1038//
f 1038// 1055// 1053//
f 1038// 1053// 1051//
f 1045// 1043// 1038//
f 1038// 1043// 1041//
f 1038// 1041// 1039//
f 1051// 1049// 1038//
f 1038// 1049// 1047//
f 1038// 1047// 1045//
f 1035// 1033// 1031//
f 1031// 1029// 1035//
f 1035// 1029// 1027//
f 1035// 1027// 1025//
f 1025// 1023// 1035//
f 1035// 1023// 1021//
f 1035// 1021// 1019//
f 1057// 1058// 1059//
f 1057// 1059// 1060//
f 1060// 1059// 1061//
f 1060// 1061// 1062//
f 1062// 1061// 1063//
f 1062// 1063// 1064//
f 1064// 1063// 1065//
f 1064// 1065// 1066//
f 1066// 1065// 1067//
f 1066// 1067// 1068//
f 1068// 1067// 1069//
f 1068// 1069// 1070//
f 1070// 1069// 1071//
f 1070// 1071// 1072//
f 1072// 1071// 1073//
f 1072// 1073// 1074//
f 1074// 1073// 1075//
f 1074// 1075// 1076//
f 1077// 1076// 1078//
f 1078// 1076// 1075//
f 1077// 1078// 1079//
f 1077// 1079// 1080//
f 1080// 1079// 1081//
f 1080// 1081// 1082//
f 1082// 1081// 1083//
f 1082// 1083// 1084//
f 1084// 1083// 1085//
f 1084// 1085// 1086//
f 1086// 1085// 1087//
f 1086// 1087// 1088//
f 1088// 1087// 1089//
f 1088// 1089// 1090//
f 1090// 1089// 1091//
f 1090// 1091// 1092//
f 1092// 1091// 1093//
f 1092// 1093// 1094//
f 1094// 1093// 1095//
f 1094// 1095// 1096//
f 1097// 1096// 1098//
f 1098// 1096// 1095//
f 1099// 1097// 1100//
f 1100// 1097// 1098//
f 1057// 1099// 1058//
f 1058// 1099// 1100//
f 1094// 1096// 1077//
f 1077// 1096// 1076//
f 1097// 1099// 1096//
f 1096// 1099// 1057//
f 1096// 1057// 1076//
f 1076// 1057// 1060//
f 1076// 1060// 1062//
f 1068// 1070// 1076//
f 1076// 1070// 1072//
f 1076// 1072// 1074//
f 1062// 1064// 1076//
f 1076// 1064// 1066//
f 1076// 1066// 1068//
f 1077// 1080// 1082//
f 1082// 1084// 1077//
f 1077// 1084// 1086//
f 1077// 1086// 1088//
f 1088// 1090// 1077//
f 1077// 1090// 1092//
f 1077// 1092// 1094//
f 1059// 1058// 1075//
f 1075// 1058// 1078//
f 1100// 1098// 1058//
f 1058// 1098// 1095//
f 1058// 1095// 1078//
f 1078// 1095// 1093//
f 1078// 1093// 1091//
f 1085// 1083// 1078//
f 1078// 1083// 1081//
f 1078// 1081// 1079//
f 1091// 1089// 1078//
f 1078// 1089// 1087//
f 1078// 1087// 1085//
f 1075// 1073// 1071//
f 1071// 1069// 1075//
f 1075// 1069// 1067//
f 1075// 1067// 1065//
f 1065// 1063// 1075//
f 1075// 1063// 1061//
f 1075// 1061// 1059//
f 1101// 1102// 1103//
f 1103// 1102// 1104//
f 1105// 1101// 1106//
f 1106// 1101// 1103//
f 1105// 1106// 1107//
f 1105// 1107// 1108//
f 1108// 1107// 1109//
f 1108// 1109// 1110//
f 1110// 1109// 1111//
f 1110// 1111// 1112//
f 1112// 1111// 1113//
f 1112// 1113// 1114//
f 1114// 1113// 1115//
f 1114// 1115// 1116//
f 1116// 1115// 1117//
f 1116// 1117// 1118//
f 1118// 1117// 1119//
f 1118// 1119// 1120//
f 1120// 1119// 1121//
f 1120// 1121// 1122//
f 1122// 1121// 1123//
f 1122// 1123// 1124//
f 1125// 1124// 1126//
f 1126// 1124// 1123//
f 1125// 1126// 1127//
f 1125// 1127// 1128//
f 1128// 1127// 1129//
f 1128// 1129// 1130//
f 1130// 1129// 1131//
f 1130// 1131// 1132//
f 1132// 1131// 1133//
f 1132// 1133// 1134//
f 1134// 1133// 1135//
f 1134// 1135// 1136//
f 1136// 1135// 1137//
f 1136// 1137// 1138//
f 1138// 1137// 1139//
f 1138// 1139// 1140//
f 1140// 1139// 1141//
f 1140// 1141// 1142//
f 1142// 1141// 1143//
f 1142// 1143// 1144//
f 1102// 1144// 1104//
f 1104// 1144// 1143//
f 1101// 1105// 1124//
f 1124// 1105// 1108//
f 1124// 1108// 1110//
f 1101// 1124// 1102//
f 1102// 1124// 1125//
f 1102// 1125// 1144//
f 1144// 1125// 1128//
f 1144// 1128// 1130//
f 1112// 1120// 1110//
f 1110// 1120// 1122//
f 1110// 1122// 1124//
f 1112// 1114// 1120//
f 1120// 1114// 1116//
f 1120// 1116// 1118//
f 1132// 1140// 1130//
f 1130// 1140// 1142//
f 1130// 1142// 1144//
f 1132// 1134// 1140//
f 1140// 1134// 1136//
f 1140// 1136// 1138//
f 1104// 1143// 1126//
f 1126// 1143// 1141//
f 1126// 1141// 1139//
f 1104// 1126// 1103//
f 1103// 1126// 1123//
f 1103// 1123// 1106//
f 1106// 1123// 1121//
f 1106// 1121// 1119//
f 1137// 1129// 1139//
f 1139// 1129// 1127//
f 1139// 1127// 1126//
f 1137// 1135// 1129//
f 1129// 1135// 1133//
f 1129// 1133// 1131//
f 1117// 1109// 1119//
f 1119// 1109// 1107//
f 1119// 1107// 1106//
f 1117// 1115// 1109//
f 1109// 1115// 1113//
f 1109// 1113// 1111//
f 1145// 1146// 1147//
f 1145// 1147// 1148//
f 1148// 1147// 1149//
f 1148// 1149// 1150//
f 1150// 1149// 1151//
f 1150// 1151// 1152//
f 1152// 1151// 1153//
f 1152// 1153// 1154//
f 1154// 1153// 1155//
f 1154// 1155// 1156//
f 1156// 1155// 1157//
f 1156// 1157// 1158//
f 1158// 1157// 1159//
f 1158// 1159// 1160//
f 1160// 1159// 1161//
f 1160// 1161// 1162//
f 1162// 1161// 1163//
f 1162// 1163// 1164//
f 1165// 1164// 1166//
f 1166// 1164// 1163//
f 1165// 1166// 1167//
f 1165// 1167// 1168//
f 1168// 1167// 1169//
f 1168// 1169// 1170//
f 1170// 1169// 1171//
f 1170// 1171// 1172//
f 1172// 1171// 1173//
f 1172// 1173// 1174//
f 1174// 1173// 1175//
f 1174// 1175// 1176//
f 1176// 1175// 1177//
f 1176// 1177// 1178//
f 1178// 1177// 1179//
f 1178// 1179// 1180//
f 1180// 1179// 1181//
f 1180// 1181// 1182//
f 1182// 1181// 1183//
f 1182// 1183// 1184//
f 1185// 1184// 1186//
f 1186// 1184// 1183//
f 1187// 1185// 1188//
f 1188// 1185// 1186//
f 1145// 1187// 1146//
f 1146// 1187// 1188//
f 1187// 1145// 1164//
f 1164// 1145// 1148//
f 1164// 1148// 1150//
f 1187// 1164// 1185//
f 1185// 1164// 1165//
f 1185// 1165// 1184//
f 1184// 1165// 1168//
f 1184// 1168// 1170//
f 1152// 1160// 1150//
f 1150// 1160// 1162//
f 1150// 1162// 1164//
f 1152// 1154// 1160//
f 1160// 1154// 1156//
f 1160// 1156// 1158//
f 1172// 1180// 1170//
f 1170// 1180// 1182//
f 1170// 1182// 1184//
f 1172// 1174// 1180//
f 1180// 1174// 1176//
f 1180// 1176// 1178//
f 1186// 1183// 1166//
f 1166// 1183// 1181//
f 1166// 1181// 1179//
f 1186// 1166// 1188//
f 1188// 1166// 1163//
f 1188// 1163// 1146//
f 1146// 1163// 1161//
f 1146// 1161// 1159//
f 1177// 1169// 1179//
f 1179// 1169// 1167//
f 1179// 1167// 1166//
f 1177// 1175// 1169//
f 1169// 1175// 1173//
f 1169// 1173// 1171//
f 1157// 1149// 1159//
f 1159// 1149// 1147//
f 1159// 1147// 1146//
f 1157// 1155// 1149//
f 1149// 1155// 1153//
f 1149// 1153// 1151//
f 1189// 1190// 1191//
f 1191// 1190// 1192//
f 1193// 1189// 1194//
f 1194// 1189// 1191//
f 1193// 1194// 1195//
f 1193// 1195// 1196//
f 1196// 1195// 1197//
f 1196// 1197// 1198//
f 1198// 1197// 1199//
f 1198// 1199// 1200//
f 1200// 1199// 1201//
f 1200// 1201// 1202//
f 1202// 1201// 1203//
f 1202// 1203// 1204//
f 1204// 1203// 1205//
f 1204// 1205// 1206//
f 1206// 1205// 1207//
f 1206// 1207// 1208//
f 1208// 1207// 1209//
f 1208// 1209// 1210//
f 1210// 1209// 1211//
f 1210// 1211// 1212//
f 1213// 1212// 1214//
f 1214// 1212// 1211//
f 1213// 1214// 1215//
f 1213// 1215// 1216//
f 1216// 1215// 1217//
f 1216// 1217// 1218//
f 1218// 1217// 1219//
f 1218// 1219// 1220//
f 1220// 1219// 1221//
f 1220// 1221// 1222//
f 1222// 1221// 1223//
f 1222// 1223// 1224//
f 1224// 1223// 1225//
f 1224// 1225// 1226//
f 1226// 1225// 1227//
f 1226// 1227// 1228//
f 1228// 1227// 1229//
f 1228// 1229// 1230//
f 1230// 1229// 1231//
f 1230// 1231// 1232//
f 1190// 1232// 1192//
f 1192// 1232// 1231//
f 1189// 1193// 1212//
f 1212// 1193// 1196//
f 1212// 1196// 1198//
f 1189// 1212// 1190//
f 1190// 1212// 1213//
f 1190// 1213// 1232//
f 1232// 1213// 1216//
f 1232// 1216// 1218//
f 1200// 1208// 1198//
f 1198// 1208// 1210//
f 1198// 1210// 1212//
f 1200// 1202// 1208//
f 1208// 1202// 1204//
f 1208// 1204// 1206//
f 1220// 1228// 1218//
f 1218// 1228// 1230//
f 1218// 1230// 1232//
f 1220// 1222// 1228//
f 1228// 1222// 1224//
f 1228// 1224// 1226//
f 1192// 1231// 1214//
f 1214// 1231// 1229//
f 1214// 1229// 1227//
f 1192// 1214// 1191//
f 1191// 1214// 1211//
f 1191// 1211// 1194//
f 1194// 1211// 1209//
f 1194// 1209// 1207//
f 1225// 1217// 1227//
f 1227// 1217// 1215//
f 1227// 1215// 1214//
f 1225// 1223// 1217//
f 1217// 1223// 1221//
f 1217// 1221// 1219//
f 1205// 1197// 1207//
f 1207// 1197// 1195//
f 1207// 1195// 1194//
f 1205// 1203// 1197//
f 1197// 1203// 1201//
f 1197// 1201// 1199//
f 1233// 1234// 1235//
f 1233// 1235// 1236//
f 1236// 1235// 1237//
f 1236// 1237// 1238//
f 1238// 1237// 1239//
f 1238// 1239// 1240//
f 1240// 1239// 1241//
f 1240// 1241// 1242//
f 1242// 1241// 1243//
f 1242// 1243// 1244//
f 1244// 1243// 1245//
f 1244// 1245// 1246//
f 1246// 1245// 1247//
f 1246// 1247// 1248//
f 1248// 1247// 1249//
f 1248// 1249// 1250//
f 1250// 1249// 1251//
f 1250// 1251// 1252//
f 1253// 1252// 1254//
f 1254// 1252// 1251//
f 1253// 1254// 1255//
f 1253// 1255// 1256//
f 1256// 1255// 1257//
f 1256// 1257// 1258//
f 1258// 1257// 1259//
f 1258// 1259// 1260//
f 1260// 1259// 1261//
f 1260// 1261// 1262//
f 1262// 1261// 1263//
f 1262// 1263// 1264//
f 1264// 1263// 1265//
f 1264// 1265// 1266//
f 1266// 1265// 1267//
f 1266// 1267// 1268//
f 1268// 1267// 1269//
f 1268// 1269// 1270//
f 1270// 1269// 1271//
f 1270// 1271// 1272//
f 1273// 1272// 1274//
f 1274// 1272// 1271//
f 1275// 1273// 1276//
f 1276// 1273// 1274//
f 1233// 1275// 1234//
f 1234// 1275// 1276//
f 1275// 1233// 1252//
f 1252// 1233// 1236//
f 1252// 1236// 1238//
f 1275// 1252// 1273//
f 1273// 1252// 1253//
f 1273// 1253// 1272//
f 1272// 1253// 1256//
f 1272// 1256// 1258//
f 1240// 1248// 1238//
f 1238// 1248// 1250//
f 1238// 1250// 1252//
f 1240// 1242// 1248//
f 1248// 1242// 1244//
f 1248// 1244// 1246//
f 1260// 1268// 1258//
f 1258// 1268// 1270//
f 1258// 1270// 1272//
f 1260// 1262// 1268//
f 1268// 1262// 1264//
f 1268// 1264// 1266//
f 1274// 1271// 1254//
f 1254// 1271// 1269//
f 1254// 1269// 1267//
f 1274// 1254// 1276//
f 1276// 1254// 1251//
f 1276// 1251// 1234//
f 1234// 1251// 1249//
f 1234// 1249// 1247//
f 1265// 1257// 1267//
f 1267// 1257// 1255//
f 1267// 1255// 1254//
f 1265// 1263// 1257//
f 1257// 1263// 1261//
f 1257// 1261// 1259//
f 1245// 1237// 1247//
f 1247// 1237// 1235//
f 1247// 1235// 1234//
f 1245// 1243// 1237//
f 1237// 1243// 1241//
f 1237// 1241// 1239//
f 1277// 1278// 1279//
f 1277// 1279// 1280//
f 1280// 1279// 1281//
f 1280// 1281// 1282//
f 1282// 1281// 1283//
f 1282// 1283// 1284//
f 1284// 1283// 1285//
f 1284// 1285// 1286//
f 1286// 1285// 1287//
f 1286// 1287// 1288//
f 1288// 1287// 1289//
f 1288// 1289// 1290//
f 1290// 1289// 1291//
f 1290// 1291// 1292//
f 1292// 1291// 1293//
f 1292// 1293// 1294//
f 1294// 1293// 1295//
f 1294// 1295// 1296//
f 1297// 1296// 1298//
f 1298// 1296// 1295//
f 1297// 1298// 1299//
f 1297// 1299// 1300//
f 1300// 1299// 1301//
f 1300// 1301// 1302//
f 1302// 1301// 1303//
f 1302// 1303// 1304//
f 1304// 1303// 1305//
f 1304// 1305// 1306//
f 1306// 1305// 1307//
f 1306// 1307// 1308//
f 1308// 1307// 1309//
f 1308// 1309// 1310//
f 1310// 1309// 1311//
f 1310// 1311// 1312//
f 1312// 1311// 1313//
f 1312// 1313// 1314//
f 1314// 1313// 1315//
f 1314// 1315// 1316//
f 1317// 1316// 1318//
f 1318// 1316// 1315//
f 1319// 1317// 1320//
f 1320// 1317// 1318//
f 1277// 1319// 1278//
f 1278// 1319// 1320//
f 1319// 1277// 1296//
f 1296// 1277// 1280//
f 1296// 1280// 1294//
f 1319// 1296// 1317//
f 1317// 1296// 1297//
f 1317// 1297// 1316//
f 1316// 1297// 1300//
f 1316// 1300// 1314//
f 1288// 1290// 1286//
f 1286// 1290// 1284//
f 1280// 1282// 1294//
f 1294// 1282// 1284//
f 1294// 1284// 1292//
f 1292// 1284// 1290//
f 1308// 1310// 1306//
f 1306// 1310// 1304//
f 1300// 1302// 1314//
f 1314// 1302// 1304//
f 1314// 1304// 1312//
f 1312// 1304// 1310//
f 1279// 1278// 1293//
f 1320// 1318// 1278//
f 1278// 1318// 1315//
f 1299// 1298// 1313//
f 1313// 1298// 1315//
f 1315// 1298// 1278//
f 1278// 1298// 1295//
f 1278// 1295// 1293//
f 1305// 1303// 1307//
f 1307// 1303// 1309//
f 1313// 1311// 1299//
f 1299// 1311// 1309//
f 1299// 1309// 1301//
f 1301// 1309// 1303//
f 1285// 1283// 1287//
f 1287// 1283// 1289//
f 1293// 1291// 1279//
f 1279// 1291// 1289//
f 1279// 1289// 1281//
f 1281// 1289// 1283//
f 1321// 1322// 1323//
f 1323// 1322// 1324//
f 1321// 1323// 1325//
f 1321// 1325// 1326//
f 1326// 1325// 1327//
f 1326// 1327// 1328//
f 1328// 1327// 1329//
f 1328// 1329// 1330//
f 1330// 1329// 1331//
f 1330// 1331// 1332//
f 1332// 1331// 1333//
f 1332// 1333// 1334//
f 1334// 1333// 1335//
f 1334// 1335// 1336//
f 1336// 1335// 1337//
f 1336// 1337// 1338//
f 1338// 1337// 1339//
f 1338// 1339// 1340//
f 1340// 1339// 1341//
f 1340// 1341// 1342//
f 1343// 1342// 1344//
f 1344// 1342// 1341//
f 1343// 1344// 1345//
f 1343// 1345// 1346//
f 1346// 1345// 1347//
f 1346// 1347// 1348//
f 1348// 1347// 1349//
f 1348// 1349// 1350//
f 1350// 1349// 1351//
f 1350// 1351// 1352//
f 1352// 1351// 1353//
f 1352// 1353// 1354//
f 1354// 1353// 1355//
f 1354// 1355// 1356//
f 1356// 1355// 1357//
f 1356// 1357// 1358//
f 1358// 1357// 1359//
f 1358// 1359// 1360//
f 1360// 1359// 1361//
f 1360// 1361// 1362//
f 1363// 1362// 1364//
f 1364// 1362// 1361//
f 1322// 1363// 1324//
f 1324// 1363// 1364//
f 1360// 1362// 1346//
f 1363// 1322// 1362//
f 1362// 1322// 1321//
f 1340// 1342// 1326//
f 1326// 1342// 1321//
f 1321// 1342// 1362//
f 1362// 1342// 1343//
f 1362// 1343// 1346//
f 1334// 1336// 1332//
f 1332// 1336// 1330//
f 1326// 1328// 1340//
f 1340// 1328// 1330//
f 1340// 1330// 1338//
f 1338// 1330// 1336//
f 1354// 1356// 1352//
f 1352// 1356// 1350//
f 1346// 1348// 1360//
f 1360// 1348// 1350//
f 1360// 1350// 1358//
f 1358// 1350// 1356//
f 1325// 1323// 1339//
f 1324// 1364// 1323//
f 1323// 1364// 1361//
f 1345// 1344// 1359//
f 1359// 1344// 1361//
f 1361// 1344// 1323//
f 1323// 1344// 1341//
f 1323// 1341// 1339//
f 1351// 1349// 1353//
f 1353// 1349// 1355//
f 1359// 1357// 1345//
f 1345// 1357// 1355//
f 1345// 1355// 1347//
f 1347// 1355// 1349//
f 1331// 1329// 1333//
f 1333// 1329// 1335//
f 1339// 1337// 1325//
f 1325// 1337// 1335//
f 1325// 1335// 1327//
f 1327// 1335// 1329//
f 1365// 1366// 1367//
f 1365// 1367// 1368//
f 1368// 1367// 1369//
f 1368// 1369// 1370//
f 1370// 1369// 1371//
f 1370// 1371// 1372//
f 1372// 1371// 1373//
f 1372// 1373// 1374//
f 1374// 1373// 1375//
f 1374// 1375// 1376//
f 1376// 1375// 1377//
f 1376// 1377// 1378//
f 1378// 1377// 1379//
f 1378// 1379// 1380//
f 1380// 1379// 1381//
f 1380// 1381// 1382//
f 1382// 1381// 1383//
f 1382// 1383// 1384//
f 1385// 1384// 1386//
f 1386// 1384// 1383//
f 1385// 1386// 1387//
f 1385// 1387// 1388//
f 1388// 1387// 1389//
f 1388// 1389// 1390//
f 1390// 1389// 1391//
f 1390// 1391// 1392//
f 1392// 1391// 1393//
f 1392// 1393// 1394//
f 1394// 1393// 1395//
f 1394// 1395// 1396//
f 1396// 1395// 1397//
f 1396// 1397// 1398//
f 1398// 1397// 1399//
f 1398// 1399// 1400//
f 1400// 1399// 1401//
f 1400// 1401// 1402//
f 1402// 1401// 1403//
f 1402// 1403// 1404//
f 1405// 1404// 1406//
f 1406// 1404// 1403//
f 1407// 1405// 1408//
f 1408// 1405// 1406//
f 1365// 1407// 1366//
f 1366// 1407// 1408//
f 1407// 1365// 1384//
f 1384// 1365// 1368//
f 1384// 1368// 1382//
f 1407// 1384// 1405//
f 1405// 1384// 1385//
f 1405// 1385// 1404//
f 1404// 1385// 1388//
f 1404// 1388// 1402//
f 1376// 1378// 1374//
f 1374// 1378// 1372//
f 1368// 1370// 1382//
f 1382// 1370// 1372//
f 1382// 1372// 1380//
f 1380// 1372// 1378//
f 1396// 1398// 1394//
f 1394// 1398// 1392//
f 1388// 1390// 1402//
f 1402// 1390// 1392//
f 1402// 1392// 1400//
f 1400// 1392// 1398//
f 1367// 1366// 1381//
f 1408// 1406// 1366//
f 1366// 1406// 1403//
f 1387// 1386// 1401//
f 1401// 1386// 1403//
f 1403// 1386// 1366//
f 1366// 1386// 1383//
f 1366// 1383// 1381//
f 1393// 1391// 1395//
f 1395// 1391// 1397//
f 1401// 1399// 1387//
f 1387// 1399// 1397//
f 1387// 1397// 1389//
f 1389// 1397// 1391//
f 1373// 1371// 1375//
f 1375// 1371// 1377//
f 1381// 1379// 1367//
f 1367// 1379// 1377//
f 1367// 1377// 1369//
f 1369// 1377// 1371//
f 1409// 1410// 1411//
f 1411// 1410// 1412//
f 1409// 1411// 1413//
f 1409// 1413// 1414//
f 1414// 1413// 1415//
f 1414// 1415// 1416//
f 1416// 1415// 1417//
f 1416// 1417// 1418//
f 1418// 1417// 1419//
f 1418// 1419// 1420//
f 1420// 1419// 1421//
f 1420// 1421// 1422//
f 1422// 1421// 1423//
f 1422// 1423// 1424//
f 1424// 1423// 1425//
f 1424// 1425// 1426//
f 1426// 1425// 1427//
f 1426// 1427// 1428//
f 1428// 1427// 1429//
f 1428// 1429// 1430//
f 1431// 1430// 1432//
f 1432// 1430// 1429//
f 1431// 1432// 1433//
f 1431// 1433// 1434//
f 1434// 1433// 1435//
f 1434// 1435// 1436//
f 1436// 1435// 1437//
f 1436// 1437// 1438//
f 1438// 1437// 1439//
f 1438// 1439// 1440//
f 1440// 1439// 1441//
f 1440// 1441// 1442//
f 1442// 1441// 1443//
f 1442// 1443// 1444//
f 1444// 1443// 1445//
f 1444// 1445// 1446//
f 1446// 1445// 1447//
f 1446// 1447// 1448//
f 1448// 1447// 1449//
f 1448// 1449// 1450//
f 1451// 1450// 1452//
f 1452// 1450// 1449//
f 1410// 1451// 1412//
f 1412// 1451// 1452//
f 1430// 1431// 1451//
f 1451// 1410// 1430//
f 1430// 1410// 1409//
f 1430// 1409// 1414//
f 1420// 1422// 1424//
f 1424// 1426// 1420//
f 1420// 1426// 1428//
f 1420// 1428// 1430//
f 1446// 1448// 1431//
f 1431// 1448// 1450//
f 1431// 1450// 1451//
f 1414// 1416// 1430//
f 1430// 1416// 1418//
f 1430// 1418// 1420//
f 1434// 1436// 1442//
f 1442// 1436// 1438//
f 1442// 1438// 1440//
f 1434// 1442// 1431//
f 1431// 1442// 1444//
f 1431// 1444// 1446//
f 1432// 1429// 1412//
f 1412// 1452// 1432//
f 1432// 1452// 1449//
f 1432// 1449// 1447//
f 1441// 1439// 1437//
f 1437// 1435// 1441//
f 1441// 1435// 1433//
f 1441// 1433// 1432//
f 1415// 1413// 1429//
f 1429// 1413// 1411//
f 1429// 1411// 1412//
f 1447// 1445// 1432//
f 1432// 1445// 1443//
f 1432// 1443// 1441//
f 1427// 1425// 1419//
f 1419// 1425// 1423//
f 1419// 1423// 1421//
f 1427// 1419// 1429//
f 1429// 1419// 1417//
f 1429// 1417// 1415//
f 1453// 1454// 1455//
f 1453// 1455// 1456//
f 1456// 1455// 1457//
f 1456// 1457// 1458//
f 1458// 1457// 1459//
f 1458// 1459// 1460//
f 1460// 1459// 1461//
f 1460// 1461// 1462//
f 1462// 1461// 1463//
f 1462// 1463// 1464//
f 1464// 1463// 1465//
f 1464// 1465// 1466//
f 1466// 1465// 1467//
f 1466// 1467// 1468//
f 1468// 1467// 1469//
f 1468// 1469// 1470//
f 1470// 1469// 1471//
f 1470// 1471// 1472//
f 1473// 1472// 1474//
f 1474// 1472// 1471//
f 1473// 1474// 1475//
f 1473// 1475// 1476//
f 1476// 1475// 1477//
f 1476// 1477// 1478//
f 1478// 1477// 1479//
f 1478// 1479// 1480//
f 1480// 1479// 1481//
f 1480// 1481// 1482//
f 1482// 1481// 1483//
f 1482// 1483// 1484//
f 1484// 1483// 1485//
f 1484// 1485// 1486//
f 1486// 1485// 1487//
f 1486// 1487// 1488//
f 1488// 1487// 1489//
f 1488// 1489// 1490//
f 1490// 1489// 1491//
f 1490// 1491// 1492//
f 1493// 1492// 1494//
f 1494// 1492// 1491//
f 1495// 1493// 1496//
f 1496// 1493// 1494//
f 1453// 1495// 1454//
f 1454// 1495// 1496//
f 1472// 1473// 1493//
f 1493// 1495// 1472//
f 1472// 1495// 1453//
f 1472// 1453// 1456//
f 1462// 1464// 1466//
f 1466// 1468// 1462//
f 1462// 1468// 1470//
f 1462// 1470// 1472//
f 1488// 1490// 1473//
f 1473// 1490// 1492//
f 1473// 1492// 1493//
f 1456// 1458// 1472//
f 1472// 1458// 1460//
f 1472// 1460// 1462//
f 1476// 1478// 1484//
f 1484// 1478// 1480//
f 1484// 1480// 1482//
f 1476// 1484// 1473//
f 1473// 1484// 1486//
f 1473// 1486// 1488//
f 1474// 1471// 1496//
f 1496// 1494// 1474//
f 1474// 1494// 1491//
f 1474// 1491// 1489//
f 1483// 1481// 1479//
f 1479// 1477// 1483//
f 1483// 1477// 1475//
f 1483// 1475// 1474//
f 1457// 1455// 1471//
f 1471// 1455// 1454//
f 1471// 1454// 1496//
f 1489// 1487// 1474//
f 1474// 1487// 1485//
f 1474// 1485// 1483//
f 1469// 1467// 1461//
f 1461// 1467// 1465//
f 1461// 1465// 1463//
f 1469// 1461// 1471//
f 1471// 1461// 1459//
f 1471// 1459// 1457//
f 1497// 1498// 1499//
f 1499// 1498// 1500//
f 1497// 1499// 1501//
f 1497// 1501// 1502//
f 1502// 1501// 1503//
f 1502// 1503// 1504//
f 1504// 1503// 1505//
f 1504// 1505// 1506//
f 1506// 1505// 1507//
f 1506// 1507// 1508//
f 1508// 1507// 1509//
f 1508// 1509// 1510//
f 1510// 1509// 1511//
f 1510// 1511// 1512//
f 1512// 1511// 1513//
f 1512// 1513// 1514//
f 1514// 1513// 1515//
f 1514// 1515// 1516//
f 1516// 1515// 1517//
f 1516// 1517// 1518//
f 1519// 1518// 1520//
f 1520// 1518// 1517//
f 1519// 1520// 1521//
f 1519// 1521// 1522//
f 1522// 1521// 1523//
f 1522// 1523// 1524//
f 1524// 1523// 1525//
f 1524// 1525// 1526//
f 1526// 1525// 1527//
f 1526// 1527// 1528//
f 1528// 1527// 1529//
f 1528// 1529// 1530//
f 1530// 1529// 1531//
f 1530// 1531// 1532//
f 1532// 1531// 1533//
f 1532// 1533// 1534//
f 1534// 1533// 1535//
f 1534// 1535// 1536//
f 1536// 1535// 1537//
f 1536// 1537// 1538//
f 1539// 1538// 1540//
f 1540// 1538// 1537//
f 1498// 1539// 1500//
f 1500// 1539// 1540//
f 1518// 1519// 1539//
f 1539// 1498// 1518//
f 1518// 1498// 1497//
f 1518// 1497// 1502//
f 1508// 1510// 1512//
f 1512// 1514// 1508//
f 1508// 1514// 1516//
f 1508// 1516// 1518//
f 1534// 1536// 1519//
f 1519// 1536// 1538//
f 1519// 1538// 1539//
f 1502// 1504// 1518//
f 1518// 1504// 1506//
f 1518// 1506// 1508//
f 1522// 1524// 1530//
f 1530// 1524// 1526//
f 1530// 1526// 1528//
f 1522// 1530// 1519//
f 1519// 1530// 1532//
f 1519// 1532// 1534//
f 1520// 1517// 1500//
f 1500// 1540// 1520//
f 1520// 1540// 1537//
f 1520// 1537// 1535//
f 1529// 1527// 1525//
f 1525// 1523// 1529//
f 1529// 1523// 1521//
f 1529// 1521// 1520//
f 1503// 1501// 1517//
f 1517// 1501// 1499//
f 1517// 1499// 1500//
f 1535// 1533// 1520//
f 1520// 1533// 1531//
f 1520// 1531// 1529//
f 1515// 1513// 1507//
f 1507// 1513// 1511//
f 1507// 1511// 1509//
f 1515// 1507// 1517//
f 1517// 1507// 1505//
f 1517// 1505// 1503//
f 1541// 1542// 1543//
f 1541// 1543// 1544//
f 1544// 1543// 1545//
f 1544// 1545// 1546//
f 1546// 1545// 1547//
f 1546// 1547// 1548//
f 1548// 1547// 1549//
f 1548// 1549// 1550//
f 1550// 1549// 1551//
f 1550// 1551// 1552//
f 1552// 1551// 1553//
f 1552// 1553// 1554//
f 1554// 1553// 1555//
f 1554// 1555// 1556//
f 1556// 1555// 1557//
f 1556// 1557// 1558//
f 1558// 1557// 1559//
f 1558// 1559// 1560//
f 1561// 1560// 1562//
f 1562// 1560// 1559//
f 1561// 1562// 1563//
f 1561// 1563// 1564//
f 1564// 1563// 1565//
f 1564// 1565// 1566//
f 1566// 1565// 1567//
f 1566// 1567// 1568//
f 1568// 1567// 1569//
f 1568// 1569// 1570//
f 1570// 1569// 1571//
f 1570// 1571// 1572//
f 1572// 1571// 1573//
f 1572// 1573// 1574//
f 1574// 1573// 1575//
f 1574// 1575// 1576//
f 1576// 1575// 1577//
f 1576// 1577// 1578//
f 1578// 1577// 1579//
f 1578// 1579// 1580//
f 1581// 1580// 1582//
f 1582// 1580// 1579//
f 1583// 1581// 1584//
f 1584// 1581// 1582//
f 1541// 1583// 1542//
f 1542// 1583// 1584//
f 1560// 1561// 1581//
f 1581// 1583// 1560//
f 1560// 1583// 1541//
f 1560// 1541// 1544//
f 1550// 1552// 1554//
f 1554// 1556// 1550//
f 1550// 1556// 1558//
f 1550// 1558// 1560//
f 1576// 1578// 1561//
f 1561// 1578// 1580//
f 1561// 1580// 1581//
f 1544// 1546// 1560//
f 1560// 1546// 1548//
f 1560// 1548// 1550//
f 1564// 1566// 1572//
f 1572// 1566// 1568//
f 1572// 1568// 1570//
f 1564// 1572// 1561//
f 1561// 1572// 1574//
f 1561// 1574// 1576//
f 1562// 1559// 1584//
f 1584// 1582// 1562//
f 1562// 1582// 1579//
f 1562// 1579// 1577//
f 1571// 1569// 1567//
f 1567// 1565// 1571//
f 1571// 1565// 1563//
f 1571// 1563// 1562//
f 1545// 1543// 1559//
f 1559// 1543// 1542//
f 1559// 1542// 1584//
f 1577// 1575// 1562//
f 1562// 1575// 1573//
f 1562// 1573// 1571//
f 1557// 1555// 1549//
f 1549// 1555// 1553//
f 1549// 1553// 1551//
f 1557// 1549// 1559//
f 1559// 1549// 1547//
f 1559// 1547// 1545//
f 1585// 1586// 1587//
f 1587// 1586// 1588//
f 1585// 1587// 1589//
f 1585// 1589// 1590//
f 1590// 1589// 1591//
f 1590// 1591// 1592//
f 1592// 1591// 1593//
f 1592// 1593// 1594//
f 1594// 1593// 1595//
f 1594// 1595// 1596//
f 1596// 1595// 1597//
f 1596// 1597// 1598//
f 1598// 1597// 1599//
f 1598// 1599// 1600//
f 1600// 1599// 1601//
f 1600// 1601// 1602//
f 1602// 1601// 1603//
f 1602// 1603// 1604//
f 1604// 1603// 1605//
f 1604// 1605// 1606//
f 1607// 1606// 1608//
f 1608// 1606// 1605//
f 1607// 1608// 1609//
f 1607// 1609// 1610//
f 1610// 1609// 1611//
f 1610// 1611// 1612//
f 1612// 1611// 1613//
f 1612// 1613// 1614//
f 1614// 1613// 1615//
f 1614// 1615// 1616//
f 1616// 1615// 1617//
f 1616// 1617// 1618//
f 1618// 1617// 1619//
f 1618// 1619// 1620//
f 1620// 1619// 1621//
f 1620// 1621// 1622//
f 1622// 1621// 1623//
f 1622// 1623// 1624//
f 1624// 1623// 1625//
f 1624// 1625// 1626//
f 1627// 1626// 1628//
f 1628// 1626// 1625//
f 1586// 1627// 1588//
f 1588// 1627// 1628//
f 1627// 1586// 1626//
f 1626// 1586// 1585//
f 1596// 1598// 1600//
f 1600// 1602// 1596//
f 1596// 1602// 1604//
f 1596// 1604// 1606//
f 1590// 1592// 1606//
f 1606// 1592// 1594//
f 1606// 1594// 1596//
f 1610// 1612// 1607//
f 1607// 1612// 1614//
f 1607// 1614// 1616//
f 1616// 1618// 1607//
f 1607// 1618// 1620//
f 1607// 1620// 1622//
f 1622// 1624// 1607//
f 1607// 1624// 1626//
f 1607// 1626// 1606//
f 1606// 1626// 1585//
f 1606// 1585// 1590//
f 1588// 1628// 1587//
f 1587// 1628// 1625//
f 1623// 1621// 1608//
f 1621// 1619// 1608//
f 1608// 1619// 1617//
f 1608// 1617// 1615//
f 1615// 1613// 1608//
f 1608// 1613// 1611//
f 1608// 1611// 1609//
f 1591// 1589// 1605//
f 1605// 1589// 1587//
f 1605// 1587// 1608//
f 1608// 1587// 1625//
f 1608// 1625// 1623//
f 1603// 1601// 1595//
f 1595// 1601// 1599//
f 1595// 1599// 1597//
f 1603// 1595// 1605//
f 1605// 1595// 1593//
f 1605// 1593// 1591//
f 1629// 1630// 1631//
f 1629// 1631// 1632//
f 1632// 1631// 1633//
f 1632// 1633// 1634//
f 1634// 1633// 1635//
f 1634// 1635// 1636//
f 1636// 1635// 1637//
f 1636// 1637// 1638//
f 1638// 1637// 1639//
f 1638// 1639// 1640//
f 1640// 1639// 1641//
f 1640// 1641// 1642//
f 1642// 1641// 1643//
f 1642// 1643// 1644//
f 1644// 1643// 1645//
f 1644// 1645// 1646//
f 1646// 1645// 1647//
f 1646// 1647// 1648//
f 1649// 1648// 1650//
f 1650// 1648// 1647//
f 1649// 1650// 1651//
f 1649// 1651// 1652//
f 1652// 1651// 1653//
f 1652// 1653// 1654//
f 1654// 1653// 1655//
f 1654// 1655// 1656//
f 1656// 1655// 1657//
f 1656// 1657// 1658//
f 1658// 1657// 1659//
f 1658// 1659// 1660//
f 1660// 1659// 1661//
f 1660// 1661// 1662//
f 1662// 1661// 1663//
f 1662// 1663// 1664//
f 1664// 1663// 1665//
f 1664// 1665// 1666//
f 1666// 1665// 1667//
f 1666// 1667// 1668//
f 1669// 1668// 1670//
f 1670// 1668// 1667//
f 1671// 1669// 1672//
f 1672// 1669// 1670//
f 1629// 1671// 1630//
f 1630// 1671// 1672//
f 1669// 1671// 1668//
f 1668// 1671// 1629//
f 1664// 1666// 1649//
f 1649// 1666// 1668//
f 1649// 1668// 1648//
f 1648// 1668// 1629//
f 1648// 1629// 1646//
f 1646// 1629// 1644//
f 1652// 1654// 1660//
f 1660// 1654// 1656//
f 1660// 1656// 1658//
f 1652// 1660// 1649//
f 1649// 1660// 1662//
f 1649// 1662// 1664//
f 1632// 1634// 1629//
f 1629// 1634// 1636//
f 1629// 1636// 1638//
f 1638// 1640// 1629//
f 1629// 1640// 1642//
f 1629// 1642// 1644//
f 1653// 1659// 1655//
f 1655// 1659// 1657//
f 1663// 1661// 1650//
f 1650// 1661// 1659//
f 1650// 1659// 1651//
f 1651// 1659// 1653//
f 1650// 1647// 1630//
f 1630// 1647// 1645//
f 1630// 1645// 1643//
f 1672// 1670// 1630//
f 1630// 1670// 1667//
f 1630// 1667// 1650//
f 1650// 1667// 1665//
f 1650// 1665// 1663//
f 1643// 1641// 1630//
f 1630// 1641// 1639//
f 1630// 1639// 1637//
f 1637// 1635// 1630//
f 1630// 1635// 1633//
f 1630// 1633// 1631//
f 1673// 1674// 1675//
f 1675// 1674// 1676//
f 1673// 1675// 1677//
f 1673// 1677// 1678//
f 1678// 1677// 1679//
f 1678// 1679// 1680//
f 1680// 1679// 1681//
f 1680// 1681// 1682//
f 1682// 1681// 1683//
f 1682// 1683// 1684//
f 1684// 1683// 1685//
f 1684// 1685// 1686//
f 1686// 1685// 1687//
f 1686// 1687// 1688//
f 1688// 1687// 1689//
f 1688// 1689// 1690//
f 1690// 1689// 1691//
f 1690// 1691// 1692//
f 1692// 1691// 1693//
f 1692// 1693// 1694//
f 1695// 1694// 1696//
f 1696// 1694// 1693//
f 1695// 1696// 1697//
f 1695// 1697// 1698//
f 1698// 1697// 1699//
f 1698// 1699// 1700//
f 1700// 1699// 1701//
f 1700// 1701// 1702//
f 1702// 1701// 1703//
f 1702// 1703// 1704//
f 1704// 1703// 1705//
f 1704// 1705// 1706//
f 1706// 1705// 1707//
f 1706// 1707// 1708//
f 1708// 1707// 1709//
f 1708// 1709// 1710//
f 1710// 1709// 1711//
f 1710// 1711// 1712//
f 1712// 1711// 1713//
f 1712// 1713// 1714//
f 1715// 1714// 1716//
f 1716// 1714// 1713//
f 1674// 1715// 1676//
f 1676// 1715// 1716//
f 1715// 1674// 1714//
f 1714// 1674// 1673//
f 1678// 1680// 1694//
f 1680// 1682// 1694//
f 1694// 1682// 1684//
f 1694// 1684// 1686//
f 1686// 1688// 1694//
f 1694// 1688// 1690//
f 1694// 1690// 1692//
f 1698// 1700// 1695//
f 1695// 1700// 1702//
f 1695// 1702// 1704//
f 1704// 1706// 1695//
f 1695// 1706// 1708//
f 1695// 1708// 1710//
f 1710// 1712// 1695//
f 1695// 1712// 1714//
f 1695// 1714// 1694//
f 1694// 1714// 1673//
f 1694// 1673// 1678//
f 1676// 1716// 1675//
f 1675// 1716// 1713//
f 1711// 1709// 1696//
f 1709// 1707// 1696//
f 1696// 1707// 1705//
f 1696// 1705// 1703//
f 1703// 1701// 1696//
f 1696// 1701// 1699//
f 1696// 1699// 1697//
f 1691// 1689// 1693//
f 1693// 1689// 1687//
f 1693// 1687// 1685//
f 1685// 1683// 1693//
f 1693// 1683// 1681//
f 1693// 1681// 1679//
f 1679// 1677// 1693//
f 1693// 1677// 1675//
f 1693// 1675// 1696//
f 1696// 1675// 1713//
f 1696// 1713// 1711//
f 1717// 1718// 1719//
f 1717// 1719// 1720//
f 1720// 1719// 1721//
f 1720// 1721// 1722//
f 1722// 1721// 1723//
f 1722// 1723// 1724//
f 1724// 1723// 1725//
f 1724// 1725// 1726//
f 1726// 1725// 1727//
f 1726// 1727// 1728//
f 1728// 1727// 1729//
f 1728// 1729// 1730//
f 1730// 1729// 1731//
f 1730// 1731// 1732//
f 1732// 1731// 1733//
f 1732// 1733// 1734//
f 1734// 1733// 1735//
f 1734// 1735// 1736//
f 1737// 1736// 1738//
f 1738// 1736// 1735//
f 1737// 1738// 1739//
f 1737// 1739// 1740//
f 1740// 1739// 1741//
f 1740// 1741// 1742//
f 1742// 1741// 1743//
f 1742// 1743// 1744//
f 1744// 1743// 1745//
f 1744// 1745// 1746//
f 1746// 1745// 1747//
f 1746// 1747// 1748//
f 1748// 1747// 1749//
f 1748// 1749// 1750//
f 1750// 1749// 1751//
f 1750// 1751// 1752//
f 1752// 1751// 1753//
f 1752// 1753// 1754//
f 1754// 1753// 1755//
f 1754// 1755// 1756//
f 1757// 1756// 1758//
f 1758// 1756// 1755//
f 1759// 1757// 1760//
f 1760// 1757// 1758//
f 1717// 1759// 1718//
f 1718// 1759// 1760//
f 1757// 1759// 1756//
f 1756// 1759// 1717//
f 1740// 1742// 1737//
f 1737// 1742// 1744//
f 1737// 1744// 1746//
f 1746// 1748// 1737//
f 1737// 1748// 1750//
f 1737// 1750// 1752//
f 1732// 1734// 1717//
f 1717// 1734// 1736//
f 1717// 1736// 1756//
f 1756// 1736// 1737//
f 1756// 1737// 1754//
f 1754// 1737// 1752//
f 1720// 1722// 1717//
f 1717// 1722// 1724//
f 1717// 1724// 1726//
f 1726// 1728// 1717//
f 1717// 1728// 1730//
f 1717// 1730// 1732//
f 1760// 1758// 1718//
f 1718// 1758// 1755//
f 1733// 1731// 1718//
f 1751// 1738// 1753//
f 1753// 1738// 1755//
f 1751// 1749// 1738//
f 1738// 1749// 1747//
f 1738// 1747// 1745//
f 1745// 1743// 1738//
f 1738// 1743// 1741//
f 1738// 1741// 1739//
f 1755// 1738// 1718//
f 1718// 1738// 1735//
f 1718// 1735// 1733//
f 1731// 1729// 1718//
f 1718// 1729// 1727//
f 1718// 1727// 1725//
f 1725// 1723// 1718//
f 1718// 1723// 1721//
f 1718// 1721// 1719//
f 1761// 1762// 1763//
f 1763// 1762// 1764//
f 1761// 1763// 1765//
f 1761// 1765// 1766//
f 1766// 1765// 1767//
f 1766// 1767// 1768//
f 1768// 1767// 1769//
f 1768// 1769// 1770//
f 1770// 1769// 1771//
f 1770// 1771// 1772//
f 1772// 1771// 1773//
f 1772// 1773// 1774//
f 1774// 1773// 1775//
f 1774// 1775// 1776//
f 1776// 1775// 1777//
f 1776// 1777// 1778//
f 1778// 1777// 1779//
f 1778// 1779// 1780//
f 1780// 1779// 1781//
f 1780// 1781// 1782//
f 1783// 1782// 1784//
f 1784// 1782// 1781//
f 1783// 1784// 1785//
f 1783// 1785// 1786//
f 1786// 1785// 1787//
f 1786// 1787// 1788//
f 1788// 1787// 1789//
f 1788// 1789// 1790//
f 1790// 1789// 1791//
f 1790// 1791// 1792//
f 1792// 1791// 1793//
f 1792// 1793// 1794//
f 1794// 1793// 1795//
f 1794// 1795// 1796//
f 1796// 1795// 1797//
f 1796// 1797// 1798//
f 1798// 1797// 1799//
f 1798// 1799// 1800//
f 1800// 1799// 1801//
f 1800// 1801// 1802//
f 1803// 1802// 1804//
f 1804// 1802// 1801//
f 1762// 1803// 1764//
f 1764// 1803// 1804//
f 1782// 1783// 1802//
f 1790// 1783// 1788//
f 1788// 1783// 1786//
f 1790// 1792// 1783//
f 1783// 1792// 1794//
f 1783// 1794// 1796//
f 1768// 1770// 1782//
f 1782// 1770// 1772//
f 1782// 1772// 1774//
f 1774// 1776// 1782//
f 1782// 1776// 1778//
f 1782// 1778// 1780//
f 1796// 1798// 1783//
f 1783// 1798// 1800//
f 1783// 1800// 1802//
f 1803// 1762// 1802//
f 1802// 1762// 1761//
f 1802// 1761// 1782//
f 1782// 1761// 1766//
f 1782// 1766// 1768//
f 1764// 1804// 1763//
f 1763// 1804// 1801//
f 1784// 1793// 1791//
f 1791// 1789// 1784//
f 1784// 1789// 1787//
f 1784// 1787// 1785//
f 1799// 1797// 1784//
f 1784// 1797// 1795//
f 1784// 1795// 1793//
f 1779// 1777// 1781//
f 1781// 1777// 1775//
f 1781// 1775// 1773//
f 1773// 1771// 1781//
f 1781// 1771// 1769//
f 1781// 1769// 1767//
f 1767// 1765// 1781//
f 1781// 1765// 1763//
f 1781// 1763// 1784//
f 1784// 1763// 1801//
f 1784// 1801// 1799//
f 1805// 1806// 1807//
f 1805// 1807// 1808//
f 1808// 1807// 1809//
f 1808// 1809// 1810//
f 1810// 1809// 1811//
f 1810// 1811// 1812//
f 1812// 1811// 1813//
f 1812// 1813// 1814//
f 1814// 1813// 1815//
f 1814// 1815// 1816//
f 1816// 1815// 1817//
f 1816// 1817// 1818//
f 1818// 1817// 1819//
f 1818// 1819// 1820//
f 1820// 1819// 1821//
f 1820// 1821// 1822//
f 1822// 1821// 1823//
f 1822// 1823// 1824//
f 1825// 1824// 1826//
f 1826// 1824// 1823//
f 1825// 1826// 1827//
f 1825// 1827// 1828//
f 1828// 1827// 1829//
f 1828// 1829// 1830//
f 1830// 1829// 1831//
f 1830// 1831// 1832//
f 1832// 1831// 1833//
f 1832// 1833// 1834//
f 1834// 1833// 1835//
f 1834// 1835// 1836//
f 1836// 1835// 1837//
f 1836// 1837// 1838//
f 1838// 1837// 1839//
f 1838// 1839// 1840//
f 1840// 1839// 1841//
f 1840// 1841// 1842//
f 1842// 1841// 1843//
f 1842// 1843// 1844//
f 1845// 1844// 1846//
f 1846// 1844// 1843//
f 1847// 1845// 1848//
f 1848// 1845// 1846//
f 1805// 1847// 1806//
f 1806// 1847// 1848//
f 1845// 1847// 1844//
f 1844// 1847// 1805//
f 1808// 1810// 1824//
f 1820// 1814// 1818//
f 1818// 1814// 1816//
f 1810// 1812// 1824//
f 1824// 1812// 1814//
f 1824// 1814// 1822//
f 1822// 1814// 1820//
f 1828// 1830// 1836//
f 1836// 1830// 1832//
f 1836// 1832// 1834//
f 1828// 1836// 1825//
f 1825// 1836// 1838//
f 1825// 1838// 1840//
f 1840// 1842// 1825//
f 1825// 1842// 1844//
f 1825// 1844// 1824//
f 1824// 1844// 1805//
f 1824// 1805// 1808//
f 1848// 1846// 1806//
f 1806// 1846// 1843//
f 1841// 1839// 1826//
f 1829// 1835// 1831//
f 1831// 1835// 1833//
f 1839// 1837// 1826//
f 1826// 1837// 1835//
f 1826// 1835// 1827//
f 1827// 1835// 1829//
f 1821// 1819// 1813//
f 1813// 1819// 1817//
f 1813// 1817// 1815//
f 1821// 1813// 1823//
f 1823// 1813// 1811//
f 1823// 1811// 1809//
f 1809// 1807// 1823//
f 1823// 1807// 1806//
f 1823// 1806// 1826//
f 1826// 1806// 1843//
f 1826// 1843// 1841//
f 1849// 1850// 1851//
f 1851// 1850// 1852//
f 1849// 1851// 1853//
f 1849// 1853// 1854//
f 1854// 1853// 1855//
f 1854// 1855// 1856//
f 1856// 1855// 1857//
f 1856// 1857// 1858//
f 1858// 1857// 1859//
f 1858// 1859// 1860//
f 1860// 1859// 1861//
f 1860// 1861// 1862//
f 1862// 1861// 1863//
f 1862// 1863// 1864//
f 1864// 1863// 1865//
f 1864// 1865// 1866//
f 1866// 1865// 1867//
f 1866// 1867// 1868//
f 1868// 1867// 1869//
f 1868// 1869// 1870//
f 1871// 1870// 1872//
f 1872// 1870// 1869//
f 1871// 1872// 1873//
f 1871// 1873// 1874//
f 1874// 1873// 1875//
f 1874// 1875// 1876//
f 1876// 1875// 1877//
f 1876// 1877// 1878//
f 1878// 1877// 1879//
f 1878// 1879// 1880//
f 1880// 1879// 1881//
f 1880// 1881// 1882//
f 1882// 1881// 1883//
f 1882// 1883// 1884//
f 1884// 1883// 1885//
f 1884// 1885// 1886//
f 1886// 1885// 1887//
f 1886// 1887// 1888//
f 1888// 1887// 1889//
f 1888// 1889// 1890//
f 1891// 1890// 1892//
f 1892// 1890// 1889//
f 1850// 1891// 1852//
f 1852// 1891// 1892//
f 1880// 1871// 1878//
f 1878// 1871// 1874//
f 1878// 1874// 1876//
f 1880// 1882// 1871//
f 1871// 1882// 1884//
f 1871// 1884// 1886//
f 1866// 1860// 1864//
f 1864// 1860// 1862//
f 1856// 1858// 1870//
f 1870// 1858// 1860//
f 1870// 1860// 1868//
f 1868// 1860// 1866//
f 1886// 1888// 1871//
f 1871// 1888// 1890//
f 1871// 1890// 1870//
f 1891// 1850// 1890//
f 1890// 1850// 1849//
f 1890// 1849// 1870//
f 1870// 1849// 1854//
f 1870// 1854// 1856//
f 1852// 1892// 1851//
f 1851// 1892// 1889//
f 1887// 1885// 1872//
f 1885// 1883// 1872//
f 1872// 1883// 1881//
f 1872// 1881// 1879//
f 1879// 1877// 1872//
f 1872// 1877// 1875//
f 1872// 1875// 1873//
f 1867// 1865// 1859//
f 1859// 1865// 1863//
f 1859// 1863// 1861//
f 1855// 1853// 1869//
f 1869// 1853// 1851//
f 1869// 1851// 1872//
f 1872// 1851// 1889//
f 1872// 1889// 1887//
f 1867// 1859// 1869//
f 1869// 1859// 1857//
f 1869// 1857// 1855//
f 1893// 1894// 1895//
f 1893// 1895// 1896//
f 1896// 1895// 1897//
f 1896// 1897// 1898//
f 1898// 1897// 1899//
f 1898// 1899// 1900//
f 1900// 1899// 1901//
f 1900// 1901// 1902//
f 1902// 1901// 1903//
f 1902// 1903// 1904//
f 1904// 1903// 1905//
f 1904// 1905// 1906//
f 1906// 1905// 1907//
f 1906// 1907// 1908//
f 1908// 1907// 1909//
f 1908// 1909// 1910//
f 1910// 1909// 1911//
f 1910// 1911// 1912//
f 1913// 1912// 1914//
f 1914// 1912// 1911//
f 1913// 1914// 1915//
f 1913// 1915// 1916//
f 1916// 1915// 1917//
f 1916// 1917// 1918//
f 1918// 1917// 1919//
f 1918// 1919// 1920//
f 1920// 1919// 1921//
f 1920// 1921// 1922//
f 1922// 1921// 1923//
f 1922// 1923// 1924//
f 1924// 1923// 1925//
f 1924// 1925// 1926//
f 1926// 1925// 1927//
f 1926// 1927// 1928//
f 1928// 1927// 1929//
f 1928// 1929// 1930//
f 1930// 1929// 1931//
f 1930// 1931// 1932//
f 1933// 1932// 1934//
f 1934// 1932// 1931//
f 1935// 1933// 1936//
f 1936// 1933// 1934//
f 1893// 1935// 1894//
f 1894// 1935// 1936//
f 1912// 1913// 1932//
f 1933// 1935// 1932//
f 1932// 1935// 1893//
f 1932// 1893// 1912//
f 1912// 1893// 1896//
f 1912// 1896// 1898//
f 1908// 1902// 1906//
f 1906// 1902// 1904//
f 1898// 1900// 1912//
f 1912// 1900// 1902//
f 1912// 1902// 1910//
f 1910// 1902// 1908//
f 1920// 1913// 1918//
f 1918// 1913// 1916//
f 1920// 1922// 1913//
f 1913// 1922// 1924//
f 1913// 1924// 1926//
f 1926// 1928// 1913//
f 1913// 1928// 1930//
f 1913// 1930// 1932//
f 1936// 1934// 1894//
f 1894// 1934// 1931//
f 1914// 1923// 1921//
f 1921// 1919// 1914//
f 1914// 1919// 1917//
f 1914// 1917// 1915//
f 1929// 1927// 1914//
f 1914// 1927// 1925//
f 1914// 1925// 1923//
f 1909// 1907// 1901//
f 1901// 1907// 1905//
f 1901// 1905// 1903//
f 1909// 1901// 1911//
f 1911// 1901// 1899//
f 1911// 1899// 1897//
f 1897// 1895// 1911//
f 1911// 1895// 1894//
f 1911// 1894// 1914//
f 1914// 1894// 1931//
f 1914// 1931// 1929//
f 1937// 1938// 1939//
f 1939// 1938// 1940//
f 1937// 1939// 1941//
f 1937// 1941// 1942//
f 1942// 1941// 1943//
f 1942// 1943// 1944//
f 1944// 1943// 1945//
f 1944// 1945// 1946//
f 1946// 1945// 1947//
f 1946// 1947// 1948//
f 1948// 1947// 1949//
f 1948// 1949// 1950//
f 1950// 1949// 1951//
f 1950// 1951// 1952//
f 1952// 1951// 1953//
f 1952// 1953// 1954//
f 1954// 1953// 1955//
f 1954// 1955// 1956//
f 1956// 1955// 1957//
f 1956// 1957// 1958//
f 1959// 1958// 1960//
f 1960// 1958// 1957//
f 1959// 1960// 1961//
f 1959// 1961// 1962//
f 1962// 1961// 1963//
f 1962// 1963// 1964//
f 1964// 1963// 1965//
f 1964// 1965// 1966//
f 1966// 1965// 1967//
f 1966// 1967// 1968//
f 1968// 1967// 1969//
f 1968// 1969// 1970//
f 1970// 1969// 1971//
f 1970// 1971// 1972//
f 1972// 1971// 1973//
f 1972// 1973// 1974//
f 1974// 1973// 1975//
f 1974// 1975// 1976//
f 1976// 1975// 1977//
f 1976// 1977// 1978//
f 1979// 1978// 1980//
f 1980// 1978// 1977//
f 1938// 1979// 1940//
f 1940// 1979// 1980//
f 1979// 1938// 1978//
f 1978// 1938// 1937//
f 1942// 1944// 1958//
f 1944// 1946// 1958//
f 1958// 1946// 1948//
f 1958// 1948// 1950//
f 1950// 1952// 1958//
f 1958// 1952// 1954//
f 1958// 1954// 1956//
f 1962// 1964// 1959//
f 1959// 1964// 1966//
f 1959// 1966// 1968//
f 1968// 1970// 1959//
f 1959// 1970// 1972//
f 1959// 1972// 1974//
f 1974// 1976// 1959//
f 1959// 1976// 1978//
f 1959// 1978// 1958//
f 1958// 1978// 1937//
f 1958// 1937// 1942//
f 1940// 1980// 1939//
f 1939// 1980// 1977//
f 1975// 1973// 1960//
f 1973// 1971// 1960//
f 1960// 1971// 1969//
f 1960// 1969// 1967//
f 1967// 1965// 1960//
f 1960// 1965// 1963//
f 1960// 1963// 1961//
f 1955// 1953// 1957//
f 1957// 1953// 1951//
f 1957// 1951// 1949//
f 1949// 1947// 1957//
f 1957// 1947// 1945//
f 1957// 1945// 1943//
f 1943// 1941// 1957//
f 1957// 1941// 1939//
f 1957// 1939// 1960//
f 1960// 1939// 1977//
f 1960// 1977// 1975//
f 1981// 1982// 1983//
f 1981// 1983// 1984//
f 1984// 1983// 1985//
f 1984// 1985// 1986//
f 1986// 1985// 1987//
f 1986// 1987// 1988//
f 1988// 1987// 1989//
f 1988// 1989// 1990//
f 1990// 1989// 1991//
f 1990// 1991// 1992//
f 1992// 1991// 1993//
f 1992// 1993// 1994//
f 1994// 1993// 1995//
f 1994// 1995// 1996//
f 1996// 1995// 1997//
f 1996// 1997// 1998//
f 1998// 1997// 1999//
f 1998// 1999// 2000//
f 2001// 2000// 2002//
f 2002// 2000// 1999//
f 2001// 2002// 2003//
f 2001// 2003// 2004//
f 2004// 2003// 2005//
f 2004// 2005// 2006//
f 2006// 2005// 2007//
f 2006// 2007// 2008//
f 2008// 2007// 2009//
f 2008// 2009// 2010//
f 2010// 2009// 2011//
f 2010// 2011// 2012//
f 2012// 2011// 2013//
f 2012// 2013// 2014//
f 2014// 2013// 2015//
f 2014// 2015// 2016//
f 2016// 2015// 2017//
f 2016// 2017// 2018//
f 2018// 2017// 2019//
f 2018// 2019// 2020//
f 2021// 2020// 2022//
f 2022// 2020// 2019//
f 2023// 2021// 2024//
f 2024// 2021// 2022//
f 1981// 2023// 1982//
f 1982// 2023// 2024//
f 2021// 2023// 2020//
f 2020// 2023// 1981//
f 2004// 2006// 2001//
f 2001// 2006// 2008//
f 2001// 2008// 2010//
f 2010// 2012// 2001//
f 2001// 2012// 2014//
f 2001// 2014// 2016//
f 1996// 1998// 1981//
f 1981// 1998// 2000//
f 1981// 2000// 2020//
f 2020// 2000// 2001//
f 2020// 2001// 2018//
f 2018// 2001// 2016//
f 1984// 1986// 1981//
f 1981// 1986// 1988//
f 1981// 1988// 1990//
f 1990// 1992// 1981//
f 1981// 1992// 1994//
f 1981// 1994// 1996//
f 2024// 2022// 1982//
f 1982// 2022// 2019//
f 1997// 1995// 1982//
f 2015// 2002// 2017//
f 2017// 2002// 2019//
f 2015// 2013// 2002//
f 2002// 2013// 2011//
f 2002// 2011// 2009//
f 2009// 2007// 2002//
f 2002// 2007// 2005//
f 2002// 2005// 2003//
f 2019// 2002// 1982//
f 1982// 2002// 1999//
f 1982// 1999// 1997//
f 1995// 1993// 1982//
f 1982// 1993// 1991//
f 1982// 1991// 1989//
f 1989// 1987// 1982//
f 1982// 1987// 1985//
f 1982// 1985// 1983//
f 2025// 2026// 2027//
f 2027// 2026// 2028//
f 2025// 2027// 2029//
f 2025// 2029// 2030//
f 2030// 2029// 2031//
f 2030// 2031// 2032//
f 2032// 2031// 2033//
f 2032// 2033// 2034//
f 2034// 2033// 2035//
f 2034// 2035// 2036//
f 2036// 2035// 2037//
f 2036// 2037// 2038//
f 2038// 2037// 2039//
f 2038// 2039// 2040//
f 2040// 2039// 2041//
f 2040// 2041// 2042//
f 2042// 2041// 2043//
f 2042// 2043// 2044//
f 2044// 2043// 2045//
f 2044// 2045// 2046//
f 2047// 2046// 2048//
f 2048// 2046// 2045//
f 2047// 2048// 2049//
f 2047// 2049// 2050//
f 2050// 2049// 2051//
f 2050// 2051// 2052//
f 2052// 2051// 2053//
f 2052// 2053// 2054//
f 2054// 2053// 2055//
f 2054// 2055// 2056//
f 2056// 2055// 2057//
f 2056// 2057// 2058//
f 2058// 2057// 2059//
f 2058// 2059// 2060//
f 2060// 2059// 2061//
f 2060// 2061// 2062//
f 2062// 2061// 2063//
f 2062// 2063// 2064//
f 2064// 2063// 2065//
f 2064// 2065// 2066//
f 2067// 2066// 2068//
f 2068// 2066// 2065//
f 2026// 2067// 2028//
f 2028// 2067// 2068//
f 2067// 2026// 2066//
f 2066// 2026// 2025//
f 2030// 2032// 2046//
f 2032// 2034// 2046//
f 2046// 2034// 2036//
f 2046// 2036// 2038//
f 2038// 2040// 2046//
f 2046// 2040// 2042//
f 2046// 2042// 2044//
f 2062// 2064// 2047//
f 2047// 2064// 2066//
f 2047// 2066// 2046//
f 2046// 2066// 2025//
f 2046// 2025// 2030//
f 2050// 2052// 2058//
f 2058// 2052// 2054//
f 2058// 2054// 2056//
f 2050// 2058// 2047//
f 2047// 2058// 2060//
f 2047// 2060// 2062//
f 2028// 2068// 2027//
f 2027// 2068// 2065//
f 2057// 2055// 2053//
f 2053// 2051// 2057//
f 2057// 2051// 2049//
f 2057// 2049// 2048//
f 2063// 2061// 2048//
f 2048// 2061// 2059//
f 2048// 2059// 2057//
f 2043// 2041// 2045//
f 2045// 2041// 2039//
f 2045// 2039// 2037//
f 2037// 2035// 2045//
f 2045// 2035// 2033//
f 2045// 2033// 2031//
f 2031// 2029// 2045//
f 2045// 2029// 2027//
f 2045// 2027// 2048//
f 2048// 2027// 2065//
f 2048// 2065// 2063//
f 2069// 2070// 2071//
f 2069// 2071// 2072//
f 2072// 2071// 2073//
f 2072// 2073// 2074//
f 2074// 2073// 2075//
f 2074// 2075// 2076//
f 2076// 2075// 2077//
f 2076// 2077// 2078//
f 2078// 2077// 2079//
f 2078// 2079// 2080//
f 2080// 2079// 2081//
f 2080// 2081// 2082//
f 2082// 2081// 2083//
f 2082// 2083// 2084//
f 2084// 2083// 2085//
f 2084// 2085// 2086//
f 2086// 2085// 2087//
f 2086// 2087// 2088//
f 2089// 2088// 2090//
f 2090// 2088// 2087//
f 2089// 2090// 2091//
f 2089// 2091// 2092//
f 2092// 2091// 2093//
f 2092// 2093// 2094//
f 2094// 2093// 2095//
f 2094// 2095// 2096//
f 2096// 2095// 2097//
f 2096// 2097// 2098//
f 2098// 2097// 2099//
f 2098// 2099// 2100//
f 2100// 2099// 2101//
f 2100// 2101// 2102//
f 2102// 2101// 2103//
f 2102// 2103// 2104//
f 2104// 2103// 2105//
f 2104// 2105// 2106//
f 2106// 2105// 2107//
f 2106// 2107// 2108//
f 2109// 2108// 2110//
f 2110// 2108// 2107//
f 2111// 2109// 2112//
f 2112// 2109// 2110//
f 2069// 2111// 2070//
f 2070// 2111// 2112//
f 2109// 2111// 2108//
f 2108// 2111// 2069//
f 2078// 2080// 2082//
f 2082// 2084// 2078//
f 2078// 2084// 2086//
f 2078// 2086// 2088//
f 2072// 2074// 2088//
f 2088// 2074// 2076//
f 2088// 2076// 2078//
f 2092// 2094// 2089//
f 2089// 2094// 2096//
f 2089// 2096// 2098//
f 2098// 2100// 2089//
f 2089// 2100// 2102//
f 2089// 2102// 2104//
f 2104// 2106// 2089//
f 2089// 2106// 2108//
f 2089// 2108// 2088//
f 2088// 2108// 2069//
f 2088// 2069// 2072//
f 2112// 2110// 2070//
f 2070// 2110// 2107//
f 2105// 2103// 2090//
f 2103// 2101// 2090//
f 2090// 2101// 2099//
f 2090// 2099// 2097//
f 2097// 2095// 2090//
f 2090// 2095// 2093//
f 2090// 2093// 2091//
f 2073// 2071// 2087//
f 2087// 2071// 2070//
f 2087// 2070// 2090//
f 2090// 2070// 2107//
f 2090// 2107// 2105//
f 2085// 2083// 2077//
f 2077// 2083// 2081//
f 2077// 2081// 2079//
f 2085// 2077// 2087//
f 2087// 2077// 2075//
f 2087// 2075// 2073//
f 2113// 2114// 2115//
f 2115// 2114// 2116//
f 2113// 2115// 2117//
f 2113// 2117// 2118//
f 2118// 2117// 2119//
f 2118// 2119// 2120//
f 2120// 2119// 2121//
f 2120// 2121// 2122//
f 2122// 2121// 2123//
f 2122// 2123// 2124//
f 2124// 2123// 2125//
f 2124// 2125// 2126//
f 2126// 2125// 2127//
f 2126// 2127// 2128//
f 2128// 2127// 2129//
f 2128// 2129// 2130//
f 2130// 2129// 2131//
f 2130// 2131// 2132//
f 2132// 2131// 2133//
f 2132// 2133// 2134//
f 2135// 2134// 2136//
f 2136// 2134// 2133//
f 2135// 2136// 2137//
f 2135// 2137// 2138//
f 2138// 2137// 2139//
f 2138// 2139// 2140//
f 2140// 2139// 2141//
f 2140// 2141// 2142//
f 2142// 2141// 2143//
f 2142// 2143// 2144//
f 2144// 2143// 2145//
f 2144// 2145// 2146//
f 2146// 2145// 2147//
f 2146// 2147// 2148//
f 2148// 2147// 2149//
f 2148// 2149// 2150//
f 2150// 2149// 2151//
f 2150// 2151// 2152//
f 2152// 2151// 2153//
f 2152// 2153// 2154//
f 2155// 2154// 2156//
f 2156// 2154// 2153//
f 2114// 2155// 2116//
f 2116// 2155// 2156//
f 2134// 2135// 2155//
f 2155// 2114// 2134//
f 2134// 2114// 2113//
f 2134// 2113// 2118//
f 2124// 2126// 2128//
f 2128// 2130// 2124//
f 2124// 2130// 2132//
f 2124// 2132// 2134//
f 2150// 2152// 2135//
f 2135// 2152// 2154//
f 2135// 2154// 2155//
f 2118// 2120// 2134//
f 2134// 2120// 2122//
f 2134// 2122// 2124//
f 2138// 2140// 2146//
f 2146// 2140// 2142//
f 2146// 2142// 2144//
f 2138// 2146// 2135//
f 2135// 2146// 2148//
f 2135// 2148// 2150//
f 2136// 2133// 2116//
f 2116// 2156// 2136//
f 2136// 2156// 2153//
f 2136// 2153// 2151//
f 2145// 2143// 2141//
f 2141// 2139// 2145//
f 2145// 2139// 2137//
f 2145// 2137// 2136//
f 2119// 2117// 2133//
f 2133// 2117// 2115//
f 2133// 2115// 2116//
f 2151// 2149// 2136//
f 2136// 2149// 2147//
f 2136// 2147// 2145//
f 2131// 2129// 2123//
f 2123// 2129// 2127//
f 2123// 2127// 2125//
f 2131// 2123// 2133//
f 2133// 2123// 2121//
f 2133// 2121// 2119//
f 2157// 2158// 2159//
f 2157// 2159// 2160//
f 2160// 2159// 2161//
f 2160// 2161// 2162//
f 2162// 2161// 2163//
f 2162// 2163// 2164//
f 2164// 2163// 2165//
f 2164// 2165// 2166//
f 2166// 2165// 2167//
f 2166// 2167// 2168//
f 2168// 2167// 2169//
f 2168// 2169// 2170//
f 2170// 2169// 2171//
f 2170// 2171// 2172//
f 2172// 2171// 2173//
f 2172// 2173// 2174//
f 2174// 2173// 2175//
f 2174// 2175// 2176//
f 2177// 2176// 2178//
f 2178// 2176// 2175//
f 2177// 2178// 2179//
f 2177// 2179// 2180//
f 2180// 2179// 2181//
f 2180// 2181// 2182//
f 2182// 2181// 2183//
f 2182// 2183// 2184//
f 2184// 2183// 2185//
f 2184// 2185// 2186//
f 2186// 2185// 2187//
f 2186// 2187// 2188//
f 2188// 2187// 2189//
f 2188// 2189// 2190//
f 2190// 2189// 2191//
f 2190// 2191// 2192//
f 2192// 2191// 2193//
f 2192// 2193// 2194//
f 2194// 2193// 2195//
f 2194// 2195// 2196//
f 2197// 2196// 2198//
f 2198// 2196// 2195//
f 2199// 2197// 2200//
f 2200// 2197// 2198//
f 2157// 2199// 2158//
f 2158// 2199// 2200//
f 2176// 2177// 2197//
f 2197// 2199// 2176//
f 2176// 2199// 2157//
f 2176// 2157// 2160//
f 2166// 2168// 2170//
f 2170// 2172// 2166//
f 2166// 2172// 2174//
f 2166// 2174// 2176//
f 2192// 2194// 2177//
f 2177// 2194// 2196//
f 2177// 2196// 2197//
f 2160// 2162// 2176//
f 2176// 2162// 2164//
f 2176// 2164// 2166//
f 2180// 2182// 2188//
f 2188// 2182// 2184//
f 2188// 2184// 2186//
f 2180// 2188// 2177//
f 2177// 2188// 2190//
f 2177// 2190// 2192//
f 2178// 2175// 2200//
f 2200// 2198// 2178//
f 2178// 2198// 2195//
f 2178// 2195// 2193//
f 2187// 2185// 2183//
f 2183// 2181// 2187//
f 2187// 2181// 2179//
f 2187// 2179// 2178//
f 2161// 2159// 2175//
f 2175// 2159// 2158//
f 2175// 2158// 2200//
f 2193// 2191// 2178//
f 2178// 2191// 2189//
f 2178// 2189// 2187//
f 2173// 2171// 2165//
f 2165// 2171// 2169//
f 2165// 2169// 2167//
f 2173// 2165// 2175//
f 2175// 2165// 2163//
f 2175// 2163// 2161//
f 2201// 2202// 2203//
f 2203// 2202// 2204//
f 2201// 2203// 2205//
f 2201// 2205// 2206//
f 2206// 2205// 2207//
f 2206// 2207// 2208//
f 2208// 2207// 2209//
f 2208// 2209// 2210//
f 2210// 2209// 2211//
f 2210// 2211// 2212//
f 2212// 2211// 2213//
f 2212// 2213// 2214//
f 2214// 2213// 2215//
f 2214// 2215// 2216//
f 2216// 2215// 2217//
f 2216// 2217// 2218//
f 2218// 2217// 2219//
f 2218// 2219// 2220//
f 2220// 2219// 2221//
f 2220// 2221// 2222//
f 2223// 2222// 2224//
f 2224// 2222// 2221//
f 2223// 2224// 2225//
f 2223// 2225// 2226//
f 2226// 2225// 2227//
f 2226// 2227// 2228//
f 2228// 2227// 2229//
f 2228// 2229// 2230//
f 2230// 2229// 2231//
f 2230// 2231// 2232//
f 2232// 2231// 2233//
f 2232// 2233// 2234//
f 2234// 2233// 2235//
f 2234// 2235// 2236//
f 2236// 2235// 2237//
f 2236// 2237// 2238//
f 2238// 2237// 2239//
f 2238// 2239// 2240//
f 2240// 2239// 2241//
f 2240// 2241// 2242//
f 2243// 2242// 2244//
f 2244// 2242// 2241//
f 2202// 2243// 2204//
f 2204// 2243// 2244//
f 2222// 2223// 2243//
f 2243// 2202// 2222//
f 2222// 2202// 2201//
f 2222// 2201// 2206//
f 2212// 2214// 2216//
f 2216// 2218// 2212//
f 2212// 2218// 2220//
f 2212// 2220// 2222//
f 2238// 2240// 2223//
f 2223// 2240// 2242//
f 2223// 2242// 2243//
f 2206// 2208// 2222//
f 2222// 2208// 2210//
f 2222// 2210// 2212//
f 2226// 2228// 2234//
f 2234// 2228// 2230//
f 2234// 2230// 2232//
f 2226// 2234// 2223//
f 2223// 2234// 2236//
f 2223// 2236// 2238//
f 2224// 2221// 2204//
f 2204// 2244// 2224//
f 2224// 2244// 2241//
f 2224// 2241// 2239//
f 2233// 2231// 2229//
f 2229// 2227// 2233//
f 2233// 2227// 2225//
f 2233// 2225// 2224//
f 2207// 2205// 2221//
f 2221// 2205// 2203//
f 2221// 2203// 2204//
f 2239// 2237// 2224//
f 2224// 2237// 2235//
f 2224// 2235// 2233//
f 2219// 2217// 2211//
f 2211// 2217// 2215//
f 2211// 2215// 2213//
f 2219// 2211// 2221//
f 2221// 2211// 2209//
f 2221// 2209// 2207//
f 2245// 2246// 2247//
f 2245// 2247// 2248//
f 2248// 2247// 2249//
f 2248// 2249// 2250//
f 2250// 2249// 2251//
f 2250// 2251// 2252//
f 2252// 2251// 2253//
f 2252// 2253// 2254//
f 2254// 2253// 2255//
f 2254// 2255// 2256//
f 2256// 2255// 2257//
f 2256// 2257// 2258//
f 2258// 2257// 2259//
f 2258// 2259// 2260//
f 2260// 2259// 2261//
f 2260// 2261// 2262//
f 2262// 2261// 2263//
f 2262// 2263// 2264//
f 2265// 2264// 2266//
f 2266// 2264// 2263//
f 2265// 2266// 2267//
f 2265// 2267// 2268//
f 2268// 2267// 2269//
f 2268// 2269// 2270//
f 2270// 2269// 2271//
f 2270// 2271// 2272//
f 2272// 2271// 2273//
f 2272// 2273// 2274//
f 2274// 2273// 2275//
f 2274// 2275// 2276//
f 2276// 2275// 2277//
f 2276// 2277// 2278//
f 2278// 2277// 2279//
f 2278// 2279// 2280//
f 2280// 2279// 2281//
f 2280// 2281// 2282//
f 2282// 2281// 2283//
f 2282// 2283// 2284//
f 2285// 2284// 2286//
f 2286// 2284// 2283//
f 2287// 2285// 2288//
f 2288// 2285// 2286//
f 2245// 2287// 2246//
f 2246// 2287// 2288//
f 2264// 2265// 2285//
f 2285// 2287// 2264//
f 2264// 2287// 2245//
f 2264// 2245// 2248//
f 2254// 2256// 2258//
f 2258// 2260// 2254//
f 2254// 2260// 2262//
f 2254// 2262// 2264//
f 2280// 2282// 2265//
f 2265// 2282// 2284//
f 2265// 2284// 2285//
f 2248// 2250// 2264//
f 2264// 2250// 2252//
f 2264// 2252// 2254//
f 2268// 2270// 2276//
f 2276// 2270// 2272//
f 2276// 2272// 2274//
f 2268// 2276// 2265//
f 2265// 2276// 2278//
f 2265// 2278// 2280//
f 2266// 2263// 2288//
f 2288// 2286// 2266//
f 2266// 2286// 2283//
f 2266// 2283// 2281//
f 2275// 2273// 2271//
f 2271// 2269// 2275//
f 2275// 2269// 2267//
f 2275// 2267// 2266//
f 2249// 2247// 2263//
f 2263// 2247// 2246//
f 2263// 2246// 2288//
f 2281// 2279// 2266//
f 2266// 2279// 2277//
f 2266// 2277// 2275//
f 2261// 2259// 2253//
f 2253// 2259// 2257//
f 2253// 2257// 2255//
f 2261// 2253// 2263//
f 2263// 2253// 2251//
f 2263// 2251// 2249//
f 2289// 2290// 2291//
f 2291// 2290// 2292//
f 2289// 2291// 2293//
f 2289// 2293// 2294//
f 2294// 2293// 2295//
f 2294// 2295// 2296//
f 2296// 2295// 2297//
f 2296// 2297// 2298//
f 2298// 2297// 2299//
f 2298// 2299// 2300//
f 2300// 2299// 2301//
f 2300// 2301// 2302//
f 2302// 2301// 2303//
f 2302// 2303// 2304//
f 2304// 2303// 2305//
f 2304// 2305// 2306//
f 2306// 2305// 2307//
f 2306// 2307// 2308//
f 2308// 2307// 2309//
f 2308// 2309// 2310//
f 2311// 2310// 2312//
f 2312// 2310// 2309//
f 2311// 2312// 2313//
f 2311// 2313// 2314//
f 2314// 2313// 2315//
f 2314// 2315// 2316//
f 2316// 2315// 2317//
f 2316// 2317// 2318//
f 2318// 2317// 2319//
f 2318// 2319// 2320//
f 2320// 2319// 2321//
f 2320// 2321// 2322//
f 2322// 2321// 2323//
f 2322// 2323// 2324//
f 2324// 2323// 2325//
f 2324// 2325// 2326//
f 2326// 2325// 2327//
f 2326// 2327// 2328//
f 2328// 2327// 2329//
f 2328// 2329// 2330//
f 2331// 2330// 2332//
f 2332// 2330// 2329//
f 2290// 2331// 2292//
f 2292// 2331// 2332//
f 2328// 2330// 2314//
f 2331// 2290// 2330//
f 2330// 2290// 2289//
f 2308// 2310// 2294//
f 2294// 2310// 2289//
f 2289// 2310// 2330//
f 2330// 2310// 2311//
f 2330// 2311// 2314//
f 2302// 2304// 2300//
f 2300// 2304// 2298//
f 2294// 2296// 2308//
f 2308// 2296// 2298//
f 2308// 2298// 2306//
f 2306// 2298// 2304//
f 2322// 2324// 2320//
f 2320// 2324// 2318//
f 2314// 2316// 2328//
f 2328// 2316// 2318//
f 2328// 2318// 2326//
f 2326// 2318// 2324//
f 2293// 2291// 2307//
f 2292// 2332// 2291//
f 2291// 2332// 2329//
f 2313// 2312// 2327//
f 2327// 2312// 2329//
f 2329// 2312// 2291//
f 2291// 2312// 2309//
f 2291// 2309// 2307//
f 2319// 2317// 2321//
f 2321// 2317// 2323//
f 2327// 2325// 2313//
f 2313// 2325// 2323//
f 2313// 2323// 2315//
f 2315// 2323// 2317//
f 2299// 2297// 2301//
f 2301// 2297// 2303//
f 2307// 2305// 2293//
f 2293// 2305// 2303//
f 2293// 2303// 2295//
f 2295// 2303// 2297//
f 2333// 2334// 2335//
f 2333// 2335// 2336//
f 2336// 2335// 2337//
f 2336// 2337// 2338//
f 2338// 2337// 2339//
f 2338// 2339// 2340//
f 2340// 2339// 2341//
f 2340// 2341// 2342//
f 2342// 2341// 2343//
f 2342// 2343// 2344//
f 2344// 2343// 2345//
f 2344// 2345// 2346//
f 2346// 2345// 2347//
f 2346// 2347// 2348//
f 2348// 2347// 2349//
f 2348// 2349// 2350//
f 2350// 2349// 2351//
f 2350// 2351// 2352//
f 2353// 2352// 2354//
f 2354// 2352// 2351//
f 2353// 2354// 2355//
f 2353// 2355// 2356//
f 2356// 2355// 2357//
f 2356// 2357// 2358//
f 2358// 2357// 2359//
f 2358// 2359// 2360//
f 2360// 2359// 2361//
f 2360// 2361// 2362//
f 2362// 2361// 2363//
f 2362// 2363// 2364//
f 2364// 2363// 2365//
f 2364// 2365// 2366//
f 2366// 2365// 2367//
f 2366// 2367// 2368//
f 2368// 2367// 2369//
f 2368// 2369// 2370//
f 2370// 2369// 2371//
f 2370// 2371// 2372//
f 2373// 2372// 2374//
f 2374// 2372// 2371//
f 2375// 2373// 2376//
f 2376// 2373// 2374//
f 2333// 2375// 2334//
f 2334// 2375// 2376//
f 2375// 2333// 2352//
f 2352// 2333// 2336//
f 2352// 2336// 2350//
f 2375// 2352// 2373//
f 2373// 2352// 2353//
f 2373// 2353// 2372//
f 2372// 2353// 2356//
f 2372// 2356// 2370//
f 2344// 2346// 2342//
f 2342// 2346// 2340//
f 2336// 2338// 2350//
f 2350// 2338// 2340//
f 2350// 2340// 2348//
f 2348// 2340// 2346//
f 2364// 2366// 2362//
f 2362// 2366// 2360//
f 2356// 2358// 2370//
f 2370// 2358// 2360//
f 2370// 2360// 2368//
f 2368// 2360// 2366//
f 2335// 2334// 2349//
f 2376// 2374// 2334//
f 2334// 2374// 2371//
f 2355// 2354// 2369//
f 2369// 2354// 2371//
f 2371// 2354// 2334//
f 2334// 2354// 2351//
f 2334// 2351// 2349//
f 2361// 2359// 2363//
f 2363// 2359// 2365//
f 2369// 2367// 2355//
f 2355// 2367// 2365//
f 2355// 2365// 2357//
f 2357// 2365// 2359//
f 2341// 2339// 2343//
f 2343// 2339// 2345//
f 2349// 2347// 2335//
f 2335// 2347// 2345//
f 2335// 2345// 2337//
f 2337// 2345// 2339//
f 2377// 2378// 2379//
f 2379// 2378// 2380//
f 2377// 2379// 2381//
f 2377// 2381// 2382//
f 2382// 2381// 2383//
f 2382// 2383// 2384//
f 2384// 2383// 2385//
f 2384// 2385// 2386//
f 2386// 2385// 2387//
f 2386// 2387// 2388//
f 2388// 2387// 2389//
f 2388// 2389// 2390//
f 2390// 2389// 2391//
f 2390// 2391// 2392//
f 2392// 2391// 2393//
f 2392// 2393// 2394//
f 2394// 2393// 2395//
f 2394// 2395// 2396//
f 2396// 2395// 2397//
f 2396// 2397// 2398//
f 2399// 2398// 2400//
f 2400// 2398// 2397//
f 2399// 2400// 2401//
f 2399// 2401// 2402//
f 2402// 2401// 2403//
f 2402// 2403// 2404//
f 2404// 2403// 2405//
f 2404// 2405// 2406//
f 2406// 2405// 2407//
f 2406// 2407// 2408//
f 2408// 2407// 2409//
f 2408// 2409// 2410//
f 2410// 2409// 2411//
f 2410// 2411// 2412//
f 2412// 2411// 2413//
f 2412// 2413// 2414//
f 2414// 2413// 2415//
f 2414// 2415// 2416//
f 2416// 2415// 2417//
f 2416// 2417// 2418//
f 2419// 2418// 2420//
f 2420// 2418// 2417//
f 2378// 2419// 2380//
f 2380// 2419// 2420//
f 2416// 2418// 2402//
f 2419// 2378// 2418//
f 2418// 2378// 2377//
f 2396// 2398// 2382//
f 2382// 2398// 2377//
f 2377// 2398// 2418//
f 2418// 2398// 2399//
f 2418// 2399// 2402//
f 2390// 2392// 2388//
f 2388// 2392// 2386//
f 2382// 2384// 2396//
f 2396// 2384// 2386//
f 2396// 2386// 2394//
f 2394// 2386// 2392//
f 2410// 2412// 2408//
f 2408// 2412// 2406//
f 2402// 2404// 2416//
f 2416// 2404// 2406//
f 2416// 2406// 2414//
f 2414// 2406// 2412//
f 2381// 2379// 2395//
f 2380// 2420// 2379//
f 2379// 2420// 2417//
f 2401// 2400// 2415//
f 2415// 2400// 2417//
f 2417// 2400// 2379//
f 2379// 2400// 2397//
f 2379// 2397// 2395//
f 2407// 2405// 2409//
f 2409// 2405// 2411//
f 2415// 2413// 2401//
f 2401// 2413// 2411//
f 2401// 2411// 2403//
f 2403// 2411// 2405//
f 2387// 2385// 2389//
f 2389// 2385// 2391//
f 2395// 2393// 2381//
f 2381// 2393// 2391//
f 2381// 2391// 2383//
f 2383// 2391// 2385//
f 2421// 2422// 2423//
f 2421// 2423// 2424//
f 2424// 2423// 2425//
f 2424// 2425// 2426//
f 2426// 2425// 2427//
f 2426// 2427// 2428//
f 2428// 2427// 2429//
f 2428// 2429// 2430//
f 2430// 2429// 2431//
f 2430// 2431// 2432//
f 2432// 2431// 2433//
f 2432// 2433// 2434//
f 2434// 2433// 2435//
f 2434// 2435// 2436//
f 2436// 2435// 2437//
f 2436// 2437// 2438//
f 2438// 2437// 2439//
f 2438// 2439// 2440//
f 2441// 2440// 2442//
f 2442// 2440// 2439//
f 2441// 2442// 2443//
f 2441// 2443// 2444//
f 2444// 2443// 2445//
f 2444// 2445// 2446//
f 2446// 2445// 2447//
f 2446// 2447// 2448//
f 2448// 2447// 2449//
f 2448// 2449// 2450//
f 2450// 2449// 2451//
f 2450// 2451// 2452//
f 2452// 2451// 2453//
f 2452// 2453// 2454//
f 2454// 2453// 2455//
f 2454// 2455// 2456//
f 2456// 2455// 2457//
f 2456// 2457// 2458//
f 2458// 2457// 2459//
f 2458// 2459// 2460//
f 2461// 2460// 2462//
f 2462// 2460// 2459//
f 2463// 2461// 2464//
f 2464// 2461// 2462//
f 2421// 2463// 2422//
f 2422// 2463// 2464//
f 2463// 2421// 2440//
f 2440// 2421// 2424//
f 2440// 2424// 2438//
f 2463// 2440// 2461//
f 2461// 2440// 2441//
f 2461// 2441// 2460//
f 2460// 2441// 2444//
f 2460// 2444// 2458//
f 2432// 2434// 2430//
f 2430// 2434// 2428//
f 2424// 2426// 2438//
f 2438// 2426// 2428//
f 2438// 2428// 2436//
f 2436// 2428// 2434//
f 2452// 2454// 2450//
f 2450// 2454// 2448//
f 2444// 2446// 2458//
f 2458// 2446// 2448//
f 2458// 2448// 2456//
f 2456// 2448// 2454//
f 2423// 2422// 2437//
f 2464// 2462// 2422//
f 2422// 2462// 2459//
f 2443// 2442// 2457//
f 2457// 2442// 2459//
f 2459// 2442// 2422//
f 2422// 2442// 2439//
f 2422// 2439// 2437//
f 2449// 2447// 2451//
f 2451// 2447// 2453//
f 2457// 2455// 2443//
f 2443// 2455// 2453//
f 2443// 2453// 2445//
f 2445// 2453// 2447//
f 2429// 2427// 2431//
f 2431// 2427// 2433//
f 2437// 2435// 2423//
f 2423// 2435// 2433//
f 2423// 2433// 2425//
f 2425// 2433// 2427//
f 2465// 2466// 2467//
f 2467// 2466// 2468//
f 2469// 2465// 2470//
f 2470// 2465// 2467//
f 2471// 2469// 2472//
f 2472// 2469// 2470//
f 2471// 2472// 2473//
f 2471// 2473// 2474//
f 2474// 2473// 2475//
f 2474// 2475// 2476//
f 2476// 2475// 2477//
f 2476// 2477// 2478//
f 2478// 2477// 2479//
f 2478// 2479// 2480//
f 2480// 2479// 2481//
f 2480// 2481// 2482//
f 2482// 2481// 2483//
f 2482// 2483// 2484//
f 2484// 2483// 2485//
f 2484// 2485// 2486//
f 2487// 2486// 2488//
f 2488// 2486// 2485//
f 2487// 2488// 2489//
f 2487// 2489// 2490//
f 2490// 2489// 2491//
f 2490// 2491// 2492//
f 2492// 2491// 2493//
f 2492// 2493// 2494//
f 2494// 2493// 2495//
f 2494// 2495// 2496//
f 2496// 2495// 2497//
f 2496// 2497// 2498//
f 2498// 2497// 2499//
f 2498// 2499// 2500//
f 2500// 2499// 2501//
f 2500// 2501// 2502//
f 2503// 2502// 2504//
f 2504// 2502// 2501//
f 2503// 2504// 2505//
f 2503// 2505// 2506//
f 2506// 2505// 2507//
f 2506// 2507// 2508//
f 2508// 2507// 2509//
f 2508// 2509// 2510//
f 2510// 2509// 2511//
f 2510// 2511// 2512//
f 2512// 2511// 2513//
f 2512// 2513// 2514//
f 2514// 2513// 2515//
f 2514// 2515// 2516//
f 2516// 2515// 2468//
f 2516// 2468// 2466//
f 2466// 2465// 2469//
f 2508// 2510// 2466//
f 2476// 2486// 2474//
f 2474// 2486// 2471//
f 2476// 2478// 2486//
f 2486// 2478// 2480//
f 2486// 2480// 2484//
f 2484// 2480// 2482//
f 2494// 2496// 2498//
f 2471// 2502// 2469//
f 2469// 2502// 2503//
f 2469// 2503// 2466//
f 2466// 2503// 2506//
f 2466// 2506// 2508//
f 2510// 2512// 2466//
f 2466// 2512// 2514//
f 2466// 2514// 2516//
f 2471// 2486// 2502//
f 2502// 2486// 2487//
f 2502// 2487// 2490//
f 2490// 2492// 2502//
f 2502// 2492// 2494//
f 2502// 2494// 2500//
f 2500// 2494// 2498//
f 2467// 2468// 2470//
f 2470// 2468// 2488//
f 2470// 2488// 2472//
f 2472// 2488// 2485//
f 2468// 2509// 2507//
f 2515// 2513// 2468//
f 2468// 2513// 2511//
f 2468// 2511// 2509//
f 2501// 2493// 2491//
f 2485// 2483// 2472//
f 2472// 2483// 2481//
f 2472// 2481// 2479//
f 2479// 2477// 2472//
f 2472// 2477// 2475//
f 2472// 2475// 2473//
f 2501// 2499// 2493//
f 2493// 2499// 2497//
f 2493// 2497// 2495//
f 2507// 2505// 2468//
f 2468// 2505// 2504//
f 2468// 2504// 2488//
f 2488// 2504// 2501//
f 2488// 2501// 2489//
f 2489// 2501// 2491//
usemtl 2
f 2517// 2518// 2519//
f 706// 748// 2520//
f 794// 836// 2521//
f 2522// 2523// 2524//
f 2524// 2523// 2525//
f 2524// 2525// 2526//
f 2519// 2527// 2528//
f 2528// 2529// 2519//
f 2519// 2529// 2530//
f 2519// 2530// 2522//
f 2522// 2530// 2531//
f 2522// 2531// 2532//
f 2532// 2531// 2533//
f 2532// 2533// 2534//
f 2534// 2535// 2532//
f 2532// 2535// 2536//
f 2532// 2536// 2537//
f 2538// 2539// 2532//
f 2532// 2539// 2540//
f 2541// 2542// 2543//
f 2543// 2542// 2544//
f 2540// 2545// 2532//
f 2532// 2545// 2544//
f 2532// 2544// 2546//
f 2546// 2544// 2542//
f 2537// 2547// 2532//
f 2532// 2547// 2548//
f 2532// 2548// 2538//
f 663// 2549// 666//
f 666// 2549// 2550//
f 2518// 2551// 2519//
f 2519// 2551// 2552//
f 2519// 2552// 2553//
f 2554// 2555// 2550//
f 2555// 2556// 2550//
f 2550// 2556// 2557//
f 2550// 2557// 666//
f 683// 2558// 2550//
f 2550// 2558// 2559//
f 2550// 2559// 2554//
f 2553// 2560// 2519//
f 2519// 2560// 2561//
f 2519// 2561// 2527//
f 2527// 2561// 686//
f 2527// 686// 2562//
f 2562// 686// 2563//
f 2564// 2565// 2566//
f 2564// 2566// 2567//
f 2568// 2569// 2550//
f 2550// 2569// 2570//
f 2571// 2572// 2550//
f 2550// 2572// 2573//
f 2550// 2573// 2568//
f 686// 683// 2563//
f 2563// 683// 2550//
f 2563// 2550// 2574//
f 2574// 2550// 2570//
f 2565// 2575// 2566//
f 2566// 2575// 2576//
f 2566// 2576// 2571//
f 2526// 2577// 2578//
f 2578// 2577// 2579//
f 2578// 2579// 2580//
f 2580// 2579// 2581//
f 2580// 2581// 2566//
f 2566// 2581// 2582//
f 2566// 2582// 2567//
f 2583// 2420// 88//
f 88// 2420// 2417//
f 374// 371// 2584//
f 2385// 2585// 2467//
f 1364// 1361// 2467//
f 2467// 1361// 2586//
f 2467// 2586// 1355//
f 2587// 2470// 1349//
f 1349// 2470// 2467//
f 1349// 2467// 2588//
f 2588// 2467// 1355//
f 2589// 2590// 2591//
f 2591// 2590// 2592//
f 2593// 2594// 2595//
f 2594// 2596// 2595//
f 2595// 2596// 2597//
f 2595// 2597// 2598//
f 2599// 2600// 2601//
f 2385// 2467// 2602//
f 2379// 2380// 2332//
f 2411// 2603// 2604//
f 2605// 2606// 2607//
f 2607// 2606// 2608//
f 2609// 2610// 2611//
f 2611// 2610// 2601//
f 2611// 2601// 2612//
f 2612// 2601// 2600//
f 2467// 2468// 2602//
f 2602// 2468// 2515//
f 2602// 2515// 2391//
f 2391// 2515// 2513//
f 2391// 2513// 2613//
f 2332// 2329// 2379//
f 2379// 2329// 2614//
f 2379// 2614// 2585//
f 2585// 2614// 2323//
f 2585// 2323// 2615//
f 2405// 2616// 2617//
f 2617// 2616// 2618//
f 2617// 2618// 2411//
f 2411// 2618// 2619//
f 2411// 2619// 66//
f 2604// 2620// 2411//
f 2411// 2620// 2621//
f 2411// 2621// 2622//
f 2417// 2623// 88//
f 88// 2623// 2411//
f 88// 2411// 46//
f 46// 2411// 2622//
f 570// 567// 2624//
f 2624// 567// 2593//
f 2625// 2626// 2613//
f 2613// 2626// 2627//
f 2613// 2627// 2397//
f 2628// 2629// 2630//
f 2630// 2629// 2631//
f 2630// 2631// 2632//
f 374// 2584// 2633//
f 2513// 2511// 2613//
f 2613// 2511// 2509//
f 2613// 2509// 2507//
f 2507// 2505// 2613//
f 2613// 2505// 2504//
f 2613// 2504// 2595//
f 2312// 2467// 2634//
f 2634// 2467// 2585//
f 2634// 2585// 2317//
f 2317// 2585// 2615//
f 66// 63// 2411//
f 2411// 63// 2635//
f 2411// 2635// 2603//
f 220// 86// 178//
f 178// 86// 83//
f 178// 83// 2589//
f 2589// 83// 2636//
f 2589// 2636// 2590//
f 371// 2637// 2584//
f 2584// 2637// 2638//
f 2584// 2638// 2639//
f 2640// 2641// 2642//
f 2642// 2641// 2643//
f 2611// 2644// 2595//
f 2595// 2644// 462//
f 2312// 2309// 2467//
f 2467// 2309// 2645//
f 2467// 2645// 2303//
f 2303// 2646// 2467//
f 2467// 2646// 2297//
f 2467// 2297// 2647//
f 2584// 2648// 2649//
f 308// 218// 266//
f 266// 218// 215//
f 266// 215// 2642//
f 2642// 215// 2650//
f 2642// 2650// 2640//
f 396// 306// 354//
f 354// 306// 303//
f 354// 303// 2607//
f 2607// 303// 2651//
f 2607// 2651// 2605//
f 2598// 2652// 2595//
f 2595// 2652// 550//
f 2595// 550// 547//
f 547// 2653// 2595//
f 2595// 2653// 2654//
f 2595// 2654// 2611//
f 2611// 2654// 2655//
f 2611// 2655// 2609//
f 462// 459// 2595//
f 2595// 459// 2656//
f 2595// 2656// 2613//
f 2613// 2656// 2657//
f 2613// 2657// 2625//
f 2632// 2633// 2630//
f 2630// 2633// 2584//
f 2630// 2584// 2627//
f 2627// 2584// 2400//
f 2627// 2400// 2397//
f 2291// 2292// 2244//
f 2658// 286// 2584//
f 2592// 2616// 2591//
f 2591// 2616// 2405//
f 2591// 2405// 2659//
f 2659// 2405// 2584//
f 2659// 2584// 2660//
f 2660// 2584// 2661//
f 572// 482// 530//
f 530// 482// 479//
f 530// 479// 2601//
f 2601// 479// 2662//
f 2601// 2662// 2599//
f 484// 394// 442//
f 442// 394// 391//
f 442// 391// 2630//
f 2630// 391// 2663//
f 2630// 2663// 2628//
f 2244// 2241// 2291//
f 2291// 2241// 2664//
f 2291// 2664// 2647//
f 2647// 2664// 2235//
f 2647// 2235// 2665//
f 286// 283// 2584//
f 2584// 283// 2666//
f 2584// 2666// 2648//
f 2667// 198// 2584//
f 2224// 2467// 2668//
f 2668// 2467// 2647//
f 2668// 2647// 2229//
f 2229// 2647// 2665//
f 2639// 2669// 2584//
f 2584// 2669// 2670//
f 2584// 2670// 2658//
f 2658// 2670// 2607//
f 2658// 2607// 2671//
f 2671// 2607// 2608//
f 198// 195// 2584//
f 2584// 195// 2672//
f 2584// 2672// 2661//
f 2224// 2221// 2467//
f 2467// 2221// 2673//
f 2467// 2673// 2215//
f 2215// 2674// 2467//
f 2467// 2674// 2209//
f 2467// 2209// 2675//
f 2649// 2676// 2584//
f 2584// 2676// 2677//
f 2584// 2677// 2667//
f 2667// 2677// 2642//
f 2667// 2642// 2678//
f 2678// 2642// 2643//
f 2203// 2204// 2156//
f 2156// 2153// 2203//
f 2203// 2153// 2679//
f 2203// 2679// 2675//
f 2675// 2679// 2147//
f 2675// 2147// 2680//
f 2133// 2681// 2467//
f 2680// 2141// 2675//
f 2675// 2141// 2682//
f 2675// 2682// 2467//
f 2467// 2682// 2136//
f 2467// 2136// 2133//
f 2115// 2116// 2068//
f 2683// 2684// 2053//
f 2053// 2684// 2685//
f 1957// 2686// 2467//
f 1411// 1412// 1364//
f 2068// 2065// 2115//
f 2115// 2065// 2687//
f 2115// 2687// 2684//
f 2684// 2687// 2059//
f 2684// 2059// 2685//
f 1587// 1588// 1540//
f 2683// 2048// 2467//
f 2467// 2048// 2045//
f 2467// 2045// 2688//
f 2689// 1965// 2688//
f 2688// 1965// 2690//
f 2688// 2690// 2467//
f 2467// 2690// 1960//
f 2467// 1960// 1957//
f 1693// 2691// 2467//
f 1540// 1537// 1587//
f 1587// 1537// 2692//
f 1587// 2692// 2693//
f 2693// 2692// 1531//
f 2693// 1531// 2694//
f 2689// 2688// 1971//
f 1971// 2688// 2039//
f 1971// 2039// 2695//
f 1599// 2696// 2467//
f 2467// 2696// 1593//
f 1499// 1500// 1452//
f 2681// 2127// 2467//
f 2467// 2127// 2697//
f 2467// 2697// 2683//
f 2683// 2697// 2121//
f 2683// 2121// 2684//
f 1869// 2698// 2467//
f 1613// 2699// 2467//
f 2467// 2699// 1608//
f 2694// 1525// 2693//
f 2693// 1525// 2700//
f 2693// 2700// 1593//
f 1593// 2700// 1520//
f 1593// 1520// 2467//
f 2467// 1520// 1517//
f 2467// 1517// 2701//
f 1432// 1429// 2467//
f 2467// 1429// 2702//
f 2467// 2702// 1423//
f 1452// 1449// 1499//
f 1499// 1449// 2703//
f 1499// 2703// 2704//
f 2704// 2703// 1443//
f 2704// 1443// 2705//
f 2027// 2028// 1980//
f 2706// 1769// 1713//
f 1608// 1605// 2467//
f 2467// 1605// 2707//
f 2467// 2707// 1599//
f 1423// 2708// 2467//
f 2467// 2708// 1417//
f 2467// 1417// 1364//
f 1364// 1417// 2709//
f 1364// 2709// 1411//
f 2695// 2033// 1971//
f 1971// 2033// 2710//
f 1971// 2710// 2711//
f 2711// 2710// 2027//
f 2711// 2027// 1977//
f 1977// 2027// 1980//
f 2686// 1951// 2467//
f 2467// 1951// 2712//
f 2467// 2712// 1945//
f 2713// 1781// 1707//
f 1707// 1781// 2714//
f 1707// 2714// 2715//
f 2705// 1437// 2704//
f 2704// 1437// 2716//
f 2704// 2716// 1505//
f 1505// 2716// 1432//
f 1505// 1432// 2717//
f 2717// 1432// 2467//
f 2717// 2467// 1511//
f 1511// 2467// 2701//
f 2718// 1945// 1883//
f 1883// 1945// 2719//
f 2715// 2714// 1713//
f 1713// 2714// 1775//
f 1713// 1775// 2706//
f 2713// 1701// 1781//
f 1781// 1701// 2720//
f 1781// 2720// 2467//
f 2467// 2720// 1696//
f 2467// 1696// 1693//
f 1613// 2467// 2721//
f 2721// 2467// 2691//
f 2721// 2691// 1619//
f 1619// 2691// 1687//
f 1619// 1687// 2722//
f 1939// 1940// 1892//
f 2718// 1877// 1945//
f 1945// 1877// 2723//
f 1945// 2723// 2467//
f 2467// 2723// 1872//
f 2467// 1872// 1869//
f 1764// 1716// 1763//
f 1763// 1716// 1713//
f 1763// 1713// 2724//
f 2724// 1713// 1769//
f 2725// 2698// 1795//
f 1795// 2698// 1863//
f 1795// 1863// 2726//
f 2725// 1789// 2698//
f 2698// 1789// 2727//
f 2698// 2727// 2467//
f 2467// 2727// 1784//
f 2467// 1784// 1781//
f 1945// 2728// 2719//
f 2719// 2728// 1939//
f 2719// 1939// 1889//
f 1889// 1939// 1892//
f 1675// 1676// 1628//
f 1851// 1852// 1804//
f 2722// 1681// 1619//
f 1619// 1681// 2729//
f 1619// 2729// 2730//
f 2730// 2729// 1675//
f 2730// 1675// 1625//
f 1625// 1675// 1628//
f 2726// 1857// 1795//
f 1795// 1857// 2731//
f 1795// 2731// 2732//
f 2732// 2731// 1851//
f 2732// 1851// 1801//
f 1801// 1851// 1804//
f 2587// 2733// 2470//
f 2470// 2733// 2734//
f 2470// 2734// 2735//
f 2735// 2734// 2736//
f 2735// 2736// 2737//
f 2737// 2736// 2578//
f 2737// 2578// 2738//
f 2738// 2578// 2580//
f 2738// 2580// 2739//
f 2477// 2475// 2740//
f 2741// 2742// 1366//
f 2477// 2740// 2479//
f 1408// 1494// 1366//
f 1366// 1494// 1491//
f 1366// 1491// 2741//
f 2741// 1485// 2742//
f 2742// 1485// 2743//
f 2742// 2743// 1479//
f 2475// 2473// 2740//
f 2740// 2473// 2472//
f 2740// 2472// 2744//
f 2744// 2472// 2745//
f 2746// 1474// 2747//
f 1012// 2748// 970//
f 970// 2748// 2749//
f 2750// 2751// 1459//
f 1459// 2751// 2752//
f 2753// 2754// 2755//
f 2755// 2754// 2756//
f 1454// 1496// 1582//
f 1078// 2757// 2751//
f 2751// 2757// 1465//
f 2751// 1465// 2752//
f 1474// 1471// 2747//
f 2747// 1471// 2757//
f 2747// 2757// 1075//
f 1075// 2757// 1078//
f 1582// 1579// 1454//
f 1454// 1579// 2758//
f 1454// 2758// 2750//
f 2750// 2758// 1573//
f 2750// 1573// 2759//
f 2501// 2747// 2749//
f 2749// 2747// 2760//
f 2749// 2760// 2761//
f 2762// 2749// 2763//
f 2763// 2749// 2764//
f 2762// 2765// 2749//
f 2749// 2765// 2766//
f 2749// 2766// 970//
f 1562// 2751// 2767//
f 2767// 2751// 2750//
f 2767// 2750// 1567//
f 1567// 2750// 2759//
f 2501// 2499// 2747//
f 2747// 2499// 2497//
f 2747// 2497// 2495//
f 2495// 2493// 2747//
f 2747// 2493// 2491//
f 2747// 2491// 2489//
f 1479// 2746// 2742//
f 2742// 2746// 2747//
f 2742// 2747// 1371//
f 1371// 2747// 2489//
f 1371// 2489// 2768//
f 2768// 2489// 2488//
f 2768// 2488// 1377//
f 1377// 2488// 2485//
f 1377// 2485// 2769//
f 2769// 2485// 2483//
f 2769// 2483// 2740//
f 2740// 2483// 2481//
f 2740// 2481// 2479//
f 1100// 1010// 1058//
f 1058// 1010// 1007//
f 1058// 1007// 2755//
f 2755// 1007// 2770//
f 2755// 2770// 2753//
f 2771// 1098// 1547//
f 1547// 1098// 2772//
f 2773// 990// 2749//
f 1542// 1584// 1670//
f 2087// 2774// 1098//
f 990// 987// 2749//
f 2749// 987// 2775//
f 2749// 2775// 2764//
f 1562// 1559// 2751//
f 2751// 1559// 2776//
f 2751// 2776// 2777//
f 2777// 2776// 1553//
f 2777// 1553// 2778//
f 1670// 1667// 1542//
f 1542// 1667// 2779//
f 1542// 2779// 2771//
f 2771// 2779// 1661//
f 2771// 1661// 2780//
f 1647// 2781// 1098//
f 1146// 1188// 1098//
f 2756// 2782// 2755//
f 2755// 2782// 2773//
f 2755// 2773// 2783//
f 2783// 2773// 2749//
f 2783// 2749// 2784//
f 2784// 2749// 2761//
f 2772// 1098// 1553//
f 1553// 1098// 1095//
f 1553// 1095// 2785//
f 2785// 2786// 1553//
f 1553// 2786// 2787//
f 1553// 2787// 2778//
f 2774// 2081// 1098//
f 1098// 2081// 2788//
f 1098// 2788// 2075//
f 2780// 1655// 2771//
f 2771// 1655// 2789//
f 2771// 2789// 1098//
f 1098// 2789// 1650//
f 1098// 1650// 1647//
f 2070// 2112// 2198//
f 1738// 1098// 2790//
f 2790// 1098// 2781//
f 2790// 2781// 1743//
f 1743// 2781// 2791//
f 2198// 2195// 2070//
f 2070// 2195// 2792//
f 2070// 2792// 2793//
f 2793// 2792// 2189//
f 2793// 2189// 2794//
f 2175// 2795// 1186//
f 1234// 1276// 1186//
f 2791// 2781// 1749//
f 1749// 2781// 1641//
f 1749// 1641// 2796//
f 1999// 2797// 1098//
f 2793// 1186// 1183//
f 2794// 2183// 2793//
f 2793// 2183// 2798//
f 2793// 2798// 1186//
f 1186// 2798// 2178//
f 1186// 2178// 2175//
f 2799// 1826// 1098//
f 1183// 2800// 2793//
f 2793// 2800// 2801//
f 2793// 2801// 2802//
f 2795// 2169// 1186//
f 1186// 2169// 2803//
f 1186// 2803// 2163//
f 1630// 1672// 1758//
f 2804// 1914// 1098//
f 1098// 1914// 1911//
f 1098// 1911// 2805//
f 2806// 1899// 2013//
f 2013// 1899// 2807//
f 2808// 2007// 2805//
f 2805// 2007// 2809//
f 2805// 2809// 1098//
f 1098// 2809// 2002//
f 1098// 2002// 1999//
f 2158// 2200// 2286//
f 2796// 1635// 1749//
f 1749// 1635// 2810//
f 1749// 2810// 2811//
f 2811// 2810// 1630//
f 2811// 1630// 1755//
f 1755// 1630// 1758//
f 1738// 1735// 1098//
f 1098// 1735// 2812//
f 1098// 2812// 2799//
f 2799// 2812// 1729//
f 1826// 1823// 1098//
f 1098// 1823// 2813//
f 1098// 2813// 2804//
f 2804// 2813// 1817//
f 2814// 1925// 1811//
f 1811// 1925// 2815//
f 2808// 2805// 2013//
f 2013// 2805// 1905//
f 2013// 1905// 2806//
f 2816// 2095// 2797//
f 2797// 2095// 2817//
f 2797// 2817// 1098//
f 1098// 2817// 2090//
f 1098// 2090// 2087//
f 2802// 2818// 2793//
f 2793// 2818// 2819//
f 2793// 2819// 2075//
f 2075// 2819// 2820//
f 2075// 2820// 1166//
f 2075// 2821// 2822//
f 2286// 2283// 2158//
f 2158// 2283// 2823//
f 2158// 2823// 2824//
f 2824// 2823// 2277//
f 2824// 2277// 2825//
f 2826// 1723// 1837//
f 1837// 1723// 2827//
f 1729// 2828// 2799//
f 2799// 2828// 1723//
f 2799// 1723// 1831//
f 1831// 1723// 2826//
f 1817// 2829// 2804//
f 2804// 2829// 1811//
f 2804// 1811// 1919//
f 1919// 1811// 2815//
f 1166// 1163// 2075//
f 2075// 1163// 2830//
f 2075// 2830// 2821//
f 2822// 2831// 2075//
f 2075// 2831// 2832//
f 2075// 2832// 1098//
f 1098// 2832// 2833//
f 1098// 2833// 1146//
f 1271// 2834// 2824//
f 2824// 2834// 2835//
f 2824// 2835// 2836//
f 2266// 1271// 2837//
f 2837// 1271// 2824//
f 2837// 2824// 2271//
f 2271// 2824// 2825//
f 1718// 1760// 1846//
f 2816// 2797// 2101//
f 2101// 2797// 1993//
f 2101// 1993// 2838//
f 2266// 2263// 1271//
f 1271// 2263// 2839//
f 1271// 2839// 2257//
f 2840// 2841// 2246//
f 1723// 2842// 2827//
f 2827// 2842// 1718//
f 2827// 1718// 1843//
f 1843// 1718// 1846//
f 1936// 2022// 1894//
f 1894// 2022// 2019//
f 1894// 2019// 2807//
f 2807// 2019// 2843//
f 2807// 2843// 2013//
f 1848// 1934// 1806//
f 1806// 1934// 1931//
f 1806// 1931// 2814//
f 2814// 1931// 2844//
f 2814// 2844// 1925//
f 1982// 2024// 2110//
f 2836// 2845// 2824//
f 2824// 2845// 2846//
f 2824// 2846// 2163//
f 2163// 2846// 2847//
f 2163// 2847// 1254//
f 2163// 2848// 2849//
f 2849// 2850// 2163//
f 2163// 2850// 2851//
f 2163// 2851// 1186//
f 1186// 2851// 2852//
f 1186// 2852// 1234//
f 2288// 2374// 2246//
f 2246// 2374// 2371//
f 2246// 2371// 2840//
f 2840// 2365// 2841//
f 2841// 2365// 2853//
f 2841// 2853// 2359//
f 2854// 2354// 1274//
f 2838// 1987// 2101//
f 2101// 1987// 2855//
f 2101// 2855// 2856//
f 2856// 2855// 1982//
f 2856// 1982// 2107//
f 2107// 1982// 2110//
f 1254// 1251// 2163//
f 2163// 1251// 2857//
f 2163// 2857// 2848//
f 2359// 2854// 2841//
f 2841// 2854// 1274//
f 2841// 1274// 2251//
f 2251// 1274// 1271//
f 2251// 1271// 2858//
f 2858// 1271// 2257//
f 2354// 2351// 1274//
f 1274// 2351// 2859//
f 1274// 2859// 2345//
f 2334// 2376// 2462//
f 2860// 2442// 1274//
f 2433// 2861// 1274//
f 1274// 2861// 2427//
f 2464// 2862// 2422//
f 2422// 2862// 1274//
f 2422// 1274// 2863//
f 2863// 1274// 2427//
f 2462// 2459// 2334//
f 2334// 2459// 2864//
f 2334// 2864// 2865//
f 2865// 2864// 2453//
f 2865// 2453// 2866//
f 2442// 2439// 1274//
f 1274// 2439// 2867//
f 1274// 2867// 2433//
f 2345// 2868// 1274//
f 1274// 2868// 2339//
f 1274// 2339// 2860//
f 2860// 2339// 2865//
f 2860// 2865// 2447//
f 2447// 2865// 2866//
f 794// 2521// 2869//
f 2749// 2870// 2871//
f 2872// 2873// 2874//
f 2874// 2873// 2875//
f 2874// 2875// 2876//
f 922// 919// 2748//
f 2748// 919// 2877//
f 2748// 2877// 2749//
f 2749// 2877// 2878//
f 2749// 2878// 2870//
f 2879// 2880// 2876//
f 2876// 2880// 2881//
f 2876// 2881// 2874//
f 2882// 2883// 2884//
f 2884// 2883// 2885//
f 2884// 2885// 2886//
f 2871// 2887// 2749//
f 2749// 2887// 2888//
f 2749// 2888// 902//
f 814// 811// 2884//
f 2884// 811// 2889//
f 2884// 2889// 2882//
f 902// 899// 2749//
f 2749// 899// 2890//
f 2749// 2890// 2891//
f 814// 2884// 2892//
f 2892// 2884// 2749//
f 2892// 2749// 2876//
f 2876// 2749// 2891//
f 2876// 2891// 2879//
f 924// 834// 882//
f 882// 834// 831//
f 882// 831// 2874//
f 2874// 831// 2893//
f 2874// 2893// 2872//
f 2894// 2895// 2884//
f 743// 2896// 2884//
f 2896// 2897// 2884//
f 2884// 2897// 2898//
f 2884// 2898// 2894//
f 2899// 2900// 2901//
f 2901// 2900// 2902//
f 2901// 2902// 2903//
f 2886// 2869// 2884//
f 2884// 2869// 2521//
f 2884// 2521// 743//
f 743// 2521// 746//
f 2895// 2904// 2884//
f 2884// 2904// 726//
f 2884// 726// 2901//
f 2901// 726// 723//
f 2901// 723// 2899//
f 2903// 2905// 2901//
f 2901// 2905// 2906//
f 2901// 2906// 2907//
f 706// 2520// 2908//
f 2593// 2595// 2624//
f 2624// 2595// 618//
f 2624// 618// 660//
f 2909// 2910// 2907//
f 2911// 2912// 2595//
f 2595// 2912// 2913//
f 2595// 2913// 2914//
f 2914// 2915// 2595//
f 2595// 2915// 2916//
f 2595// 2916// 618//
f 655// 2917// 2907//
f 2917// 2918// 2907//
f 2907// 2918// 2919//
f 2907// 2919// 2909//
f 2906// 2908// 2907//
f 2907// 2908// 2520//
f 2907// 2520// 655//
f 655// 2520// 658//
f 2910// 2920// 2907//
f 2907// 2920// 638//
f 2907// 638// 2595//
f 2595// 638// 635//
f 2595// 635// 2911//
f 490// 487// 2921//
f 2922// 2923// 2924//
f 91// 2925// 94//
f 94// 2925// 3//
f 94// 3// 2926//
f 2927// 2928// 2929//
f 2923// 2930// 2924//
f 2924// 2930// 2929//
f 2924// 2929// 2931//
f 2931// 2929// 2928//
f 2932// 2933// 422//
f 2934// 2935// 2936//
f 2937// 114// 2929//
f 2929// 114// 111//
f 422// 419// 2932//
f 2932// 419// 2938//
f 2932// 2938// 2939//
f 2940// 2941// 2942//
f 490// 2921// 2943//
f 2944// 2935// 2945//
f 2926// 3// 99//
f 99// 3// 4//
f 99// 4// 2946//
f 2946// 2947// 99//
f 99// 2947// 2948//
f 99// 2948// 2949//
f 2949// 2948// 2950//
f 2949// 2950// 105//
f 311// 400// 314//
f 314// 400// 439//
f 314// 439// 2924//
f 2924// 439// 2951//
f 2924// 2951// 2922//
f 2941// 2952// 2942//
f 2942// 2952// 2953//
f 2942// 2953// 2954//
f 2954// 2953// 2932//
f 2932// 2953// 2955//
f 2932// 2955// 510//
f 2956// 2957// 2932//
f 2932// 2957// 2958//
f 2932// 2958// 2959//
f 2960// 2961// 2962//
f 105// 2963// 2964//
f 2964// 2963// 2965//
f 2966// 2967// 2944//
f 2944// 2967// 334//
f 2944// 334// 111//
f 334// 331// 111//
f 111// 331// 2968//
f 111// 2968// 2929//
f 2929// 2968// 2969//
f 2929// 2969// 2927//
f 2939// 2970// 2932//
f 2932// 2970// 2971//
f 2932// 2971// 2954//
f 510// 507// 2932//
f 2932// 507// 2972//
f 2932// 2972// 2956//
f 105// 2964// 2944//
f 2944// 2964// 2973//
f 2944// 2973// 2974//
f 2975// 2976// 2966//
f 2950// 2977// 105//
f 105// 2977// 2978//
f 105// 2978// 28//
f 2965// 2979// 2964//
f 2964// 2979// 2980//
f 2964// 2980// 2981//
f 2961// 2982// 2962//
f 2962// 2982// 2966//
f 2962// 2966// 2983//
f 2983// 2966// 2976//
f 28// 25// 105//
f 105// 25// 2984//
f 105// 2984// 2963//
f 399// 488// 402//
f 402// 488// 527//
f 402// 527// 2942//
f 2942// 527// 2985//
f 2942// 2985// 2940//
f 2974// 2986// 2944//
f 2944// 2986// 2987//
f 2944// 2987// 158//
f 2988// 2989// 2935//
f 2935// 2989// 2990//
f 2935// 2990// 2936//
f 158// 155// 2944//
f 2944// 155// 2991//
f 2944// 2991// 2935//
f 2935// 2991// 2992//
f 2935// 2992// 2988//
f 2945// 2993// 2944//
f 2944// 2993// 2994//
f 2944// 2994// 246//
f 246// 243// 2944//
f 2944// 243// 2995//
f 2944// 2995// 2966//
f 2966// 2995// 2996//
f 2966// 2996// 2975//
f 223// 312// 226//
f 226// 312// 351//
f 226// 351// 2962//
f 2962// 351// 2997//
f 2962// 2997// 2960//
f 6// 136// 8//
f 8// 136// 175//
f 8// 175// 2981//
f 2981// 175// 2998//
f 2981// 2998// 2964//
f 135// 224// 138//
f 138// 224// 263//
f 138// 263// 2936//
f 2936// 263// 2999//
f 2936// 2999// 2934//
f 3000// 3001// 3002//
f 3003// 3004// 3001//
f 3001// 3004// 3005//
f 3001// 3005// 3002//
f 3002// 3005// 3006//
f 3002// 3006// 2932//
f 2932// 3006// 3007//
f 2932// 3007// 3008//
f 2929// 2933// 2937//
f 2937// 2933// 2932//
f 2937// 2932// 3009//
f 3009// 2932// 3008//
f 3009// 3008// 119//
f 119// 3008// 3010//
f 1323// 1324// 92//
f 3010// 3008// 125//
f 125// 3008// 3011//
f 125// 3011// 3012//
f 3011// 3013// 3012//
f 3012// 3013// 1323//
f 3012// 1323// 131//
f 131// 1323// 92//
f 1344// 1341// 3002//
f 1341// 3014// 3002//
f 3002// 3014// 1335//
f 3002// 1335// 3015//
f 3008// 3000// 3011//
f 3011// 3000// 3002//
f 3011// 3002// 1329//
f 1329// 3002// 3015//
f 3016// 3017// 1391//
f 1391// 3018// 3016//
f 3016// 3018// 1386//
f 3016// 1386// 2744//
f 2744// 1386// 1383//
f 2744// 1383// 2740//
f 1289// 3019// 3016//
f 3019// 3020// 3016//
f 3016// 3020// 1397//
f 3016// 1397// 3017//
f 1278// 1320// 1406//
f 3019// 1283// 3020//
f 3020// 1283// 3021//
f 3020// 3021// 3022//
f 3022// 3021// 1278//
f 3022// 1278// 1403//
f 1403// 1278// 1406//
f 3023// 1318// 1191//
f 1191// 1318// 1315//
f 3024// 3025// 3026//
f 3026// 3025// 3027//
f 967// 3028// 3026//
f 1298// 1295// 3026//
f 3026// 1295// 3029//
f 3026// 3029// 3016//
f 3016// 3029// 3030//
f 3016// 3030// 1289//
f 3031// 3032// 3033//
f 3033// 3032// 3034//
f 3028// 3035// 3026//
f 3026// 3035// 3036//
f 3026// 3036// 3024//
f 3037// 3038// 3039//
f 3040// 928// 967//
f 1309// 3041// 3042//
f 1303// 3043// 3044//
f 3044// 3043// 3045//
f 3044// 3045// 1309//
f 1309// 3045// 3046//
f 1309// 3046// 1214//
f 3042// 3047// 1309//
f 1309// 3047// 3048//
f 1309// 3048// 3049//
f 1315// 3050// 1191//
f 1191// 3050// 1309//
f 1191// 1309// 1194//
f 1194// 1309// 3049//
f 3051// 3052// 3053//
f 3053// 3052// 3054//
f 3053// 3054// 3055//
f 3038// 3056// 3039//
f 3039// 3056// 3053//
f 3039// 3053// 3057//
f 3057// 3053// 3055//
f 3058// 1298// 947//
f 947// 1298// 3026//
f 947// 3026// 950//
f 950// 3026// 3027//
f 1214// 1211// 1309//
f 1309// 1211// 3059//
f 1309// 3059// 3041//
f 1103// 1192// 1106//
f 1106// 1192// 1231//
f 1106// 1231// 3031//
f 3031// 1231// 3060//
f 3031// 3060// 3032//
f 1035// 3061// 3058//
f 3058// 3061// 3062//
f 3058// 3062// 3063//
f 3064// 3065// 3066//
f 3066// 3065// 3067//
f 927// 1016// 930//
f 930// 1016// 1055//
f 930// 1055// 3039//
f 3039// 1055// 3068//
f 3039// 3068// 3037//
f 3051// 3053// 947//
f 947// 3053// 3069//
f 947// 3069// 3058//
f 3058// 3069// 1038//
f 3058// 1038// 1035//
f 3034// 3043// 3033//
f 3033// 3043// 1303//
f 3033// 1303// 3070//
f 3070// 1303// 3058//
f 3070// 3058// 3071//
f 3071// 3058// 3072//
f 1015// 1104// 1018//
f 1018// 1104// 1143//
f 1018// 1143// 3066//
f 3066// 1143// 3073//
f 3066// 3073// 3064//
f 3074// 1126// 3058//
f 1126// 1123// 3058//
f 3058// 1123// 3075//
f 3058// 3075// 3072//
f 3063// 3076// 3058//
f 3058// 3076// 3077//
f 3058// 3077// 3074//
f 3074// 3077// 3066//
f 3074// 3066// 3078//
f 3078// 3066// 3067//
f 967// 3026// 3040//
f 3040// 3026// 842//
f 3040// 842// 839//
f 3079// 3080// 2550//
f 2550// 3080// 3081//
f 3082// 3026// 3083//
f 3083// 3026// 3084//
f 3082// 3085// 3026//
f 3026// 3085// 3086//
f 3026// 3086// 842//
f 3087// 3088// 2550//
f 2550// 3088// 3089//
f 2550// 3089// 3079//
f 3087// 2550// 791//
f 791// 2550// 2549//
f 791// 2549// 752//
f 3090// 3091// 3092//
f 3092// 3091// 3093//
f 3092// 3093// 3094//
f 3094// 3095// 3026//
f 3026// 3095// 862//
f 3081// 774// 2550//
f 2550// 774// 771//
f 2550// 771// 3026//
f 3026// 771// 3096//
f 3026// 3096// 3097//
f 3097// 3098// 3026//
f 3026// 3098// 3099//
f 3026// 3099// 3094//
f 3094// 3099// 3100//
f 3094// 3100// 3092//
f 862// 859// 3026//
f 3026// 859// 3101//
f 3026// 3101// 3084//
f 751// 840// 754//
f 754// 840// 879//
f 754// 879// 3092//
f 3092// 879// 3102//
f 3092// 3102// 3090//
f 578// 575// 3103//
f 664// 703// 3103//
f 3103// 703// 3104//
f 3103// 3104// 578//
f 615// 3105// 2932//
f 2932// 3105// 3106//
f 2932// 3106// 3107//
f 3107// 3108// 2932//
f 2932// 3108// 3109//
f 2932// 3109// 3110//
f 3111// 3104// 3112//
f 3112// 3104// 3113//
f 3111// 3114// 3104//
f 3104// 3114// 3115//
f 3104// 3115// 578//
f 2959// 2943// 2932//
f 2932// 2943// 2921//
f 2932// 2921// 615//
f 615// 2921// 576//
f 598// 595// 3104//
f 3104// 595// 3116//
f 3104// 3116// 3113//
f 3117// 3118// 3002//
f 3002// 3118// 3119//
f 3002// 3119// 3120//
f 3110// 598// 2932//
f 2932// 598// 3104//
f 2932// 3104// 3121//
f 3121// 3122// 2932//
f 2932// 3122// 3123//
f 2932// 3123// 3124//
f 3124// 3125// 2932//
f 2932// 3125// 3126//
f 2932// 3126// 3127//
f 3120// 3128// 3002//
f 3002// 3128// 3129//
f 3002// 3129// 3130//
f 3130// 3129// 3131//
f 3130// 3131// 3104//
f 3104// 3131// 3132//
f 3104// 3132// 3121//
f 3127// 3133// 2932//
f 2932// 3133// 3134//
f 2932// 3134// 3002//
f 3002// 3134// 3135//
f 3002// 3135// 3117//
f 3136// 2524// 3130//
f 2522// 2524// 2519//
f 2519// 2524// 3136//
f 2519// 3136// 3137//
f 703// 2517// 3104//
f 3104// 2517// 2519//
f 3104// 2519// 3138//
f 3138// 2519// 3137//
f 3138// 3139// 3104//
f 3104// 3139// 3140//
f 3104// 3140// 3130//
f 3130// 3140// 3141//
f 3130// 3141// 3136//
f 3142// 3143// 3144//
f 3144// 3143// 3140//
f 3144// 3140// 3145//
f 3145// 3140// 3139//
f 3145// 3139// 3146//
f 3146// 3139// 3147//
f 2571// 2550// 2566//
f 2566// 2550// 3148//
f 2566// 3148// 3149//
f 3150// 3148// 3151//
f 3151// 3148// 2550//
f 3151// 2550// 3152//
f 3152// 2550// 3026//
f 3152// 3026// 3153//
f 3153// 3026// 3016//
f 2526// 2578// 2524//
f 2524// 2578// 2736//
f 2524// 2736// 3130//
f 3130// 2736// 2734//
f 3130// 2734// 3002//
f 3002// 2734// 2733//
f 3002// 2733// 1344//
f 3149// 3153// 2566//
f 2566// 3153// 3016//
f 2566// 3016// 2580//
f 2580// 3016// 2744//
f 2580// 2744// 2739//
f 2739// 2744// 2745//
f 3154// 3155// 3156//
f 3157// 2862// 2464//
f 3158// 1670// 1584//
f 2464// 3159// 3157//
f 3157// 3159// 3160//
f 3157// 3160// 3156//
f 3161// 2374// 2288//
f 3162// 1406// 1320//
f 3163// 3164// 3156//
f 2288// 3163// 3161//
f 3161// 3163// 3156//
f 3161// 3156// 3165//
f 3165// 3156// 3160//
f 3165// 3160// 2376//
f 2376// 3160// 2462//
f 3166// 3156// 3167//
f 3167// 3156// 3155//
f 3167// 3155// 1496//
f 1496// 3155// 1582//
f 1318// 3023// 3168//
f 3168// 3023// 3156//
f 3168// 3156// 3169//
f 1320// 3169// 3162//
f 3162// 3169// 3156//
f 3162// 3156// 3170//
f 3170// 3156// 3166//
f 3170// 3166// 1408//
f 1408// 3166// 1494//
f 3171// 2198// 2112//
f 3172// 3173// 3156//
f 2112// 3172// 3171//
f 3171// 3172// 3156//
f 3171// 3156// 3174//
f 3174// 3156// 3164//
f 3174// 3164// 2200//
f 2200// 3164// 2286//
f 3175// 2022// 1936//
f 3176// 3177// 3156//
f 1936// 3176// 3175//
f 3175// 3176// 3156//
f 3175// 3156// 3178//
f 3178// 3156// 3173//
f 3178// 3173// 2024//
f 2024// 3173// 2110//
f 3179// 1846// 1760//
f 3180// 3181// 3156//
f 1760// 3180// 3179//
f 3179// 3180// 3156//
f 3179// 3156// 3182//
f 3182// 3156// 3177//
f 3182// 3177// 1848//
f 1848// 3177// 1934//
f 1584// 3154// 3158//
f 3158// 3154// 3156//
f 3158// 3156// 3183//
f 3183// 3156// 3181//
f 3183// 3181// 1672//
f 1672// 3181// 1758//
f 3184// 1186// 1276//
f 3185// 2583// 88//
f 88// 3186// 3185//
f 3185// 3186// 3187//
f 3185// 3187// 3157//
f 3188// 3189// 3157//
f 1274// 2862// 3190//
f 3190// 2862// 3157//
f 3190// 3157// 3191//
f 3192// 3193// 3157//
f 3194// 218// 308//
f 308// 3192// 3194//
f 3194// 3192// 3157//
f 3194// 3157// 3195//
f 3195// 3157// 3187//
f 3195// 3187// 220//
f 220// 3187// 86//
f 3196// 3157// 3197//
f 3197// 3157// 3189//
f 3197// 3189// 924//
f 924// 3189// 834//
f 2748// 1012// 3198//
f 3199// 1010// 1100//
f 3200// 394// 484//
f 3201// 3202// 3157//
f 3203// 3204// 3157//
f 3205// 3206// 3157//
f 1100// 3203// 3199//
f 3199// 3203// 3157//
f 3199// 3157// 3198//
f 3198// 3157// 3196//
f 3198// 3196// 2748//
f 2748// 3196// 922//
f 484// 3205// 3200//
f 3200// 3205// 3157//
f 3200// 3157// 3207//
f 3207// 3157// 3193//
f 3207// 3193// 396//
f 396// 3193// 306//
f 3208// 570// 2624//
f 2520// 748// 3209//
f 1276// 3191// 3184//
f 3184// 3191// 3157//
f 3184// 3157// 3210//
f 3210// 3157// 3204//
f 3210// 3204// 1188//
f 1188// 3204// 1098//
f 482// 572// 3206//
f 3206// 572// 3211//
f 3206// 3211// 3157//
f 3157// 3211// 3208//
f 3157// 3208// 3201//
f 3201// 3208// 2624//
f 3201// 2624// 660//
f 3212// 746// 2521//
f 658// 2520// 3202//
f 3202// 2520// 3209//
f 3202// 3209// 3157//
f 3157// 3209// 3212//
f 3157// 3212// 3188//
f 3188// 3212// 2521//
f 3188// 2521// 836//
f 3213// 2925// 91//
f 3214// 1364// 1412//
f 91// 3215// 3213//
f 3213// 3215// 3216//
f 3213// 3216// 3185//
f 3217// 3218// 3185//
f 3219// 1716// 1764//
f 3220// 2332// 2380//
f 1412// 3217// 3214//
f 3214// 3217// 3185//
f 3214// 3185// 3221//
f 3221// 3185// 3216//
f 3221// 3216// 1324//
f 1324// 3216// 92//
f 3222// 3223// 3185//
f 2420// 2583// 3224//
f 3224// 2583// 3185//
f 3224// 3185// 3225//
f 3226// 1540// 1588//
f 3227// 3228// 3185//
f 3229// 3185// 3230//
f 3230// 3185// 3223//
f 3230// 3223// 1852//
f 1852// 3223// 1804//
f 1588// 3227// 3226//
f 3226// 3227// 3185//
f 3226// 3185// 3231//
f 3231// 3185// 3218//
f 3231// 3218// 1500//
f 1500// 3218// 1452//
f 1764// 3222// 3219//
f 3219// 3222// 3185//
f 3219// 3185// 3232//
f 3232// 3185// 3228//
f 3232// 3228// 1676//
f 1676// 3228// 1628//
f 3233// 1980// 2028//
f 3234// 3235// 3185//
f 2028// 3234// 3233//
f 3233// 3234// 3185//
f 3233// 3185// 3236//
f 3236// 3185// 3229//
f 3236// 3229// 1940//
f 1940// 3229// 1892//
f 3237// 2156// 2204//
f 3238// 3239// 3185//
f 2204// 3238// 3237//
f 3237// 3238// 3185//
f 3237// 3185// 3240//
f 3240// 3185// 3235//
f 3240// 3235// 2116//
f 2116// 3235// 2068//
f 2380// 3225// 3220//
f 3220// 3225// 3185//
f 3220// 3185// 3241//
f 3241// 3185// 3239//
f 3241// 3239// 2292//
f 2292// 3239// 2244//
f 3156// 3023// 1191//
f 3242// 3243// 3213//
f 3040// 839// 3244//
f 3245// 3246// 3213//
f 1192// 1103// 3247//
f 3247// 1103// 3248//
f 1191// 3249// 3156//
f 3156// 3249// 3247//
f 3156// 3247// 3213//
f 3213// 3247// 3248//
f 3213// 3248// 3250//
f 3251// 1016// 927//
f 3252// 840// 751//
f 927// 3242// 3251//
f 3251// 3242// 3213//
f 3251// 3213// 3253//
f 3253// 3213// 3250//
f 3253// 3250// 1015//
f 1015// 3250// 1104//
f 751// 3245// 3252//
f 3252// 3245// 3213//
f 3252// 3213// 3244//
f 3244// 3213// 3243//
f 3244// 3243// 3040//
f 3040// 3243// 928//
f 2549// 663// 3254//
f 3255// 3256// 3213//
f 3257// 136// 6//
f 3// 2925// 3258//
f 3258// 2925// 3213//
f 3258// 3213// 3259//
f 3260// 664// 3103//
f 752// 2549// 3246//
f 3246// 2549// 3254//
f 3246// 3254// 3213//
f 3213// 3254// 3260//
f 3213// 3260// 3255//
f 3255// 3260// 3103//
f 3255// 3103// 575//
f 2921// 487// 3261//
f 3262// 3263// 3213//
f 3264// 488// 399//
f 399// 3262// 3264//
f 3264// 3262// 3213//
f 3264// 3213// 3261//
f 3261// 3213// 3256//
f 3261// 3256// 2921//
f 2921// 3256// 576//
f 3265// 3266// 3213//
f 3267// 312// 223//
f 223// 3265// 3267//
f 3267// 3265// 3213//
f 3267// 3213// 3268//
f 3268// 3213// 3263//
f 3268// 3263// 311//
f 311// 3263// 400//
f 6// 3259// 3257//
f 3257// 3259// 3213//
f 3257// 3213// 3269//
f 3269// 3213// 3266//
f 3269// 3266// 135//
f 135// 3266// 224//
f 3270// 3271// 3213//
f 3272// 3273// 3156//
f 3156// 3273// 3274//
f 3274// 3275// 3156//
f 3156// 3275// 3276//
f 3156// 3276// 3157//
f 3157// 3276// 3277//
f 3278// 3279// 3185//
f 3185// 3279// 3280//
f 3185// 3280// 3281//
f 3277// 3282// 3157//
f 3157// 3282// 3283//
f 3157// 3283// 3185//
f 3185// 3283// 3284//
f 3185// 3284// 3278//
f 3281// 3285// 3185//
f 3185// 3285// 3286//
f 3185// 3286// 3213//
f 3213// 3286// 3287//
f 3213// 3287// 3270//
f 3271// 3288// 3213//
f 3213// 3288// 3289//
f 3213// 3289// 3290//
f 3290// 3291// 3213//
f 3213// 3291// 3292//
f 3213// 3292// 3156//
f 3156// 3292// 3293//
f 3156// 3293// 3272//
usemtl 3
f 3294// 3275// 3295//
f 3295// 3275// 3274//
f 3295// 3274// 3296//
f 3296// 3274// 3273//
f 3296// 3273// 3297//
f 3297// 3273// 3272//
f 3297// 3272// 3298//
f 3298// 3272// 3293//
f 3298// 3293// 3299//
f 3299// 3293// 3292//
f 3299// 3292// 3300//
f 3300// 3292// 3291//
f 3300// 3291// 3301//
f 3301// 3291// 3290//
f 3301// 3290// 3302//
f 3302// 3290// 3289//
f 3302// 3289// 3303//
f 3303// 3289// 3288//
f 3303// 3288// 3304//
f 3304// 3288// 3271//
f 3304// 3271// 3305//
f 3305// 3271// 3270//
f 3305// 3270// 3306//
f 3306// 3270// 3287//
f 3306// 3287// 3307//
f 3307// 3287// 3286//
f 3307// 3286// 3308//
f 3308// 3286// 3285//
f 3308// 3285// 3309//
f 3309// 3285// 3281//
f 3309// 3281// 3310//
f 3310// 3281// 3280//
f 3310// 3280// 3311//
f 3311// 3280// 3279//
f 3311// 3279// 3312//
f 3312// 3279// 3278//
f 3312// 3278// 3313//
f 3313// 3278// 3284//
f 3313// 3284// 3314//
f 3314// 3284// 3283//
f 3314// 3283// 3315//
f 3315// 3283// 3282//
f 3315// 3282// 3316//
f 3316// 3282// 3277//
f 3316// 3277// 3317//
f 3317// 3277// 3276//
f 3317// 3276// 3294//
f 3294// 3276// 3275//
f 3316// 3317// 3318//
f 3318// 3317// 3294//
f 3318// 3294// 3295//
f 3313// 3314// 3318//
f 3318// 3314// 3315//
f 3318// 3315// 3316//
f 3310// 3311// 3318//
f 3318// 3311// 3312//
f 3318// 3312// 3313//
f 3307// 3308// 3318//
f 3318// 3308// 3309//
f 3318// 3309// 3310//
f 3304// 3305// 3318//
f 3318// 3305// 3306//
f 3318// 3306// 3307//
f 3301// 3302// 3318//
f 3318// 3302// 3303//
f 3318// 3303// 3304//
f 3298// 3299// 3318//
f 3318// 3299// 3300//
f 3318// 3300// 3301//
f 3295// 3296// 3318//
f 3318// 3296// 3297//
f 3318// 3297// 3298//
usemtl 4
f 3319// 3320// 3008//
f 3008// 3320// 3000//
f 3320// 3321// 3000//
f 3000// 3321// 3001//
f 3321// 3322// 3001//
f 3001// 3322// 3003//
f 3322// 3323// 3003//
f 3003// 3323// 3004//
f 3323// 3324// 3004//
f 3004// 3324// 3005//
f 3324// 3325// 3005//
f 3005// 3325// 3006//
f 3325// 3326// 3006//
f 3006// 3326// 3007//
f 3326// 3319// 3007//
f 3007// 3319// 3008//
f 3327// 3323// 3328//
f 3328// 3323// 3322//
f 3329// 3326// 3327//
f 3327// 3326// 3325//
f 3327// 3325// 3323//
f 3323// 3325// 3324//
f 3329// 3330// 3326//
f 3326// 3330// 3331//
f 3326// 3331// 3319//
f 3319// 3331// 3332//
f 3319// 3332// 3333//
f 3333// 3334// 3319//
f 3319// 3334// 3328//
f 3319// 3328// 3320//
f 3320// 3328// 3322//
f 3320// 3322// 3321//
f 3327// 3328// 3335//
f 3335// 3328// 3336//
f 3329// 3327// 3337//
f 3337// 3327// 3335//
f 3329// 3337// 3338//
f 3329// 3338// 3330//
f 3330// 3338// 3339//
f 3330// 3339// 3331//
f 3332// 3331// 3340//
f 3340// 3331// 3339//
f 3332// 3340// 3341//
f 3332// 3341// 3333//
f 3333// 3341// 3342//
f 3333// 3342// 3334//
f 3328// 3334// 3336//
f 3336// 3334// 3342//
f 3343// 3344// 3129//
f 3129// 3344// 3131//
f 3344// 3345// 3131//
f 3131// 3345// 3132//
f 3345// 3346// 3132//
f 3132// 3346// 3121//
f 3347// 3134// 3133//
f 3347// 3133// 3348//
f 3348// 3133// 3127//
f 3348// 3127// 3349//
f 3349// 3127// 3126//
f 3349// 3126// 3350//
f 3350// 3126// 3125//
f 3350// 3125// 3351//
f 3351// 3125// 3124//
f 3351// 3124// 3352//
f 3352// 3124// 3123//
f 3352// 3123// 3353//
f 3353// 3123// 3122//
f 3353// 3122// 3354//
f 3354// 3122// 3121//
f 3354// 3121// 3346//
f 3343// 3129// 3128//
f 3343// 3128// 3355//
f 3355// 3128// 3120//
f 3355// 3120// 3356//
f 3356// 3120// 3119//
f 3356// 3119// 3357//
f 3357// 3119// 3118//
f 3357// 3118// 3358//
f 3358// 3118// 3117//
f 3358// 3117// 3359//
f 3359// 3117// 3135//
f 3359// 3135// 3360//
f 3360// 3135// 3134//
f 3360// 3134// 3347//
f 3349// 3350// 3361//
f 3361// 3350// 3351//
f 3361// 3351// 3362//
f 3362// 3351// 3352//
f 3362// 3352// 3363//
f 3363// 3352// 3353//
f 3363// 3353// 3364//
f 3364// 3353// 3354//
f 3364// 3354// 3365//
f 3365// 3354// 3346//
f 3365// 3346// 3366//
f 3366// 3346// 3345//
f 3366// 3345// 3367//
f 3367// 3345// 3344//
f 3367// 3344// 3368//
f 3368// 3344// 3343//
f 3368// 3343// 3369//
f 3369// 3343// 3355//
f 3369// 3355// 3370//
f 3370// 3355// 3356//
f 3370// 3356// 3371//
f 3371// 3356// 3357//
f 3371// 3357// 3372//
f 3372// 3357// 3358//
f 3372// 3358// 3373//
f 3373// 3358// 3359//
f 3373// 3359// 3374//
f 3374// 3359// 3360//
f 3374// 3360// 3375//
f 3375// 3360// 3347//
f 3375// 3347// 3376//
f 3376// 3347// 3348//
f 3376// 3348// 3377//
f 3377// 3348// 3349//
f 3377// 3349// 3361//
f 3365// 3366// 3378//
f 3378// 3366// 3379//
f 3365// 3378// 3380//
f 3365// 3380// 3364//
f 3364// 3380// 3381//
f 3364// 3381// 3363//
f 3363// 3381// 3382//
f 3363// 3382// 3362//
f 3362// 3382// 3383//
f 3362// 3383// 3361//
f 3361// 3383// 3384//
f 3361// 3384// 3377//
f 3377// 3384// 3385//
f 3377// 3385// 3376//
f 3376// 3385// 3386//
f 3376// 3386// 3375//
f 3375// 3386// 3387//
f 3375// 3387// 3374//
f 3374// 3387// 3388//
f 3374// 3388// 3373//
f 3373// 3388// 3389//
f 3373// 3389// 3372//
f 3372// 3389// 3390//
f 3372// 3390// 3371//
f 3371// 3390// 3391//
f 3371// 3391// 3370//
f 3370// 3391// 3392//
f 3370// 3392// 3369//
f 3369// 3392// 3393//
f 3369// 3393// 3368//
f 3367// 3368// 3394//
f 3394// 3368// 3393//
f 3366// 3367// 3379//
f 3379// 3367// 3394//
f 3395// 3396// 3140//
f 3140// 3396// 3141//
f 3396// 3397// 3141//
f 3141// 3397// 3136//
f 3397// 3398// 3136//
f 3136// 3398// 3137//
f 3398// 3399// 3137//
f 3137// 3399// 3138//
f 3399// 3400// 3138//
f 3138// 3400// 3139//
f 3400// 3401// 3139//
f 3139// 3401// 3147//
f 3401// 3402// 3147//
f 3147// 3402// 3146//
f 3402// 3403// 3146//
f 3146// 3403// 3145//
f 3403// 3404// 3145//
f 3145// 3404// 3144//
f 3404// 3405// 3144//
f 3144// 3405// 3142//
f 3405// 3406// 3142//
f 3142// 3406// 3143//
f 3406// 3395// 3143//
f 3143// 3395// 3140//
f 3397// 3396// 3395//
f 3395// 3406// 3397//
f 3397// 3406// 3405//
f 3397// 3405// 3398//
f 3400// 3399// 3401//
f 3401// 3399// 3398//
f 3401// 3398// 3402//
f 3402// 3398// 3405//
f 3402// 3405// 3403//
f 3403// 3405// 3404//
f 3407// 3408// 2522//
f 2522// 3408// 2523//
f 2523// 3408// 3409//
f 3410// 2579// 2577//
f 3410// 2577// 3411//
f 3411// 2577// 2526//
f 3411// 2526// 3409//
f 3409// 2526// 2525//
f 3409// 2525// 2523//
f 3412// 2571// 2576//
f 3412// 2576// 3413//
f 3413// 2576// 2575//
f 3413// 2575// 3414//
f 3414// 2575// 2565//
f 3414// 2565// 3415//
f 3415// 2565// 2564//
f 3415// 2564// 3416//
f 3416// 2564// 2567//
f 3416// 2567// 3417//
f 3417// 2567// 2582//
f 3417// 2582// 3418//
f 3418// 2582// 3410//
f 3410// 2582// 2581//
f 3410// 2581// 2579//
f 3419// 2562// 2574//
f 3419// 2574// 3420//
f 3420// 2574// 2570//
f 3420// 2570// 3421//
f 3421// 2570// 2569//
f 3421// 2569// 3422//
f 3422// 2569// 2568//
f 3422// 2568// 3423//
f 3423// 2568// 2573//
f 3423// 2573// 3424//
f 3424// 2573// 2572//
f 3424// 2572// 3425//
f 3425// 2572// 2571//
f 3425// 2571// 3412//
f 3426// 2529// 2528//
f 3426// 2528// 3427//
f 3427// 2528// 2562//
f 3427// 2562// 3419//
f 3426// 3428// 2529//
f 2529// 3428// 2530//
f 3429// 2533// 2531//
f 3429// 2531// 3430//
f 3430// 2531// 2530//
f 3430// 2530// 3428//
f 3431// 2538// 2548//
f 3431// 2548// 3432//
f 3432// 2548// 2547//
f 3432// 2547// 3433//
f 3433// 2547// 2537//
f 3433// 2537// 3434//
f 3434// 2537// 2536//
f 3434// 2536// 3435//
f 3435// 2536// 2535//
f 3435// 2535// 3436//
f 3436// 2535// 2534//
f 3436// 2534// 3437//
f 3437// 2534// 2533//
f 3437// 2533// 3429//
f 3438// 2542// 2541//
f 3438// 2541// 3439//
f 3439// 2541// 2543//
f 3439// 2543// 3440//
f 3440// 2543// 2544//
f 3440// 2544// 3441//
f 3441// 2544// 2545//
f 3441// 2545// 3442//
f 3442// 2545// 2540//
f 3442// 2540// 3443//
f 3443// 2540// 2539//
f 3443// 2539// 3444//
f 3444// 2539// 2538//
f 3444// 2538// 3431//
f 3407// 2522// 2532//
f 3407// 2532// 3445//
f 3445// 2532// 2546//
f 3445// 2546// 3446//
f 3446// 2546// 2542//
f 3446// 2542// 3438//
f 3439// 3410// 3438//
f 3438// 3410// 3411//
f 3438// 3411// 3446//
f 3446// 3411// 3409//
f 3446// 3409// 3445//
f 3445// 3409// 3408//
f 3445// 3408// 3407//
f 3428// 3426// 3430//
f 3430// 3426// 3427//
f 3430// 3427// 3429//
f 3429// 3427// 3419//
f 3429// 3419// 3437//
f 3437// 3419// 3420//
f 3437// 3420// 3436//
f 3436// 3420// 3421//
f 3436// 3421// 3435//
f 3435// 3421// 3422//
f 3435// 3422// 3434//
f 3434// 3422// 3423//
f 3434// 3423// 3433//
f 3433// 3423// 3424//
f 3433// 3424// 3432//
f 3432// 3424// 3425//
f 3432// 3425// 3431//
f 3431// 3425// 3412//
f 3431// 3412// 3444//
f 3444// 3412// 3413//
f 3444// 3413// 3443//
f 3443// 3413// 3414//
f 3443// 3414// 3442//
f 3442// 3414// 3415//
f 3442// 3415// 3441//
f 3441// 3415// 3416//
f 3441// 3416// 3440//
f 3440// 3416// 3417//
f 3440// 3417// 3439//
f 3439// 3417// 3418//
f 3439// 3418// 3410//
f 3447// 3448// 3148//
f 3148// 3448// 3149//
f 3448// 3449// 3149//
f 3149// 3449// 3153//
f 3449// 3450// 3153//
f 3153// 3450// 3152//
f 3450// 3451// 3152//
f 3152// 3451// 3151//
f 3451// 3452// 3151//
f 3151// 3452// 3150//
f 3452// 3447// 3150//
f 3150// 3447// 3148//
f 3451// 3450// 3452//
f 3452// 3450// 3449//
f 3452// 3449// 3447//
f 3447// 3449// 3448//
usemtl 2
f 3335// 3336// 3337//
f 3337// 3336// 3342//
f 3337// 3342// 3338//
f 3338// 3342// 3341//
f 3338// 3341// 3339//
f 3339// 3341// 3340//
f 3379// 3394// 3378//
f 3378// 3394// 3393//
f 3378// 3393// 3392//
f 3386// 3385// 3378//
f 3378// 3385// 3384//
f 3378// 3384// 3380//
f 3392// 3391// 3378//
f 3378// 3391// 3390//
f 3378// 3390// 3389//
f 3389// 3388// 3378//
f 3378// 3388// 3387//
f 3378// 3387// 3386//
f 3383// 3382// 3384//
f 3384// 3382// 3381//
f 3384// 3381// 3380//
usemtl 5
f 3247// 3453// 1192//
f 1192// 3453// 1231//
f 3454// 1214// 3455//
f 3455// 1214// 3046//
f 3455// 3046// 3456//
f 3456// 3046// 3045//
f 3456// 3045// 3457//
f 3457// 3045// 3043//
f 3457// 3043// 3458//
f 3458// 3043// 3034//
f 3458// 3034// 3459//
f 3459// 3034// 3032//
f 3459// 3032// 3460//
f 3460// 3032// 3060//
f 3460// 3060// 3453//
f 3453// 3060// 1231//
f 3454// 3461// 1214//
f 1214// 3461// 1211//
f 3462// 1194// 3463//
f 3463// 1194// 3049//
f 3463// 3049// 3464//
f 3464// 3049// 3048//
f 3464// 3048// 3465//
f 3465// 3048// 3047//
f 3465// 3047// 3466//
f 3466// 3047// 3042//
f 3466// 3042// 3467//
f 3467// 3042// 3041//
f 3467// 3041// 3468//
f 3468// 3041// 3059//
f 3468// 3059// 3461//
f 3461// 3059// 1211//
f 3462// 3249// 1194//
f 1194// 3249// 1191//
f 3249// 3462// 3461//
f 3461// 3462// 3463//
f 3461// 3463// 3464//
f 3464// 3465// 3461//
f 3461// 3465// 3466//
f 3461// 3466// 3468//
f 3468// 3466// 3467//
f 3249// 3461// 3247//
f 3247// 3461// 3454//
f 3247// 3454// 3453//
f 3453// 3454// 3455//
f 3453// 3455// 3456//
f 3456// 3457// 3453//
f 3453// 3457// 3458//
f 3453// 3458// 3460//
f 3460// 3458// 3459//
f 3250// 3469// 1104//
f 1104// 3469// 1143//
f 3470// 1126// 3471//
f 3471// 1126// 3074//
f 3471// 3074// 3472//
f 3472// 3074// 3078//
f 3472// 3078// 3473//
f 3473// 3078// 3067//
f 3473// 3067// 3474//
f 3474// 3067// 3065//
f 3474// 3065// 3475//
f 3475// 3065// 3064//
f 3475// 3064// 3476//
f 3476// 3064// 3073//
f 3476// 3073// 3469//
f 3469// 3073// 1143//
f 3470// 3477// 1126//
f 1126// 3477// 1123//
f 3478// 1106// 3479//
f 3479// 1106// 3031//
f 3479// 3031// 3480//
f 3480// 3031// 3033//
f 3480// 3033// 3481//
f 3481// 3033// 3070//
f 3481// 3070// 3482//
f 3482// 3070// 3071//
f 3482// 3071// 3483//
f 3483// 3071// 3072//
f 3483// 3072// 3484//
f 3484// 3072// 3075//
f 3484// 3075// 3477//
f 3477// 3075// 1123//
f 3478// 3248// 1106//
f 1106// 3248// 1103//
f 3250// 3248// 3469//
f 3469// 3248// 3478//
f 3469// 3478// 3477//
f 3477// 3478// 3479//
f 3477// 3479// 3480//
f 3480// 3481// 3477//
f 3477// 3481// 3482//
f 3477// 3482// 3484//
f 3484// 3482// 3483//
f 3477// 3470// 3469//
f 3469// 3470// 3471//
f 3469// 3471// 3472//
f 3472// 3473// 3469//
f 3469// 3473// 3474//
f 3469// 3474// 3476//
f 3476// 3474// 3475//
f 3251// 3485// 1016//
f 1016// 3485// 1055//
f 3486// 1038// 3487//
f 3487// 1038// 3069//
f 3487// 3069// 3488//
f 3488// 3069// 3053//
f 3488// 3053// 3489//
f 3489// 3053// 3056//
f 3489// 3056// 3490//
f 3490// 3056// 3038//
f 3490// 3038// 3491//
f 3491// 3038// 3037//
f 3491// 3037// 3492//
f 3492// 3037// 3068//
f 3492// 3068// 3485//
f 3485// 3068// 1055//
f 3486// 3493// 1038//
f 1038// 3493// 1035//
f 3494// 1018// 3495//
f 3495// 1018// 3066//
f 3495// 3066// 3496//
f 3496// 3066// 3077//
f 3496// 3077// 3497//
f 3497// 3077// 3076//
f 3497// 3076// 3498//
f 3498// 3076// 3063//
f 3498// 3063// 3499//
f 3499// 3063// 3062//
f 3499// 3062// 3500//
f 3500// 3062// 3061//
f 3500// 3061// 3493//
f 3493// 3061// 1035//
f 3494// 3253// 1018//
f 1018// 3253// 1015//
f 3251// 3253// 3485//
f 3485// 3253// 3494//
f 3496// 3497// 3498//
f 3499// 3494// 3498//
f 3498// 3494// 3495//
f 3498// 3495// 3496//
f 3499// 3500// 3494//
f 3494// 3500// 3493//
f 3494// 3493// 3485//
f 3485// 3493// 3486//
f 3485// 3486// 3487//
f 3489// 3490// 3491//
f 3487// 3488// 3485//
f 3485// 3488// 3489//
f 3485// 3489// 3492//
f 3492// 3489// 3491//
f 3243// 3501// 928//
f 928// 3501// 967//
f 3502// 950// 3503//
f 3503// 950// 3027//
f 3503// 3027// 3504//
f 3504// 3027// 3025//
f 3504// 3025// 3505//
f 3505// 3025// 3024//
f 3505// 3024// 3506//
f 3506// 3024// 3036//
f 3506// 3036// 3507//
f 3507// 3036// 3035//
f 3507// 3035// 3508//
f 3508// 3035// 3028//
f 3508// 3028// 3501//
f 3501// 3028// 967//
f 3502// 3509// 950//
f 950// 3509// 947//
f 3510// 930// 3511//
f 3511// 930// 3039//
f 3511// 3039// 3512//
f 3512// 3039// 3057//
f 3512// 3057// 3513//
f 3513// 3057// 3055//
f 3513// 3055// 3514//
f 3514// 3055// 3054//
f 3514// 3054// 3515//
f 3515// 3054// 3052//
f 3515// 3052// 3516//
f 3516// 3052// 3051//
f 3516// 3051// 3509//
f 3509// 3051// 947//
f 3510// 3242// 930//
f 930// 3242// 927//
f 3243// 3242// 3501//
f 3501// 3242// 3510//
f 3512// 3513// 3514//
f 3515// 3510// 3514//
f 3514// 3510// 3511//
f 3514// 3511// 3512//
f 3515// 3516// 3510//
f 3510// 3516// 3509//
f 3510// 3509// 3501//
f 3501// 3509// 3502//
f 3501// 3502// 3503//
f 3505// 3506// 3507//
f 3503// 3504// 3501//
f 3501// 3504// 3505//
f 3501// 3505// 3508//
f 3508// 3505// 3507//
f 3252// 3517// 840//
f 840// 3517// 879//
f 3518// 862// 3519//
f 3519// 862// 3095//
f 3519// 3095// 3520//
f 3520// 3095// 3094//
f 3520// 3094// 3521//
f 3521// 3094// 3093//
f 3521// 3093// 3522//
f 3522// 3093// 3091//
f 3522// 3091// 3523//
f 3523// 3091// 3090//
f 3523// 3090// 3524//
f 3524// 3090// 3102//
f 3524// 3102// 3517//
f 3517// 3102// 879//
f 3518// 3525// 862//
f 862// 3525// 859//
f 3526// 842// 3527//
f 3527// 842// 3086//
f 3527// 3086// 3528//
f 3528// 3086// 3085//
f 3528// 3085// 3529//
f 3529// 3085// 3082//
f 3529// 3082// 3530//
f 3530// 3082// 3083//
f 3530// 3083// 3531//
f 3531// 3083// 3084//
f 3531// 3084// 3532//
f 3532// 3084// 3101//
f 3532// 3101// 3525//
f 3525// 3101// 859//
f 3526// 3244// 842//
f 842// 3244// 839//
f 3252// 3244// 3517//
f 3517// 3244// 3526//
f 3528// 3529// 3530//
f 3531// 3526// 3530//
f 3530// 3526// 3527//
f 3530// 3527// 3528//
f 3531// 3532// 3526//
f 3526// 3532// 3525//
f 3526// 3525// 3517//
f 3517// 3525// 3518//
f 3517// 3518// 3519//
f 3521// 3522// 3523//
f 3519// 3520// 3517//
f 3517// 3520// 3521//
f 3517// 3521// 3524//
f 3524// 3521// 3523//
f 3246// 3533// 752//
f 752// 3533// 791//
f 3534// 774// 3535//
f 3535// 774// 3081//
f 3535// 3081// 3536//
f 3536// 3081// 3080//
f 3536// 3080// 3537//
f 3537// 3080// 3079//
f 3537// 3079// 3538//
f 3538// 3079// 3089//
f 3538// 3089// 3539//
f 3539// 3089// 3088//
f 3539// 3088// 3540//
f 3540// 3088// 3087//
f 3540// 3087// 3533//
f 3533// 3087// 791//
f 3534// 3541// 774//
f 774// 3541// 771//
f 3542// 754// 3543//
f 3543// 754// 3092//
f 3543// 3092// 3544//
f 3544// 3092// 3100//
f 3544// 3100// 3545//
f 3545// 3100// 3099//
f 3545// 3099// 3546//
f 3546// 3099// 3098//
f 3546// 3098// 3547//
f 3547// 3098// 3097//
f 3547// 3097// 3548//
f 3548// 3097// 3096//
f 3548// 3096// 3541//
f 3541// 3096// 771//
f 3542// 3245// 754//
f 754// 3245// 751//
f 3246// 3245// 3533//
f 3533// 3245// 3542//
f 3544// 3545// 3543//
f 3543// 3545// 3546//
f 3543// 3546// 3542//
f 3542// 3546// 3547//
f 3547// 3548// 3542//
f 3542// 3548// 3541//
f 3542// 3541// 3533//
f 3533// 3541// 3534//
f 3533// 3534// 3535//
f 3537// 3538// 3539//
f 3535// 3536// 3533//
f 3533// 3536// 3537//
f 3533// 3537// 3540//
f 3540// 3537// 3539//
f 3260// 3549// 664//
f 664// 3549// 703//
f 3550// 686// 3551//
f 3551// 686// 2561//
f 3551// 2561// 3552//
f 3552// 2561// 2560//
f 3552// 2560// 3553//
f 3553// 2560// 2553//
f 3553// 2553// 3554//
f 3554// 2553// 2552//
f 3554// 2552// 3555//
f 3555// 2552// 2551//
f 3555// 2551// 3556//
f 2551// 2518// 3556//
f 3556// 2518// 2517//
f 3556// 2517// 3549//
f 3549// 2517// 703//
f 3550// 3557// 686//
f 686// 3557// 683//
f 3558// 666// 3559//
f 3559// 666// 2557//
f 3559// 2557// 3560//
f 3560// 2557// 2556//
f 3560// 2556// 3561//
f 3561// 2556// 2555//
f 3561// 2555// 3562//
f 3562// 2555// 2554//
f 3562// 2554// 3563//
f 3563// 2554// 2559//
f 3563// 2559// 3564//
f 3564// 2559// 2558//
f 3564// 2558// 3557//
f 3557// 2558// 683//
f 3558// 3254// 666//
f 666// 3254// 663//
f 3260// 3254// 3549//
f 3549// 3254// 3558//
f 3560// 3561// 3562//
f 3563// 3558// 3562//
f 3562// 3558// 3559//
f 3562// 3559// 3560//
f 3563// 3564// 3558//
f 3558// 3564// 3557//
f 3558// 3557// 3549//
f 3549// 3557// 3550//
f 3549// 3550// 3551//
f 3553// 3554// 3555//
f 3551// 3552// 3549//
f 3549// 3552// 3553//
f 3549// 3553// 3556//
f 3556// 3553// 3555//
f 3256// 3565// 576//
f 576// 3565// 615//
f 3566// 598// 3567//
f 3567// 598// 3110//
f 3567// 3110// 3568//
f 3568// 3110// 3109//
f 3568// 3109// 3569//
f 3569// 3109// 3108//
f 3569// 3108// 3570//
f 3570// 3108// 3107//
f 3570// 3107// 3571//
f 3571// 3107// 3106//
f 3571// 3106// 3572//
f 3572// 3106// 3105//
f 3572// 3105// 3565//
f 3565// 3105// 615//
f 3566// 3573// 598//
f 598// 3573// 595//
f 3574// 578// 3575//
f 3575// 578// 3115//
f 3575// 3115// 3576//
f 3576// 3115// 3114//
f 3576// 3114// 3577//
f 3577// 3114// 3111//
f 3577// 3111// 3578//
f 3578// 3111// 3112//
f 3578// 3112// 3579//
f 3579// 3112// 3113//
f 3579// 3113// 3580//
f 3580// 3113// 3116//
f 3580// 3116// 3573//
f 3573// 3116// 595//
f 3574// 3255// 578//
f 578// 3255// 575//
f 3256// 3255// 3565//
f 3565// 3255// 3574//
f 3576// 3577// 3578//
f 3579// 3574// 3578//
f 3578// 3574// 3575//
f 3578// 3575// 3576//
f 3579// 3580// 3574//
f 3574// 3580// 3573//
f 3574// 3573// 3565//
f 3565// 3573// 3566//
f 3565// 3566// 3567//
f 3569// 3570// 3571//
f 3567// 3568// 3565//
f 3565// 3568// 3569//
f 3565// 3569// 3572//
f 3572// 3569// 3571//
f 3264// 3581// 488//
f 488// 3581// 527//
f 3582// 510// 3583//
f 3583// 510// 2955//
f 3583// 2955// 3584//
f 3584// 2955// 2953//
f 3584// 2953// 3585//
f 3585// 2953// 2952//
f 3585// 2952// 3586//
f 3586// 2952// 2941//
f 3586// 2941// 3587//
f 3587// 2941// 2940//
f 3587// 2940// 3588//
f 3588// 2940// 2985//
f 3588// 2985// 3581//
f 3581// 2985// 527//
f 3582// 3589// 510//
f 510// 3589// 507//
f 3590// 490// 3591//
f 3591// 490// 2943//
f 3591// 2943// 3592//
f 3592// 2943// 2959//
f 3592// 2959// 3593//
f 3593// 2959// 2958//
f 3593// 2958// 3594//
f 3594// 2958// 2957//
f 3594// 2957// 3595//
f 3595// 2957// 2956//
f 3595// 2956// 3596//
f 3596// 2956// 2972//
f 3596// 2972// 3589//
f 3589// 2972// 507//
f 3590// 3261// 490//
f 490// 3261// 487//
f 3264// 3261// 3581//
f 3581// 3261// 3590//
f 3592// 3593// 3591//
f 3591// 3593// 3594//
f 3591// 3594// 3590//
f 3590// 3594// 3595//
f 3595// 3596// 3590//
f 3590// 3596// 3589//
f 3590// 3589// 3581//
f 3581// 3589// 3582//
f 3581// 3582// 3583//
f 3585// 3586// 3587//
f 3583// 3584// 3581//
f 3581// 3584// 3585//
f 3581// 3585// 3588//
f 3588// 3585// 3587//
f 3263// 3597// 400//
f 400// 3597// 439//
f 3598// 422// 3599//
f 3599// 422// 2933//
f 3599// 2933// 3600//
f 3600// 2933// 2929//
f 3600// 2929// 3601//
f 3601// 2929// 2930//
f 3601// 2930// 3602//
f 3602// 2930// 2923//
f 3602// 2923// 3603//
f 3603// 2923// 2922//
f 3603// 2922// 3604//
f 3604// 2922// 2951//
f 3604// 2951// 3597//
f 3597// 2951// 439//
f 3598// 3605// 422//
f 422// 3605// 419//
f 3606// 402// 3607//
f 3607// 402// 2942//
f 3607// 2942// 3608//
f 3608// 2942// 2954//
f 3608// 2954// 3609//
f 3609// 2954// 2971//
f 3609// 2971// 3610//
f 3610// 2971// 2970//
f 3610// 2970// 3611//
f 3611// 2970// 2939//
f 3611// 2939// 3612//
f 3612// 2939// 2938//
f 3612// 2938// 3605//
f 3605// 2938// 419//
f 3606// 3262// 402//
f 402// 3262// 399//
f 3263// 3262// 3597//
f 3597// 3262// 3606//
f 3608// 3609// 3607//
f 3607// 3609// 3610//
f 3607// 3610// 3606//
f 3606// 3610// 3611//
f 3611// 3612// 3606//
f 3606// 3612// 3605//
f 3606// 3605// 3597//
f 3597// 3605// 3598//
f 3597// 3598// 3599//
f 3601// 3602// 3603//
f 3599// 3600// 3597//
f 3597// 3600// 3601//
f 3597// 3601// 3604//
f 3604// 3601// 3603//
f 3267// 3613// 312//
f 312// 3613// 351//
f 3614// 334// 3615//
f 3615// 334// 2967//
f 3615// 2967// 3616//
f 3616// 2967// 2966//
f 3616// 2966// 3617//
f 3617// 2966// 2982//
f 3617// 2982// 3618//
f 3618// 2982// 2961//
f 3618// 2961// 3619//
f 3619// 2961// 2960//
f 3619// 2960// 3620//
f 3620// 2960// 2997//
f 3620// 2997// 3613//
f 3613// 2997// 351//
f 3614// 3621// 334//
f 334// 3621// 331//
f 3622// 314// 3623//
f 3623// 314// 2924//
f 3623// 2924// 3624//
f 3624// 2924// 2931//
f 3624// 2931// 3625//
f 3625// 2931// 2928//
f 3625// 2928// 3626//
f 3626// 2928// 2927//
f 3626// 2927// 3627//
f 3627// 2927// 2969//
f 3627// 2969// 3628//
f 3628// 2969// 2968//
f 3628// 2968// 3621//
f 3621// 2968// 331//
f 3622// 3268// 314//
f 314// 3268// 311//
f 3267// 3268// 3613//
f 3613// 3268// 3622//
f 3624// 3625// 3626//
f 3627// 3622// 3626//
f 3626// 3622// 3623//
f 3626// 3623// 3624//
f 3627// 3628// 3622//
f 3622// 3628// 3621//
f 3622// 3621// 3613//
f 3613// 3621// 3614//
f 3613// 3614// 3615//
f 3617// 3618// 3619//
f 3615// 3616// 3613//
f 3613// 3616// 3617//
f 3613// 3617// 3620//
f 3620// 3617// 3619//
f 3266// 3629// 224//
f 224// 3629// 263//
f 3630// 246// 3631//
f 3631// 246// 2994//
f 3631// 2994// 3632//
f 3632// 2994// 2993//
f 3632// 2993// 3633//
f 3633// 2993// 2945//
f 3633// 2945// 3634//
f 3634// 2945// 2935//
f 3634// 2935// 3635//
f 3635// 2935// 2934//
f 3635// 2934// 3636//
f 3636// 2934// 2999//
f 3636// 2999// 3629//
f 3629// 2999// 263//
f 3630// 3637// 246//
f 246// 3637// 243//
f 3638// 226// 3639//
f 3639// 226// 2962//
f 3639// 2962// 3640//
f 3640// 2962// 2983//
f 3640// 2983// 3641//
f 3641// 2983// 2976//
f 3641// 2976// 3642//
f 3642// 2976// 2975//
f 3642// 2975// 3643//
f 3643// 2975// 2996//
f 3643// 2996// 3644//
f 3644// 2996// 2995//
f 3644// 2995// 3637//
f 3637// 2995// 243//
f 3638// 3265// 226//
f 226// 3265// 223//
f 3266// 3265// 3629//
f 3629// 3265// 3638//
f 3640// 3641// 3642//
f 3643// 3638// 3642//
f 3642// 3638// 3639//
f 3642// 3639// 3640//
f 3643// 3644// 3638//
f 3638// 3644// 3637//
f 3638// 3637// 3629//
f 3629// 3637// 3630//
f 3629// 3630// 3631//
f 3633// 3634// 3635//
f 3631// 3632// 3629//
f 3629// 3632// 3633//
f 3629// 3633// 3636//
f 3636// 3633// 3635//
f 3257// 3645// 136//
f 136// 3645// 175//
f 3646// 158// 3647//
f 3647// 158// 2987//
f 3647// 2987// 3648//
f 3648// 2987// 2986//
f 3648// 2986// 3649//
f 3649// 2986// 2974//
f 3649// 2974// 3650//
f 3650// 2974// 2973//
f 3650// 2973// 3651//
f 3651// 2973// 2964//
f 3651// 2964// 3652//
f 3652// 2964// 2998//
f 3652// 2998// 3645//
f 3645// 2998// 175//
f 3646// 3653// 158//
f 158// 3653// 155//
f 3654// 138// 3655//
f 3655// 138// 2936//
f 3655// 2936// 3656//
f 3656// 2936// 2990//
f 3656// 2990// 3657//
f 3657// 2990// 2989//
f 3657// 2989// 3658//
f 3658// 2989// 2988//
f 3658// 2988// 3659//
f 3659// 2988// 2992//
f 3659// 2992// 3660//
f 3660// 2992// 2991//
f 3660// 2991// 3653//
f 3653// 2991// 155//
f 3654// 3269// 138//
f 138// 3269// 135//
f 3257// 3269// 3645//
f 3645// 3269// 3654//
f 3645// 3654// 3653//
f 3653// 3654// 3655//
f 3653// 3655// 3656//
f 3656// 3657// 3653//
f 3653// 3657// 3658//
f 3653// 3658// 3660//
f 3660// 3658// 3659//
f 3653// 3646// 3645//
f 3645// 3646// 3647//
f 3645// 3647// 3648//
f 3648// 3649// 3645//
f 3645// 3649// 3650//
f 3645// 3650// 3652//
f 3652// 3650// 3651//
f 3258// 3661// 3//
f 3// 3661// 4//
f 3662// 28// 3663//
f 3663// 28// 2978//
f 3663// 2978// 3664//
f 3664// 2978// 2977//
f 3664// 2977// 3665//
f 3665// 2977// 2950//
f 3665// 2950// 3666//
f 3666// 2950// 2948//
f 3666// 2948// 3667//
f 3667// 2948// 2947//
f 3667// 2947// 3668//
f 3668// 2947// 2946//
f 3668// 2946// 3661//
f 3661// 2946// 4//
f 3662// 3669// 28//
f 28// 3669// 25//
f 3670// 8// 3671//
f 3671// 8// 2981//
f 3671// 2981// 3672//
f 3672// 2981// 2980//
f 3672// 2980// 3673//
f 3673// 2980// 2979//
f 3673// 2979// 3674//
f 3674// 2979// 2965//
f 3674// 2965// 3675//
f 3675// 2965// 2963//
f 3675// 2963// 3676//
f 3676// 2963// 2984//
f 3676// 2984// 3669//
f 3669// 2984// 25//
f 3670// 3259// 8//
f 8// 3259// 6//
f 3259// 3670// 3669//
f 3669// 3670// 3671//
f 3669// 3671// 3672//
f 3672// 3673// 3669//
f 3669// 3673// 3674//
f 3669// 3674// 3676//
f 3676// 3674// 3675//
f 3259// 3669// 3258//
f 3258// 3669// 3662//
f 3258// 3662// 3661//
f 3661// 3662// 3663//
f 3661// 3663// 3664//
f 3664// 3665// 3661//
f 3661// 3665// 3666//
f 3661// 3666// 3668//
f 3668// 3666// 3667//
f 3677// 3225// 2379//
f 2379// 3225// 2380//
f 3224// 3678// 2420//
f 2420// 3678// 2417//
f 3679// 2400// 3680//
f 3680// 2400// 2584//
f 3680// 2584// 3681//
f 3681// 2584// 2405//
f 3681// 2405// 3682//
f 3682// 2405// 2617//
f 3682// 2617// 3683//
f 3683// 2617// 2411//
f 3683// 2411// 3684//
f 3684// 2411// 2623//
f 3684// 2623// 3678//
f 3678// 2623// 2417//
f 3679// 3685// 2400//
f 2400// 3685// 2397//
f 3677// 2379// 3686//
f 3686// 2379// 2585//
f 3686// 2585// 3687//
f 3687// 2585// 2385//
f 3687// 2385// 3688//
f 3688// 2385// 2602//
f 3688// 2602// 3689//
f 3689// 2602// 2391//
f 3689// 2391// 3690//
f 3690// 2391// 2613//
f 3690// 2613// 3685//
f 3685// 2613// 2397//
f 3224// 3225// 3678//
f 3678// 3225// 3677//
f 3687// 3685// 3686//
f 3686// 3685// 3677//
f 3680// 3681// 3678//
f 3687// 3688// 3685//
f 3685// 3688// 3689//
f 3685// 3689// 3690//
f 3677// 3685// 3678//
f 3678// 3685// 3679//
f 3678// 3679// 3680//
f 3681// 3682// 3678//
f 3678// 3682// 3683//
f 3678// 3683// 3684//
f 3691// 3241// 2291//
f 2291// 3241// 2292//
f 3220// 3692// 2332//
f 2332// 3692// 2329//
f 3693// 2312// 3694//
f 3694// 2312// 2634//
f 3694// 2634// 3695//
f 3695// 2634// 2317//
f 3695// 2317// 3696//
f 3696// 2317// 2615//
f 3696// 2615// 3697//
f 3697// 2615// 2323//
f 3697// 2323// 3698//
f 3698// 2323// 2614//
f 3698// 2614// 3692//
f 3692// 2614// 2329//
f 3693// 3699// 2312//
f 2312// 3699// 2309//
f 3691// 2291// 3700//
f 3700// 2291// 2647//
f 3700// 2647// 3701//
f 3701// 2647// 2297//
f 3701// 2297// 3702//
f 3702// 2297// 2646//
f 3702// 2646// 3703//
f 3703// 2646// 2303//
f 3703// 2303// 3704//
f 3704// 2303// 2645//
f 3704// 2645// 3699//
f 3699// 2645// 2309//
f 3220// 3241// 3692//
f 3692// 3241// 3691//
f 3701// 3699// 3700//
f 3700// 3699// 3691//
f 3694// 3695// 3692//
f 3701// 3702// 3699//
f 3699// 3702// 3703//
f 3699// 3703// 3704//
f 3691// 3699// 3692//
f 3692// 3699// 3693//
f 3692// 3693// 3694//
f 3695// 3696// 3692//
f 3692// 3696// 3697//
f 3692// 3697// 3698//
f 3705// 3238// 2203//
f 2203// 3238// 2204//
f 3239// 3706// 2244//
f 2244// 3706// 2241//
f 3707// 2224// 3708//
f 3708// 2224// 2668//
f 3708// 2668// 3709//
f 3709// 2668// 2229//
f 3709// 2229// 3710//
f 3710// 2229// 2665//
f 3710// 2665// 3711//
f 3711// 2665// 2235//
f 3711// 2235// 3712//
f 3712// 2235// 2664//
f 3712// 2664// 3706//
f 3706// 2664// 2241//
f 3707// 3713// 2224//
f 2224// 3713// 2221//
f 3705// 2203// 3714//
f 3714// 2203// 2675//
f 3714// 2675// 3715//
f 3715// 2675// 2209//
f 3715// 2209// 3716//
f 3716// 2209// 2674//
f 3716// 2674// 3717//
f 3717// 2674// 2215//
f 3717// 2215// 3718//
f 3718// 2215// 2673//
f 3718// 2673// 3713//
f 3713// 2673// 2221//
f 3239// 3238// 3706//
f 3706// 3238// 3705//
f 3715// 3713// 3714//
f 3714// 3713// 3705//
f 3708// 3709// 3706//
f 3715// 3716// 3713//
f 3713// 3716// 3717//
f 3713// 3717// 3718//
f 3705// 3713// 3706//
f 3706// 3713// 3707//
f 3706// 3707// 3708//
f 3709// 3710// 3706//
f 3706// 3710// 3711//
f 3706// 3711// 3712//
f 3719// 3240// 2115//
f 2115// 3240// 2116//
f 3237// 3720// 2156//
f 2156// 3720// 2153//
f 3721// 2136// 3722//
f 3722// 2136// 2682//
f 3722// 2682// 3723//
f 3723// 2682// 2141//
f 3723// 2141// 3724//
f 3724// 2141// 2680//
f 3724// 2680// 3725//
f 3725// 2680// 2147//
f 3725// 2147// 3726//
f 3726// 2147// 2679//
f 3726// 2679// 3720//
f 3720// 2679// 2153//
f 3721// 3727// 2136//
f 2136// 3727// 2133//
f 3719// 2115// 3728//
f 3728// 2115// 2684//
f 3728// 2684// 3729//
f 3729// 2684// 2121//
f 3729// 2121// 3730//
f 3730// 2121// 2697//
f 3730// 2697// 3731//
f 3731// 2697// 2127//
f 3731// 2127// 3732//
f 3732// 2127// 2681//
f 3732// 2681// 3727//
f 3727// 2681// 2133//
f 3237// 3240// 3720//
f 3720// 3240// 3719//
f 3729// 3727// 3728//
f 3728// 3727// 3719//
f 3722// 3723// 3720//
f 3729// 3730// 3727//
f 3727// 3730// 3731//
f 3727// 3731// 3732//
f 3719// 3727// 3720//
f 3720// 3727// 3721//
f 3720// 3721// 3722//
f 3723// 3724// 3720//
f 3720// 3724// 3725//
f 3720// 3725// 3726//
f 3733// 3234// 2027//
f 2027// 3234// 2028//
f 3235// 3734// 2068//
f 2068// 3734// 2065//
f 3735// 2048// 3736//
f 3736// 2048// 2683//
f 3736// 2683// 3737//
f 3737// 2683// 2053//
f 3737// 2053// 3738//
f 3738// 2053// 2685//
f 3738// 2685// 3739//
f 3739// 2685// 2059//
f 3739// 2059// 3740//
f 3740// 2059// 2687//
f 3740// 2687// 3734//
f 3734// 2687// 2065//
f 3735// 3741// 2048//
f 2048// 3741// 2045//
f 3733// 2027// 3742//
f 3742// 2027// 2710//
f 3742// 2710// 3743//
f 3743// 2710// 2033//
f 3743// 2033// 3744//
f 3744// 2033// 2695//
f 3744// 2695// 3745//
f 3745// 2695// 2039//
f 3745// 2039// 3746//
f 3746// 2039// 2688//
f 3746// 2688// 3741//
f 3741// 2688// 2045//
f 3741// 3234// 3733//
f 3234// 3741// 3235//
f 3235// 3741// 3735//
f 3235// 3735// 3734//
f 3734// 3735// 3736//
f 3734// 3736// 3737//
f 3737// 3738// 3734//
f 3734// 3738// 3739//
f 3734// 3739// 3740//
f 3743// 3744// 3742//
f 3742// 3744// 3745//
f 3742// 3745// 3733//
f 3733// 3745// 3746//
f 3733// 3746// 3741//
f 3747// 3236// 1939//
f 1939// 3236// 1940//
f 3233// 3748// 1980//
f 1980// 3748// 1977//
f 3749// 1960// 3750//
f 3750// 1960// 2690//
f 3750// 2690// 3751//
f 3751// 2690// 1965//
f 3751// 1965// 3752//
f 3752// 1965// 2689//
f 3752// 2689// 3753//
f 3753// 2689// 1971//
f 3753// 1971// 3754//
f 3754// 1971// 2711//
f 3754// 2711// 3748//
f 3748// 2711// 1977//
f 3749// 3755// 1960//
f 1960// 3755// 1957//
f 3747// 1939// 3756//
f 3756// 1939// 2728//
f 3756// 2728// 3757//
f 3757// 2728// 1945//
f 3757// 1945// 3758//
f 3758// 1945// 2712//
f 3758// 2712// 3759//
f 3759// 2712// 1951//
f 3759// 1951// 3760//
f 3760// 1951// 2686//
f 3760// 2686// 3755//
f 3755// 2686// 1957//
f 3755// 3236// 3747//
f 3757// 3758// 3756//
f 3756// 3758// 3759//
f 3756// 3759// 3747//
f 3747// 3759// 3760//
f 3747// 3760// 3755//
f 3753// 3754// 3752//
f 3752// 3754// 3748//
f 3752// 3748// 3751//
f 3236// 3755// 3233//
f 3233// 3755// 3749//
f 3233// 3749// 3748//
f 3748// 3749// 3750//
f 3748// 3750// 3751//
f 3761// 3230// 1851//
f 1851// 3230// 1852//
f 3229// 3762// 1892//
f 1892// 3762// 1889//
f 3763// 1872// 3764//
f 3764// 1872// 2723//
f 3764// 2723// 3765//
f 3765// 2723// 1877//
f 3765// 1877// 3766//
f 3766// 1877// 2718//
f 3766// 2718// 3767//
f 3767// 2718// 1883//
f 3767// 1883// 3768//
f 3768// 1883// 2719//
f 3768// 2719// 3762//
f 3762// 2719// 1889//
f 3763// 3769// 1872//
f 1872// 3769// 1869//
f 3761// 1851// 3770//
f 3770// 1851// 2731//
f 3770// 2731// 3771//
f 3771// 2731// 1857//
f 3771// 1857// 3772//
f 3772// 1857// 2726//
f 3772// 2726// 3773//
f 3773// 2726// 1863//
f 3773// 1863// 3774//
f 3774// 1863// 2698//
f 3774// 2698// 3769//
f 3769// 2698// 1869//
f 3769// 3230// 3761//
f 3771// 3772// 3770//
f 3770// 3772// 3773//
f 3770// 3773// 3761//
f 3761// 3773// 3774//
f 3761// 3774// 3769//
f 3230// 3769// 3229//
f 3229// 3769// 3763//
f 3229// 3763// 3762//
f 3762// 3763// 3764//
f 3762// 3764// 3765//
f 3765// 3766// 3762//
f 3762// 3766// 3767//
f 3762// 3767// 3768//
f 3775// 3222// 1763//
f 1763// 3222// 1764//
f 3223// 3776// 1804//
f 1804// 3776// 1801//
f 3777// 1784// 3778//
f 3778// 1784// 2727//
f 3778// 2727// 3779//
f 3779// 2727// 1789//
f 3779// 1789// 3780//
f 3780// 1789// 2725//
f 3780// 2725// 3781//
f 3781// 2725// 1795//
f 3781// 1795// 3782//
f 3782// 1795// 2732//
f 3782// 2732// 3776//
f 3776// 2732// 1801//
f 3777// 3783// 1784//
f 1784// 3783// 1781//
f 3775// 1763// 3784//
f 3784// 1763// 2724//
f 3784// 2724// 3785//
f 3785// 2724// 1769//
f 3785// 1769// 3786//
f 3786// 1769// 2706//
f 3786// 2706// 3787//
f 3787// 2706// 1775//
f 3787// 1775// 3788//
f 3788// 1775// 2714//
f 3788// 2714// 3783//
f 3783// 2714// 1781//
f 3783// 3775// 3788//
f 3788// 3775// 3787//
f 3787// 3775// 3786//
f 3786// 3775// 3784//
f 3786// 3784// 3785//
f 3778// 3776// 3777//
f 3777// 3776// 3223//
f 3777// 3223// 3783//
f 3783// 3223// 3222//
f 3783// 3222// 3775//
f 3778// 3779// 3776//
f 3776// 3779// 3780//
f 3776// 3780// 3782//
f 3782// 3780// 3781//
f 3789// 3232// 1675//
f 1675// 3232// 1676//
f 3219// 3790// 1716//
f 1716// 3790// 1713//
f 3791// 1696// 3792//
f 3792// 1696// 2720//
f 3792// 2720// 3793//
f 3793// 2720// 1701//
f 3793// 1701// 3794//
f 3794// 1701// 2713//
f 3794// 2713// 3795//
f 3795// 2713// 1707//
f 3795// 1707// 3796//
f 3796// 1707// 2715//
f 3796// 2715// 3790//
f 3790// 2715// 1713//
f 3791// 3797// 1696//
f 1696// 3797// 1693//
f 3789// 1675// 3798//
f 3798// 1675// 2729//
f 3798// 2729// 3799//
f 3799// 2729// 1681//
f 3799// 1681// 3800//
f 3800// 1681// 2722//
f 3800// 2722// 3801//
f 3801// 2722// 1687//
f 3801// 1687// 3802//
f 3802// 1687// 2691//
f 3802// 2691// 3797//
f 3797// 2691// 1693//
f 3797// 3232// 3789//
f 3799// 3800// 3798//
f 3798// 3800// 3801//
f 3798// 3801// 3789//
f 3789// 3801// 3802//
f 3789// 3802// 3797//
f 3795// 3796// 3794//
f 3794// 3796// 3790//
f 3794// 3790// 3793//
f 3232// 3797// 3219//
f 3219// 3797// 3791//
f 3219// 3791// 3790//
f 3790// 3791// 3792//
f 3790// 3792// 3793//
f 3803// 3227// 1587//
f 1587// 3227// 1588//
f 3228// 3804// 1628//
f 1628// 3804// 1625//
f 3805// 1608// 3806//
f 3806// 1608// 2699//
f 3806// 2699// 3807//
f 3807// 2699// 1613//
f 3807// 1613// 3808//
f 3808// 1613// 2721//
f 3808// 2721// 3809//
f 3809// 2721// 1619//
f 3809// 1619// 3810//
f 3810// 1619// 2730//
f 3810// 2730// 3804//
f 3804// 2730// 1625//
f 3805// 3811// 1608//
f 1608// 3811// 1605//
f 3803// 1587// 3812//
f 3812// 1587// 2693//
f 3812// 2693// 3813//
f 3813// 2693// 1593//
f 3813// 1593// 3814//
f 3814// 1593// 2696//
f 3814// 2696// 3815//
f 3815// 2696// 1599//
f 3815// 1599// 3816//
f 3816// 1599// 2707//
f 3816// 2707// 3811//
f 3811// 2707// 1605//
f 3228// 3227// 3804//
f 3804// 3227// 3803//
f 3813// 3811// 3812//
f 3812// 3811// 3803//
f 3813// 3814// 3811//
f 3811// 3814// 3815//
f 3811// 3815// 3816//
f 3806// 3807// 3804//
f 3804// 3807// 3808//
f 3804// 3808// 3810//
f 3810// 3808// 3809//
f 3803// 3811// 3804//
f 3804// 3811// 3805//
f 3804// 3805// 3806//
f 3817// 3231// 1499//
f 1499// 3231// 1500//
f 3226// 3818// 1540//
f 1540// 3818// 1537//
f 3819// 1520// 3820//
f 3820// 1520// 2700//
f 3820// 2700// 3821//
f 3821// 2700// 1525//
f 3821// 1525// 3822//
f 3822// 1525// 2694//
f 3822// 2694// 3823//
f 3823// 2694// 1531//
f 3823// 1531// 3824//
f 3824// 1531// 2692//
f 3824// 2692// 3818//
f 3818// 2692// 1537//
f 3819// 3825// 1520//
f 1520// 3825// 1517//
f 3817// 1499// 3826//
f 3826// 1499// 2704//
f 3826// 2704// 3827//
f 3827// 2704// 1505//
f 3827// 1505// 3828//
f 3828// 1505// 2717//
f 3828// 2717// 3829//
f 3829// 2717// 1511//
f 3829// 1511// 3830//
f 3830// 1511// 2701//
f 3830// 2701// 3825//
f 3825// 2701// 1517//
f 3226// 3231// 3818//
f 3818// 3231// 3817//
f 3827// 3825// 3826//
f 3826// 3825// 3817//
f 3817// 3825// 3818//
f 3818// 3825// 3819//
f 3818// 3819// 3824//
f 3827// 3828// 3825//
f 3825// 3828// 3829//
f 3825// 3829// 3830//
f 3819// 3820// 3821//
f 3821// 3822// 3819//
f 3819// 3822// 3823//
f 3819// 3823// 3824//
f 3831// 3217// 1411//
f 1411// 3217// 1412//
f 3218// 3832// 1452//
f 1452// 3832// 1449//
f 3833// 1432// 3834//
f 3834// 1432// 2716//
f 3834// 2716// 3835//
f 3835// 2716// 1437//
f 3835// 1437// 3836//
f 3836// 1437// 2705//
f 3836// 2705// 3837//
f 3837// 2705// 1443//
f 3837// 1443// 3838//
f 3838// 1443// 2703//
f 3838// 2703// 3832//
f 3832// 2703// 1449//
f 3833// 3839// 1432//
f 1432// 3839// 1429//
f 3831// 1411// 3840//
f 3840// 1411// 2709//
f 3840// 2709// 3841//
f 3841// 2709// 1417//
f 3841// 1417// 3842//
f 3842// 1417// 2708//
f 3842// 2708// 3843//
f 3843// 2708// 1423//
f 3843// 1423// 3844//
f 3844// 1423// 2702//
f 3844// 2702// 3839//
f 3839// 2702// 1429//
f 3218// 3217// 3832//
f 3832// 3217// 3831//
f 3841// 3839// 3840//
f 3840// 3839// 3831//
f 3834// 3835// 3832//
f 3841// 3842// 3839//
f 3839// 3842// 3843//
f 3839// 3843// 3844//
f 3831// 3839// 3832//
f 3832// 3839// 3833//
f 3832// 3833// 3834//
f 3835// 3836// 3832//
f 3832// 3836// 3837//
f 3832// 3837// 3838//
f 3845// 3221// 1323//
f 1323// 3221// 1324//
f 3214// 3846// 1364//
f 1364// 3846// 1361//
f 1361// 3846// 2586//
f 2586// 3846// 3847//
f 2586// 3847// 1355//
f 1355// 3847// 3848//
f 1355// 3848// 2588//
f 2588// 3848// 3849//
f 2588// 3849// 1349//
f 1349// 3849// 3850//
f 1349// 3850// 2587//
f 2587// 3850// 3851//
f 2587// 3851// 2733//
f 2733// 3851// 3852//
f 2733// 3852// 1344//
f 3852// 3853// 1344//
f 1344// 3853// 1341//
f 3854// 3845// 1323//
f 1323// 3013// 3854//
f 3854// 3013// 3011//
f 3854// 3011// 3855//
f 3855// 3011// 1329//
f 3855// 1329// 3856//
f 3856// 1329// 3015//
f 3856// 3015// 3857//
f 3857// 3015// 1335//
f 3857// 1335// 3858//
f 3858// 1335// 3014//
f 3858// 3014// 3853//
f 3853// 3014// 1341//
f 3214// 3221// 3846//
f 3846// 3221// 3845//
f 3855// 3853// 3854//
f 3854// 3853// 3845//
f 3851// 3850// 3846//
f 3855// 3856// 3853//
f 3853// 3856// 3857//
f 3853// 3857// 3858//
f 3845// 3853// 3846//
f 3846// 3853// 3852//
f 3846// 3852// 3851//
f 3850// 3849// 3846//
f 3846// 3849// 3848//
f 3846// 3848// 3847//
f 3216// 3859// 92//
f 92// 3859// 131//
f 131// 3859// 3012//
f 3012// 3859// 3860//
f 3012// 3860// 125//
f 125// 3860// 3861//
f 125// 3861// 3010//
f 3010// 3861// 3862//
f 3010// 3862// 119//
f 119// 3862// 3863//
f 119// 3863// 3009//
f 3009// 3863// 3864//
f 3009// 3864// 2937//
f 2937// 3864// 3865//
f 2937// 3865// 114//
f 3865// 3866// 114//
f 114// 3866// 111//
f 3867// 94// 3868//
f 3868// 94// 2926//
f 3868// 2926// 3869//
f 3869// 2926// 99//
f 3869// 99// 3870//
f 3870// 99// 2949//
f 3870// 2949// 3871//
f 3871// 2949// 105//
f 3871// 105// 3872//
f 3872// 105// 2944//
f 3872// 2944// 3866//
f 3866// 2944// 111//
f 3867// 3215// 94//
f 94// 3215// 91//
f 3216// 3215// 3859//
f 3859// 3215// 3867//
f 3869// 3866// 3868//
f 3868// 3866// 3867//
f 3864// 3863// 3859//
f 3869// 3870// 3866//
f 3866// 3870// 3871//
f 3866// 3871// 3872//
f 3867// 3866// 3859//
f 3859// 3866// 3865//
f 3859// 3865// 3864//
f 3863// 3862// 3859//
f 3859// 3862// 3861//
f 3859// 3861// 3860//
f 3873// 1234// 3874//
f 3874// 1234// 2852//
f 3874// 2852// 3875//
f 3875// 2852// 2851//
f 3875// 2851// 3876//
f 3876// 2851// 2850//
f 3876// 2850// 3877//
f 3877// 2850// 2849//
f 3877// 2849// 3878//
f 3878// 2849// 2848//
f 3878// 2848// 3879//
f 3879// 2848// 2857//
f 3879// 2857// 3880//
f 3880// 2857// 1251//
f 3873// 3191// 1234//
f 1234// 3191// 1276//
f 3190// 3881// 1274//
f 1274// 3881// 1271//
f 3882// 1254// 3883//
f 3883// 1254// 2847//
f 3883// 2847// 3884//
f 3884// 2847// 2846//
f 3884// 2846// 3885//
f 3885// 2846// 2845//
f 3885// 2845// 3886//
f 3886// 2845// 2836//
f 3886// 2836// 3887//
f 3887// 2836// 2835//
f 3887// 2835// 3888//
f 3888// 2835// 2834//
f 3888// 2834// 3881//
f 3881// 2834// 1271//
f 3882// 3880// 1254//
f 1254// 3880// 1251//
f 3191// 3873// 3880//
f 3880// 3873// 3874//
f 3880// 3874// 3875//
f 3875// 3876// 3880//
f 3880// 3876// 3877//
f 3880// 3877// 3879//
f 3879// 3877// 3878//
f 3191// 3880// 3190//
f 3190// 3880// 3882//
f 3190// 3882// 3881//
f 3881// 3882// 3883//
f 3881// 3883// 3884//
f 3884// 3885// 3881//
f 3881// 3885// 3886//
f 3881// 3886// 3888//
f 3888// 3886// 3887//
f 3889// 1146// 3890//
f 3890// 1146// 2833//
f 3890// 2833// 3891//
f 3891// 2833// 2832//
f 3891// 2832// 3892//
f 3892// 2832// 2831//
f 3892// 2831// 3893//
f 3893// 2831// 2822//
f 3893// 2822// 3894//
f 3894// 2822// 2821//
f 3894// 2821// 3895//
f 3895// 2821// 2830//
f 3895// 2830// 3896//
f 3896// 2830// 1163//
f 3889// 3210// 1146//
f 1146// 3210// 1188//
f 3184// 3897// 1186//
f 1186// 3897// 1183//
f 3898// 1166// 3899//
f 3899// 1166// 2820//
f 3899// 2820// 3900//
f 3900// 2820// 2819//
f 3900// 2819// 3901//
f 3901// 2819// 2818//
f 3901// 2818// 3902//
f 3902// 2818// 2802//
f 3902// 2802// 3903//
f 3903// 2802// 2801//
f 3903// 2801// 3904//
f 3904// 2801// 2800//
f 3904// 2800// 3897//
f 3897// 2800// 1183//
f 3898// 3896// 1166//
f 1166// 3896// 1163//
f 3184// 3210// 3897//
f 3897// 3210// 3889//
f 3897// 3889// 3896//
f 3896// 3889// 3890//
f 3896// 3890// 3891//
f 3891// 3892// 3896//
f 3896// 3892// 3893//
f 3896// 3893// 3895//
f 3895// 3893// 3894//
f 3896// 3898// 3897//
f 3897// 3898// 3899//
f 3897// 3899// 3900//
f 3900// 3901// 3897//
f 3897// 3901// 3902//
f 3897// 3902// 3904//
f 3904// 3902// 3903//
f 3905// 1058// 3906//
f 3906// 1058// 2755//
f 3906// 2755// 3907//
f 3907// 2755// 2783//
f 3907// 2783// 3908//
f 3908// 2783// 2784//
f 3908// 2784// 3909//
f 3909// 2784// 2761//
f 3909// 2761// 3910//
f 3910// 2761// 2760//
f 3910// 2760// 3911//
f 3911// 2760// 2747//
f 3911// 2747// 3912//
f 3912// 2747// 1075//
f 3905// 3203// 1058//
f 1058// 3203// 1100//
f 3204// 3913// 1098//
f 1098// 3913// 1095//
f 3914// 1078// 3915//
f 3915// 1078// 2751//
f 3915// 2751// 3916//
f 3916// 2751// 2777//
f 3916// 2777// 3917//
f 3917// 2777// 2778//
f 3917// 2778// 3918//
f 3918// 2778// 2787//
f 3918// 2787// 3919//
f 3919// 2787// 2786//
f 3919// 2786// 3920//
f 3920// 2786// 2785//
f 3920// 2785// 3913//
f 3913// 2785// 1095//
f 3914// 3912// 1078//
f 1078// 3912// 1075//
f 3204// 3203// 3913//
f 3913// 3203// 3905//
f 3907// 3908// 3909//
f 3910// 3905// 3909//
f 3909// 3905// 3906//
f 3909// 3906// 3907//
f 3910// 3911// 3905//
f 3905// 3911// 3912//
f 3905// 3912// 3913//
f 3913// 3912// 3914//
f 3913// 3914// 3915//
f 3917// 3918// 3919//
f 3915// 3916// 3913//
f 3913// 3916// 3917//
f 3913// 3917// 3920//
f 3920// 3917// 3919//
f 3921// 970// 3922//
f 3922// 970// 2766//
f 3922// 2766// 3923//
f 3923// 2766// 2765//
f 3923// 2765// 3924//
f 3924// 2765// 2762//
f 3924// 2762// 3925//
f 3925// 2762// 2763//
f 3925// 2763// 3926//
f 3926// 2763// 2764//
f 3926// 2764// 3927//
f 3927// 2764// 2775//
f 3927// 2775// 3928//
f 3928// 2775// 987//
f 3921// 3198// 970//
f 970// 3198// 1012//
f 3199// 3929// 1010//
f 1010// 3929// 1007//
f 3930// 990// 3931//
f 3931// 990// 2773//
f 3931// 2773// 3932//
f 3932// 2773// 2782//
f 3932// 2782// 3933//
f 3933// 2782// 2756//
f 3933// 2756// 3934//
f 3934// 2756// 2754//
f 3934// 2754// 3935//
f 3935// 2754// 2753//
f 3935// 2753// 3936//
f 3936// 2753// 2770//
f 3936// 2770// 3929//
f 3929// 2770// 1007//
f 3930// 3928// 990//
f 990// 3928// 987//
f 3199// 3198// 3929//
f 3929// 3198// 3921//
f 3923// 3924// 3925//
f 3926// 3921// 3925//
f 3925// 3921// 3922//
f 3925// 3922// 3923//
f 3926// 3927// 3921//
f 3921// 3927// 3928//
f 3921// 3928// 3929//
f 3929// 3928// 3930//
f 3929// 3930// 3931//
f 3933// 3934// 3935//
f 3931// 3932// 3929//
f 3929// 3932// 3933//
f 3929// 3933// 3936//
f 3936// 3933// 3935//
f 3937// 882// 3938//
f 3938// 882// 2874//
f 3938// 2874// 3939//
f 3939// 2874// 2881//
f 3939// 2881// 3940//
f 3940// 2881// 2880//
f 3940// 2880// 3941//
f 3941// 2880// 2879//
f 3941// 2879// 3942//
f 3942// 2879// 2891//
f 3942// 2891// 3943//
f 3943// 2891// 2890//
f 3943// 2890// 3944//
f 3944// 2890// 899//
f 3937// 3197// 882//
f 882// 3197// 924//
f 3196// 3945// 922//
f 922// 3945// 919//
f 3946// 902// 3947//
f 3947// 902// 2888//
f 3947// 2888// 3948//
f 3948// 2888// 2887//
f 3948// 2887// 3949//
f 3949// 2887// 2871//
f 3949// 2871// 3950//
f 3950// 2871// 2870//
f 3950// 2870// 3951//
f 3951// 2870// 2878//
f 3951// 2878// 3952//
f 3952// 2878// 2877//
f 3952// 2877// 3945//
f 3945// 2877// 919//
f 3946// 3944// 902//
f 902// 3944// 899//
f 3196// 3197// 3945//
f 3945// 3197// 3937//
f 3939// 3940// 3938//
f 3938// 3940// 3941//
f 3938// 3941// 3937//
f 3937// 3941// 3942//
f 3942// 3943// 3937//
f 3937// 3943// 3944//
f 3937// 3944// 3945//
f 3945// 3944// 3946//
f 3945// 3946// 3947//
f 3949// 3950// 3951//
f 3947// 3948// 3945//
f 3945// 3948// 3949//
f 3945// 3949// 3952//
f 3952// 3949// 3951//
f 3953// 794// 3954//
f 3954// 794// 2869//
f 3954// 2869// 3955//
f 3955// 2869// 2886//
f 3955// 2886// 3956//
f 3956// 2886// 2885//
f 3956// 2885// 3957//
f 3957// 2885// 2883//
f 3957// 2883// 3958//
f 3958// 2883// 2882//
f 3958// 2882// 3959//
f 3959// 2882// 2889//
f 3959// 2889// 3960//
f 3960// 2889// 811//
f 3953// 3188// 794//
f 794// 3188// 836//
f 3189// 3961// 834//
f 834// 3961// 831//
f 3962// 814// 3963//
f 3963// 814// 2892//
f 3963// 2892// 3964//
f 3964// 2892// 2876//
f 3964// 2876// 3965//
f 3965// 2876// 2875//
f 3965// 2875// 3966//
f 3966// 2875// 2873//
f 3966// 2873// 3967//
f 3967// 2873// 2872//
f 3967// 2872// 3968//
f 3968// 2872// 2893//
f 3968// 2893// 3961//
f 3961// 2893// 831//
f 3962// 3960// 814//
f 814// 3960// 811//
f 3189// 3188// 3961//
f 3961// 3188// 3953//
f 3962// 3961// 3960//
f 3960// 3961// 3953//
f 3960// 3953// 3959//
f 3955// 3956// 3954//
f 3954// 3956// 3957//
f 3954// 3957// 3953//
f 3953// 3957// 3958//
f 3953// 3958// 3959//
f 3962// 3963// 3961//
f 3961// 3963// 3964//
f 3961// 3964// 3965//
f 3966// 3967// 3965//
f 3965// 3967// 3968//
f 3965// 3968// 3961//
f 3969// 3970// 706//
f 706// 2908// 3969//
f 3969// 2908// 2906//
f 3969// 2906// 3971//
f 3971// 2906// 2905//
f 3971// 2905// 3972//
f 3972// 2905// 2903//
f 3972// 2903// 3973//
f 3973// 2903// 2902//
f 3973// 2902// 3974//
f 3974// 2902// 2900//
f 3974// 2900// 3975//
f 3975// 2900// 2899//
f 3975// 2899// 3976//
f 3976// 2899// 723//
f 3970// 3209// 706//
f 706// 3209// 748//
f 3212// 3977// 746//
f 746// 3977// 743//
f 3978// 726// 3979//
f 3979// 726// 2904//
f 3979// 2904// 3980//
f 3980// 2904// 2895//
f 3980// 2895// 3981//
f 3981// 2895// 2894//
f 3981// 2894// 3982//
f 3982// 2894// 2898//
f 3982// 2898// 3983//
f 3983// 2898// 2897//
f 3983// 2897// 3984//
f 3984// 2897// 2896//
f 3984// 2896// 3977//
f 3977// 2896// 743//
f 3978// 3976// 726//
f 726// 3976// 723//
f 3212// 3209// 3977//
f 3977// 3209// 3970//
f 3971// 3972// 3973//
f 3974// 3970// 3973//
f 3973// 3970// 3969//
f 3973// 3969// 3971//
f 3974// 3975// 3970//
f 3970// 3975// 3976//
f 3970// 3976// 3977//
f 3977// 3976// 3978//
f 3977// 3978// 3979//
f 3981// 3982// 3983//
f 3979// 3980// 3977//
f 3977// 3980// 3981//
f 3977// 3981// 3984//
f 3984// 3981// 3983//
f 3985// 618// 3986//
f 3986// 618// 2916//
f 3986// 2916// 3987//
f 3987// 2916// 2915//
f 3987// 2915// 3988//
f 3988// 2915// 2914//
f 3988// 2914// 3989//
f 3989// 2914// 2913//
f 3989// 2913// 3990//
f 3990// 2913// 2912//
f 3990// 2912// 3991//
f 3991// 2912// 2911//
f 3991// 2911// 3992//
f 3992// 2911// 635//
f 3985// 3201// 618//
f 618// 3201// 660//
f 3202// 3993// 658//
f 658// 3993// 655//
f 3994// 638// 3995//
f 3995// 638// 2920//
f 3995// 2920// 3996//
f 3996// 2920// 2910//
f 3996// 2910// 3997//
f 3997// 2910// 2909//
f 3997// 2909// 3998//
f 3998// 2909// 2919//
f 3998// 2919// 3999//
f 3999// 2919// 2918//
f 3999// 2918// 4000//
f 4000// 2918// 2917//
f 4000// 2917// 3993//
f 3993// 2917// 655//
f 3994// 3992// 638//
f 638// 3992// 635//
f 3202// 3201// 3993//
f 3993// 3201// 3985//
f 3987// 3988// 3989//
f 3990// 3985// 3989//
f 3989// 3985// 3986//
f 3989// 3986// 3987//
f 3990// 3991// 3985//
f 3985// 3991// 3992//
f 3985// 3992// 3993//
f 3993// 3992// 3994//
f 3993// 3994// 3995//
f 3997// 3998// 3999//
f 3995// 3996// 3993//
f 3993// 3996// 3997//
f 3993// 3997// 4000//
f 4000// 3997// 3999//
f 4001// 530// 4002//
f 4002// 530// 2601//
f 4002// 2601// 4003//
f 4003// 2601// 2610//
f 4003// 2610// 4004//
f 4004// 2610// 2609//
f 4004// 2609// 4005//
f 4005// 2609// 2655//
f 4005// 2655// 4006//
f 4006// 2655// 2654//
f 4006// 2654// 4007//
f 4007// 2654// 2653//
f 4007// 2653// 4008//
f 4008// 2653// 547//
f 4001// 3211// 530//
f 530// 3211// 572//
f 3208// 4009// 570//
f 570// 4009// 567//
f 4010// 550// 4011//
f 4011// 550// 2652//
f 4011// 2652// 4012//
f 4012// 2652// 2598//
f 4012// 2598// 4013//
f 4013// 2598// 2597//
f 4013// 2597// 4014//
f 4014// 2597// 2596//
f 4014// 2596// 4015//
f 4015// 2596// 2594//
f 4015// 2594// 4016//
f 4016// 2594// 2593//
f 4016// 2593// 4009//
f 4009// 2593// 567//
f 4010// 4008// 550//
f 550// 4008// 547//
f 3208// 3211// 4009//
f 4009// 3211// 4001//
f 4010// 4009// 4008//
f 4008// 4009// 4001//
f 4008// 4001// 4007//
f 4003// 4004// 4002//
f 4002// 4004// 4005//
f 4002// 4005// 4001//
f 4001// 4005// 4006//
f 4001// 4006// 4007//
f 4010// 4011// 4009//
f 4009// 4011// 4012//
f 4009// 4012// 4013//
f 4014// 4015// 4013//
f 4013// 4015// 4016//
f 4013// 4016// 4009//
f 4017// 442// 4018//
f 4018// 442// 2630//
f 4018// 2630// 4019//
f 4019// 2630// 2627//
f 4019// 2627// 4020//
f 4020// 2627// 2626//
f 4020// 2626// 4021//
f 4021// 2626// 2625//
f 4021// 2625// 4022//
f 4022// 2625// 2657//
f 4022// 2657// 4023//
f 4023// 2657// 2656//
f 4023// 2656// 4024//
f 4024// 2656// 459//
f 4017// 3205// 442//
f 442// 3205// 484//
f 3206// 4025// 482//
f 482// 4025// 479//
f 4026// 462// 4027//
f 4027// 462// 2644//
f 4027// 2644// 4028//
f 4028// 2644// 2611//
f 4028// 2611// 4029//
f 4029// 2611// 2612//
f 4029// 2612// 4030//
f 4030// 2612// 2600//
f 4030// 2600// 4031//
f 4031// 2600// 2599//
f 4031// 2599// 4032//
f 4032// 2599// 2662//
f 4032// 2662// 4025//
f 4025// 2662// 479//
f 4026// 4024// 462//
f 462// 4024// 459//
f 3206// 3205// 4025//
f 4025// 3205// 4017//
f 4019// 4020// 4021//
f 4019// 4021// 4018//
f 4026// 4025// 4024//
f 4024// 4025// 4017//
f 4024// 4017// 4023//
f 4018// 4021// 4017//
f 4017// 4021// 4022//
f 4017// 4022// 4023//
f 4026// 4027// 4025//
f 4025// 4027// 4028//
f 4025// 4028// 4029//
f 4030// 4031// 4029//
f 4029// 4031// 4032//
f 4029// 4032// 4025//
f 4033// 354// 4034//
f 4034// 354// 2607//
f 4034// 2607// 4035//
f 4035// 2607// 2670//
f 4035// 2670// 4036//
f 4036// 2670// 2669//
f 4036// 2669// 4037//
f 4037// 2669// 2639//
f 4037// 2639// 4038//
f 4038// 2639// 2638//
f 4038// 2638// 4039//
f 4039// 2638// 2637//
f 4039// 2637// 4040//
f 4040// 2637// 371//
f 4033// 3207// 354//
f 354// 3207// 396//
f 3200// 4041// 394//
f 394// 4041// 391//
f 4042// 374// 4043//
f 4043// 374// 2633//
f 4043// 2633// 4044//
f 4044// 2633// 2632//
f 4044// 2632// 4045//
f 4045// 2632// 2631//
f 4045// 2631// 4046//
f 4046// 2631// 2629//
f 4046// 2629// 4047//
f 4047// 2629// 2628//
f 4047// 2628// 4048//
f 4048// 2628// 2663//
f 4048// 2663// 4041//
f 4041// 2663// 391//
f 4042// 4040// 374//
f 374// 4040// 371//
f 3200// 3207// 4041//
f 4041// 3207// 4033//
f 4035// 4036// 4037//
f 4038// 4033// 4037//
f 4037// 4033// 4034//
f 4037// 4034// 4035//
f 4038// 4039// 4033//
f 4033// 4039// 4040//
f 4033// 4040// 4041//
f 4041// 4040// 4042//
f 4041// 4042// 4043//
f 4045// 4046// 4047//
f 4043// 4044// 4041//
f 4041// 4044// 4045//
f 4041// 4045// 4048//
f 4048// 4045// 4047//
f 4049// 266// 4050//
f 4050// 266// 2642//
f 4050// 2642// 4051//
f 4051// 2642// 2677//
f 4051// 2677// 4052//
f 4052// 2677// 2676//
f 4052// 2676// 4053//
f 4053// 2676// 2649//
f 4053// 2649// 4054//
f 4054// 2649// 2648//
f 4054// 2648// 4055//
f 4055// 2648// 2666//
f 4055// 2666// 4056//
f 4056// 2666// 283//
f 4049// 3192// 266//
f 266// 3192// 308//
f 3193// 4057// 306//
f 306// 4057// 303//
f 4058// 286// 4059//
f 4059// 286// 2658//
f 4059// 2658// 4060//
f 4060// 2658// 2671//
f 4060// 2671// 4061//
f 4061// 2671// 2608//
f 4061// 2608// 4062//
f 4062// 2608// 2606//
f 4062// 2606// 4063//
f 4063// 2606// 2605//
f 4063// 2605// 4064//
f 4064// 2605// 2651//
f 4064// 2651// 4057//
f 4057// 2651// 303//
f 4058// 4056// 286//
f 286// 4056// 283//
f 3193// 3192// 4057//
f 4057// 3192// 4049//
f 4051// 4052// 4053//
f 4054// 4049// 4053//
f 4053// 4049// 4050//
f 4053// 4050// 4051//
f 4054// 4055// 4049//
f 4049// 4055// 4056//
f 4049// 4056// 4057//
f 4057// 4056// 4058//
f 4057// 4058// 4059//
f 4061// 4062// 4063//
f 4059// 4060// 4057//
f 4057// 4060// 4061//
f 4057// 4061// 4064//
f 4064// 4061// 4063//
f 4065// 178// 4066//
f 4066// 178// 2589//
f 4066// 2589// 4067//
f 4067// 2589// 2591//
f 4067// 2591// 4068//
f 4068// 2591// 2659//
f 4068// 2659// 4069//
f 4069// 2659// 2660//
f 4069// 2660// 4070//
f 4070// 2660// 2661//
f 4070// 2661// 4071//
f 4071// 2661// 2672//
f 4071// 2672// 4072//
f 4072// 2672// 195//
f 4065// 3195// 178//
f 178// 3195// 220//
f 3194// 4073// 218//
f 218// 4073// 215//
f 4074// 198// 4075//
f 4075// 198// 2667//
f 4075// 2667// 4076//
f 4076// 2667// 2678//
f 4076// 2678// 4077//
f 4077// 2678// 2643//
f 4077// 2643// 4078//
f 4078// 2643// 2641//
f 4078// 2641// 4079//
f 4079// 2641// 2640//
f 4079// 2640// 4080//
f 4080// 2640// 2650//
f 4080// 2650// 4073//
f 4073// 2650// 215//
f 4074// 4072// 198//
f 198// 4072// 195//
f 3194// 3195// 4073//
f 4073// 3195// 4065//
f 4073// 4065// 4072//
f 4072// 4065// 4066//
f 4072// 4066// 4067//
f 4067// 4068// 4072//
f 4072// 4068// 4069//
f 4072// 4069// 4071//
f 4071// 4069// 4070//
f 4072// 4074// 4073//
f 4073// 4074// 4075//
f 4073// 4075// 4076//
f 4076// 4077// 4073//
f 4073// 4077// 4078//
f 4073// 4078// 4080//
f 4080// 4078// 4079//
f 4081// 46// 4082//
f 4082// 46// 2622//
f 4082// 2622// 4083//
f 4083// 2622// 2621//
f 4083// 2621// 4084//
f 4084// 2621// 2620//
f 4084// 2620// 4085//
f 4085// 2620// 2604//
f 4085// 2604// 4086//
f 4086// 2604// 2603//
f 4086// 2603// 4087//
f 4087// 2603// 2635//
f 4087// 2635// 4088//
f 4088// 2635// 63//
f 4081// 3186// 46//
f 46// 3186// 88//
f 3187// 4089// 86//
f 86// 4089// 83//
f 4090// 66// 4091//
f 4091// 66// 2619//
f 4091// 2619// 4092//
f 4092// 2619// 2618//
f 4092// 2618// 4093//
f 4093// 2618// 2616//
f 4093// 2616// 4094//
f 4094// 2616// 2592//
f 4094// 2592// 4095//
f 4095// 2592// 2590//
f 4095// 2590// 4096//
f 4096// 2590// 2636//
f 4096// 2636// 4089//
f 4089// 2636// 83//
f 4090// 4088// 66//
f 66// 4088// 63//
f 3187// 3186// 4089//
f 4089// 3186// 4081//
f 4089// 4081// 4088//
f 4088// 4081// 4082//
f 4088// 4082// 4083//
f 4083// 4084// 4088//
f 4088// 4084// 4085//
f 4088// 4085// 4087//
f 4087// 4085// 4086//
f 4088// 4090// 4089//
f 4089// 4090// 4091//
f 4089// 4091// 4092//
f 4092// 4093// 4089//
f 4089// 4093// 4094//
f 4089// 4094// 4096//
f 4096// 4094// 4095//
f 4097// 2422// 4098//
f 4098// 2422// 2863//
f 4098// 2863// 4099//
f 4099// 2863// 2427//
f 4099// 2427// 4100//
f 4100// 2427// 2861//
f 4100// 2861// 4101//
f 4101// 2861// 2433//
f 4101// 2433// 4102//
f 4102// 2433// 2867//
f 4102// 2867// 4103//
f 4103// 2867// 2439//
f 4097// 3159// 2422//
f 2422// 3159// 2464//
f 3160// 4104// 2462//
f 2462// 4104// 2459//
f 4105// 2442// 4106//
f 4106// 2442// 2860//
f 4106// 2860// 4107//
f 4107// 2860// 2447//
f 4107// 2447// 4108//
f 4108// 2447// 2866//
f 4108// 2866// 4109//
f 4109// 2866// 2453//
f 4109// 2453// 4110//
f 4110// 2453// 2864//
f 4110// 2864// 4104//
f 4104// 2864// 2459//
f 4105// 4103// 2442//
f 2442// 4103// 2439//
f 3160// 3159// 4104//
f 4104// 3159// 4097//
f 4099// 4103// 4098//
f 4098// 4103// 4097//
f 4106// 4107// 4104//
f 4099// 4100// 4103//
f 4103// 4100// 4101//
f 4103// 4101// 4102//
f 4097// 4103// 4104//
f 4104// 4103// 4105//
f 4104// 4105// 4106//
f 4107// 4108// 4104//
f 4104// 4108// 4109//
f 4104// 4109// 4110//
f 4111// 2334// 4112//
f 4112// 2334// 2865//
f 4112// 2865// 4113//
f 4113// 2865// 2339//
f 4113// 2339// 4114//
f 4114// 2339// 2868//
f 4114// 2868// 4115//
f 4115// 2868// 2345//
f 4115// 2345// 4116//
f 4116// 2345// 2859//
f 4116// 2859// 4117//
f 4117// 2859// 2351//
f 4111// 3165// 2334//
f 2334// 3165// 2376//
f 3161// 4118// 2374//
f 2374// 4118// 2371//
f 4119// 2354// 4120//
f 4120// 2354// 2854//
f 4120// 2854// 4121//
f 4121// 2854// 2359//
f 4121// 2359// 4122//
f 4122// 2359// 2853//
f 4122// 2853// 4123//
f 4123// 2853// 2365//
f 4123// 2365// 4124//
f 4124// 2365// 2840//
f 4124// 2840// 4118//
f 4118// 2840// 2371//
f 4119// 4117// 2354//
f 2354// 4117// 2351//
f 3161// 3165// 4118//
f 4118// 3165// 4111//
f 4113// 4117// 4112//
f 4112// 4117// 4111//
f 4120// 4121// 4118//
f 4113// 4114// 4117//
f 4117// 4114// 4115//
f 4117// 4115// 4116//
f 4111// 4117// 4118//
f 4118// 4117// 4119//
f 4118// 4119// 4120//
f 4121// 4122// 4118//
f 4118// 4122// 4123//
f 4118// 4123// 4124//
f 4125// 2246// 4126//
f 4126// 2246// 2841//
f 4126// 2841// 4127//
f 4127// 2841// 2251//
f 4127// 2251// 4128//
f 4128// 2251// 2858//
f 4128// 2858// 4129//
f 4129// 2858// 2257//
f 4129// 2257// 4130//
f 4130// 2257// 2839//
f 4130// 2839// 4131//
f 4131// 2839// 2263//
f 4125// 3163// 2246//
f 2246// 3163// 2288//
f 3164// 4132// 2286//
f 2286// 4132// 2283//
f 4133// 2266// 4134//
f 4134// 2266// 2837//
f 4134// 2837// 4135//
f 4135// 2837// 2271//
f 4135// 2271// 4136//
f 4136// 2271// 2825//
f 4136// 2825// 4137//
f 4137// 2825// 2277//
f 4137// 2277// 4138//
f 4138// 2277// 2823//
f 4138// 2823// 4132//
f 4132// 2823// 2283//
f 4133// 4131// 2266//
f 2266// 4131// 2263//
f 3163// 4125// 4131//
f 4131// 4125// 4126//
f 4131// 4126// 4127//
f 4127// 4128// 4131//
f 4131// 4128// 4129//
f 4131// 4129// 4130//
f 3163// 4131// 3164//
f 3164// 4131// 4133//
f 3164// 4133// 4132//
f 4132// 4133// 4134//
f 4132// 4134// 4135//
f 4135// 4136// 4132//
f 4132// 4136// 4137//
f 4132// 4137// 4138//
f 4139// 2158// 4140//
f 4140// 2158// 2824//
f 4140// 2824// 4141//
f 4141// 2824// 2163//
f 4141// 2163// 4142//
f 4142// 2163// 2803//
f 4142// 2803// 4143//
f 4143// 2803// 2169//
f 4143// 2169// 4144//
f 4144// 2169// 2795//
f 4144// 2795// 4145//
f 4145// 2795// 2175//
f 4139// 3174// 2158//
f 2158// 3174// 2200//
f 3171// 4146// 2198//
f 2198// 4146// 2195//
f 4147// 2178// 4148//
f 4148// 2178// 2798//
f 4148// 2798// 4149//
f 4149// 2798// 2183//
f 4149// 2183// 4150//
f 4150// 2183// 2794//
f 4150// 2794// 4151//
f 4151// 2794// 2189//
f 4151// 2189// 4152//
f 4152// 2189// 2792//
f 4152// 2792// 4146//
f 4146// 2792// 2195//
f 4147// 4145// 2178//
f 2178// 4145// 2175//
f 3174// 4139// 4145//
f 4145// 4139// 4140//
f 4145// 4140// 4141//
f 4141// 4142// 4145//
f 4145// 4142// 4143//
f 4145// 4143// 4144//
f 3174// 4145// 3171//
f 3171// 4145// 4147//
f 3171// 4147// 4146//
f 4146// 4147// 4148//
f 4146// 4148// 4149//
f 4149// 4150// 4146//
f 4146// 4150// 4151//
f 4146// 4151// 4152//
f 4153// 2070// 4154//
f 4154// 2070// 2793//
f 4154// 2793// 4155//
f 4155// 2793// 2075//
f 4155// 2075// 4156//
f 4156// 2075// 2788//
f 4156// 2788// 4157//
f 4157// 2788// 2081//
f 4157// 2081// 4158//
f 4158// 2081// 2774//
f 4158// 2774// 4159//
f 4159// 2774// 2087//
f 4153// 3172// 2070//
f 2070// 3172// 2112//
f 3173// 4160// 2110//
f 2110// 4160// 2107//
f 4161// 2090// 4162//
f 4162// 2090// 2817//
f 4162// 2817// 4163//
f 4163// 2817// 2095//
f 4163// 2095// 4164//
f 4164// 2095// 2816//
f 4164// 2816// 4165//
f 4165// 2816// 2101//
f 4165// 2101// 4166//
f 4166// 2101// 2856//
f 4166// 2856// 4160//
f 4160// 2856// 2107//
f 4161// 4159// 2090//
f 2090// 4159// 2087//
f 3172// 4153// 4159//
f 4159// 4153// 4154//
f 4159// 4154// 4155//
f 4155// 4156// 4159//
f 4159// 4156// 4157//
f 4159// 4157// 4158//
f 4165// 4166// 4164//
f 4164// 4166// 4160//
f 4164// 4160// 4163//
f 3172// 4159// 3173//
f 3173// 4159// 4161//
f 3173// 4161// 4160//
f 4160// 4161// 4162//
f 4160// 4162// 4163//
f 4167// 1982// 4168//
f 4168// 1982// 2855//
f 4168// 2855// 4169//
f 4169// 2855// 1987//
f 4169// 1987// 4170//
f 4170// 1987// 2838//
f 4170// 2838// 4171//
f 4171// 2838// 1993//
f 4171// 1993// 4172//
f 4172// 1993// 2797//
f 4172// 2797// 4173//
f 4173// 2797// 1999//
f 4167// 3178// 1982//
f 1982// 3178// 2024//
f 3175// 4174// 2022//
f 2022// 4174// 2019//
f 4175// 2002// 4176//
f 4176// 2002// 2809//
f 4176// 2809// 4177//
f 4177// 2809// 2007//
f 4177// 2007// 4178//
f 4178// 2007// 2808//
f 4178// 2808// 4179//
f 4179// 2808// 2013//
f 4179// 2013// 4180//
f 4180// 2013// 2843//
f 4180// 2843// 4174//
f 4174// 2843// 2019//
f 4175// 4173// 2002//
f 2002// 4173// 1999//
f 4173// 3178// 4167//
f 4169// 4170// 4168//
f 4168// 4170// 4171//
f 4168// 4171// 4167//
f 4167// 4171// 4172//
f 4167// 4172// 4173//
f 4179// 4180// 4178//
f 4178// 4180// 4174//
f 4178// 4174// 4177//
f 3178// 4173// 3175//
f 3175// 4173// 4175//
f 3175// 4175// 4174//
f 4174// 4175// 4176//
f 4174// 4176// 4177//
f 4181// 1894// 4182//
f 4182// 1894// 2807//
f 4182// 2807// 4183//
f 4183// 2807// 1899//
f 4183// 1899// 4184//
f 4184// 1899// 2806//
f 4184// 2806// 4185//
f 4185// 2806// 1905//
f 4185// 1905// 4186//
f 4186// 1905// 2805//
f 4186// 2805// 4187//
f 4187// 2805// 1911//
f 4181// 3176// 1894//
f 1894// 3176// 1936//
f 3177// 4188// 1934//
f 1934// 4188// 1931//
f 4189// 1914// 4190//
f 4190// 1914// 2804//
f 4190// 2804// 4191//
f 4191// 2804// 1919//
f 4191// 1919// 4192//
f 4192// 1919// 2815//
f 4192// 2815// 4193//
f 4193// 2815// 1925//
f 4193// 1925// 4194//
f 4194// 1925// 2844//
f 4194// 2844// 4188//
f 4188// 2844// 1931//
f 4189// 4187// 1914//
f 1914// 4187// 1911//
f 4187// 3176// 4181//
f 3176// 4187// 3177//
f 3177// 4187// 4189//
f 3177// 4189// 4188//
f 4183// 4184// 4182//
f 4182// 4184// 4185//
f 4182// 4185// 4181//
f 4181// 4185// 4186//
f 4181// 4186// 4187//
f 4189// 4190// 4188//
f 4188// 4190// 4191//
f 4188// 4191// 4194//
f 4194// 4191// 4192//
f 4194// 4192// 4193//
f 4195// 1806// 4196//
f 4196// 1806// 2814//
f 4196// 2814// 4197//
f 4197// 2814// 1811//
f 4197// 1811// 4198//
f 4198// 1811// 2829//
f 4198// 2829// 4199//
f 4199// 2829// 1817//
f 4199// 1817// 4200//
f 4200// 1817// 2813//
f 4200// 2813// 4201//
f 4201// 2813// 1823//
f 4195// 3182// 1806//
f 1806// 3182// 1848//
f 3179// 4202// 1846//
f 1846// 4202// 1843//
f 4203// 1826// 4204//
f 4204// 1826// 2799//
f 4204// 2799// 4205//
f 4205// 2799// 1831//
f 4205// 1831// 4206//
f 4206// 1831// 2826//
f 4206// 2826// 4207//
f 4207// 2826// 1837//
f 4207// 1837// 4208//
f 4208// 1837// 2827//
f 4208// 2827// 4202//
f 4202// 2827// 1843//
f 4203// 4201// 1826//
f 1826// 4201// 1823//
f 4201// 3182// 4195//
f 4197// 4198// 4196//
f 4196// 4198// 4199//
f 4196// 4199// 4195//
f 4195// 4199// 4200//
f 4195// 4200// 4201//
f 3182// 4201// 3179//
f 3179// 4201// 4203//
f 3179// 4203// 4202//
f 4202// 4203// 4204//
f 4202// 4204// 4205//
f 4205// 4206// 4202//
f 4202// 4206// 4207//
f 4202// 4207// 4208//
f 4209// 1718// 4210//
f 4210// 1718// 2842//
f 4210// 2842// 4211//
f 4211// 2842// 1723//
f 4211// 1723// 4212//
f 4212// 1723// 2828//
f 4212// 2828// 4213//
f 4213// 2828// 1729//
f 4213// 1729// 4214//
f 4214// 1729// 2812//
f 4214// 2812// 4215//
f 4215// 2812// 1735//
f 4209// 3180// 1718//
f 1718// 3180// 1760//
f 3181// 4216// 1758//
f 1758// 4216// 1755//
f 4217// 1738// 4218//
f 4218// 1738// 2790//
f 4218// 2790// 4219//
f 4219// 2790// 1743//
f 4219// 1743// 4220//
f 4220// 1743// 2791//
f 4220// 2791// 4221//
f 4221// 2791// 1749//
f 4221// 1749// 4222//
f 4222// 1749// 2811//
f 4222// 2811// 4216//
f 4216// 2811// 1755//
f 4217// 4215// 1738//
f 1738// 4215// 1735//
f 4215// 3180// 4209//
f 4211// 4212// 4210//
f 4210// 4212// 4213//
f 4210// 4213// 4209//
f 4209// 4213// 4214//
f 4209// 4214// 4215//
f 4221// 4222// 4220//
f 4220// 4222// 4216//
f 4220// 4216// 4219//
f 3180// 4215// 3181//
f 3181// 4215// 4217//
f 3181// 4217// 4216//
f 4216// 4217// 4218//
f 4216// 4218// 4219//
f 4223// 1630// 4224//
f 4224// 1630// 2810//
f 4224// 2810// 4225//
f 4225// 2810// 1635//
f 4225// 1635// 4226//
f 4226// 1635// 2796//
f 4226// 2796// 4227//
f 4227// 2796// 1641//
f 4227// 1641// 4228//
f 4228// 1641// 2781//
f 4228// 2781// 4229//
f 4229// 2781// 1647//
f 4223// 3183// 1630//
f 1630// 3183// 1672//
f 3158// 4230// 1670//
f 1670// 4230// 1667//
f 4231// 1650// 4232//
f 4232// 1650// 2789//
f 4232// 2789// 4233//
f 4233// 2789// 1655//
f 4233// 1655// 4234//
f 4234// 1655// 2780//
f 4234// 2780// 4235//
f 4235// 2780// 1661//
f 4235// 1661// 4236//
f 4236// 1661// 2779//
f 4236// 2779// 4230//
f 4230// 2779// 1667//
f 4231// 4229// 1650//
f 1650// 4229// 1647//
f 3158// 3183// 4230//
f 4230// 3183// 4223//
f 4230// 4223// 4229//
f 4229// 4231// 4230//
f 4230// 4231// 4232//
f 4230// 4232// 4233//
f 4233// 4234// 4230//
f 4230// 4234// 4235//
f 4230// 4235// 4236//
f 4225// 4226// 4224//
f 4224// 4226// 4227//
f 4224// 4227// 4223//
f 4223// 4227// 4228//
f 4223// 4228// 4229//
f 4237// 1542// 4238//
f 4238// 1542// 2771//
f 4238// 2771// 4239//
f 4239// 2771// 1547//
f 4239// 1547// 4240//
f 4240// 1547// 2772//
f 4240// 2772// 4241//
f 4241// 2772// 1553//
f 4241// 1553// 4242//
f 4242// 1553// 2776//
f 4242// 2776// 4243//
f 4243// 2776// 1559//
f 4237// 3154// 1542//
f 1542// 3154// 1584//
f 3155// 4244// 1582//
f 1582// 4244// 1579//
f 4245// 1562// 4246//
f 4246// 1562// 2767//
f 4246// 2767// 4247//
f 4247// 2767// 1567//
f 4247// 1567// 4248//
f 4248// 1567// 2759//
f 4248// 2759// 4249//
f 4249// 2759// 1573//
f 4249// 1573// 4250//
f 4250// 1573// 2758//
f 4250// 2758// 4244//
f 4244// 2758// 1579//
f 4245// 4243// 1562//
f 1562// 4243// 1559//
f 3155// 3154// 4244//
f 4244// 3154// 4237//
f 4239// 4243// 4238//
f 4238// 4243// 4237//
f 4246// 4247// 4244//
f 4239// 4240// 4243//
f 4243// 4240// 4241//
f 4243// 4241// 4242//
f 4237// 4243// 4244//
f 4244// 4243// 4245//
f 4244// 4245// 4246//
f 4247// 4248// 4244//
f 4244// 4248// 4249//
f 4244// 4249// 4250//
f 4251// 1454// 4252//
f 4252// 1454// 2750//
f 4252// 2750// 4253//
f 4253// 2750// 1459//
f 4253// 1459// 4254//
f 4254// 1459// 2752//
f 4254// 2752// 4255//
f 4255// 2752// 1465//
f 4255// 1465// 4256//
f 4256// 1465// 2757//
f 4256// 2757// 4257//
f 4257// 2757// 1471//
f 4251// 3167// 1454//
f 1454// 3167// 1496//
f 3166// 4258// 1494//
f 1494// 4258// 1491//
f 4259// 1474// 4260//
f 4260// 1474// 2746//
f 4260// 2746// 4261//
f 4261// 2746// 1479//
f 4261// 1479// 4262//
f 4262// 1479// 2743//
f 4262// 2743// 4263//
f 4263// 2743// 1485//
f 4263// 1485// 4264//
f 4264// 1485// 2741//
f 4264// 2741// 4258//
f 4258// 2741// 1491//
f 4259// 4257// 1474//
f 1474// 4257// 1471//
f 3167// 4251// 4257//
f 4257// 4251// 4252//
f 4257// 4252// 4253//
f 4253// 4254// 4257//
f 4257// 4254// 4255//
f 4257// 4255// 4256//
f 3167// 4257// 3166//
f 3166// 4257// 4259//
f 3166// 4259// 4258//
f 4258// 4259// 4260//
f 4258// 4260// 4261//
f 4261// 4262// 4258//
f 4258// 4262// 4263//
f 4258// 4263// 4264//
f 4265// 1366// 4266//
f 4266// 1366// 2742//
f 4266// 2742// 4267//
f 4267// 2742// 1371//
f 4267// 1371// 4268//
f 4268// 1371// 2768//
f 4268// 2768// 4269//
f 4269// 2768// 1377//
f 4269// 1377// 4270//
f 1383// 4271// 2740//
f 2740// 4271// 4270//
f 2740// 4270// 2769//
f 2769// 4270// 1377//
f 4265// 3170// 1366//
f 1366// 3170// 1408//
f 3162// 4272// 1406//
f 1406// 4272// 1403//
f 4273// 1386// 4274//
f 4274// 1386// 3018//
f 4274// 3018// 4275//
f 4275// 3018// 1391//
f 4275// 1391// 4276//
f 4276// 1391// 3017//
f 4276// 3017// 4277//
f 3017// 1397// 4277//
f 4277// 1397// 3020//
f 4277// 3020// 4278//
f 4278// 3020// 3022//
f 4278// 3022// 4272//
f 4272// 3022// 1403//
f 4273// 4271// 1386//
f 1386// 4271// 1383//
f 3162// 3170// 4272//
f 4272// 3170// 4265//
f 4267// 4271// 4266//
f 4266// 4271// 4265//
f 4274// 4275// 4272//
f 4267// 4268// 4271//
f 4271// 4268// 4269//
f 4271// 4269// 4270//
f 4265// 4271// 4272//
f 4272// 4271// 4273//
f 4272// 4273// 4274//
f 4275// 4276// 4272//
f 4272// 4276// 4277//
f 4272// 4277// 4278//
f 4279// 1278// 4280//
f 4280// 1278// 3021//
f 4280// 3021// 4281//
f 4281// 3021// 1283//
f 4281// 1283// 4282//
f 4282// 1283// 3019//
f 4282// 3019// 4283//
f 4283// 3019// 1289//
f 4283// 1289// 4284//
f 1295// 4285// 3029//
f 3029// 4285// 4284//
f 3029// 4284// 3030//
f 3030// 4284// 1289//
f 4279// 3169// 1278//
f 1278// 3169// 1320//
f 3168// 4286// 1318//
f 1318// 4286// 1315//
f 4287// 1298// 4288//
f 4288// 1298// 3058//
f 4288// 3058// 4289//
f 4289// 3058// 1303//
f 4289// 1303// 4290//
f 4290// 1303// 3044//
f 4290// 3044// 4291//
f 4291// 3044// 1309//
f 4291// 1309// 4292//
f 4292// 1309// 3050//
f 4292// 3050// 4286//
f 4286// 3050// 1315//
f 4287// 4285// 1298//
f 1298// 4285// 1295//
f 3168// 3169// 4286//
f 4286// 3169// 4279//
f 4281// 4285// 4280//
f 4280// 4285// 4279//
f 4288// 4289// 4286//
f 4281// 4282// 4285//
f 4285// 4282// 4283//
f 4285// 4283// 4284//
f 4279// 4285// 4286//
f 4286// 4285// 4287//
f 4286// 4287// 4288//
f 4289// 4290// 4286//
f 4286// 4290// 4291//
f 4286// 4291// 4292//
f 4293// 4294// 2467//
f 2467// 4294// 2468//
f 4295// 2504// 4296//
f 4296// 2504// 2505//
f 4296// 2505// 4297//
f 4297// 2505// 2507//
f 4297// 2507// 4298//
f 4298// 2507// 2509//
f 4298// 2509// 4299//
f 4299// 2509// 2511//
f 4299// 2511// 4300//
f 4300// 2511// 2513//
f 4300// 2513// 4301//
f 4301// 2513// 2515//
f 4301// 2515// 4294//
f 4294// 2515// 2468//
f 2501// 2749// 4302//
f 4302// 2749// 2884//
f 2884// 2901// 4302//
f 4302// 2901// 2907//
f 4302// 2907// 4295//
f 4295// 2907// 2595//
f 4295// 2595// 2504//
f 4303// 2488// 4304//
f 4304// 2488// 2489//
f 4304// 2489// 4305//
f 4305// 2489// 2491//
f 4305// 2491// 4306//
f 4306// 2491// 2493//
f 4306// 2493// 4307//
f 4307// 2493// 2495//
f 4307// 2495// 4308//
f 4308// 2495// 2497//
f 4308// 2497// 4309//
f 4309// 2497// 2499//
f 4309// 2499// 4302//
f 4302// 2499// 2501//
f 4303// 4310// 2488//
f 2488// 4310// 2485//
f 4311// 2472// 4312//
f 4312// 2472// 2473//
f 4312// 2473// 4313//
f 4313// 2473// 2475//
f 4313// 2475// 4314//
f 4314// 2475// 2477//
f 4314// 2477// 4315//
f 4315// 2477// 2479//
f 4315// 2479// 4316//
f 4316// 2479// 2481//
f 4316// 2481// 4317//
f 4317// 2481// 2483//
f 4317// 2483// 4310//
f 4310// 2483// 2485//
f 2745// 2472// 4311//
f 4318// 2470// 2735//
f 2735// 2737// 4318//
f 4318// 2737// 2738//
f 4318// 2738// 4311//
f 4311// 2738// 2739//
f 4311// 2739// 2745//
f 4318// 4293// 2470//
f 2470// 4293// 2467//
f 4295// 4318// 4302//
f 4302// 4318// 4311//
f 4315// 4316// 4311//
f 4295// 4299// 4300//
f 4305// 4306// 4302//
f 4295// 4296// 4299//
f 4299// 4296// 4297//
f 4299// 4297// 4298//
f 4293// 4318// 4294//
f 4294// 4318// 4295//
f 4294// 4295// 4301//
f 4301// 4295// 4300//
f 4305// 4302// 4304//
f 4315// 4311// 4314//
f 4314// 4311// 4312//
f 4314// 4312// 4313//
f 4316// 4317// 4311//
f 4311// 4317// 4310//
f 4311// 4310// 4302//
f 4302// 4310// 4303//
f 4302// 4303// 4304//
f 4306// 4307// 4302//
f 4302// 4307// 4308//
f 4302// 4308// 4309//
usemtl 1
f 3661// 3258// 4//
f 4// 3258// 3//
f 3661// 4// 4319//
f 3661// 4319// 4320//
f 4320// 4319// 4321//
f 4320// 4321// 4322//
f 4322// 4321// 4323//
f 4322// 4323// 4324//
f 4324// 4323// 4325//
f 4324// 4325// 4326//
f 4326// 4325// 4327//
f 4326// 4327// 4328//
f 4328// 4327// 4329//
f 4328// 4329// 4330//
f 4330// 4329// 4331//
f 4330// 4331// 4332//
f 4332// 4331// 28//
f 4332// 28// 3662//
f 3669// 3662// 25//
f 25// 3662// 28//
f 3669// 25// 4333//
f 3669// 4333// 4334//
f 4334// 4333// 4335//
f 4334// 4335// 4336//
f 4336// 4335// 4337//
f 4336// 4337// 4338//
f 4338// 4337// 4339//
f 4338// 4339// 4340//
f 4340// 4339// 4341//
f 4340// 4341// 4342//
f 4342// 4341// 4343//
f 4342// 4343// 4344//
f 4344// 4343// 4345//
f 4344// 4345// 4346//
f 4346// 4345// 8//
f 4346// 8// 3670//
f 3259// 3670// 6//
f 6// 3670// 8//
f 3258// 3259// 3//
f 3// 3259// 6//
f 3258// 3661// 3662//
f 3662// 3661// 4320//
f 3662// 4320// 4332//
f 4332// 4320// 4322//
f 4332// 4322// 4324//
f 4324// 4326// 4332//
f 4332// 4326// 4328//
f 4332// 4328// 4330//
f 3258// 3662// 3259//
f 3259// 3662// 3669//
f 3259// 3669// 3670//
f 3670// 3669// 4334//
f 3670// 4334// 4346//
f 4346// 4334// 4336//
f 4346// 4336// 4338//
f 4338// 4340// 4346//
f 4346// 4340// 4342//
f 4346// 4342// 4344//
f 6// 8// 25//
f 25// 8// 4345//
f 25// 4345// 4333//
f 4333// 4345// 4343//
f 4333// 4343// 4341//
f 4341// 4339// 4333//
f 4333// 4339// 4337//
f 4333// 4337// 4335//
f 6// 25// 3//
f 3// 25// 28//
f 3// 28// 4//
f 4// 28// 4331//
f 4// 4331// 4319//
f 4319// 4331// 4329//
f 4319// 4329// 4327//
f 4327// 4325// 4319//
f 4319// 4325// 4323//
f 4319// 4323// 4321//
f 4088// 63// 4347//
f 4088// 4347// 4348//
f 4348// 4347// 4349//
f 4348// 4349// 4350//
f 4350// 4349// 4351//
f 4350// 4351// 4352//
f 4352// 4351// 4353//
f 4352// 4353// 4354//
f 4354// 4353// 4355//
f 4354// 4355// 4356//
f 4356// 4355// 4357//
f 4356// 4357// 4358//
f 4358// 4357// 4359//
f 4358// 4359// 4360//
f 4360// 4359// 46//
f 4360// 46// 4081//
f 3186// 4081// 88//
f 88// 4081// 46//
f 3187// 3186// 86//
f 86// 3186// 88//
f 4089// 3187// 83//
f 83// 3187// 86//
f 4089// 83// 4361//
f 4089// 4361// 4362//
f 4362// 4361// 4363//
f 4362// 4363// 4364//
f 4364// 4363// 4365//
f 4364// 4365// 4366//
f 4366// 4365// 4367//
f 4366// 4367// 4368//
f 4368// 4367// 4369//
f 4368// 4369// 4370//
f 4370// 4369// 4371//
f 4370// 4371// 4372//
f 4372// 4371// 4373//
f 4372// 4373// 4374//
f 4374// 4373// 66//
f 4374// 66// 4090//
f 4088// 4090// 63//
f 63// 4090// 66//
f 3187// 4089// 4090//
f 4090// 4089// 4362//
f 4090// 4362// 4374//
f 4374// 4362// 4364//
f 4374// 4364// 4366//
f 4366// 4368// 4374//
f 4374// 4368// 4370//
f 4374// 4370// 4372//
f 3187// 4090// 3186//
f 3186// 4090// 4088//
f 3186// 4088// 4081//
f 4081// 4088// 4348//
f 4081// 4348// 4360//
f 4360// 4348// 4350//
f 4360// 4350// 4352//
f 4352// 4354// 4360//
f 4360// 4354// 4356//
f 4360// 4356// 4358//
f 88// 46// 63//
f 63// 46// 4359//
f 63// 4359// 4347//
f 4347// 4359// 4357//
f 4347// 4357// 4355//
f 4355// 4353// 4347//
f 4347// 4353// 4351//
f 4347// 4351// 4349//
f 88// 63// 86//
f 86// 63// 66//
f 86// 66// 83//
f 83// 66// 4373//
f 83// 4373// 4361//
f 4361// 4373// 4371//
f 4361// 4371// 4369//
f 4369// 4367// 4361//
f 4361// 4367// 4365//
f 4361// 4365// 4363//
f 3216// 3215// 92//
f 92// 3215// 91//
f 3859// 3216// 131//
f 131// 3216// 92//
f 3859// 131// 4375//
f 3859// 4375// 4376//
f 4376// 4375// 4377//
f 4376// 4377// 4378//
f 4378// 4377// 4379//
f 4378// 4379// 4380//
f 4380// 4379// 3010//
f 4380// 3010// 3862//
f 3862// 3010// 4381//
f 3862// 4381// 4382//
f 4382// 4381// 4383//
f 4382// 4383// 4384//
f 4384// 4383// 4385//
f 4384// 4385// 4386//
f 4386// 4385// 114//
f 4386// 114// 3865//
f 3866// 3865// 111//
f 111// 3865// 114//
f 3866// 111// 4387//
f 3866// 4387// 4388//
f 4388// 4387// 4389//
f 4388// 4389// 4390//
f 4390// 4389// 4391//
f 4390// 4391// 4392//
f 4392// 4391// 2949//
f 4392// 2949// 3870//
f 3870// 2949// 4393//
f 3870// 4393// 4394//
f 4394// 4393// 4395//
f 4394// 4395// 4396//
f 4396// 4395// 4397//
f 4396// 4397// 4398//
f 4398// 4397// 94//
f 4398// 94// 3867//
f 3215// 3867// 91//
f 91// 3867// 94//
f 3215// 3216// 3867//
f 3867// 3216// 3859//
f 4380// 3862// 4378//
f 4378// 3862// 4376//
f 4384// 4386// 3859//
f 3859// 4386// 3865//
f 3859// 3865// 3867//
f 3867// 3865// 3866//
f 3867// 3866// 4398//
f 4398// 3866// 4396//
f 4376// 3862// 3859//
f 3859// 3862// 4382//
f 3859// 4382// 4384//
f 4392// 3870// 4390//
f 4390// 3870// 4388//
f 4388// 3870// 3866//
f 3866// 3870// 4394//
f 3866// 4394// 4396//
f 92// 91// 131//
f 131// 91// 94//
f 4393// 2949// 4395//
f 4395// 2949// 4397//
f 4389// 4387// 94//
f 94// 4387// 111//
f 94// 111// 131//
f 131// 111// 114//
f 131// 114// 4375//
f 4375// 114// 4377//
f 4397// 2949// 94//
f 94// 2949// 4391//
f 94// 4391// 4389//
f 4381// 3010// 4383//
f 4383// 3010// 4385//
f 4385// 3010// 114//
f 114// 3010// 4379//
f 114// 4379// 4377//
f 3257// 3269// 136//
f 136// 3269// 135//
f 3645// 3257// 175//
f 175// 3257// 136//
f 3645// 175// 4399//
f 3645// 4399// 4400//
f 4400// 4399// 4401//
f 4400// 4401// 4402//
f 4402// 4401// 4403//
f 4402// 4403// 4404//
f 4404// 4403// 4405//
f 4404// 4405// 4406//
f 4406// 4405// 4407//
f 4406// 4407// 4408//
f 4408// 4407// 4409//
f 4408// 4409// 4410//
f 4410// 4409// 4411//
f 4410// 4411// 4412//
f 4412// 4411// 158//
f 4412// 158// 3646//
f 3653// 3646// 155//
f 155// 3646// 158//
f 3653// 155// 4413//
f 3653// 4413// 4414//
f 4414// 4413// 4415//
f 4414// 4415// 4416//
f 4416// 4415// 4417//
f 4416// 4417// 4418//
f 4418// 4417// 4419//
f 4418// 4419// 4420//
f 4420// 4419// 4421//
f 4420// 4421// 4422//
f 4422// 4421// 4423//
f 4422// 4423// 4424//
f 4424// 4423// 4425//
f 4424// 4425// 4426//
f 4426// 4425// 138//
f 4426// 138// 3654//
f 3269// 3654// 135//
f 135// 3654// 138//
f 3257// 3645// 3646//
f 3646// 3645// 4400//
f 3646// 4400// 4412//
f 4412// 4400// 4402//
f 4412// 4402// 4404//
f 4404// 4406// 4412//
f 4412// 4406// 4408//
f 4412// 4408// 4410//
f 3257// 3646// 3269//
f 3269// 3646// 3653//
f 3269// 3653// 3654//
f 3654// 3653// 4414//
f 3654// 4414// 4426//
f 4426// 4414// 4416//
f 4426// 4416// 4418//
f 4418// 4420// 4426//
f 4426// 4420// 4422//
f 4426// 4422// 4424//
f 135// 138// 155//
f 155// 138// 4425//
f 155// 4425// 4413//
f 4413// 4425// 4423//
f 4413// 4423// 4421//
f 4421// 4419// 4413//
f 4413// 4419// 4417//
f 4413// 4417// 4415//
f 135// 155// 136//
f 136// 155// 158//
f 136// 158// 175//
f 175// 158// 4411//
f 175// 4411// 4399//
f 4399// 4411// 4409//
f 4399// 4409// 4407//
f 4407// 4405// 4399//
f 4399// 4405// 4403//
f 4399// 4403// 4401//
f 4072// 195// 4427//
f 4072// 4427// 4428//
f 4428// 4427// 4429//
f 4428// 4429// 4430//
f 4430// 4429// 4431//
f 4430// 4431// 4432//
f 4432// 4431// 4433//
f 4432// 4433// 4434//
f 4434// 4433// 4435//
f 4434// 4435// 4436//
f 4436// 4435// 4437//
f 4436// 4437// 4438//
f 4438// 4437// 4439//
f 4438// 4439// 4440//
f 4440// 4439// 178//
f 4440// 178// 4065//
f 3195// 4065// 220//
f 220// 4065// 178//
f 3194// 3195// 218//
f 218// 3195// 220//
f 4073// 3194// 215//
f 215// 3194// 218//
f 4073// 215// 4441//
f 4073// 4441// 4442//
f 4442// 4441// 4443//
f 4442// 4443// 4444//
f 4444// 4443// 4445//
f 4444// 4445// 4446//
f 4446// 4445// 4447//
f 4446// 4447// 4448//
f 4448// 4447// 4449//
f 4448// 4449// 4450//
f 4450// 4449// 4451//
f 4450// 4451// 4452//
f 4452// 4451// 4453//
f 4452// 4453// 4454//
f 4454// 4453// 198//
f 4454// 198// 4074//
f 4072// 4074// 195//
f 195// 4074// 198//
f 3194// 4073// 4074//
f 4074// 4073// 4442//
f 4074// 4442// 4454//
f 4454// 4442// 4444//
f 4454// 4444// 4446//
f 4446// 4448// 4454//
f 4454// 4448// 4450//
f 4454// 4450// 4452//
f 3194// 4074// 3195//
f 3195// 4074// 4072//
f 3195// 4072// 4065//
f 4065// 4072// 4428//
f 4065// 4428// 4440//
f 4440// 4428// 4430//
f 4440// 4430// 4432//
f 4432// 4434// 4440//
f 4440// 4434// 4436//
f 4440// 4436// 4438//
f 220// 178// 195//
f 195// 178// 4439//
f 195// 4439// 4427//
f 4427// 4439// 4437//
f 4427// 4437// 4435//
f 4435// 4433// 4427//
f 4427// 4433// 4431//
f 4427// 4431// 4429//
f 220// 195// 218//
f 218// 195// 198//
f 218// 198// 215//
f 215// 198// 4453//
f 215// 4453// 4441//
f 4441// 4453// 4451//
f 4441// 4451// 4449//
f 4449// 4447// 4441//
f 4441// 4447// 4445//
f 4441// 4445// 4443//
f 3266// 3265// 224//
f 224// 3265// 223//
f 3629// 3266// 263//
f 263// 3266// 224//
f 3629// 263// 4455//
f 3629// 4455// 4456//
f 4456// 4455// 4457//
f 4456// 4457// 4458//
f 4458// 4457// 4459//
f 4458// 4459// 4460//
f 4460// 4459// 4461//
f 4460// 4461// 4462//
f 4462// 4461// 4463//
f 4462// 4463// 4464//
f 4464// 4463// 4465//
f 4464// 4465// 4466//
f 4466// 4465// 4467//
f 4466// 4467// 4468//
f 4468// 4467// 246//
f 4468// 246// 3630//
f 3637// 3630// 243//
f 243// 3630// 246//
f 3637// 243// 4469//
f 3637// 4469// 4470//
f 4470// 4469// 4471//
f 4470// 4471// 4472//
f 4472// 4471// 4473//
f 4472// 4473// 4474//
f 4474// 4473// 4475//
f 4474// 4475// 4476//
f 4476// 4475// 4477//
f 4476// 4477// 4478//
f 4478// 4477// 4479//
f 4478// 4479// 4480//
f 4480// 4479// 4481//
f 4480// 4481// 4482//
f 4482// 4481// 226//
f 4482// 226// 3638//
f 3265// 3638// 223//
f 223// 3638// 226//
f 3265// 3266// 3638//
f 3638// 3266// 3629//
f 4458// 4460// 4468//
f 4478// 4480// 3637//
f 4472// 4474// 4476//
f 4480// 4482// 3637//
f 3637// 4482// 3638//
f 3637// 3638// 3630//
f 3630// 3638// 3629//
f 3630// 3629// 4468//
f 4468// 3629// 4456//
f 4468// 4456// 4458//
f 4460// 4462// 4468//
f 4468// 4462// 4464//
f 4468// 4464// 4466//
f 4478// 3637// 4476//
f 4476// 3637// 4470//
f 4476// 4470// 4472//
f 224// 223// 263//
f 263// 223// 226//
f 263// 226// 243//
f 243// 226// 4481//
f 4481// 4479// 243//
f 243// 4479// 4477//
f 243// 4477// 4475//
f 4473// 4471// 4475//
f 4475// 4471// 4469//
f 4475// 4469// 243//
f 4467// 4465// 4463//
f 4463// 4461// 4467//
f 4467// 4461// 4459//
f 4467// 4459// 4457//
f 243// 246// 263//
f 263// 246// 4467//
f 263// 4467// 4455//
f 4455// 4467// 4457//
f 4056// 283// 4483//
f 4056// 4483// 4484//
f 4484// 4483// 4485//
f 4484// 4485// 4486//
f 4486// 4485// 4487//
f 4486// 4487// 4488//
f 4488// 4487// 4489//
f 4488// 4489// 4490//
f 4490// 4489// 4491//
f 4490// 4491// 4492//
f 4492// 4491// 4493//
f 4492// 4493// 4494//
f 4494// 4493// 4495//
f 4494// 4495// 4496//
f 4496// 4495// 266//
f 4496// 266// 4049//
f 3192// 4049// 308//
f 308// 4049// 266//
f 3193// 3192// 306//
f 306// 3192// 308//
f 4057// 3193// 303//
f 303// 3193// 306//
f 4057// 303// 4497//
f 4057// 4497// 4498//
f 4498// 4497// 4499//
f 4498// 4499// 4500//
f 4500// 4499// 4501//
f 4500// 4501// 4502//
f 4502// 4501// 4503//
f 4502// 4503// 4504//
f 4504// 4503// 4505//
f 4504// 4505// 4506//
f 4506// 4505// 4507//
f 4506// 4507// 4508//
f 4508// 4507// 4509//
f 4508// 4509// 4510//
f 4510// 4509// 286//
f 4510// 286// 4058//
f 4056// 4058// 283//
f 283// 4058// 286//
f 3192// 3193// 4049//
f 4049// 3193// 4057//
f 4508// 4510// 4057//
f 4057// 4510// 4058//
f 4057// 4058// 4049//
f 4049// 4058// 4056//
f 4049// 4056// 4484//
f 4502// 4057// 4500//
f 4500// 4057// 4498//
f 4502// 4504// 4057//
f 4057// 4504// 4506//
f 4057// 4506// 4508//
f 4484// 4486// 4049//
f 4049// 4486// 4488//
f 4049// 4488// 4490//
f 4490// 4492// 4049//
f 4049// 4492// 4494//
f 4049// 4494// 4496//
f 306// 308// 303//
f 303// 308// 266//
f 4485// 4483// 266//
f 266// 4483// 283//
f 266// 283// 303//
f 303// 283// 286//
f 303// 286// 4509//
f 4491// 266// 4493//
f 4493// 266// 4495//
f 4491// 4489// 266//
f 266// 4489// 4487//
f 266// 4487// 4485//
f 4509// 4507// 303//
f 303// 4507// 4505//
f 303// 4505// 4503//
f 4503// 4501// 303//
f 303// 4501// 4499//
f 303// 4499// 4497//
f 3267// 3268// 312//
f 312// 3268// 311//
f 3613// 3267// 351//
f 351// 3267// 312//
f 3613// 351// 4511//
f 3613// 4511// 4512//
f 4512// 4511// 4513//
f 4512// 4513// 4514//
f 4514// 4513// 4515//
f 4514// 4515// 4516//
f 4516// 4515// 4517//
f 4516// 4517// 4518//
f 4518// 4517// 4519//
f 4518// 4519// 4520//
f 4520// 4519// 4521//
f 4520// 4521// 4522//
f 4522// 4521// 4523//
f 4522// 4523// 4524//
f 4524// 4523// 334//
f 4524// 334// 3614//
f 3621// 3614// 331//
f 331// 3614// 334//
f 3621// 331// 4525//
f 3621// 4525// 4526//
f 4526// 4525// 4527//
f 4526// 4527// 4528//
f 4528// 4527// 4529//
f 4528// 4529// 4530//
f 4530// 4529// 4531//
f 4530// 4531// 4532//
f 4532// 4531// 4533//
f 4532// 4533// 4534//
f 4534// 4533// 4535//
f 4534// 4535// 4536//
f 4536// 4535// 4537//
f 4536// 4537// 4538//
f 4538// 4537// 314//
f 4538// 314// 3622//
f 3268// 3622// 311//
f 311// 3622// 314//
f 3268// 3267// 3622//
f 3622// 3267// 3613//
f 4514// 4516// 4524//
f 4534// 4536// 3621//
f 4528// 4530// 4532//
f 4536// 4538// 3621//
f 3621// 4538// 3622//
f 3621// 3622// 3614//
f 3614// 3622// 3613//
f 3614// 3613// 4524//
f 4524// 3613// 4512//
f 4524// 4512// 4514//
f 4516// 4518// 4524//
f 4524// 4518// 4520//
f 4524// 4520// 4522//
f 4534// 3621// 4532//
f 4532// 3621// 4526//
f 4532// 4526// 4528//
f 312// 311// 351//
f 351// 311// 314//
f 351// 314// 331//
f 331// 314// 4537//
f 4537// 4535// 331//
f 331// 4535// 4533//
f 331// 4533// 4531//
f 4529// 4527// 4531//
f 4531// 4527// 4525//
f 4531// 4525// 331//
f 4523// 4521// 4519//
f 4519// 4517// 4523//
f 4523// 4517// 4515//
f 4523// 4515// 4513//
f 331// 334// 351//
f 351// 334// 4523//
f 351// 4523// 4511//
f 4511// 4523// 4513//
f 4040// 371// 4539//
f 4040// 4539// 4540//
f 4540// 4539// 4541//
f 4540// 4541// 4542//
f 4542// 4541// 4543//
f 4542// 4543// 4544//
f 4544// 4543// 4545//
f 4544// 4545// 4546//
f 4546// 4545// 4547//
f 4546// 4547// 4548//
f 4548// 4547// 4549//
f 4548// 4549// 4550//
f 4550// 4549// 4551//
f 4550// 4551// 4552//
f 4552// 4551// 354//
f 4552// 354// 4033//
f 3207// 4033// 396//
f 396// 4033// 354//
f 3200// 3207// 394//
f 394// 3207// 396//
f 4041// 3200// 391//
f 391// 3200// 394//
f 4041// 391// 4553//
f 4041// 4553// 4554//
f 4554// 4553// 4555//
f 4554// 4555// 4556//
f 4556// 4555// 4557//
f 4556// 4557// 4558//
f 4558// 4557// 4559//
f 4558// 4559// 4560//
f 4560// 4559// 4561//
f 4560// 4561// 4562//
f 4562// 4561// 4563//
f 4562// 4563// 4564//
f 4564// 4563// 4565//
f 4564// 4565// 4566//
f 4566// 4565// 374//
f 4566// 374// 4042//
f 4040// 4042// 371//
f 371// 4042// 374//
f 3207// 3200// 4033//
f 4033// 3200// 4041//
f 4564// 4566// 4041//
f 4041// 4566// 4042//
f 4041// 4042// 4033//
f 4033// 4042// 4040//
f 4033// 4040// 4540//
f 4558// 4041// 4556//
f 4556// 4041// 4554//
f 4558// 4560// 4041//
f 4041// 4560// 4562//
f 4041// 4562// 4564//
f 4540// 4542// 4033//
f 4033// 4542// 4544//
f 4033// 4544// 4546//
f 4546// 4548// 4033//
f 4033// 4548// 4550//
f 4033// 4550// 4552//
f 394// 396// 391//
f 391// 396// 354//
f 4541// 4539// 354//
f 354// 4539// 371//
f 354// 371// 391//
f 391// 371// 374//
f 391// 374// 4565//
f 4547// 354// 4549//
f 4549// 354// 4551//
f 4547// 4545// 354//
f 354// 4545// 4543//
f 354// 4543// 4541//
f 4565// 4563// 391//
f 391// 4563// 4561//
f 391// 4561// 4559//
f 4559// 4557// 391//
f 391// 4557// 4555//
f 391// 4555// 4553//
f 3263// 3262// 400//
f 400// 3262// 399//
f 3597// 3263// 439//
f 439// 3263// 400//
f 3597// 439// 4567//
f 3597// 4567// 4568//
f 4568// 4567// 4569//
f 4568// 4569// 4570//
f 4570// 4569// 4571//
f 4570// 4571// 4572//
f 4572// 4571// 4573//
f 4572// 4573// 4574//
f 4574// 4573// 4575//
f 4574// 4575// 4576//
f 4576// 4575// 4577//
f 4576// 4577// 4578//
f 4578// 4577// 4579//
f 4578// 4579// 4580//
f 4580// 4579// 422//
f 4580// 422// 3598//
f 3605// 3598// 419//
f 419// 3598// 422//
f 3605// 419// 4581//
f 3605// 4581// 4582//
f 4582// 4581// 4583//
f 4582// 4583// 4584//
f 4584// 4583// 4585//
f 4584// 4585// 4586//
f 4586// 4585// 4587//
f 4586// 4587// 4588//
f 4588// 4587// 4589//
f 4588// 4589// 4590//
f 4590// 4589// 4591//
f 4590// 4591// 4592//
f 4592// 4591// 4593//
f 4592// 4593// 4594//
f 4594// 4593// 402//
f 4594// 402// 3606//
f 3262// 3606// 399//
f 399// 3606// 402//
f 3262// 3263// 3606//
f 3606// 3263// 3597//
f 4570// 4572// 4580//
f 3605// 4582// 3606//
f 3606// 4582// 4584//
f 3606// 4584// 4594//
f 4594// 4584// 4592//
f 4586// 4588// 4584//
f 4584// 4588// 4590//
f 4584// 4590// 4592//
f 3605// 3606// 3598//
f 3598// 3606// 3597//
f 3598// 3597// 4580//
f 4580// 3597// 4568//
f 4580// 4568// 4570//
f 4572// 4574// 4580//
f 4580// 4574// 4576//
f 4580// 4576// 4578//
f 4581// 419// 402//
f 402// 419// 439//
f 402// 439// 399//
f 399// 439// 400//
f 4581// 402// 4583//
f 4583// 402// 4593//
f 4583// 4593// 4591//
f 4591// 4589// 4583//
f 4583// 4589// 4587//
f 4583// 4587// 4585//
f 4579// 4577// 4575//
f 4575// 4573// 4579//
f 4579// 4573// 4571//
f 4579// 4571// 4569//
f 419// 422// 439//
f 439// 422// 4579//
f 439// 4579// 4567//
f 4567// 4579// 4569//
f 4024// 459// 4595//
f 4024// 4595// 4596//
f 4596// 4595// 4597//
f 4596// 4597// 4598//
f 4598// 4597// 4599//
f 4598// 4599// 4600//
f 4600// 4599// 4601//
f 4600// 4601// 4602//
f 4602// 4601// 4603//
f 4602// 4603// 4604//
f 4604// 4603// 4605//
f 4604// 4605// 4606//
f 4606// 4605// 4607//
f 4606// 4607// 4608//
f 4608// 4607// 442//
f 4608// 442// 4017//
f 3205// 4017// 484//
f 484// 4017// 442//
f 3206// 3205// 482//
f 482// 3205// 484//
f 4025// 3206// 479//
f 479// 3206// 482//
f 4025// 479// 4609//
f 4025// 4609// 4610//
f 4610// 4609// 4611//
f 4610// 4611// 4612//
f 4612// 4611// 4613//
f 4612// 4613// 4614//
f 4614// 4613// 4615//
f 4614// 4615// 4616//
f 4616// 4615// 4617//
f 4616// 4617// 4618//
f 4618// 4617// 4619//
f 4618// 4619// 4620//
f 4620// 4619// 4621//
f 4620// 4621// 4622//
f 4622// 4621// 462//
f 4622// 462// 4026//
f 4024// 4026// 459//
f 459// 4026// 462//
f 3205// 3206// 4017//
f 4017// 3206// 4025//
f 4025// 4026// 4017//
f 4017// 4026// 4024//
f 4017// 4024// 4596//
f 4618// 4620// 4025//
f 4025// 4620// 4622//
f 4025// 4622// 4026//
f 4025// 4610// 4618//
f 4618// 4610// 4612//
f 4618// 4612// 4616//
f 4616// 4612// 4614//
f 4596// 4598// 4017//
f 4017// 4598// 4600//
f 4017// 4600// 4602//
f 4602// 4604// 4017//
f 4017// 4604// 4606//
f 4017// 4606// 4608//
f 482// 484// 479//
f 479// 484// 442//
f 4597// 4595// 442//
f 442// 4595// 459//
f 442// 459// 479//
f 479// 459// 462//
f 479// 462// 4621//
f 4603// 442// 4605//
f 4605// 442// 4607//
f 4603// 4601// 442//
f 442// 4601// 4599//
f 442// 4599// 4597//
f 4613// 4611// 4615//
f 4615// 4611// 4617//
f 4621// 4619// 479//
f 479// 4619// 4617//
f 479// 4617// 4609//
f 4609// 4617// 4611//
f 3264// 3261// 488//
f 488// 3261// 487//
f 3581// 3264// 527//
f 527// 3264// 488//
f 3581// 527// 4623//
f 3581// 4623// 4624//
f 4624// 4623// 4625//
f 4624// 4625// 4626//
f 4626// 4625// 4627//
f 4626// 4627// 4628//
f 4628// 4627// 4629//
f 4628// 4629// 4630//
f 4630// 4629// 4631//
f 4630// 4631// 4632//
f 4632// 4631// 4633//
f 4632// 4633// 4634//
f 4634// 4633// 4635//
f 4634// 4635// 4636//
f 4636// 4635// 510//
f 4636// 510// 3582//
f 3589// 3582// 507//
f 507// 3582// 510//
f 3589// 507// 4637//
f 3589// 4637// 4638//
f 4638// 4637// 4639//
f 4638// 4639// 4640//
f 4640// 4639// 4641//
f 4640// 4641// 4642//
f 4642// 4641// 4643//
f 4642// 4643// 4644//
f 4644// 4643// 4645//
f 4644// 4645// 4646//
f 4646// 4645// 4647//
f 4646// 4647// 4648//
f 4648// 4647// 4649//
f 4648// 4649// 4650//
f 4650// 4649// 490//
f 4650// 490// 3590//
f 3261// 3590// 487//
f 487// 3590// 490//
f 3590// 3261// 3264//
f 3264// 3581// 3590//
f 3590// 3581// 3582//
f 3590// 3582// 3589//
f 3589// 4638// 3590//
f 3590// 4638// 4640//
f 3590// 4640// 4650//
f 4650// 4640// 4648//
f 4632// 4634// 3581//
f 3581// 4634// 4636//
f 3581// 4636// 3582//
f 4642// 4644// 4640//
f 4640// 4644// 4646//
f 4640// 4646// 4648//
f 3581// 4624// 4632//
f 4632// 4624// 4626//
f 4632// 4626// 4630//
f 4630// 4626// 4628//
f 488// 487// 527//
f 527// 487// 490//
f 4637// 507// 490//
f 490// 507// 527//
f 527// 507// 510//
f 527// 510// 4635//
f 4637// 490// 4639//
f 4639// 490// 4649//
f 4639// 4649// 4647//
f 4647// 4645// 4639//
f 4639// 4645// 4643//
f 4639// 4643// 4641//
f 4627// 4625// 4629//
f 4629// 4625// 4631//
f 4635// 4633// 527//
f 527// 4633// 4631//
f 527// 4631// 4623//
f 4623// 4631// 4625//
f 4008// 547// 4651//
f 4008// 4651// 4652//
f 4652// 4651// 4653//
f 4652// 4653// 4654//
f 4654// 4653// 4655//
f 4654// 4655// 4656//
f 4656// 4655// 4657//
f 4656// 4657// 4658//
f 4658// 4657// 4659//
f 4658// 4659// 4660//
f 4660// 4659// 4661//
f 4660// 4661// 4662//
f 4662// 4661// 4663//
f 4662// 4663// 4664//
f 4664// 4663// 530//
f 4664// 530// 4001//
f 3211// 4001// 572//
f 572// 4001// 530//
f 3208// 3211// 570//
f 570// 3211// 572//
f 4009// 3208// 567//
f 567// 3208// 570//
f 4009// 567// 4665//
f 4009// 4665// 4666//
f 4666// 4665// 4667//
f 4666// 4667// 4668//
f 4668// 4667// 4669//
f 4668// 4669// 4670//
f 4670// 4669// 4671//
f 4670// 4671// 4672//
f 4672// 4671// 4673//
f 4672// 4673// 4674//
f 4674// 4673// 4675//
f 4674// 4675// 4676//
f 4676// 4675// 4677//
f 4676// 4677// 4678//
f 4678// 4677// 550//
f 4678// 550// 4010//
f 4008// 4010// 547//
f 547// 4010// 550//
f 3211// 3208// 4001//
f 4001// 3208// 4009//
f 4009// 4010// 4001//
f 4001// 4010// 4008//
f 4001// 4008// 4652//
f 4674// 4676// 4009//
f 4009// 4676// 4678//
f 4009// 4678// 4010//
f 4662// 4656// 4660//
f 4660// 4656// 4658//
f 4652// 4654// 4001//
f 4001// 4654// 4656//
f 4001// 4656// 4664//
f 4664// 4656// 4662//
f 4009// 4666// 4674//
f 4674// 4666// 4668//
f 4674// 4668// 4672//
f 4672// 4668// 4670//
f 4651// 547// 530//
f 570// 572// 567//
f 567// 572// 530//
f 530// 547// 567//
f 567// 547// 550//
f 567// 550// 4677//
f 4663// 4655// 530//
f 530// 4655// 4653//
f 530// 4653// 4651//
f 4663// 4661// 4655//
f 4655// 4661// 4659//
f 4655// 4659// 4657//
f 4669// 4667// 4671//
f 4671// 4667// 4673//
f 4677// 4675// 567//
f 567// 4675// 4673//
f 567// 4673// 4665//
f 4665// 4673// 4667//
f 3256// 3255// 576//
f 576// 3255// 575//
f 3565// 3256// 615//
f 615// 3256// 576//
f 3565// 615// 4679//
f 3565// 4679// 4680//
f 4680// 4679// 4681//
f 4680// 4681// 4682//
f 4682// 4681// 4683//
f 4682// 4683// 4684//
f 4684// 4683// 4685//
f 4684// 4685// 4686//
f 4686// 4685// 4687//
f 4686// 4687// 4688//
f 4688// 4687// 4689//
f 4688// 4689// 4690//
f 4690// 4689// 4691//
f 4690// 4691// 4692//
f 4692// 4691// 598//
f 4692// 598// 3566//
f 3573// 3566// 595//
f 595// 3566// 598//
f 3573// 595// 4693//
f 3573// 4693// 4694//
f 4694// 4693// 4695//
f 4694// 4695// 4696//
f 4696// 4695// 4697//
f 4696// 4697// 4698//
f 4698// 4697// 4699//
f 4698// 4699// 4700//
f 4700// 4699// 4701//
f 4700// 4701// 4702//
f 4702// 4701// 4703//
f 4702// 4703// 4704//
f 4704// 4703// 4705//
f 4704// 4705// 4706//
f 4706// 4705// 578//
f 4706// 578// 3574//
f 3255// 3574// 575//
f 575// 3574// 578//
f 3255// 3256// 3574//
f 3574// 3256// 3565//
f 4684// 4686// 4688//
f 4690// 4692// 3565//
f 3565// 4692// 3566//
f 3565// 3566// 3574//
f 3574// 3566// 3573//
f 4684// 4688// 4682//
f 3573// 4694// 3574//
f 3574// 4694// 4696//
f 3574// 4696// 4706//
f 4706// 4696// 4704//
f 4690// 3565// 4688//
f 4688// 3565// 4680//
f 4688// 4680// 4682//
f 4698// 4700// 4696//
f 4696// 4700// 4702//
f 4696// 4702// 4704//
f 576// 575// 615//
f 615// 575// 578//
f 598// 615// 595//
f 595// 615// 578//
f 595// 578// 4693//
f 4693// 578// 4695//
f 4695// 578// 4705//
f 4695// 4705// 4703//
f 4703// 4701// 4695//
f 4695// 4701// 4699//
f 4695// 4699// 4697//
f 598// 4691// 615//
f 615// 4691// 4689//
f 615// 4689// 4687//
f 4687// 4685// 4683//
f 4683// 4681// 4687//
f 4687// 4681// 4679//
f 4687// 4679// 615//
f 3992// 635// 4707//
f 3992// 4707// 4708//
f 4708// 4707// 4709//
f 4708// 4709// 4710//
f 4710// 4709// 4711//
f 4710// 4711// 4712//
f 4712// 4711// 4713//
f 4712// 4713// 4714//
f 4714// 4713// 4715//
f 4714// 4715// 4716//
f 4716// 4715// 4717//
f 4716// 4717// 4718//
f 4718// 4717// 4719//
f 4718// 4719// 4720//
f 4720// 4719// 618//
f 4720// 618// 3985//
f 3201// 3985// 660//
f 660// 3985// 618//
f 3202// 3201// 658//
f 658// 3201// 660//
f 3993// 3202// 655//
f 655// 3202// 658//
f 3993// 655// 4721//
f 3993// 4721// 4722//
f 4722// 4721// 4723//
f 4722// 4723// 4724//
f 4724// 4723// 4725//
f 4724// 4725// 4726//
f 4726// 4725// 4727//
f 4726// 4727// 4728//
f 4728// 4727// 4729//
f 4728// 4729// 4730//
f 4730// 4729// 4731//
f 4730// 4731// 4732//
f 4732// 4731// 4733//
f 4732// 4733// 4734//
f 4734// 4733// 638//
f 4734// 638// 3994//
f 3992// 3994// 635//
f 635// 3994// 638//
f 3201// 3202// 3985//
f 3985// 3202// 3993//
f 3993// 3994// 3985//
f 3985// 3994// 3992//
f 3985// 3992// 4708//
f 4722// 4724// 4726//
f 4730// 4732// 3993//
f 3993// 4732// 4734//
f 3993// 4734// 3994//
f 4722// 4726// 3993//
f 3993// 4726// 4728//
f 3993// 4728// 4730//
f 4718// 4712// 4716//
f 4716// 4712// 4714//
f 4708// 4710// 3985//
f 3985// 4710// 4712//
f 3985// 4712// 4720//
f 4720// 4712// 4718//
f 658// 660// 655//
f 655// 660// 618//
f 638// 655// 635//
f 635// 655// 618//
f 635// 618// 4707//
f 4719// 4711// 618//
f 618// 4711// 4709//
f 618// 4709// 4707//
f 4719// 4717// 4711//
f 4711// 4717// 4715//
f 4711// 4715// 4713//
f 638// 4733// 655//
f 655// 4733// 4731//
f 655// 4731// 4729//
f 4729// 4727// 655//
f 655// 4727// 4725//
f 655// 4725// 4721//
f 4721// 4725// 4723//
f 3260// 3254// 664//
f 664// 3254// 663//
f 3549// 3260// 703//
f 703// 3260// 664//
f 3549// 703// 4735//
f 3549// 4735// 4736//
f 4736// 4735// 4737//
f 4736// 4737// 4738//
f 4738// 4737// 4739//
f 4738// 4739// 4740//
f 4740// 4739// 4741//
f 4740// 4741// 4742//
f 4742// 4741// 4743//
f 4742// 4743// 4744//
f 4744// 4743// 4745//
f 4744// 4745// 4746//
f 4746// 4745// 4747//
f 4746// 4747// 4748//
f 4748// 4747// 686//
f 4748// 686// 3550//
f 3557// 3550// 683//
f 683// 3550// 686//
f 3557// 683// 4749//
f 3557// 4749// 4750//
f 4750// 4749// 4751//
f 4750// 4751// 4752//
f 4752// 4751// 4753//
f 4752// 4753// 4754//
f 4754// 4753// 4755//
f 4754// 4755// 4756//
f 4756// 4755// 4757//
f 4756// 4757// 4758//
f 4758// 4757// 4759//
f 4758// 4759// 4760//
f 4760// 4759// 4761//
f 4760// 4761// 4762//
f 4762// 4761// 666//
f 4762// 666// 3558//
f 3254// 3558// 663//
f 663// 3558// 666//
f 3558// 3254// 3260//
f 3260// 3549// 3558//
f 3558// 3549// 3550//
f 3558// 3550// 3557//
f 4736// 4738// 4740//
f 4744// 4746// 3549//
f 3549// 4746// 4748//
f 3549// 4748// 3550//
f 4754// 4756// 4752//
f 4752// 4756// 4758//
f 4752// 4758// 4760//
f 4736// 4740// 3549//
f 3549// 4740// 4742//
f 3549// 4742// 4744//
f 3557// 4750// 3558//
f 3558// 4750// 4752//
f 3558// 4752// 4762//
f 4762// 4752// 4760//
f 664// 663// 703//
f 703// 663// 666//
f 686// 703// 683//
f 683// 703// 666//
f 683// 666// 4749//
f 4759// 4757// 4751//
f 4751// 4757// 4755//
f 4751// 4755// 4753//
f 686// 4747// 703//
f 703// 4747// 4745//
f 703// 4745// 4743//
f 4749// 666// 4751//
f 4751// 666// 4761//
f 4751// 4761// 4759//
f 4743// 4741// 703//
f 703// 4741// 4739//
f 703// 4739// 4735//
f 4735// 4739// 4737//
f 3976// 723// 4763//
f 3976// 4763// 4764//
f 4764// 4763// 4765//
f 4764// 4765// 4766//
f 4766// 4765// 4767//
f 4766// 4767// 4768//
f 4768// 4767// 4769//
f 4768// 4769// 4770//
f 4770// 4769// 4771//
f 4770// 4771// 4772//
f 4772// 4771// 4773//
f 4772// 4773// 4774//
f 4774// 4773// 4775//
f 4774// 4775// 4776//
f 4776// 4775// 706//
f 4776// 706// 3970//
f 3209// 3970// 748//
f 748// 3970// 706//
f 3212// 3209// 746//
f 746// 3209// 748//
f 3977// 3212// 743//
f 743// 3212// 746//
f 3977// 743// 4777//
f 3977// 4777// 4778//
f 4778// 4777// 4779//
f 4778// 4779// 4780//
f 4780// 4779// 4781//
f 4780// 4781// 4782//
f 4782// 4781// 4783//
f 4782// 4783// 4784//
f 4784// 4783// 4785//
f 4784// 4785// 4786//
f 4786// 4785// 4787//
f 4786// 4787// 4788//
f 4788// 4787// 4789//
f 4788// 4789// 4790//
f 4790// 4789// 726//
f 4790// 726// 3978//
f 3976// 3978// 723//
f 723// 3978// 726//
f 3209// 3212// 3970//
f 3970// 3212// 3977//
f 4788// 4790// 3977//
f 3977// 4790// 3978//
f 3977// 3978// 3970//
f 3970// 3978// 3976//
f 4782// 3977// 4780//
f 4780// 3977// 4778//
f 4782// 4784// 3977//
f 3977// 4784// 4786//
f 3977// 4786// 4788//
f 3976// 4764// 3970//
f 3970// 4764// 4766//
f 3970// 4766// 4768//
f 4768// 4770// 3970//
f 3970// 4770// 4772//
f 3970// 4772// 4776//
f 4776// 4772// 4774//
f 746// 748// 743//
f 743// 748// 706//
f 706// 723// 743//
f 743// 723// 726//
f 743// 726// 4789//
f 4775// 4773// 4771//
f 4767// 4765// 706//
f 706// 4765// 4763//
f 706// 4763// 723//
f 4775// 4771// 706//
f 706// 4771// 4769//
f 706// 4769// 4767//
f 4789// 4787// 743//
f 743// 4787// 4785//
f 743// 4785// 4783//
f 4783// 4781// 743//
f 743// 4781// 4779//
f 743// 4779// 4777//
f 3246// 3245// 752//
f 752// 3245// 751//
f 3533// 3246// 791//
f 791// 3246// 752//
f 3533// 791// 4791//
f 3533// 4791// 4792//
f 4792// 4791// 4793//
f 4792// 4793// 4794//
f 4794// 4793// 4795//
f 4794// 4795// 4796//
f 4796// 4795// 4797//
f 4796// 4797// 4798//
f 4798// 4797// 4799//
f 4798// 4799// 4800//
f 4800// 4799// 4801//
f 4800// 4801// 4802//
f 4802// 4801// 4803//
f 4802// 4803// 4804//
f 4804// 4803// 774//
f 4804// 774// 3534//
f 3541// 3534// 771//
f 771// 3534// 774//
f 3541// 771// 4805//
f 3541// 4805// 4806//
f 4806// 4805// 4807//
f 4806// 4807// 4808//
f 4808// 4807// 4809//
f 4808// 4809// 4810//
f 4810// 4809// 4811//
f 4810// 4811// 4812//
f 4812// 4811// 4813//
f 4812// 4813// 4814//
f 4814// 4813// 4815//
f 4814// 4815// 4816//
f 4816// 4815// 4817//
f 4816// 4817// 4818//
f 4818// 4817// 754//
f 4818// 754// 3542//
f 3245// 3542// 751//
f 751// 3542// 754//
f 3542// 3245// 3246//
f 3246// 3533// 3542//
f 3542// 3533// 3534//
f 3542// 3534// 3541//
f 3541// 4806// 3542//
f 3542// 4806// 4808//
f 3542// 4808// 4818//
f 4818// 4808// 4816//
f 4800// 4802// 3533//
f 3533// 4802// 4804//
f 3533// 4804// 3534//
f 4810// 4812// 4808//
f 4808// 4812// 4814//
f 4808// 4814// 4816//
f 3533// 4792// 4800//
f 4800// 4792// 4794//
f 4800// 4794// 4798//
f 4798// 4794// 4796//
f 752// 751// 791//
f 791// 751// 754//
f 4805// 771// 754//
f 754// 771// 791//
f 791// 771// 774//
f 791// 774// 4803//
f 4805// 754// 4807//
f 4807// 754// 4817//
f 4807// 4817// 4815//
f 4815// 4813// 4807//
f 4807// 4813// 4811//
f 4807// 4811// 4809//
f 4795// 4793// 4797//
f 4797// 4793// 4799//
f 4803// 4801// 791//
f 791// 4801// 4799//
f 791// 4799// 4791//
f 4791// 4799// 4793//
f 3960// 811// 4819//
f 3960// 4819// 4820//
f 4820// 4819// 4821//
f 4820// 4821// 4822//
f 4822// 4821// 4823//
f 4822// 4823// 4824//
f 4824// 4823// 4825//
f 4824// 4825// 4826//
f 4826// 4825// 4827//
f 4826// 4827// 4828//
f 4828// 4827// 4829//
f 4828// 4829// 4830//
f 4830// 4829// 4831//
f 4830// 4831// 4832//
f 4832// 4831// 794//
f 4832// 794// 3953//
f 3188// 3953// 836//
f 836// 3953// 794//
f 3189// 3188// 834//
f 834// 3188// 836//
f 3961// 3189// 831//
f 831// 3189// 834//
f 3961// 831// 4833//
f 3961// 4833// 4834//
f 4834// 4833// 4835//
f 4834// 4835// 4836//
f 4836// 4835// 4837//
f 4836// 4837// 4838//
f 4838// 4837// 4839//
f 4838// 4839// 4840//
f 4840// 4839// 4841//
f 4840// 4841// 4842//
f 4842// 4841// 4843//
f 4842// 4843// 4844//
f 4844// 4843// 4845//
f 4844// 4845// 4846//
f 4846// 4845// 814//
f 4846// 814// 3962//
f 3960// 3962// 811//
f 811// 3962// 814//
f 3188// 3189// 3953//
f 3953// 3189// 3961//
f 3961// 3962// 3953//
f 3953// 3962// 3960//
f 3953// 3960// 4820//
f 4842// 4844// 3961//
f 3961// 4844// 4846//
f 3961// 4846// 3962//
f 4830// 4824// 4828//
f 4828// 4824// 4826//
f 4820// 4822// 3953//
f 3953// 4822// 4824//
f 3953// 4824// 4832//
f 4832// 4824// 4830//
f 3961// 4834// 4842//
f 4842// 4834// 4836//
f 4842// 4836// 4840//
f 4840// 4836// 4838//
f 4819// 811// 794//
f 834// 836// 831//
f 831// 836// 794//
f 794// 811// 831//
f 831// 811// 814//
f 831// 814// 4845//
f 4831// 4823// 794//
f 794// 4823// 4821//
f 794// 4821// 4819//
f 4831// 4829// 4823//
f 4823// 4829// 4827//
f 4823// 4827// 4825//
f 4837// 4835// 4839//
f 4839// 4835// 4841//
f 4845// 4843// 831//
f 831// 4843// 4841//
f 831// 4841// 4833//
f 4833// 4841// 4835//
f 3252// 3244// 840//
f 840// 3244// 839//
f 3517// 3252// 879//
f 879// 3252// 840//
f 3517// 879// 4847//
f 3517// 4847// 4848//
f 4848// 4847// 4849//
f 4848// 4849// 4850//
f 4850// 4849// 4851//
f 4850// 4851// 4852//
f 4852// 4851// 4853//
f 4852// 4853// 4854//
f 4854// 4853// 4855//
f 4854// 4855// 4856//
f 4856// 4855// 4857//
f 4856// 4857// 4858//
f 4858// 4857// 4859//
f 4858// 4859// 4860//
f 4860// 4859// 862//
f 4860// 862// 3518//
f 3525// 3518// 859//
f 859// 3518// 862//
f 3525// 859// 4861//
f 3525// 4861// 4862//
f 4862// 4861// 4863//
f 4862// 4863// 4864//
f 4864// 4863// 4865//
f 4864// 4865// 4866//
f 4866// 4865// 4867//
f 4866// 4867// 4868//
f 4868// 4867// 4869//
f 4868// 4869// 4870//
f 4870// 4869// 4871//
f 4870// 4871// 4872//
f 4872// 4871// 4873//
f 4872// 4873// 4874//
f 4874// 4873// 842//
f 4874// 842// 3526//
f 3244// 3526// 839//
f 839// 3526// 842//
f 3244// 3252// 3526//
f 3526// 3252// 3517//
f 4870// 4872// 3525//
f 3517// 4856// 4858//
f 4864// 4866// 4868//
f 4858// 4860// 3517//
f 3517// 4860// 3518//
f 3517// 3518// 3526//
f 3526// 3518// 3525//
f 3526// 3525// 4874//
f 4874// 3525// 4872//
f 3517// 4848// 4856//
f 4856// 4848// 4850//
f 4856// 4850// 4854//
f 4854// 4850// 4852//
f 4870// 3525// 4868//
f 4868// 3525// 4862//
f 4868// 4862// 4864//
f 840// 839// 879//
f 879// 839// 842//
f 859// 842// 4873//
f 842// 859// 879//
f 879// 859// 862//
f 879// 862// 4859//
f 4873// 4871// 859//
f 859// 4871// 4869//
f 859// 4869// 4867//
f 4865// 4863// 4867//
f 4867// 4863// 4861//
f 4867// 4861// 859//
f 4851// 4849// 4853//
f 4853// 4849// 4855//
f 4859// 4857// 879//
f 879// 4857// 4855//
f 879// 4855// 4847//
f 4847// 4855// 4849//
f 3944// 899// 4875//
f 3944// 4875// 4876//
f 4876// 4875// 4877//
f 4876// 4877// 4878//
f 4878// 4877// 4879//
f 4878// 4879// 4880//
f 4880// 4879// 4881//
f 4880// 4881// 4882//
f 4882// 4881// 4883//
f 4882// 4883// 4884//
f 4884// 4883// 4885//
f 4884// 4885// 4886//
f 4886// 4885// 4887//
f 4886// 4887// 4888//
f 4888// 4887// 882//
f 4888// 882// 3937//
f 3197// 3937// 924//
f 924// 3937// 882//
f 3196// 3197// 922//
f 922// 3197// 924//
f 3945// 3196// 919//
f 919// 3196// 922//
f 3945// 919// 4889//
f 3945// 4889// 4890//
f 4890// 4889// 4891//
f 4890// 4891// 4892//
f 4892// 4891// 4893//
f 4892// 4893// 4894//
f 4894// 4893// 4895//
f 4894// 4895// 4896//
f 4896// 4895// 4897//
f 4896// 4897// 4898//
f 4898// 4897// 4899//
f 4898// 4899// 4900//
f 4900// 4899// 4901//
f 4900// 4901// 4902//
f 4902// 4901// 902//
f 4902// 902// 3946//
f 3944// 3946// 899//
f 899// 3946// 902//
f 3197// 3196// 3937//
f 3937// 3196// 3945//
f 4900// 4902// 3945//
f 3945// 4902// 3946//
f 3945// 3946// 3937//
f 3937// 3946// 3944//
f 3937// 3944// 4876//
f 4886// 4880// 4884//
f 4884// 4880// 4882//
f 4876// 4878// 3937//
f 3937// 4878// 4880//
f 3937// 4880// 4888//
f 4888// 4880// 4886//
f 4894// 3945// 4892//
f 4892// 3945// 4890//
f 4894// 4896// 3945//
f 3945// 4896// 4898//
f 3945// 4898// 4900//
f 4875// 899// 882//
f 922// 924// 919//
f 919// 924// 882//
f 882// 899// 919//
f 919// 899// 902//
f 919// 902// 4901//
f 4887// 4879// 882//
f 882// 4879// 4877//
f 882// 4877// 4875//
f 4887// 4885// 4879//
f 4879// 4885// 4883//
f 4879// 4883// 4881//
f 4901// 4899// 919//
f 919// 4899// 4897//
f 919// 4897// 4895//
f 4895// 4893// 919//
f 919// 4893// 4891//
f 919// 4891// 4889//
f 3243// 3242// 928//
f 928// 3242// 927//
f 3501// 3243// 967//
f 967// 3243// 928//
f 3501// 967// 4903//
f 3501// 4903// 4904//
f 4904// 4903// 4905//
f 4904// 4905// 4906//
f 4906// 4905// 4907//
f 4906// 4907// 4908//
f 4908// 4907// 4909//
f 4908// 4909// 4910//
f 4910// 4909// 4911//
f 4910// 4911// 4912//
f 4912// 4911// 4913//
f 4912// 4913// 4914//
f 4914// 4913// 4915//
f 4914// 4915// 4916//
f 4916// 4915// 950//
f 4916// 950// 3502//
f 3509// 3502// 947//
f 947// 3502// 950//
f 3509// 947// 4917//
f 3509// 4917// 4918//
f 4918// 4917// 4919//
f 4918// 4919// 4920//
f 4920// 4919// 4921//
f 4920// 4921// 4922//
f 4922// 4921// 4923//
f 4922// 4923// 4924//
f 4924// 4923// 4925//
f 4924// 4925// 4926//
f 4926// 4925// 4927//
f 4926// 4927// 4928//
f 4928// 4927// 4929//
f 4928// 4929// 4930//
f 4930// 4929// 930//
f 4930// 930// 3510//
f 3242// 3510// 927//
f 927// 3510// 930//
f 3242// 3243// 3510//
f 3510// 3243// 3501//
f 4906// 4908// 4916//
f 4926// 4928// 3509//
f 4920// 4922// 4924//
f 4928// 4930// 3509//
f 3509// 4930// 3510//
f 3509// 3510// 3502//
f 3502// 3510// 3501//
f 3502// 3501// 4916//
f 4916// 3501// 4904//
f 4916// 4904// 4906//
f 4908// 4910// 4916//
f 4916// 4910// 4912//
f 4916// 4912// 4914//
f 4926// 3509// 4924//
f 4924// 3509// 4918//
f 4924// 4918// 4920//
f 928// 927// 967//
f 967// 927// 930//
f 967// 930// 947//
f 947// 930// 4929//
f 4929// 4927// 947//
f 947// 4927// 4925//
f 947// 4925// 4923//
f 4921// 4919// 4923//
f 4923// 4919// 4917//
f 4923// 4917// 947//
f 4915// 4913// 4911//
f 4911// 4909// 4915//
f 4915// 4909// 4907//
f 4915// 4907// 4905//
f 947// 950// 967//
f 967// 950// 4915//
f 967// 4915// 4903//
f 4903// 4915// 4905//
f 3928// 987// 4931//
f 3928// 4931// 4932//
f 4932// 4931// 4933//
f 4932// 4933// 4934//
f 4934// 4933// 4935//
f 4934// 4935// 4936//
f 4936// 4935// 4937//
f 4936// 4937// 4938//
f 4938// 4937// 4939//
f 4938// 4939// 4940//
f 4940// 4939// 4941//
f 4940// 4941// 4942//
f 4942// 4941// 4943//
f 4942// 4943// 4944//
f 4944// 4943// 970//
f 4944// 970// 3921//
f 3198// 3921// 1012//
f 1012// 3921// 970//
f 3199// 3198// 1010//
f 1010// 3198// 1012//
f 3929// 3199// 1007//
f 1007// 3199// 1010//
f 3929// 1007// 4945//
f 3929// 4945// 4946//
f 4946// 4945// 4947//
f 4946// 4947// 4948//
f 4948// 4947// 4949//
f 4948// 4949// 4950//
f 4950// 4949// 4951//
f 4950// 4951// 4952//
f 4952// 4951// 4953//
f 4952// 4953// 4954//
f 4954// 4953// 4955//
f 4954// 4955// 4956//
f 4956// 4955// 4957//
f 4956// 4957// 4958//
f 4958// 4957// 990//
f 4958// 990// 3930//
f 3928// 3930// 987//
f 987// 3930// 990//
f 3198// 3199// 3921//
f 3921// 3199// 3929//
f 4956// 4958// 3929//
f 3929// 4958// 3930//
f 3929// 3930// 3921//
f 3921// 3930// 3928//
f 3921// 3928// 4932//
f 4950// 3929// 4948//
f 4948// 3929// 4946//
f 4950// 4952// 3929//
f 3929// 4952// 4954//
f 3929// 4954// 4956//
f 4932// 4934// 3921//
f 3921// 4934// 4936//
f 3921// 4936// 4938//
f 4938// 4940// 3921//
f 3921// 4940// 4942//
f 3921// 4942// 4944//
f 1010// 1012// 1007//
f 1007// 1012// 970//
f 4933// 4931// 970//
f 970// 4931// 987//
f 970// 987// 1007//
f 1007// 987// 990//
f 1007// 990// 4957//
f 4939// 970// 4941//
f 4941// 970// 4943//
f 4939// 4937// 970//
f 970// 4937// 4935//
f 970// 4935// 4933//
f 4957// 4955// 1007//
f 1007// 4955// 4953//
f 1007// 4953// 4951//
f 4951// 4949// 1007//
f 1007// 4949// 4947//
f 1007// 4947// 4945//
f 3251// 3253// 1016//
f 1016// 3253// 1015//
f 3485// 3251// 1055//
f 1055// 3251// 1016//
f 3485// 1055// 4959//
f 3485// 4959// 4960//
f 4960// 4959// 4961//
f 4960// 4961// 4962//
f 4962// 4961// 4963//
f 4962// 4963// 4964//
f 4964// 4963// 4965//
f 4964// 4965// 4966//
f 4966// 4965// 4967//
f 4966// 4967// 4968//
f 4968// 4967// 4969//
f 4968// 4969// 4970//
f 4970// 4969// 4971//
f 4970// 4971// 4972//
f 4972// 4971// 1038//
f 4972// 1038// 3486//
f 3493// 3486// 1035//
f 1035// 3486// 1038//
f 3493// 1035// 4973//
f 3493// 4973// 4974//
f 4974// 4973// 4975//
f 4974// 4975// 4976//
f 4976// 4975// 4977//
f 4976// 4977// 4978//
f 4978// 4977// 4979//
f 4978// 4979// 4980//
f 4980// 4979// 4981//
f 4980// 4981// 4982//
f 4982// 4981// 4983//
f 4982// 4983// 4984//
f 4984// 4983// 4985//
f 4984// 4985// 4986//
f 4986// 4985// 1018//
f 4986// 1018// 3494//
f 3253// 3494// 1015//
f 1015// 3494// 1018//
f 3253// 3251// 3494//
f 3494// 3251// 3485//
f 4962// 4964// 4972//
f 4982// 4984// 3493//
f 4976// 4978// 4980//
f 4984// 4986// 3493//
f 3493// 4986// 3494//
f 3493// 3494// 3486//
f 3486// 3494// 3485//
f 3486// 3485// 4972//
f 4972// 3485// 4960//
f 4972// 4960// 4962//
f 4964// 4966// 4972//
f 4972// 4966// 4968//
f 4972// 4968// 4970//
f 4982// 3493// 4980//
f 4980// 3493// 4974//
f 4980// 4974// 4976//
f 1016// 1015// 1055//
f 1055// 1015// 1018//
f 1055// 1018// 1035//
f 1035// 1018// 4985//
f 4985// 4983// 1035//
f 1035// 4983// 4981//
f 1035// 4981// 4979//
f 4977// 4975// 4979//
f 4979// 4975// 4973//
f 4979// 4973// 1035//
f 4971// 4969// 4967//
f 4967// 4965// 4971//
f 4971// 4965// 4963//
f 4971// 4963// 4961//
f 1035// 1038// 1055//
f 1055// 1038// 4971//
f 1055// 4971// 4959//
f 4959// 4971// 4961//
f 3912// 1075// 4987//
f 3912// 4987// 4988//
f 4988// 4987// 4989//
f 4988// 4989// 4990//
f 4990// 4989// 4991//
f 4990// 4991// 4992//
f 4992// 4991// 4993//
f 4992// 4993// 4994//
f 4994// 4993// 4995//
f 4994// 4995// 4996//
f 4996// 4995// 4997//
f 4996// 4997// 4998//
f 4998// 4997// 4999//
f 4998// 4999// 5000//
f 5000// 4999// 1058//
f 5000// 1058// 3905//
f 3203// 3905// 1100//
f 1100// 3905// 1058//
f 3204// 3203// 1098//
f 1098// 3203// 1100//
f 3913// 3204// 1095//
f 1095// 3204// 1098//
f 3913// 1095// 5001//
f 3913// 5001// 5002//
f 5002// 5001// 5003//
f 5002// 5003// 5004//
f 5004// 5003// 5005//
f 5004// 5005// 5006//
f 5006// 5005// 5007//
f 5006// 5007// 5008//
f 5008// 5007// 5009//
f 5008// 5009// 5010//
f 5010// 5009// 5011//
f 5010// 5011// 5012//
f 5012// 5011// 5013//
f 5012// 5013// 5014//
f 5014// 5013// 1078//
f 5014// 1078// 3914//
f 3912// 3914// 1075//
f 1075// 3914// 1078//
f 3203// 3204// 3905//
f 3905// 3204// 3913//
f 5012// 5014// 3913//
f 3913// 5014// 3914//
f 3913// 3914// 3905//
f 3905// 3914// 3912//
f 3905// 3912// 4988//
f 5006// 3913// 5004//
f 5004// 3913// 5002//
f 5006// 5008// 3913//
f 3913// 5008// 5010//
f 3913// 5010// 5012//
f 4988// 4990// 3905//
f 3905// 4990// 4992//
f 3905// 4992// 4994//
f 4994// 4996// 3905//
f 3905// 4996// 4998//
f 3905// 4998// 5000//
f 1098// 1100// 1095//
f 1095// 1100// 1058//
f 4989// 4987// 1058//
f 1058// 4987// 1075//
f 1058// 1075// 1095//
f 1095// 1075// 1078//
f 1095// 1078// 5013//
f 4995// 1058// 4997//
f 4997// 1058// 4999//
f 4995// 4993// 1058//
f 1058// 4993// 4991//
f 1058// 4991// 4989//
f 5013// 5011// 1095//
f 1095// 5011// 5009//
f 1095// 5009// 5007//
f 5007// 5005// 1095//
f 1095// 5005// 5003//
f 1095// 5003// 5001//
f 3250// 3248// 1104//
f 1104// 3248// 1103//
f 3469// 3250// 1143//
f 1143// 3250// 1104//
f 3469// 1143// 5015//
f 3469// 5015// 5016//
f 5016// 5015// 5017//
f 5016// 5017// 5018//
f 5018// 5017// 5019//
f 5018// 5019// 5020//
f 5020// 5019// 5021//
f 5020// 5021// 5022//
f 5022// 5021// 5023//
f 5022// 5023// 5024//
f 5024// 5023// 5025//
f 5024// 5025// 5026//
f 5026// 5025// 5027//
f 5026// 5027// 5028//
f 5028// 5027// 1126//
f 5028// 1126// 3470//
f 3477// 3470// 1123//
f 1123// 3470// 1126//
f 3477// 1123// 5029//
f 3477// 5029// 5030//
f 5030// 5029// 5031//
f 5030// 5031// 5032//
f 5032// 5031// 5033//
f 5032// 5033// 5034//
f 5034// 5033// 5035//
f 5034// 5035// 5036//
f 5036// 5035// 5037//
f 5036// 5037// 5038//
f 5038// 5037// 5039//
f 5038// 5039// 5040//
f 5040// 5039// 5041//
f 5040// 5041// 5042//
f 5042// 5041// 1106//
f 5042// 1106// 3478//
f 3248// 3478// 1103//
f 1103// 3478// 1106//
f 3250// 3469// 3470//
f 3470// 3469// 5016//
f 3470// 5016// 5028//
f 5028// 5016// 5018//
f 5028// 5018// 5020//
f 5020// 5022// 5028//
f 5028// 5022// 5024//
f 5028// 5024// 5026//
f 3250// 3470// 3248//
f 3248// 3470// 3477//
f 3248// 3477// 3478//
f 3478// 3477// 5030//
f 3478// 5030// 5042//
f 5042// 5030// 5032//
f 5042// 5032// 5034//
f 5034// 5036// 5042//
f 5042// 5036// 5038//
f 5042// 5038// 5040//
f 1103// 1106// 1123//
f 1123// 1106// 5041//
f 1123// 5041// 5029//
f 5029// 5041// 5039//
f 5029// 5039// 5037//
f 5037// 5035// 5029//
f 5029// 5035// 5033//
f 5029// 5033// 5031//
f 1103// 1123// 1104//
f 1104// 1123// 1126//
f 1104// 1126// 1143//
f 1143// 1126// 5027//
f 1143// 5027// 5015//
f 5015// 5027// 5025//
f 5015// 5025// 5023//
f 5023// 5021// 5015//
f 5015// 5021// 5019//
f 5015// 5019// 5017//
f 3896// 1163// 5043//
f 3896// 5043// 5044//
f 5044// 5043// 5045//
f 5044// 5045// 5046//
f 5046// 5045// 5047//
f 5046// 5047// 5048//
f 5048// 5047// 5049//
f 5048// 5049// 5050//
f 5050// 5049// 5051//
f 5050// 5051// 5052//
f 5052// 5051// 5053//
f 5052// 5053// 5054//
f 5054// 5053// 5055//
f 5054// 5055// 5056//
f 5056// 5055// 1146//
f 5056// 1146// 3889//
f 3210// 3889// 1188//
f 1188// 3889// 1146//
f 3184// 3210// 1186//
f 1186// 3210// 1188//
f 3897// 3184// 1183//
f 1183// 3184// 1186//
f 3897// 1183// 5057//
f 3897// 5057// 5058//
f 5058// 5057// 5059//
f 5058// 5059// 5060//
f 5060// 5059// 5061//
f 5060// 5061// 5062//
f 5062// 5061// 5063//
f 5062// 5063// 5064//
f 5064// 5063// 5065//
f 5064// 5065// 5066//
f 5066// 5065// 5067//
f 5066// 5067// 5068//
f 5068// 5067// 5069//
f 5068// 5069// 5070//
f 5070// 5069// 1166//
f 5070// 1166// 3898//
f 3896// 3898// 1163//
f 1163// 3898// 1166//
f 3184// 3897// 3898//
f 3898// 3897// 5058//
f 3898// 5058// 5070//
f 5070// 5058// 5060//
f 5070// 5060// 5062//
f 5062// 5064// 5070//
f 5070// 5064// 5066//
f 5070// 5066// 5068//
f 3184// 3898// 3210//
f 3210// 3898// 3896//
f 3210// 3896// 3889//
f 3889// 3896// 5044//
f 3889// 5044// 5056//
f 5056// 5044// 5046//
f 5056// 5046// 5048//
f 5048// 5050// 5056//
f 5056// 5050// 5052//
f 5056// 5052// 5054//
f 1188// 1146// 1163//
f 1163// 1146// 5055//
f 1163// 5055// 5043//
f 5043// 5055// 5053//
f 5043// 5053// 5051//
f 5051// 5049// 5043//
f 5043// 5049// 5047//
f 5043// 5047// 5045//
f 1188// 1163// 1186//
f 1186// 1163// 1166//
f 1186// 1166// 1183//
f 1183// 1166// 5069//
f 1183// 5069// 5057//
f 5057// 5069// 5067//
f 5057// 5067// 5065//
f 5065// 5063// 5057//
f 5057// 5063// 5061//
f 5057// 5061// 5059//
f 3247// 3249// 1192//
f 1192// 3249// 1191//
f 3453// 3247// 1231//
f 1231// 3247// 1192//
f 3453// 1231// 5071//
f 3453// 5071// 5072//
f 5072// 5071// 5073//
f 5072// 5073// 5074//
f 5074// 5073// 5075//
f 5074// 5075// 5076//
f 5076// 5075// 5077//
f 5076// 5077// 5078//
f 5078// 5077// 5079//
f 5078// 5079// 5080//
f 5080// 5079// 5081//
f 5080// 5081// 5082//
f 5082// 5081// 5083//
f 5082// 5083// 5084//
f 5084// 5083// 1214//
f 5084// 1214// 3454//
f 3461// 3454// 1211//
f 1211// 3454// 1214//
f 3461// 1211// 5085//
f 3461// 5085// 5086//
f 5086// 5085// 5087//
f 5086// 5087// 5088//
f 5088// 5087// 5089//
f 5088// 5089// 5090//
f 5090// 5089// 5091//
f 5090// 5091// 5092//
f 5092// 5091// 5093//
f 5092// 5093// 5094//
f 5094// 5093// 5095//
f 5094// 5095// 5096//
f 5096// 5095// 5097//
f 5096// 5097// 5098//
f 5098// 5097// 1194//
f 5098// 1194// 3462//
f 3249// 3462// 1191//
f 1191// 3462// 1194//
f 3247// 3453// 3454//
f 3454// 3453// 5072//
f 3454// 5072// 5084//
f 5084// 5072// 5074//
f 5084// 5074// 5076//
f 5076// 5078// 5084//
f 5084// 5078// 5080//
f 5084// 5080// 5082//
f 3247// 3454// 3249//
f 3249// 3454// 3461//
f 3249// 3461// 3462//
f 3462// 3461// 5086//
f 3462// 5086// 5098//
f 5098// 5086// 5088//
f 5098// 5088// 5090//
f 5090// 5092// 5098//
f 5098// 5092// 5094//
f 5098// 5094// 5096//
f 1191// 1194// 1211//
f 1211// 1194// 5097//
f 1211// 5097// 5085//
f 5085// 5097// 5095//
f 5085// 5095// 5093//
f 5093// 5091// 5085//
f 5085// 5091// 5089//
f 5085// 5089// 5087//
f 1191// 1211// 1192//
f 1192// 1211// 1214//
f 1192// 1214// 1231//
f 1231// 1214// 5083//
f 1231// 5083// 5071//
f 5071// 5083// 5081//
f 5071// 5081// 5079//
f 5079// 5077// 5071//
f 5071// 5077// 5075//
f 5071// 5075// 5073//
f 3880// 1251// 5099//
f 3880// 5099// 5100//
f 5100// 5099// 5101//
f 5100// 5101// 5102//
f 5102// 5101// 5103//
f 5102// 5103// 5104//
f 5104// 5103// 5105//
f 5104// 5105// 5106//
f 5106// 5105// 5107//
f 5106// 5107// 5108//
f 5108// 5107// 5109//
f 5108// 5109// 5110//
f 5110// 5109// 5111//
f 5110// 5111// 5112//
f 5112// 5111// 1234//
f 5112// 1234// 3873//
f 3191// 3873// 1276//
f 1276// 3873// 1234//
f 3190// 3191// 1274//
f 1274// 3191// 1276//
f 3881// 3190// 1271//
f 1271// 3190// 1274//
f 3881// 1271// 5113//
f 3881// 5113// 5114//
f 5114// 5113// 5115//
f 5114// 5115// 5116//
f 5116// 5115// 5117//
f 5116// 5117// 5118//
f 5118// 5117// 5119//
f 5118// 5119// 5120//
f 5120// 5119// 5121//
f 5120// 5121// 5122//
f 5122// 5121// 5123//
f 5122// 5123// 5124//
f 5124// 5123// 5125//
f 5124// 5125// 5126//
f 5126// 5125// 1254//
f 5126// 1254// 3882//
f 3880// 3882// 1251//
f 1251// 3882// 1254//
f 3190// 3881// 3882//
f 3882// 3881// 5114//
f 3882// 5114// 5126//
f 5126// 5114// 5116//
f 5126// 5116// 5118//
f 5118// 5120// 5126//
f 5126// 5120// 5122//
f 5126// 5122// 5124//
f 3190// 3882// 3191//
f 3191// 3882// 3880//
f 3191// 3880// 3873//
f 3873// 3880// 5100//
f 3873// 5100// 5112//
f 5112// 5100// 5102//
f 5112// 5102// 5104//
f 5104// 5106// 5112//
f 5112// 5106// 5108//
f 5112// 5108// 5110//
f 1276// 1234// 1251//
f 1251// 1234// 5111//
f 1251// 5111// 5099//
f 5099// 5111// 5109//
f 5099// 5109// 5107//
f 5107// 5105// 5099//
f 5099// 5105// 5103//
f 5099// 5103// 5101//
f 1276// 1251// 1274//
f 1274// 1251// 1254//
f 1274// 1254// 1271//
f 1271// 1254// 5125//
f 1271// 5125// 5113//
f 5113// 5125// 5123//
f 5113// 5123// 5121//
f 5121// 5119// 5113//
f 5113// 5119// 5117//
f 5113// 5117// 5115//
f 4285// 1295// 5127//
f 4285// 5127// 5128//
f 5128// 5127// 5129//
f 5128// 5129// 5130//
f 5130// 5129// 5131//
f 5130// 5131// 5132//
f 5132// 5131// 3019//
f 5132// 3019// 4282//
f 4282// 3019// 5133//
f 4282// 5133// 5134//
f 5134// 5133// 5135//
f 5134// 5135// 5136//
f 5136// 5135// 5137//
f 5136// 5137// 5138//
f 5138// 5137// 1278//
f 5138// 1278// 4279//
f 3169// 4279// 1320//
f 1320// 4279// 1278//
f 3168// 3169// 1318//
f 1318// 3169// 1320//
f 4286// 3168// 1315//
f 1315// 3168// 1318//
f 4286// 1315// 5139//
f 4286// 5139// 5140//
f 5140// 5139// 5141//
f 5140// 5141// 5142//
f 5142// 5141// 5143//
f 5142// 5143// 5144//
f 5144// 5143// 3044//
f 5144// 3044// 4290//
f 4290// 3044// 5145//
f 4290// 5145// 5146//
f 5146// 5145// 5147//
f 5146// 5147// 5148//
f 5148// 5147// 5149//
f 5148// 5149// 5150//
f 5150// 5149// 1298//
f 5150// 1298// 4287//
f 4285// 4287// 1295//
f 1295// 4287// 1298//
f 3169// 3168// 4279//
f 4279// 3168// 4286//
f 5144// 4290// 5142//
f 5142// 4290// 5140//
f 5148// 5150// 4286//
f 4286// 5150// 4287//
f 4286// 4287// 4279//
f 4279// 4287// 4285//
f 4279// 4285// 5138//
f 5138// 4285// 5136//
f 5140// 4290// 4286//
f 4286// 4290// 5146//
f 4286// 5146// 5148//
f 5132// 4282// 5130//
f 5130// 4282// 5128//
f 5128// 4282// 4285//
f 4285// 4282// 5134//
f 4285// 5134// 5136//
f 1295// 1298// 1318//
f 1318// 1320// 1295//
f 1295// 1320// 1278//
f 1295// 1278// 5127//
f 5127// 1278// 5129//
f 5133// 3019// 5135//
f 5135// 3019// 5137//
f 5141// 5139// 1298//
f 1298// 5139// 1315//
f 1298// 1315// 1318//
f 5137// 3019// 1278//
f 1278// 3019// 5131//
f 1278// 5131// 5129//
f 5145// 3044// 5147//
f 5147// 3044// 5149//
f 5149// 3044// 1298//
f 1298// 3044// 5143//
f 1298// 5143// 5141//
f 3221// 3845// 1324//
f 1324// 3845// 1323//
f 3214// 3221// 1364//
f 1364// 3221// 1324//
f 3846// 3214// 1361//
f 1361// 3214// 1364//
f 3846// 1361// 5151//
f 3846// 5151// 5152//
f 5152// 5151// 5153//
f 5152// 5153// 5154//
f 5154// 5153// 5155//
f 5154// 5155// 5156//
f 5156// 5155// 2588//
f 5156// 2588// 3849//
f 3849// 2588// 5157//
f 3849// 5157// 5158//
f 5158// 5157// 5159//
f 5158// 5159// 5160//
f 5160// 5159// 5161//
f 5160// 5161// 5162//
f 5162// 5161// 1344//
f 5162// 1344// 3852//
f 3853// 3852// 1341//
f 1341// 3852// 1344//
f 3853// 1341// 5163//
f 3853// 5163// 5164//
f 5164// 5163// 5165//
f 5164// 5165// 5166//
f 5166// 5165// 5167//
f 5166// 5167// 5168//
f 5168// 5167// 3015//
f 5168// 3015// 3856//
f 3856// 3015// 5169//
f 3856// 5169// 5170//
f 5170// 5169// 5171//
f 5170// 5171// 5172//
f 5172// 5171// 5173//
f 5172// 5173// 5174//
f 5174// 5173// 1323//
f 5174// 1323// 3845//
f 3221// 3214// 3845//
f 3845// 3214// 3846//
f 5156// 3849// 5154//
f 5154// 3849// 5152//
f 5160// 5162// 3846//
f 3846// 5162// 3852//
f 3846// 3852// 3845//
f 3845// 3852// 3853//
f 3845// 3853// 5174//
f 5174// 3853// 5172//
f 5152// 3849// 3846//
f 3846// 3849// 5158//
f 3846// 5158// 5160//
f 5168// 3856// 5166//
f 5166// 3856// 5164//
f 5164// 3856// 3853//
f 3853// 3856// 5170//
f 3853// 5170// 5172//
f 1364// 1324// 1361//
f 1361// 1324// 1323//
f 5169// 3015// 5171//
f 5171// 3015// 5173//
f 5165// 5163// 1323//
f 1323// 5163// 1341//
f 1323// 1341// 1361//
f 1361// 1341// 1344//
f 1361// 1344// 5151//
f 5151// 1344// 5153//
f 5173// 3015// 1323//
f 1323// 3015// 5167//
f 1323// 5167// 5165//
f 5157// 2588// 5159//
f 5159// 2588// 5161//
f 5161// 2588// 1344//
f 1344// 2588// 5155//
f 1344// 5155// 5153//
f 4271// 1383// 5175//
f 4271// 5175// 5176//
f 5176// 5175// 5177//
f 5176// 5177// 5178//
f 5178// 5177// 5179//
f 5178// 5179// 5180//
f 5180// 5179// 2768//
f 5180// 2768// 4268//
f 4268// 2768// 5181//
f 4268// 5181// 5182//
f 5182// 5181// 5183//
f 5182// 5183// 5184//
f 5184// 5183// 5185//
f 5184// 5185// 5186//
f 5186// 5185// 1366//
f 5186// 1366// 4265//
f 3170// 4265// 1408//
f 1408// 4265// 1366//
f 3162// 3170// 1406//
f 1406// 3170// 1408//
f 4272// 3162// 1403//
f 1403// 3162// 1406//
f 4272// 1403// 5187//
f 4272// 5187// 5188//
f 5188// 5187// 5189//
f 5188// 5189// 5190//
f 5190// 5189// 5191//
f 5190// 5191// 5192//
f 5192// 5191// 3017//
f 5192// 3017// 4276//
f 4276// 3017// 5193//
f 4276// 5193// 5194//
f 5194// 5193// 5195//
f 5194// 5195// 5196//
f 5196// 5195// 5197//
f 5196// 5197// 5198//
f 5198// 5197// 1386//
f 5198// 1386// 4273//
f 4271// 4273// 1383//
f 1383// 4273// 1386//
f 3170// 3162// 4265//
f 4265// 3162// 4272//
f 5192// 4276// 5190//
f 5190// 4276// 5188//
f 5196// 5198// 4272//
f 4272// 5198// 4273//
f 4272// 4273// 4265//
f 4265// 4273// 4271//
f 4265// 4271// 5186//
f 5186// 4271// 5184//
f 5188// 4276// 4272//
f 4272// 4276// 5194//
f 4272// 5194// 5196//
f 5180// 4268// 5178//
f 5178// 4268// 5176//
f 5176// 4268// 4271//
f 4271// 4268// 5182//
f 4271// 5182// 5184//
f 1383// 1386// 1406//
f 1406// 1408// 1383//
f 1383// 1408// 1366//
f 1383// 1366// 5175//
f 5175// 1366// 5177//
f 5181// 2768// 5183//
f 5183// 2768// 5185//
f 5189// 5187// 1386//
f 1386// 5187// 1403//
f 1386// 1403// 1406//
f 5185// 2768// 1366//
f 1366// 2768// 5179//
f 1366// 5179// 5177//
f 5193// 3017// 5195//
f 5195// 3017// 5197//
f 5197// 3017// 1386//
f 1386// 3017// 5191//
f 1386// 5191// 5189//
f 3217// 3831// 1412//
f 1412// 3831// 1411//
f 3218// 3217// 1452//
f 1452// 3217// 1412//
f 3832// 3218// 1449//
f 1449// 3218// 1452//
f 3832// 1449// 5199//
f 3832// 5199// 5200//
f 5200// 5199// 5201//
f 5200// 5201// 5202//
f 5202// 5201// 5203//
f 5202// 5203// 5204//
f 5204// 5203// 2705//
f 5204// 2705// 3836//
f 3836// 2705// 5205//
f 3836// 5205// 5206//
f 5206// 5205// 5207//
f 5206// 5207// 5208//
f 5208// 5207// 5209//
f 5208// 5209// 5210//
f 5210// 5209// 1432//
f 5210// 1432// 3833//
f 3839// 3833// 1429//
f 1429// 3833// 1432//
f 3839// 1429// 5211//
f 3839// 5211// 5212//
f 5212// 5211// 5213//
f 5212// 5213// 5214//
f 5214// 5213// 5215//
f 5214// 5215// 5216//
f 5216// 5215// 2708//
f 5216// 2708// 3842//
f 3842// 2708// 5217//
f 3842// 5217// 5218//
f 5218// 5217// 5219//
f 5218// 5219// 5220//
f 5220// 5219// 5221//
f 5220// 5221// 5222//
f 5222// 5221// 1411//
f 5222// 1411// 3831//
f 3217// 3218// 3831//
f 3831// 3218// 3832//
f 5202// 3833// 5200//
f 5200// 3833// 3832//
f 3836// 5206// 5208//
f 5202// 5204// 3833//
f 3833// 5204// 3836//
f 3833// 3836// 5210//
f 5210// 3836// 5208//
f 3832// 3833// 3831//
f 3831// 3833// 3839//
f 3831// 3839// 5212//
f 5212// 5214// 3831//
f 3831// 5214// 5216//
f 3831// 5216// 3842//
f 5218// 5220// 3842//
f 3842// 5220// 5222//
f 3842// 5222// 3831//
f 1452// 1412// 1449//
f 1449// 1412// 1411//
f 5203// 5201// 1432//
f 5217// 2708// 5219//
f 5219// 2708// 5221//
f 5221// 2708// 1411//
f 1411// 2708// 5215//
f 1411// 5215// 5213//
f 5207// 5205// 2705//
f 5213// 5211// 1411//
f 1411// 5211// 1429//
f 1411// 1429// 1449//
f 1449// 1429// 1432//
f 1449// 1432// 5199//
f 5199// 1432// 5201//
f 5203// 1432// 2705//
f 2705// 1432// 5209//
f 2705// 5209// 5207//
f 4257// 1471// 5223//
f 4257// 5223// 5224//
f 5224// 5223// 5225//
f 5224// 5225// 5226//
f 5226// 5225// 5227//
f 5226// 5227// 5228//
f 5228// 5227// 2752//
f 5228// 2752// 4254//
f 4254// 2752// 5229//
f 4254// 5229// 5230//
f 5230// 5229// 5231//
f 5230// 5231// 5232//
f 5232// 5231// 5233//
f 5232// 5233// 5234//
f 5234// 5233// 1454//
f 5234// 1454// 4251//
f 3167// 4251// 1496//
f 1496// 4251// 1454//
f 3166// 3167// 1494//
f 1494// 3167// 1496//
f 4258// 3166// 1491//
f 1491// 3166// 1494//
f 4258// 1491// 5235//
f 4258// 5235// 5236//
f 5236// 5235// 5237//
f 5236// 5237// 5238//
f 5238// 5237// 5239//
f 5238// 5239// 5240//
f 5240// 5239// 2743//
f 5240// 2743// 4262//
f 4262// 2743// 5241//
f 4262// 5241// 5242//
f 5242// 5241// 5243//
f 5242// 5243// 5244//
f 5244// 5243// 5245//
f 5244// 5245// 5246//
f 5246// 5245// 1474//
f 5246// 1474// 4259//
f 4257// 4259// 1471//
f 1471// 4259// 1474//
f 3167// 3166// 4251//
f 4251// 3166// 4258//
f 5236// 5238// 4259//
f 5230// 5232// 4257//
f 4262// 5242// 5244//
f 5226// 5228// 4254//
f 5232// 5234// 4257//
f 4257// 5234// 4251//
f 4257// 4251// 4259//
f 4259// 4251// 4258//
f 4259// 4258// 5236//
f 5238// 5240// 4259//
f 4259// 5240// 4262//
f 4259// 4262// 5246//
f 5246// 4262// 5244//
f 5230// 4257// 4254//
f 4254// 4257// 5224//
f 4254// 5224// 5226//
f 1494// 1496// 1491//
f 1491// 1496// 1454//
f 5233// 5231// 1471//
f 5239// 5237// 1474//
f 2752// 5227// 5225//
f 5243// 5241// 2743//
f 5237// 5235// 1474//
f 1474// 5235// 1491//
f 1474// 1491// 1471//
f 1471// 1491// 1454//
f 1471// 1454// 5233//
f 5231// 5229// 1471//
f 1471// 5229// 2752//
f 1471// 2752// 5223//
f 5223// 2752// 5225//
f 5239// 1474// 2743//
f 2743// 1474// 5245//
f 2743// 5245// 5243//
f 3231// 3817// 1500//
f 1500// 3817// 1499//
f 3226// 3231// 1540//
f 1540// 3231// 1500//
f 3818// 3226// 1537//
f 1537// 3226// 1540//
f 3818// 1537// 5247//
f 3818// 5247// 5248//
f 5248// 5247// 5249//
f 5248// 5249// 5250//
f 5250// 5249// 5251//
f 5250// 5251// 5252//
f 5252// 5251// 2694//
f 5252// 2694// 3822//
f 3822// 2694// 5253//
f 3822// 5253// 5254//
f 5254// 5253// 5255//
f 5254// 5255// 5256//
f 5256// 5255// 5257//
f 5256// 5257// 5258//
f 5258// 5257// 1520//
f 5258// 1520// 3819//
f 3825// 3819// 1517//
f 1517// 3819// 1520//
f 3825// 1517// 5259//
f 3825// 5259// 5260//
f 5260// 5259// 5261//
f 5260// 5261// 5262//
f 5262// 5261// 5263//
f 5262// 5263// 5264//
f 5264// 5263// 2717//
f 5264// 2717// 3828//
f 3828// 2717// 5265//
f 3828// 5265// 5266//
f 5266// 5265// 5267//
f 5266// 5267// 5268//
f 5268// 5267// 5269//
f 5268// 5269// 5270//
f 5270// 5269// 1499//
f 5270// 1499// 3817//
f 3231// 3226// 3817//
f 3817// 3226// 3818//
f 5250// 3819// 5248//
f 5248// 3819// 3818//
f 3822// 5254// 5256//
f 5250// 5252// 3819//
f 3819// 5252// 3822//
f 3819// 3822// 5258//
f 5258// 3822// 5256//
f 3818// 3819// 3817//
f 3817// 3819// 3825//
f 3817// 3825// 5260//
f 5260// 5262// 3817//
f 3817// 5262// 5264//
f 3817// 5264// 3828//
f 5266// 5268// 3828//
f 3828// 5268// 5270//
f 3828// 5270// 3817//
f 1540// 1500// 1537//
f 1537// 1500// 1499//
f 5251// 5249// 1520//
f 5265// 2717// 5267//
f 5267// 2717// 5269//
f 5269// 2717// 1499//
f 1499// 2717// 5263//
f 1499// 5263// 5261//
f 5255// 5253// 2694//
f 5261// 5259// 1499//
f 1499// 5259// 1517//
f 1499// 1517// 1537//
f 1537// 1517// 1520//
f 1537// 1520// 5247//
f 5247// 1520// 5249//
f 5251// 1520// 2694//
f 2694// 1520// 5257//
f 2694// 5257// 5255//
f 4243// 1559// 5271//
f 4243// 5271// 5272//
f 5272// 5271// 5273//
f 5272// 5273// 5274//
f 5274// 5273// 5275//
f 5274// 5275// 5276//
f 5276// 5275// 2772//
f 5276// 2772// 4240//
f 4240// 2772// 5277//
f 4240// 5277// 5278//
f 5278// 5277// 5279//
f 5278// 5279// 5280//
f 5280// 5279// 5281//
f 5280// 5281// 5282//
f 5282// 5281// 1542//
f 5282// 1542// 4237//
f 3154// 4237// 1584//
f 1584// 4237// 1542//
f 3155// 3154// 1582//
f 1582// 3154// 1584//
f 4244// 3155// 1579//
f 1579// 3155// 1582//
f 4244// 1579// 5283//
f 4244// 5283// 5284//
f 5284// 5283// 5285//
f 5284// 5285// 5286//
f 5286// 5285// 5287//
f 5286// 5287// 5288//
f 5288// 5287// 2759//
f 5288// 2759// 4248//
f 4248// 2759// 5289//
f 4248// 5289// 5290//
f 5290// 5289// 5291//
f 5290// 5291// 5292//
f 5292// 5291// 5293//
f 5292// 5293// 5294//
f 5294// 5293// 1562//
f 5294// 1562// 4245//
f 4243// 4245// 1559//
f 1559// 4245// 1562//
f 3154// 3155// 4237//
f 4237// 3155// 4244//
f 5288// 4248// 5286//
f 5286// 4248// 5284//
f 5284// 4248// 4244//
f 4244// 4248// 5290//
f 4244// 5290// 5292//
f 5292// 5294// 4244//
f 4244// 5294// 4245//
f 4244// 4245// 4237//
f 4237// 4245// 4243//
f 4237// 4243// 5272//
f 5272// 5274// 4237//
f 4237// 5274// 5276//
f 4237// 5276// 4240//
f 5278// 5280// 4240//
f 4240// 5280// 5282//
f 4240// 5282// 4237//
f 1582// 1584// 1579//
f 1579// 1584// 1542//
f 5277// 2772// 5279//
f 5279// 2772// 5281//
f 5281// 2772// 1542//
f 1542// 2772// 5275//
f 1542// 5275// 5273//
f 5273// 5271// 1542//
f 1542// 5271// 1559//
f 1542// 1559// 1579//
f 1579// 1559// 1562//
f 1579// 1562// 5293//
f 5293// 5291// 1579//
f 1579// 5291// 5289//
f 1579// 5289// 2759//
f 5287// 5285// 2759//
f 2759// 5285// 5283//
f 2759// 5283// 1579//
f 3227// 3803// 1588//
f 1588// 3803// 1587//
f 3228// 3227// 1628//
f 1628// 3227// 1588//
f 3804// 3228// 1625//
f 1625// 3228// 1628//
f 3804// 1625// 5295//
f 3804// 5295// 5296//
f 5296// 5295// 5297//
f 5296// 5297// 5298//
f 5298// 5297// 5299//
f 5298// 5299// 5300//
f 5300// 5299// 2721//
f 5300// 2721// 3808//
f 3808// 2721// 5301//
f 3808// 5301// 5302//
f 5302// 5301// 5303//
f 5302// 5303// 5304//
f 5304// 5303// 5305//
f 5304// 5305// 5306//
f 5306// 5305// 1608//
f 5306// 1608// 3805//
f 3811// 3805// 1605//
f 1605// 3805// 1608//
f 3811// 1605// 5307//
f 3811// 5307// 5308//
f 5308// 5307// 5309//
f 5308// 5309// 5310//
f 5310// 5309// 5311//
f 5310// 5311// 5312//
f 5312// 5311// 2696//
f 5312// 2696// 3814//
f 3814// 2696// 5313//
f 3814// 5313// 5314//
f 5314// 5313// 5315//
f 5314// 5315// 5316//
f 5316// 5315// 5317//
f 5316// 5317// 5318//
f 5318// 5317// 1587//
f 5318// 1587// 3803//
f 3227// 3228// 3803//
f 3803// 3228// 3804//
f 5308// 5310// 3803//
f 3803// 5310// 5312//
f 3803// 5312// 3814//
f 5314// 5316// 3814//
f 3814// 5316// 5318//
f 3814// 5318// 3803//
f 5300// 3808// 5298//
f 5298// 3808// 5296//
f 5296// 3808// 3804//
f 3804// 3808// 5302//
f 3804// 5302// 5304//
f 5304// 5306// 3804//
f 3804// 5306// 3805//
f 3804// 3805// 3803//
f 3803// 3805// 3811//
f 3803// 3811// 5308//
f 1628// 1588// 1625//
f 1625// 1588// 1587//
f 5313// 2696// 5315//
f 5315// 2696// 5317//
f 5317// 2696// 1587//
f 1587// 2696// 5311//
f 1587// 5311// 5309//
f 5309// 5307// 1587//
f 1587// 5307// 1605//
f 1587// 1605// 1625//
f 1625// 1605// 1608//
f 1625// 1608// 5305//
f 5305// 5303// 1625//
f 1625// 5303// 5301//
f 1625// 5301// 2721//
f 5299// 5297// 2721//
f 2721// 5297// 5295//
f 2721// 5295// 1625//
f 4229// 1647// 5319//
f 4229// 5319// 5320//
f 5320// 5319// 5321//
f 5320// 5321// 5322//
f 5322// 5321// 5323//
f 5322// 5323// 5324//
f 5324// 5323// 2796//
f 5324// 2796// 4226//
f 4226// 2796// 5325//
f 4226// 5325// 5326//
f 5326// 5325// 5327//
f 5326// 5327// 5328//
f 5328// 5327// 5329//
f 5328// 5329// 5330//
f 5330// 5329// 1630//
f 5330// 1630// 4223//
f 3183// 4223// 1672//
f 1672// 4223// 1630//
f 3158// 3183// 1670//
f 1670// 3183// 1672//
f 4230// 3158// 1667//
f 1667// 3158// 1670//
f 4230// 1667// 5331//
f 4230// 5331// 5332//
f 5332// 5331// 5333//
f 5332// 5333// 5334//
f 5334// 5333// 5335//
f 5334// 5335// 5336//
f 5336// 5335// 2780//
f 5336// 2780// 4234//
f 4234// 2780// 5337//
f 4234// 5337// 5338//
f 5338// 5337// 5339//
f 5338// 5339// 5340//
f 5340// 5339// 5341//
f 5340// 5341// 5342//
f 5342// 5341// 1650//
f 5342// 1650// 4231//
f 4229// 4231// 1647//
f 1647// 4231// 1650//
f 3183// 3158// 4223//
f 4223// 3158// 4230//
f 5332// 5334// 4231//
f 4229// 4223// 4231//
f 4231// 4223// 4230//
f 4231// 4230// 5332//
f 4234// 5338// 5340//
f 5334// 5336// 4231//
f 4231// 5336// 4234//
f 4231// 4234// 5342//
f 5342// 4234// 5340//
f 4229// 5320// 4223//
f 4223// 5320// 5322//
f 4223// 5322// 5330//
f 5330// 5322// 5324//
f 5324// 4226// 5330//
f 5330// 4226// 5326//
f 5330// 5326// 5328//
f 1670// 1672// 1667//
f 1667// 1672// 1630//
f 5335// 5333// 1650//
f 5339// 5337// 2780//
f 1630// 1647// 1667//
f 1667// 1647// 1650//
f 1667// 1650// 5331//
f 5331// 1650// 5333//
f 5335// 1650// 2780//
f 2780// 1650// 5341//
f 2780// 5341// 5339//
f 2796// 5329// 5325//
f 5325// 5329// 5327//
f 2796// 5323// 5329//
f 5329// 5323// 5321//
f 5329// 5321// 1630//
f 1630// 5321// 5319//
f 1630// 5319// 1647//
f 3232// 3789// 1676//
f 1676// 3789// 1675//
f 3219// 3232// 1716//
f 1716// 3232// 1676//
f 3790// 3219// 1713//
f 1713// 3219// 1716//
f 3790// 1713// 5343//
f 3790// 5343// 5344//
f 5344// 5343// 5345//
f 5344// 5345// 5346//
f 5346// 5345// 5347//
f 5346// 5347// 5348//
f 5348// 5347// 2713//
f 5348// 2713// 3794//
f 3794// 2713// 5349//
f 3794// 5349// 5350//
f 5350// 5349// 5351//
f 5350// 5351// 5352//
f 5352// 5351// 5353//
f 5352// 5353// 5354//
f 5354// 5353// 1696//
f 5354// 1696// 3791//
f 3797// 3791// 1693//
f 1693// 3791// 1696//
f 3797// 1693// 5355//
f 3797// 5355// 5356//
f 5356// 5355// 5357//
f 5356// 5357// 5358//
f 5358// 5357// 5359//
f 5358// 5359// 5360//
f 5360// 5359// 2722//
f 5360// 2722// 3800//
f 3800// 2722// 5361//
f 3800// 5361// 5362//
f 5362// 5361// 5363//
f 5362// 5363// 5364//
f 5364// 5363// 5365//
f 5364// 5365// 5366//
f 5366// 5365// 1675//
f 5366// 1675// 3789//
f 3232// 3219// 3789//
f 3789// 3219// 3790//
f 5348// 3794// 5346//
f 5346// 3794// 5344//
f 5344// 3794// 3790//
f 3790// 3794// 5350//
f 3790// 5350// 5352//
f 5352// 5354// 3790//
f 3790// 5354// 3791//
f 3790// 3791// 3789//
f 3791// 3797// 3789//
f 3789// 3797// 5356//
f 3789// 5356// 5358//
f 3800// 5362// 5364//
f 5364// 5366// 3800//
f 3800// 5366// 3789//
f 3800// 3789// 5360//
f 5360// 3789// 5358//
f 1716// 1676// 1713//
f 1713// 1676// 1675//
f 5361// 2722// 5363//
f 5363// 2722// 5365//
f 5365// 2722// 1675//
f 1675// 2722// 5359//
f 1675// 5359// 5357//
f 5357// 5355// 1675//
f 1675// 5355// 1693//
f 1675// 1693// 1713//
f 1713// 1693// 1696//
f 1713// 1696// 5353//
f 5353// 5351// 1713//
f 1713// 5351// 5349//
f 1713// 5349// 2713//
f 5347// 5345// 2713//
f 2713// 5345// 5343//
f 2713// 5343// 1713//
f 4215// 1735// 5367//
f 4215// 5367// 5368//
f 5368// 5367// 5369//
f 5368// 5369// 5370//
f 5370// 5369// 5371//
f 5370// 5371// 5372//
f 5372// 5371// 2828//
f 5372// 2828// 4212//
f 4212// 2828// 5373//
f 4212// 5373// 5374//
f 5374// 5373// 5375//
f 5374// 5375// 5376//
f 5376// 5375// 5377//
f 5376// 5377// 5378//
f 5378// 5377// 1718//
f 5378// 1718// 4209//
f 3180// 4209// 1760//
f 1760// 4209// 1718//
f 3181// 3180// 1758//
f 1758// 3180// 1760//
f 4216// 3181// 1755//
f 1755// 3181// 1758//
f 4216// 1755// 5379//
f 4216// 5379// 5380//
f 5380// 5379// 5381//
f 5380// 5381// 5382//
f 5382// 5381// 5383//
f 5382// 5383// 5384//
f 5384// 5383// 2791//
f 5384// 2791// 4220//
f 4220// 2791// 5385//
f 4220// 5385// 5386//
f 5386// 5385// 5387//
f 5386// 5387// 5388//
f 5388// 5387// 5389//
f 5388// 5389// 5390//
f 5390// 5389// 1738//
f 5390// 1738// 4217//
f 4215// 4217// 1735//
f 1735// 4217// 1738//
f 3180// 3181// 4209//
f 4209// 3181// 4216//
f 5384// 4220// 5382//
f 5382// 4220// 5380//
f 5380// 4220// 4216//
f 4216// 4220// 5386//
f 4216// 5386// 5388//
f 4215// 4209// 4217//
f 4217// 4209// 4216//
f 4217// 4216// 5390//
f 5390// 4216// 5388//
f 4215// 5368// 4209//
f 4209// 5368// 5370//
f 4209// 5370// 5378//
f 5378// 5370// 5372//
f 5372// 4212// 5378//
f 5378// 4212// 5374//
f 5378// 5374// 5376//
f 1758// 1760// 1755//
f 1755// 1760// 1718//
f 2828// 5377// 5373//
f 5373// 5377// 5375//
f 2828// 5371// 5377//
f 5377// 5371// 5369//
f 5377// 5369// 1718//
f 5369// 5367// 1718//
f 1718// 5367// 1735//
f 1718// 1735// 1755//
f 1755// 1735// 1738//
f 1755// 1738// 5389//
f 5389// 5387// 1755//
f 1755// 5387// 5385//
f 1755// 5385// 2791//
f 5383// 5381// 2791//
f 2791// 5381// 5379//
f 2791// 5379// 1755//
f 3222// 3775// 1764//
f 1764// 3775// 1763//
f 3223// 3222// 1804//
f 1804// 3222// 1764//
f 3776// 3223// 1801//
f 1801// 3223// 1804//
f 3776// 1801// 5391//
f 3776// 5391// 5392//
f 5392// 5391// 5393//
f 5392// 5393// 5394//
f 5394// 5393// 5395//
f 5394// 5395// 5396//
f 5396// 5395// 2725//
f 5396// 2725// 3780//
f 3780// 2725// 5397//
f 3780// 5397// 5398//
f 5398// 5397// 5399//
f 5398// 5399// 5400//
f 5400// 5399// 5401//
f 5400// 5401// 5402//
f 5402// 5401// 1784//
f 5402// 1784// 3777//
f 3783// 3777// 1781//
f 1781// 3777// 1784//
f 3783// 1781// 5403//
f 3783// 5403// 5404//
f 5404// 5403// 5405//
f 5404// 5405// 5406//
f 5406// 5405// 5407//
f 5406// 5407// 5408//
f 5408// 5407// 2706//
f 5408// 2706// 3786//
f 3786// 2706// 5409//
f 3786// 5409// 5410//
f 5410// 5409// 5411//
f 5410// 5411// 5412//
f 5412// 5411// 5413//
f 5412// 5413// 5414//
f 5414// 5413// 1763//
f 5414// 1763// 3775//
f 3222// 3223// 3775//
f 3775// 3223// 3776//
f 5404// 5406// 3775//
f 5398// 5400// 3776//
f 5394// 5396// 3780//
f 5400// 5402// 3776//
f 3776// 5402// 3777//
f 3776// 3777// 3775//
f 3775// 3777// 3783//
f 3775// 3783// 5404//
f 5406// 5408// 3775//
f 3775// 5408// 3786//
f 3775// 3786// 5414//
f 5414// 3786// 5410//
f 5414// 5410// 5412//
f 5398// 3776// 3780//
f 3780// 3776// 5392//
f 3780// 5392// 5394//
f 1804// 1764// 1801//
f 1801// 1764// 1763//
f 5401// 5399// 1801//
f 5411// 5409// 5413//
f 5413// 5409// 2706//
f 5413// 2706// 1763//
f 1763// 2706// 5407//
f 1763// 5407// 5405//
f 5405// 5403// 1763//
f 1763// 5403// 1781//
f 1763// 1781// 1801//
f 1801// 1781// 1784//
f 1801// 1784// 5401//
f 2725// 5395// 5393//
f 5399// 5397// 1801//
f 1801// 5397// 2725//
f 1801// 2725// 5391//
f 5391// 2725// 5393//
f 4201// 1823// 5415//
f 4201// 5415// 5416//
f 5416// 5415// 5417//
f 5416// 5417// 5418//
f 5418// 5417// 5419//
f 5418// 5419// 5420//
f 5420// 5419// 2829//
f 5420// 2829// 4198//
f 4198// 2829// 5421//
f 4198// 5421// 5422//
f 5422// 5421// 5423//
f 5422// 5423// 5424//
f 5424// 5423// 5425//
f 5424// 5425// 5426//
f 5426// 5425// 1806//
f 5426// 1806// 4195//
f 3182// 4195// 1848//
f 1848// 4195// 1806//
f 3179// 3182// 1846//
f 1846// 3182// 1848//
f 4202// 3179// 1843//
f 1843// 3179// 1846//
f 4202// 1843// 5427//
f 4202// 5427// 5428//
f 5428// 5427// 5429//
f 5428// 5429// 5430//
f 5430// 5429// 5431//
f 5430// 5431// 5432//
f 5432// 5431// 2826//
f 5432// 2826// 4206//
f 4206// 2826// 5433//
f 4206// 5433// 5434//
f 5434// 5433// 5435//
f 5434// 5435// 5436//
f 5436// 5435// 5437//
f 5436// 5437// 5438//
f 5438// 5437// 1826//
f 5438// 1826// 4203//
f 4201// 4203// 1823//
f 1823// 4203// 1826//
f 3182// 3179// 4195//
f 4195// 3179// 4202//
f 4202// 4203// 4195//
f 4195// 4203// 4201//
f 4195// 4201// 5416//
f 5416// 5418// 4195//
f 4195// 5418// 5420//
f 4195// 5420// 4198//
f 5422// 5424// 4198//
f 4198// 5424// 5426//
f 4198// 5426// 4195//
f 4206// 5428// 5432//
f 5432// 5428// 5430//
f 4206// 5434// 5428//
f 5428// 5434// 5436//
f 5428// 5436// 4202//
f 4202// 5436// 5438//
f 4202// 5438// 4203//
f 1846// 1848// 1843//
f 1843// 1848// 1806//
f 5419// 5417// 1806//
f 5423// 5421// 2829//
f 5417// 5415// 1806//
f 1806// 5415// 1823//
f 1806// 1823// 1843//
f 1843// 1823// 1826//
f 5419// 1806// 2829//
f 2829// 1806// 5425//
f 2829// 5425// 5423//
f 1826// 5437// 1843//
f 1843// 5437// 5435//
f 1843// 5435// 5427//
f 5427// 5435// 5433//
f 5433// 2826// 5427//
f 5427// 2826// 5431//
f 5427// 5431// 5429//
f 3230// 3761// 1852//
f 1852// 3761// 1851//
f 3229// 3230// 1892//
f 1892// 3230// 1852//
f 3762// 3229// 1889//
f 1889// 3229// 1892//
f 3762// 1889// 5439//
f 3762// 5439// 5440//
f 5440// 5439// 5441//
f 5440// 5441// 5442//
f 5442// 5441// 5443//
f 5442// 5443// 5444//
f 5444// 5443// 2718//
f 5444// 2718// 3766//
f 3766// 2718// 5445//
f 3766// 5445// 5446//
f 5446// 5445// 5447//
f 5446// 5447// 5448//
f 5448// 5447// 5449//
f 5448// 5449// 5450//
f 5450// 5449// 1872//
f 5450// 1872// 3763//
f 3769// 3763// 1869//
f 1869// 3763// 1872//
f 3769// 1869// 5451//
f 3769// 5451// 5452//
f 5452// 5451// 5453//
f 5452// 5453// 5454//
f 5454// 5453// 5455//
f 5454// 5455// 5456//
f 5456// 5455// 2726//
f 5456// 2726// 3772//
f 3772// 2726// 5457//
f 3772// 5457// 5458//
f 5458// 5457// 5459//
f 5458// 5459// 5460//
f 5460// 5459// 5461//
f 5460// 5461// 5462//
f 5462// 5461// 1851//
f 5462// 1851// 3761//
f 3230// 3229// 3761//
f 3761// 3229// 3762//
f 5452// 5454// 3761//
f 5442// 5444// 5440//
f 5440// 5444// 3766//
f 5440// 3766// 3762//
f 3762// 3766// 5446//
f 3762// 5446// 5448//
f 5448// 5450// 3762//
f 3762// 5450// 3763//
f 3762// 3763// 3761//
f 3761// 3763// 3769//
f 3761// 3769// 5452//
f 5454// 5456// 3761//
f 3761// 5456// 3772//
f 3761// 3772// 5462//
f 5462// 3772// 5458//
f 5462// 5458// 5460//
f 1892// 1852// 1889//
f 1889// 1852// 1851//
f 5455// 5453// 1851//
f 5459// 5457// 2726//
f 5449// 5447// 1889//
f 5455// 1851// 2726//
f 2726// 1851// 5461//
f 2726// 5461// 5459//
f 5453// 5451// 1851//
f 1851// 5451// 1869//
f 1851// 1869// 1889//
f 1889// 1869// 1872//
f 1889// 1872// 5449//
f 5447// 5445// 1889//
f 1889// 5445// 2718//
f 1889// 2718// 5439//
f 5439// 2718// 5443//
f 5439// 5443// 5441//
f 4187// 1911// 5463//
f 4187// 5463// 5464//
f 5464// 5463// 5465//
f 5464// 5465// 5466//
f 5466// 5465// 5467//
f 5466// 5467// 5468//
f 5468// 5467// 2806//
f 5468// 2806// 4184//
f 4184// 2806// 5469//
f 4184// 5469// 5470//
f 5470// 5469// 5471//
f 5470// 5471// 5472//
f 5472// 5471// 5473//
f 5472// 5473// 5474//
f 5474// 5473// 1894//
f 5474// 1894// 4181//
f 3176// 4181// 1936//
f 1936// 4181// 1894//
f 3177// 3176// 1934//
f 1934// 3176// 1936//
f 4188// 3177// 1931//
f 1931// 3177// 1934//
f 4188// 1931// 5475//
f 4188// 5475// 5476//
f 5476// 5475// 5477//
f 5476// 5477// 5478//
f 5478// 5477// 5479//
f 5478// 5479// 5480//
f 5480// 5479// 2815//
f 5480// 2815// 4192//
f 4192// 2815// 5481//
f 4192// 5481// 5482//
f 5482// 5481// 5483//
f 5482// 5483// 5484//
f 5484// 5483// 5485//
f 5484// 5485// 5486//
f 5486// 5485// 1914//
f 5486// 1914// 4189//
f 4187// 4189// 1911//
f 1911// 4189// 1914//
f 3176// 3177// 4181//
f 4181// 3177// 4188//
f 5482// 5484// 4188//
f 5478// 5480// 4192//
f 5484// 5486// 4188//
f 4188// 5486// 4189//
f 4188// 4189// 4181//
f 4181// 4189// 4187//
f 4181// 4187// 5464//
f 5482// 4188// 4192//
f 4192// 4188// 5476//
f 4192// 5476// 5478//
f 5464// 5466// 4181//
f 4181// 5466// 5468//
f 4181// 5468// 4184//
f 4184// 5470// 4181//
f 4181// 5470// 5472//
f 4181// 5472// 5474//
f 1934// 1936// 1931//
f 1931// 1936// 1894//
f 5467// 5465// 1894//
f 5485// 5483// 1931//
f 5465// 5463// 1894//
f 1894// 5463// 1911//
f 1894// 1911// 1931//
f 1931// 1911// 1914//
f 1931// 1914// 5485//
f 1894// 5473// 5471//
f 5471// 5469// 1894//
f 1894// 5469// 2806//
f 1894// 2806// 5467//
f 5483// 5481// 1931//
f 1931// 5481// 2815//
f 1931// 2815// 5475//
f 5475// 2815// 5479//
f 5475// 5479// 5477//
f 3236// 3747// 1940//
f 1940// 3747// 1939//
f 3233// 3236// 1980//
f 1980// 3236// 1940//
f 3748// 3233// 1977//
f 1977// 3233// 1980//
f 3748// 1977// 5487//
f 3748// 5487// 5488//
f 5488// 5487// 5489//
f 5488// 5489// 5490//
f 5490// 5489// 5491//
f 5490// 5491// 5492//
f 5492// 5491// 2689//
f 5492// 2689// 3752//
f 3752// 2689// 5493//
f 3752// 5493// 5494//
f 5494// 5493// 5495//
f 5494// 5495// 5496//
f 5496// 5495// 5497//
f 5496// 5497// 5498//
f 5498// 5497// 1960//
f 5498// 1960// 3749//
f 3755// 3749// 1957//
f 1957// 3749// 1960//
f 3755// 1957// 5499//
f 3755// 5499// 5500//
f 5500// 5499// 5501//
f 5500// 5501// 5502//
f 5502// 5501// 5503//
f 5502// 5503// 5504//
f 5504// 5503// 2712//
f 5504// 2712// 3758//
f 3758// 2712// 5505//
f 3758// 5505// 5506//
f 5506// 5505// 5507//
f 5506// 5507// 5508//
f 5508// 5507// 5509//
f 5508// 5509// 5510//
f 5510// 5509// 1939//
f 5510// 1939// 3747//
f 3236// 3233// 3747//
f 3747// 3233// 3748//
f 5492// 3752// 5490//
f 5490// 3752// 5488//
f 5488// 3752// 3748//
f 3748// 3752// 5494//
f 3748// 5494// 5496//
f 5496// 5498// 3748//
f 3748// 5498// 3749//
f 3748// 3749// 3747//
f 3749// 3755// 3747//
f 3747// 3755// 5500//
f 3747// 5500// 5502//
f 3758// 5506// 5508//
f 5508// 5510// 3758//
f 3758// 5510// 3747//
f 3758// 3747// 5504//
f 5504// 3747// 5502//
f 1980// 1940// 1977//
f 1977// 1940// 1939//
f 5505// 2712// 5507//
f 5507// 2712// 5509//
f 5509// 2712// 1939//
f 1939// 2712// 5503//
f 1939// 5503// 5501//
f 5501// 5499// 1939//
f 1939// 5499// 1957//
f 1939// 1957// 1977//
f 1977// 1957// 1960//
f 1977// 1960// 5497//
f 5497// 5495// 1977//
f 1977// 5495// 5493//
f 1977// 5493// 2689//
f 5491// 5489// 2689//
f 2689// 5489// 5487//
f 2689// 5487// 1977//
f 4173// 1999// 5511//
f 4173// 5511// 5512//
f 5512// 5511// 5513//
f 5512// 5513// 5514//
f 5514// 5513// 5515//
f 5514// 5515// 5516//
f 5516// 5515// 2838//
f 5516// 2838// 4170//
f 4170// 2838// 5517//
f 4170// 5517// 5518//
f 5518// 5517// 5519//
f 5518// 5519// 5520//
f 5520// 5519// 5521//
f 5520// 5521// 5522//
f 5522// 5521// 1982//
f 5522// 1982// 4167//
f 3178// 4167// 2024//
f 2024// 4167// 1982//
f 3175// 3178// 2022//
f 2022// 3178// 2024//
f 4174// 3175// 2019//
f 2019// 3175// 2022//
f 4174// 2019// 5523//
f 4174// 5523// 5524//
f 5524// 5523// 5525//
f 5524// 5525// 5526//
f 5526// 5525// 5527//
f 5526// 5527// 5528//
f 5528// 5527// 2808//
f 5528// 2808// 4178//
f 4178// 2808// 5529//
f 4178// 5529// 5530//
f 5530// 5529// 5531//
f 5530// 5531// 5532//
f 5532// 5531// 5533//
f 5532// 5533// 5534//
f 5534// 5533// 2002//
f 5534// 2002// 4175//
f 4173// 4175// 1999//
f 1999// 4175// 2002//
f 3178// 3175// 4167//
f 4167// 3175// 4174//
f 5528// 4178// 5526//
f 5526// 4178// 5524//
f 5524// 4178// 4174//
f 4174// 4178// 5530//
f 4174// 5530// 5532//
f 4173// 4167// 4175//
f 4175// 4167// 4174//
f 4175// 4174// 5534//
f 5534// 4174// 5532//
f 4173// 5512// 4167//
f 4167// 5512// 5514//
f 4167// 5514// 5522//
f 5522// 5514// 5516//
f 5516// 4170// 5522//
f 5522// 4170// 5518//
f 5522// 5518// 5520//
f 2022// 2024// 2019//
f 2019// 2024// 1982//
f 2838// 5521// 5517//
f 5517// 5521// 5519//
f 2838// 5515// 5521//
f 5521// 5515// 5513//
f 5521// 5513// 1982//
f 5513// 5511// 1982//
f 1982// 5511// 1999//
f 1982// 1999// 2019//
f 2019// 1999// 2002//
f 2019// 2002// 5533//
f 5533// 5531// 2019//
f 2019// 5531// 5529//
f 2019// 5529// 2808//
f 5527// 5525// 2808//
f 2808// 5525// 5523//
f 2808// 5523// 2019//
f 3234// 3733// 2028//
f 2028// 3733// 2027//
f 3235// 3234// 2068//
f 2068// 3234// 2028//
f 3734// 3235// 2065//
f 2065// 3235// 2068//
f 3734// 2065// 5535//
f 3734// 5535// 5536//
f 5536// 5535// 5537//
f 5536// 5537// 5538//
f 5538// 5537// 5539//
f 5538// 5539// 5540//
f 5540// 5539// 2685//
f 5540// 2685// 3738//
f 3738// 2685// 5541//
f 3738// 5541// 5542//
f 5542// 5541// 5543//
f 5542// 5543// 5544//
f 5544// 5543// 5545//
f 5544// 5545// 5546//
f 5546// 5545// 2048//
f 5546// 2048// 3735//
f 3741// 3735// 2045//
f 2045// 3735// 2048//
f 3741// 2045// 5547//
f 3741// 5547// 5548//
f 5548// 5547// 5549//
f 5548// 5549// 5550//
f 5550// 5549// 5551//
f 5550// 5551// 5552//
f 5552// 5551// 2695//
f 5552// 2695// 3744//
f 3744// 2695// 5553//
f 3744// 5553// 5554//
f 5554// 5553// 5555//
f 5554// 5555// 5556//
f 5556// 5555// 5557//
f 5556// 5557// 5558//
f 5558// 5557// 2027//
f 5558// 2027// 3733//
f 3234// 3235// 3733//
f 3733// 3235// 3734//
f 3733// 3734// 3735//
f 3735// 3734// 5536//
f 3735// 5536// 5538//
f 3738// 5542// 5544//
f 5538// 5540// 3735//
f 3735// 5540// 3738//
f 3735// 3738// 5546//
f 5546// 3738// 5544//
f 3735// 3741// 3733//
f 3733// 3741// 5548//
f 3733// 5548// 5550//
f 3744// 5554// 5556//
f 5556// 5558// 3744//
f 3744// 5558// 3733//
f 3744// 3733// 5552//
f 5552// 3733// 5550//
f 2068// 2028// 2065//
f 2065// 2028// 2027//
f 5539// 5537// 2048//
f 5543// 5541// 2685//
f 5537// 5535// 2048//
f 2048// 5535// 2065//
f 2048// 2065// 2045//
f 2045// 2065// 2027//
f 2045// 2027// 5547//
f 5547// 2027// 5549//
f 5553// 2695// 5555//
f 5555// 2695// 5557//
f 5539// 2048// 2685//
f 2685// 2048// 5545//
f 2685// 5545// 5543//
f 5557// 2695// 2027//
f 2027// 2695// 5551//
f 2027// 5551// 5549//
f 4159// 2087// 5559//
f 4159// 5559// 5560//
f 5560// 5559// 5561//
f 5560// 5561// 5562//
f 5562// 5561// 5563//
f 5562// 5563// 5564//
f 5564// 5563// 2788//
f 5564// 2788// 4156//
f 4156// 2788// 5565//
f 4156// 5565// 5566//
f 5566// 5565// 5567//
f 5566// 5567// 5568//
f 5568// 5567// 5569//
f 5568// 5569// 5570//
f 5570// 5569// 2070//
f 5570// 2070// 4153//
f 3172// 4153// 2112//
f 2112// 4153// 2070//
f 3173// 3172// 2110//
f 2110// 3172// 2112//
f 4160// 3173// 2107//
f 2107// 3173// 2110//
f 4160// 2107// 5571//
f 4160// 5571// 5572//
f 5572// 5571// 5573//
f 5572// 5573// 5574//
f 5574// 5573// 5575//
f 5574// 5575// 5576//
f 5576// 5575// 2816//
f 5576// 2816// 4164//
f 4164// 2816// 5577//
f 4164// 5577// 5578//
f 5578// 5577// 5579//
f 5578// 5579// 5580//
f 5580// 5579// 5581//
f 5580// 5581// 5582//
f 5582// 5581// 2090//
f 5582// 2090// 4161//
f 4159// 4161// 2087//
f 2087// 4161// 2090//
f 3172// 3173// 4153//
f 4153// 3173// 4160//
f 5566// 5568// 4159//
f 5562// 5564// 4156//
f 5576// 4164// 5574//
f 5574// 4164// 5572//
f 5572// 4164// 4160//
f 4160// 4164// 5578//
f 4160// 5578// 5580//
f 5568// 5570// 4159//
f 4159// 5570// 4153//
f 4159// 4153// 4161//
f 4161// 4153// 4160//
f 4161// 4160// 5582//
f 5582// 4160// 5580//
f 5566// 4159// 4156//
f 4156// 4159// 5560//
f 4156// 5560// 5562//
f 2110// 2112// 2107//
f 2107// 2112// 2070//
f 5567// 2087// 5569//
f 5569// 2087// 2070//
f 2788// 5563// 5561//
f 5567// 5565// 2087//
f 2087// 5565// 2788//
f 2087// 2788// 5559//
f 5559// 2788// 5561//
f 2070// 2087// 2107//
f 2107// 2087// 2090//
f 2107// 2090// 5581//
f 5581// 5579// 2107//
f 2107// 5579// 5577//
f 2107// 5577// 2816//
f 5575// 5573// 2816//
f 2816// 5573// 5571//
f 2816// 5571// 2107//
f 3240// 3719// 2116//
f 2116// 3719// 2115//
f 3237// 3240// 2156//
f 2156// 3240// 2116//
f 3720// 3237// 2153//
f 2153// 3237// 2156//
f 3720// 2153// 5583//
f 3720// 5583// 5584//
f 5584// 5583// 5585//
f 5584// 5585// 5586//
f 5586// 5585// 5587//
f 5586// 5587// 5588//
f 5588// 5587// 2680//
f 5588// 2680// 3724//
f 3724// 2680// 5589//
f 3724// 5589// 5590//
f 5590// 5589// 5591//
f 5590// 5591// 5592//
f 5592// 5591// 5593//
f 5592// 5593// 5594//
f 5594// 5593// 2136//
f 5594// 2136// 3721//
f 3727// 3721// 2133//
f 2133// 3721// 2136//
f 3727// 2133// 5595//
f 3727// 5595// 5596//
f 5596// 5595// 5597//
f 5596// 5597// 5598//
f 5598// 5597// 5599//
f 5598// 5599// 5600//
f 5600// 5599// 2697//
f 5600// 2697// 3730//
f 3730// 2697// 5601//
f 3730// 5601// 5602//
f 5602// 5601// 5603//
f 5602// 5603// 5604//
f 5604// 5603// 5605//
f 5604// 5605// 5606//
f 5606// 5605// 2115//
f 5606// 2115// 3719//
f 3240// 3237// 3719//
f 3719// 3237// 3720//
f 5586// 3721// 5584//
f 5584// 3721// 3720//
f 3724// 5590// 5592//
f 5586// 5588// 3721//
f 3721// 5588// 3724//
f 3721// 3724// 5594//
f 5594// 3724// 5592//
f 3720// 3721// 3719//
f 3719// 3721// 3727//
f 3719// 3727// 5596//
f 5596// 5598// 3719//
f 3719// 5598// 5600//
f 3719// 5600// 3730//
f 5602// 5604// 3730//
f 3730// 5604// 5606//
f 3730// 5606// 3719//
f 2156// 2116// 2153//
f 2153// 2116// 2115//
f 5587// 5585// 2136//
f 5601// 2697// 5603//
f 5603// 2697// 5605//
f 5605// 2697// 2115//
f 2115// 2697// 5599//
f 2115// 5599// 5597//
f 5591// 5589// 2680//
f 5597// 5595// 2115//
f 2115// 5595// 2133//
f 2115// 2133// 2153//
f 2153// 2133// 2136//
f 2153// 2136// 5583//
f 5583// 2136// 5585//
f 5587// 2136// 2680//
f 2680// 2136// 5593//
f 2680// 5593// 5591//
f 4145// 2175// 5607//
f 4145// 5607// 5608//
f 5608// 5607// 5609//
f 5608// 5609// 5610//
f 5610// 5609// 5611//
f 5610// 5611// 5612//
f 5612// 5611// 2803//
f 5612// 2803// 4142//
f 4142// 2803// 5613//
f 4142// 5613// 5614//
f 5614// 5613// 5615//
f 5614// 5615// 5616//
f 5616// 5615// 5617//
f 5616// 5617// 5618//
f 5618// 5617// 2158//
f 5618// 2158// 4139//
f 3174// 4139// 2200//
f 2200// 4139// 2158//
f 3171// 3174// 2198//
f 2198// 3174// 2200//
f 4146// 3171// 2195//
f 2195// 3171// 2198//
f 4146// 2195// 5619//
f 4146// 5619// 5620//
f 5620// 5619// 5621//
f 5620// 5621// 5622//
f 5622// 5621// 5623//
f 5622// 5623// 5624//
f 5624// 5623// 2794//
f 5624// 2794// 4150//
f 4150// 2794// 5625//
f 4150// 5625// 5626//
f 5626// 5625// 5627//
f 5626// 5627// 5628//
f 5628// 5627// 5629//
f 5628// 5629// 5630//
f 5630// 5629// 2178//
f 5630// 2178// 4147//
f 4145// 4147// 2175//
f 2175// 4147// 2178//
f 3174// 3171// 4139//
f 4139// 3171// 4146//
f 5620// 5622// 4147//
f 5614// 5616// 4145//
f 4150// 5626// 5628//
f 5610// 5612// 4142//
f 5616// 5618// 4145//
f 4145// 5618// 4139//
f 4145// 4139// 4147//
f 4147// 4139// 4146//
f 4147// 4146// 5620//
f 5622// 5624// 4147//
f 4147// 5624// 4150//
f 4147// 4150// 5630//
f 5630// 4150// 5628//
f 5614// 4145// 4142//
f 4142// 4145// 5608//
f 4142// 5608// 5610//
f 2198// 2200// 2195//
f 2195// 2200// 2158//
f 5617// 5615// 2175//
f 5623// 5621// 2178//
f 2803// 5611// 5609//
f 5627// 5625// 2794//
f 5621// 5619// 2178//
f 2178// 5619// 2195//
f 2178// 2195// 2175//
f 2175// 2195// 2158//
f 2175// 2158// 5617//
f 5615// 5613// 2175//
f 2175// 5613// 2803//
f 2175// 2803// 5607//
f 5607// 2803// 5609//
f 5623// 2178// 2794//
f 2794// 2178// 5629//
f 2794// 5629// 5627//
f 3238// 3705// 2204//
f 2204// 3705// 2203//
f 3239// 3238// 2244//
f 2244// 3238// 2204//
f 3706// 3239// 2241//
f 2241// 3239// 2244//
f 3706// 2241// 5631//
f 3706// 5631// 5632//
f 5632// 5631// 5633//
f 5632// 5633// 5634//
f 5634// 5633// 5635//
f 5634// 5635// 5636//
f 5636// 5635// 2665//
f 5636// 2665// 3710//
f 3710// 2665// 5637//
f 3710// 5637// 5638//
f 5638// 5637// 5639//
f 5638// 5639// 5640//
f 5640// 5639// 5641//
f 5640// 5641// 5642//
f 5642// 5641// 2224//
f 5642// 2224// 3707//
f 3713// 3707// 2221//
f 2221// 3707// 2224//
f 3713// 2221// 5643//
f 3713// 5643// 5644//
f 5644// 5643// 5645//
f 5644// 5645// 5646//
f 5646// 5645// 5647//
f 5646// 5647// 5648//
f 5648// 5647// 2674//
f 5648// 2674// 3716//
f 3716// 2674// 5649//
f 3716// 5649// 5650//
f 5650// 5649// 5651//
f 5650// 5651// 5652//
f 5652// 5651// 5653//
f 5652// 5653// 5654//
f 5654// 5653// 2203//
f 5654// 2203// 3705//
f 3238// 3239// 3705//
f 3705// 3239// 3706//
f 5634// 3707// 5632//
f 5632// 3707// 3706//
f 3710// 5638// 5640//
f 5634// 5636// 3707//
f 3707// 5636// 3710//
f 3707// 3710// 5642//
f 5642// 3710// 5640//
f 3706// 3707// 3705//
f 3705// 3707// 3713//
f 3705// 3713// 5644//
f 5644// 5646// 3705//
f 3705// 5646// 5648//
f 3705// 5648// 3716//
f 5650// 5652// 3716//
f 3716// 5652// 5654//
f 3716// 5654// 3705//
f 2244// 2204// 2241//
f 2241// 2204// 2203//
f 5635// 5633// 2224//
f 5649// 2674// 5651//
f 5651// 2674// 5653//
f 5653// 2674// 2203//
f 2203// 2674// 5647//
f 2203// 5647// 5645//
f 5639// 5637// 2665//
f 5645// 5643// 2203//
f 2203// 5643// 2221//
f 2203// 2221// 2241//
f 2241// 2221// 2224//
f 2241// 2224// 5631//
f 5631// 2224// 5633//
f 5635// 2224// 2665//
f 2665// 2224// 5641//
f 2665// 5641// 5639//
f 4131// 2263// 5655//
f 4131// 5655// 5656//
f 5656// 5655// 5657//
f 5656// 5657// 5658//
f 5658// 5657// 5659//
f 5658// 5659// 5660//
f 5660// 5659// 2858//
f 5660// 2858// 4128//
f 4128// 2858// 5661//
f 4128// 5661// 5662//
f 5662// 5661// 5663//
f 5662// 5663// 5664//
f 5664// 5663// 5665//
f 5664// 5665// 5666//
f 5666// 5665// 2246//
f 5666// 2246// 4125//
f 3163// 4125// 2288//
f 2288// 4125// 2246//
f 3164// 3163// 2286//
f 2286// 3163// 2288//
f 4132// 3164// 2283//
f 2283// 3164// 2286//
f 4132// 2283// 5667//
f 4132// 5667// 5668//
f 5668// 5667// 5669//
f 5668// 5669// 5670//
f 5670// 5669// 5671//
f 5670// 5671// 5672//
f 5672// 5671// 2825//
f 5672// 2825// 4136//
f 4136// 2825// 5673//
f 4136// 5673// 5674//
f 5674// 5673// 5675//
f 5674// 5675// 5676//
f 5676// 5675// 5677//
f 5676// 5677// 5678//
f 5678// 5677// 2266//
f 5678// 2266// 4133//
f 4131// 4133// 2263//
f 2263// 4133// 2266//
f 3163// 3164// 4125//
f 4125// 3164// 4132//
f 5668// 5670// 4133//
f 5662// 5664// 4131//
f 4136// 5674// 5676//
f 5658// 5660// 4128//
f 5664// 5666// 4131//
f 4131// 5666// 4125//
f 4131// 4125// 4133//
f 4133// 4125// 4132//
f 4133// 4132// 5668//
f 5670// 5672// 4133//
f 4133// 5672// 4136//
f 4133// 4136// 5678//
f 5678// 4136// 5676//
f 5662// 4131// 4128//
f 4128// 4131// 5656//
f 4128// 5656// 5658//
f 2286// 2288// 2283//
f 2283// 2288// 2246//
f 5665// 5663// 2263//
f 5671// 5669// 2266//
f 2858// 5659// 5657//
f 5675// 5673// 2825//
f 5669// 5667// 2266//
f 2266// 5667// 2283//
f 2266// 2283// 2263//
f 2263// 2283// 2246//
f 2263// 2246// 5665//
f 5663// 5661// 2263//
f 2263// 5661// 2858//
f 2263// 2858// 5655//
f 5655// 2858// 5657//
f 5671// 2266// 2825//
f 2825// 2266// 5677//
f 2825// 5677// 5675//
f 3241// 3691// 2292//
f 2292// 3691// 2291//
f 3220// 3241// 2332//
f 2332// 3241// 2292//
f 3692// 3220// 2329//
f 2329// 3220// 2332//
f 3692// 2329// 5679//
f 3692// 5679// 5680//
f 5680// 5679// 5681//
f 5680// 5681// 5682//
f 5682// 5681// 5683//
f 5682// 5683// 5684//
f 5684// 5683// 2615//
f 5684// 2615// 3696//
f 3696// 2615// 5685//
f 3696// 5685// 5686//
f 5686// 5685// 5687//
f 5686// 5687// 5688//
f 5688// 5687// 5689//
f 5688// 5689// 5690//
f 5690// 5689// 2312//
f 5690// 2312// 3693//
f 3699// 3693// 2309//
f 2309// 3693// 2312//
f 3699// 2309// 5691//
f 3699// 5691// 5692//
f 5692// 5691// 5693//
f 5692// 5693// 5694//
f 5694// 5693// 5695//
f 5694// 5695// 5696//
f 5696// 5695// 2646//
f 5696// 2646// 3702//
f 3702// 2646// 5697//
f 3702// 5697// 5698//
f 5698// 5697// 5699//
f 5698// 5699// 5700//
f 5700// 5699// 5701//
f 5700// 5701// 5702//
f 5702// 5701// 2291//
f 5702// 2291// 3691//
f 3241// 3220// 3691//
f 3691// 3220// 3692//
f 5684// 3696// 5682//
f 5682// 3696// 5680//
f 5688// 5690// 3692//
f 3692// 5690// 3693//
f 3692// 3693// 3691//
f 3691// 3693// 3699//
f 3691// 3699// 5702//
f 5702// 3699// 5700//
f 5680// 3696// 3692//
f 3692// 3696// 5686//
f 3692// 5686// 5688//
f 5696// 3702// 5694//
f 5694// 3702// 5692//
f 5692// 3702// 3699//
f 3699// 3702// 5698//
f 3699// 5698// 5700//
f 2332// 2292// 2329//
f 2329// 2292// 2291//
f 5697// 2646// 5699//
f 5699// 2646// 5701//
f 5693// 5691// 2291//
f 2291// 5691// 2309//
f 2291// 2309// 2329//
f 2329// 2309// 2312//
f 2329// 2312// 5679//
f 5679// 2312// 5681//
f 5701// 2646// 2291//
f 2291// 2646// 5695//
f 2291// 5695// 5693//
f 5685// 2615// 5687//
f 5687// 2615// 5689//
f 5689// 2615// 2312//
f 2312// 2615// 5683//
f 2312// 5683// 5681//
f 4117// 2351// 5703//
f 4117// 5703// 5704//
f 5704// 5703// 5705//
f 5704// 5705// 5706//
f 5706// 5705// 5707//
f 5706// 5707// 5708//
f 5708// 5707// 2868//
f 5708// 2868// 4114//
f 4114// 2868// 5709//
f 4114// 5709// 5710//
f 5710// 5709// 5711//
f 5710// 5711// 5712//
f 5712// 5711// 5713//
f 5712// 5713// 5714//
f 5714// 5713// 2334//
f 5714// 2334// 4111//
f 3165// 4111// 2376//
f 2376// 4111// 2334//
f 3161// 3165// 2374//
f 2374// 3165// 2376//
f 4118// 3161// 2371//
f 2371// 3161// 2374//
f 4118// 2371// 5715//
f 4118// 5715// 5716//
f 5716// 5715// 5717//
f 5716// 5717// 5718//
f 5718// 5717// 5719//
f 5718// 5719// 5720//
f 5720// 5719// 2853//
f 5720// 2853// 4122//
f 4122// 2853// 5721//
f 4122// 5721// 5722//
f 5722// 5721// 5723//
f 5722// 5723// 5724//
f 5724// 5723// 5725//
f 5724// 5725// 5726//
f 5726// 5725// 2354//
f 5726// 2354// 4119//
f 4117// 4119// 2351//
f 2351// 4119// 2354//
f 3165// 3161// 4111//
f 4111// 3161// 4118//
f 5720// 4122// 5718//
f 5718// 4122// 5716//
f 5724// 5726// 4118//
f 4118// 5726// 4119//
f 4118// 4119// 4111//
f 4111// 4119// 4117//
f 4111// 4117// 5714//
f 5714// 4117// 5712//
f 5716// 4122// 4118//
f 4118// 4122// 5722//
f 4118// 5722// 5724//
f 5708// 4114// 5706//
f 5706// 4114// 5704//
f 5704// 4114// 4117//
f 4117// 4114// 5710//
f 4117// 5710// 5712//
f 2351// 2354// 2374//
f 2374// 2376// 2351//
f 2351// 2376// 2334//
f 2351// 2334// 5703//
f 5703// 2334// 5705//
f 5709// 2868// 5711//
f 5711// 2868// 5713//
f 5717// 5715// 2354//
f 2354// 5715// 2371//
f 2354// 2371// 2374//
f 5713// 2868// 2334//
f 2334// 2868// 5707//
f 2334// 5707// 5705//
f 5721// 2853// 5723//
f 5723// 2853// 5725//
f 5725// 2853// 2354//
f 2354// 2853// 5719//
f 2354// 5719// 5717//
f 3225// 3677// 2380//
f 2380// 3677// 2379//
f 3224// 3225// 2420//
f 2420// 3225// 2380//
f 3678// 3224// 2417//
f 2417// 3224// 2420//
f 3678// 2417// 5727//
f 3678// 5727// 5728//
f 5728// 5727// 5729//
f 5728// 5729// 5730//
f 5730// 5729// 5731//
f 5730// 5731// 5732//
f 5732// 5731// 2617//
f 5732// 2617// 3682//
f 3682// 2617// 5733//
f 3682// 5733// 5734//
f 5734// 5733// 5735//
f 5734// 5735// 5736//
f 5736// 5735// 5737//
f 5736// 5737// 5738//
f 5738// 5737// 2400//
f 5738// 2400// 3679//
f 3685// 3679// 2397//
f 2397// 3679// 2400//
f 3685// 2397// 5739//
f 3685// 5739// 5740//
f 5740// 5739// 5741//
f 5740// 5741// 5742//
f 5742// 5741// 5743//
f 5742// 5743// 5744//
f 5744// 5743// 2602//
f 5744// 2602// 3688//
f 3688// 2602// 5745//
f 3688// 5745// 5746//
f 5746// 5745// 5747//
f 5746// 5747// 5748//
f 5748// 5747// 5749//
f 5748// 5749// 5750//
f 5750// 5749// 2379//
f 5750// 2379// 3677//
f 3225// 3224// 3677//
f 3677// 3224// 3678//
f 5732// 3682// 5730//
f 5730// 3682// 5728//
f 5736// 5738// 3678//
f 3678// 5738// 3679//
f 3678// 3679// 3677//
f 3677// 3679// 3685//
f 3677// 3685// 5750//
f 5750// 3685// 5748//
f 5728// 3682// 3678//
f 3678// 3682// 5734//
f 3678// 5734// 5736//
f 5744// 3688// 5742//
f 5742// 3688// 5740//
f 5740// 3688// 3685//
f 3685// 3688// 5746//
f 3685// 5746// 5748//
f 2420// 2380// 2417//
f 2417// 2380// 2379//
f 5745// 2602// 5747//
f 5747// 2602// 5749//
f 5741// 5739// 2379//
f 2379// 5739// 2397//
f 2379// 2397// 2417//
f 2417// 2397// 2400//
f 2417// 2400// 5727//
f 5727// 2400// 5729//
f 5749// 2602// 2379//
f 2379// 2602// 5743//
f 2379// 5743// 5741//
f 5733// 2617// 5735//
f 5735// 2617// 5737//
f 5737// 2617// 2400//
f 2400// 2617// 5731//
f 2400// 5731// 5729//
f 4103// 2439// 5751//
f 4103// 5751// 5752//
f 5752// 5751// 5753//
f 5752// 5753// 5754//
f 5754// 5753// 5755//
f 5754// 5755// 5756//
f 5756// 5755// 2861//
f 5756// 2861// 4100//
f 4100// 2861// 5757//
f 4100// 5757// 5758//
f 5758// 5757// 5759//
f 5758// 5759// 5760//
f 5760// 5759// 5761//
f 5760// 5761// 5762//
f 5762// 5761// 2422//
f 5762// 2422// 4097//
f 3159// 4097// 2464//
f 2464// 4097// 2422//
f 3160// 3159// 2462//
f 2462// 3159// 2464//
f 4104// 3160// 2459//
f 2459// 3160// 2462//
f 4104// 2459// 5763//
f 4104// 5763// 5764//
f 5764// 5763// 5765//
f 5764// 5765// 5766//
f 5766// 5765// 5767//
f 5766// 5767// 5768//
f 5768// 5767// 2866//
f 5768// 2866// 4108//
f 4108// 2866// 5769//
f 4108// 5769// 5770//
f 5770// 5769// 5771//
f 5770// 5771// 5772//
f 5772// 5771// 5773//
f 5772// 5773// 5774//
f 5774// 5773// 2442//
f 5774// 2442// 4105//
f 4103// 4105// 2439//
f 2439// 4105// 2442//
f 3159// 3160// 4097//
f 4097// 3160// 4104//
f 5768// 4108// 5766//
f 5766// 4108// 5764//
f 5772// 5774// 4104//
f 4104// 5774// 4105//
f 4104// 4105// 4097//
f 4097// 4105// 4103//
f 4097// 4103// 5762//
f 5762// 4103// 5760//
f 5764// 4108// 4104//
f 4104// 4108// 5770//
f 4104// 5770// 5772//
f 5756// 4100// 5754//
f 5754// 4100// 5752//
f 5752// 4100// 4103//
f 4103// 4100// 5758//
f 4103// 5758// 5760//
f 2439// 2442// 2462//
f 2462// 2464// 2439//
f 2439// 2464// 2422//
f 2439// 2422// 5751//
f 5751// 2422// 5753//
f 5757// 2861// 5759//
f 5759// 2861// 5761//
f 5765// 5763// 2442//
f 2442// 5763// 2459//
f 2442// 2459// 2462//
f 5761// 2861// 2422//
f 2422// 2861// 5755//
f 2422// 5755// 5753//
f 5769// 2866// 5771//
f 5771// 2866// 5773//
f 5773// 2866// 2442//
f 2442// 2866// 5767//
f 2442// 5767// 5765//
f 4294// 4293// 2468//
f 2468// 4293// 2467//
f 4294// 2468// 2515//
f 4294// 2515// 4301//
f 4301// 2515// 2513//
f 4301// 2513// 4300//
f 4300// 2513// 2511//
f 4300// 2511// 4299//
f 4299// 2511// 2509//
f 4299// 2509// 4298//
f 4298// 2509// 2507//
f 4298// 2507// 4297//
f 4297// 2507// 2505//
f 4297// 2505// 4296//
f 4296// 2505// 2504//
f 4296// 2504// 4295//
f 4302// 4295// 2501//
f 2501// 4295// 2504//
f 4302// 2501// 2499//
f 4302// 2499// 4309//
f 4309// 2499// 2497//
f 4309// 2497// 4308//
f 4308// 2497// 2495//
f 4308// 2495// 4307//
f 4307// 2495// 2493//
f 4307// 2493// 4306//
f 4306// 2493// 2491//
f 4306// 2491// 4305//
f 4305// 2491// 2489//
f 4305// 2489// 4304//
f 4304// 2489// 2488//
f 4304// 2488// 4303//
f 4310// 4303// 2485//
f 2485// 4303// 2488//
f 4310// 2485// 2483//
f 4310// 2483// 4317//
f 4317// 2483// 2481//
f 4317// 2481// 4316//
f 4316// 2481// 2479//
f 4316// 2479// 4315//
f 4315// 2479// 2477//
f 4315// 2477// 4314//
f 4314// 2477// 2475//
f 4314// 2475// 4313//
f 4313// 2475// 2473//
f 4313// 2473// 4312//
f 4312// 2473// 2472//
f 4312// 2472// 4311//
f 4318// 4311// 2470//
f 2470// 4311// 2472//
f 4293// 4318// 2467//
f 2467// 4318// 2470//
f 4311// 4318// 4293//
f 4299// 4298// 4297//
f 4294// 4303// 4293//
f 4293// 4303// 4310//
f 4293// 4310// 4311//
f 4311// 4310// 4317//
f 4311// 4317// 4316//
f 4301// 4300// 4295//
f 4295// 4300// 4299//
f 4295// 4299// 4296//
f 4296// 4299// 4297//
f 4302// 4309// 4308//
f 4308// 4307// 4302//
f 4302// 4307// 4306//
f 4302// 4306// 4305//
f 4305// 4304// 4302//
f 4302// 4304// 4303//
f 4302// 4303// 4295//
f 4295// 4303// 4294//
f 4295// 4294// 4301//
f 4316// 4315// 4311//
f 4311// 4315// 4314//
f 4311// 4314// 4312//
f 4312// 4314// 4313//
f 2504// 2470// 2501//
f 2501// 2470// 2472//
f 2479// 2481// 2472//
f 2504// 2511// 2513//
f 2491// 2493// 2501//
f 2504// 2505// 2511//
f 2511// 2505// 2507//
f 2511// 2507// 2509//
f 2467// 2470// 2468//
f 2468// 2470// 2504//
f 2468// 2504// 2515//
f 2515// 2504// 2513//
f 2491// 2501// 2489//
f 2479// 2472// 2477//
f 2477// 2472// 2473//
f 2477// 2473// 2475//
f 2481// 2483// 2472//
f 2472// 2483// 2485//
f 2472// 2485// 2501//
f 2501// 2485// 2488//
f 2501// 2488// 2489//
f 2493// 2495// 2501//
f 2501// 2495// 2497//
f 2501// 2497// 2499//
