v 0.098104 0.78 -0.443444
v 0.100689 0.78 -0.443721
v 0.07602 0.78 -0.443721
newmtl 1
Ka 1.0 0.6549019607843137 0.0
Kd 1.0 0.6549019607843137 0.0
Ks 0.5019607843137255 0.32941176470588235 0.0
d 0.0
endmtl
v -1.136417 0.78 0.396108
v -1.181652 0.78 0.59
v -0.723109 0.78 0.59
v 0.379052 0.78 -0.277992
v 0.376079 0.78 -0.282403
v 0.312524 0.78 -0.282403
v 0.497026 0.78 -0.168489
v 0.481395 0.78 -0.178999
v 0.312524 0.78 -0.178999
v 0.464782 0.78 -0.190168
v 0.441059 0.78 -0.21755
v 0.42574 0.78 -0.247285
v 0.41934 0.78 -0.249544
v 0.398097 0.78 -0.260894
v 1.136417 0.78 0.396108
v 0.632286 0.78 -0.169871
v 1.181652 0.78 0.59
v 0.598953 0.78 -0.156997
v 0.312524 0.78 0.59
v 0.563109 0.78 -0.152572
v 0.533308 0.78 -0.155703
v 1.109123 0.78 0.198889
v 1.1 0.78 0.0
v 0.647012 0.78 -0.178999
v 1.108211 0.78 -0.178999
v 0.649868 0.78 -0.180769
v 0.776656 0.78 -0.241294
v 0.753674 0.78 -0.225106
v 0.726899 0.78 -0.214681
v 0.698309 0.78 -0.211135
v 0.666859 0.78 -0.195319
v 0.689995 0.78 -0.211587
v 0.68168 0.78 -0.212581
v 1.120681 0.78 -0.282403
v 0.805164 0.78 -0.282403
v 1.109123 0.78 -0.198889
v 0.798931 0.78 -0.268279
v 0.781453 0.78 -0.245839
v 0.736485 0.78 -0.438995
v 0.762601 0.78 -0.426243
v 1.147525 0.78 -0.443721
v 0.785068 0.78 -0.407066
v 0.801474 0.78 -0.383689
v 0.811884 0.78 -0.356785
v 0.815434 0.78 -0.32826
v 0.815241 0.78 -0.32151
v 1.124807 0.78 -0.312218
v 0.813596 0.78 -0.312218
v 0.81043 0.78 -0.294332
v 1.136417 0.78 -0.396108
v 0.727229 0.78 -0.44177
v 0.726318 0.78 -0.443721
v 0.720011 0.78 -0.457231
v 1.156923 0.78 -0.484002
v 0.70927 0.78 -0.470508
v 0.695137 0.78 -0.48118
v 0.628601 0.78 -0.484002
v 0.641094 0.78 -0.488791
v 0.312524 0.78 -0.59
v 0.658544 0.78 -0.490933
v 0.661396 0.78 -0.490879
v 1.181652 0.78 -0.59
v 0.678463 0.78 -0.488202
v 0.688436 0.78 -0.484002
v 0.590777 0.78 -0.443721
v 0.590806 0.78 -0.443844
v 0.312524 0.78 -0.484002
v 0.599324 0.78 -0.459983
v 0.610559 0.78 -0.472599
v 0.624966 0.78 -0.482609
v 0.60432 0.78 -0.370193
v 0.507439 0.78 -0.319584
v 0.616915 0.78 -0.358717
v 0.632249 0.78 -0.350485
v 0.364907 0.78 -0.298979
v 0.360059 0.78 -0.312218
v 0.312524 0.78 -0.312218
v 0.356758 0.78 -0.321232
v 0.403374 0.78 -0.429086
v 0.425704 0.78 -0.439127
v 0.312524 0.78 -0.443721
v 0.446707 0.78 -0.443216
v 0.501301 0.78 -0.438691
v 0.505045 0.78 -0.435102
v 0.399327 0.78 -0.336532
v 0.402686 0.78 -0.322636
v 0.408268 0.78 -0.312218
v 0.768093 0.78 -0.312218
v 0.502321 0.78 -0.403689
v 0.497787 0.78 -0.400709
v 0.485026 0.78 -0.357903
v 0.492771 0.78 -0.398927
v 0.368183 0.78 -0.393543
v 0.380915 0.78 -0.410681
v 0.384163 0.78 -0.414049
v 0.489364 0.78 -0.443216
v 0.491436 0.78 -0.442984
v 0.496296 0.78 -0.441591
v 0.763907 0.78 -0.35549
v 0.755189 0.78 -0.370354
v 0.718476 0.78 -0.377729
v 0.742217 0.78 -0.38366
v 0.726506 0.78 -0.393329
v 0.691719 0.78 -0.353817
v 0.706511 0.78 -0.364074
v 0.769885 0.78 -0.326814
v 0.769049 0.78 -0.337776
v 0.354164 0.78 -0.341997
v 0.354308 0.78 -0.347411
v 0.358387 0.78 -0.37104
v 0.675745 0.78 -0.347723
v 0.658544 0.78 -0.345612
v 0.649696 0.78 -0.34614
v 0.510331 0.78 -0.420803
v 0.510195 0.78 -0.418352
v 0.586245 0.78 -0.411404
v 0.508845 0.78 -0.412824
v 0.506139 0.78 -0.407822
v 0.487918 0.78 -0.39839
v 0.487214 0.78 -0.398441
v 0.485045 0.78 -0.398921
v 0.508043 0.78 -0.430499
v 0.509796 0.78 -0.425565
v 0.586619 0.78 -0.425985
v 0.586245 0.78 -0.418634
v 0.413639 0.78 -0.380932
v 0.405692 0.78 -0.36965
v 0.400717 0.78 -0.356762
v 0.39899 0.78 -0.34272
v 0.48358 0.78 -0.399113
v 0.451045 0.78 -0.399113
v 0.43818 0.78 -0.396662
v 0.425409 0.78 -0.390779
v 0.414701 0.78 -0.38207
v 0.461812 0.78 -0.282403
v 0.754034 0.78 -0.282403
v 0.461167 0.78 -0.286326
v 0.761561 0.78 -0.293235
v 0.767743 0.78 -0.309364
v 0.455383 0.78 -0.286326
v 0.40938 0.78 -0.310141
v 0.417836 0.78 -0.300682
v 0.429055 0.78 -0.292861
v 0.441677 0.78 -0.288012
v 0.664655 0.78 -0.262425
v 0.659267 0.78 -0.265359
v 0.650171 0.78 -0.24563
v 0.497561 0.78 -0.21945
v 0.462767 0.78 -0.276586
v 0.485704 0.78 -0.231013
v 0.471402 0.78 -0.252213
v 0.562386 0.78 -0.195952
v 0.567646 0.78 -0.196081
v 0.59163 0.78 -0.200113
v 0.680874 0.78 -0.256556
v 0.697586 0.78 -0.254515
v 0.704937 0.78 -0.254888
v 0.518262 0.78 -0.2061
v 0.541181 0.78 -0.198196
v 0.614985 0.78 -0.210323
v 0.634704 0.78 -0.225724
v 0.722796 0.78 -0.259075
v 0.738935 0.78 -0.267593
v 0.751551 0.78 -0.278829
v -0.170247 0.78 -0.282403
v -0.137222 0.78 -0.281545
v -0.122717 0.78 -0.281545
v -0.098491 0.78 -0.179856
v -0.170247 0.78 -0.178999
v -0.075031 0.78 -0.178999
v -0.060228 0.78 -0.281545
v -0.045723 0.78 -0.281545
v -0.042903 0.78 -0.282403
v -0.075031 0.78 -0.282403
v -0.075031 0.78 -0.253731
v -0.070001 0.78 -0.253731
v -0.042903 0.78 -0.178999
v -0.075031 0.78 -0.204596
v -0.084454 0.78 -0.179856
v 0.064231 0.78 -0.179856
v 0.052313 0.78 -0.178999
v 0.07602 0.78 -0.178999
v 0.103482 0.78 -0.191554
v 0.103482 0.78 -0.224098
v 0.07602 0.78 -0.191554
v 0.07602 0.78 -0.224098
v 0.064231 0.78 -0.191554
v 0.067117 0.78 -0.224098
v 0.061918 0.78 -0.269951
v 0.067117 0.78 -0.235743
v 0.07602 0.78 -0.269951
v 0.07602 0.78 -0.235743
v 0.103482 0.78 -0.269951
v 0.103482 0.78 -0.235743
v 0.116609 0.78 -0.281545
v 0.122497 0.78 -0.282403
v 0.07602 0.78 -0.282403
v 0.052313 0.78 -0.282403
v 0.061918 0.78 -0.281545
v 0.07602 0.78 -0.281545
v 0.122497 0.78 -0.178999
v 0.116609 0.78 -0.179856
v 0.07602 0.78 -0.179856
v 0.158403 0.78 -0.271381
v 0.146913 0.78 -0.269228
v 0.141304 0.78 -0.194193
v 0.141304 0.78 -0.266705
v 0.138095 0.78 -0.195413
v 0.136963 0.78 -0.264753
v 0.136963 0.78 -0.196025
v 0.18739 0.78 -0.262786
v 0.18076 0.78 -0.267495
v 0.14841 0.78 -0.191489
v 0.189921 0.78 -0.202715
v 0.194678 0.78 -0.209938
v 0.197922 0.78 -0.218976
v 0.160929 0.78 -0.189994
v 0.164845 0.78 -0.19015
v 0.188639 0.78 -0.201275
v 0.173696 0.78 -0.191849
v 0.181695 0.78 -0.195547
v 0.199322 0.78 -0.231844
v 0.199211 0.78 -0.235608
v 0.197581 0.78 -0.245781
v 0.173527 0.78 -0.270309
v 0.163216 0.78 -0.271563
v 0.194292 0.78 -0.253979
v 0.18934 0.78 -0.260854
v 0.150323 0.78 -0.178999
v 0.14749 0.78 -0.179231
v 0.141304 0.78 -0.178999
v 0.141304 0.78 -0.181035
v 0.136963 0.78 -0.1823
v 0.160752 0.78 -0.178141
v 0.141304 0.78 0.59
v 0.161059 0.78 -0.178141
v 0.20855 0.78 0.59
v 0.168026 0.78 -0.178999
v 0.20855 0.78 -0.178999
v 0.205791 0.78 -0.202755
v 0.198412 0.78 -0.193113
v 0.196031 0.78 -0.190833
v 0.186531 0.78 -0.184129
v 0.175931 0.78 -0.179972
v 0.214645 0.78 -0.282403
v 0.20855 0.78 -0.282403
v 0.20855 0.78 -0.255828
v 0.214645 0.78 -0.178999
v 0.210618 0.78 -0.214053
v 0.20855 0.78 -0.209213
v 0.211439 0.78 -0.247799
v 0.213099 0.78 -0.232624
v 0.212921 0.78 -0.227332
v 0.174005 0.78 -0.282403
v 0.182255 0.78 -0.280707
v 0.191854 0.78 -0.276186
v 0.20005 0.78 -0.26938
v 0.201655 0.78 -0.267582
v 0.207512 0.78 -0.258712
v 0.165114 0.78 -0.28326
v 0.17123 0.78 -0.282973
v 0.20855 0.78 -0.312218
v 0.156141 0.78 -0.282403
v 0.141304 0.78 -0.312218
v 0.136963 0.78 -0.277334
v 0.138697 0.78 -0.278198
v 0.141304 0.78 -0.282403
v 0.141304 0.78 -0.279053
v 0.149615 0.78 -0.281779
v -0.723109 0.78 -0.178999
v -1.108211 0.78 -0.178999
v -1.1 0.78 0.0
v -1.109123 0.78 0.198889
v -1.109123 0.78 -0.198889
v -0.723109 0.78 -0.282403
v -1.120681 0.78 -0.282403
v -0.723109 0.78 -0.312218
v -1.124807 0.78 -0.312218
v -1.136417 0.78 -0.396108
v -0.723109 0.78 -0.443721
v -1.147525 0.78 -0.443721
v 0.201413 0.78 -0.411905
v 0.19887 0.78 -0.408256
v 0.196905 0.78 -0.387704
v 0.141304 0.78 -0.443721
v 0.145645 0.78 -0.442863
v 0.158382 0.78 -0.442863
v 0.193926 0.78 -0.44161
v 0.20855 0.78 -0.443721
v 0.189139 0.78 -0.443548
v 0.188042 0.78 -0.443726
v 0.20194 0.78 -0.433286
v 0.203436 0.78 -0.428918
v 0.204001 0.78 -0.42342
v 0.154699 0.78 -0.373259
v 0.151289 0.78 -0.376488
v 0.158382 0.78 -0.431634
v 0.158719 0.78 -0.431634
v 0.161679 0.78 -0.435894
v 0.165831 0.78 -0.439869
v 0.19497 0.78 -0.404871
v 0.189547 0.78 -0.40209
v 0.18804 0.78 -0.382145
v 0.179905 0.78 -0.399713
v 0.180059 0.78 -0.37958
v 0.197762 0.78 -0.43886
v 0.19965 0.78 -0.436873
v 0.203966 0.78 -0.4219
v 0.203157 0.78 -0.416398
v 0.184946 0.78 -0.370175
v 0.171898 0.78 -0.368572
v 0.164345 0.78 -0.369242
v 0.158946 0.78 -0.370856
v 0.158382 0.78 -0.396698
v 0.158721 0.78 -0.391709
v 0.159983 0.78 -0.386907
v 0.196905 0.78 -0.375331
v 0.194396 0.78 -0.373872
v 0.148672 0.78 -0.380579
v 0.146664 0.78 -0.386329
v 0.145645 0.78 -0.396126
v 0.161434 0.78 -0.384194
v 0.163307 0.78 -0.382079
v 0.165503 0.78 -0.380566
v 0.168342 0.78 -0.379477
v 0.173094 0.78 -0.378918
v 0.141304 0.78 -0.484002
v 0.173906 0.78 -0.443729
v 0.20855 0.78 -0.484002
v 0.18097 0.78 -0.444579
v 0.183207 0.78 -0.444511
v 0.128307 0.78 -0.389836
v 0.127809 0.78 -0.385302
v 0.12633 0.78 -0.398719
v 0.127745 0.78 -0.394839
v 0.128385 0.78 -0.427163
v 0.123808 0.78 -0.43003
v 0.122497 0.78 -0.430542
v 0.122497 0.78 -0.403578
v 0.124693 0.78 -0.401325
v 0.12261 0.78 -0.403504
v 0.116874 0.78 -0.443721
v 0.119498 0.78 -0.443446
v 0.122497 0.78 -0.443721
v 0.122497 0.78 -0.44239
v 0.128385 0.78 -0.440316
v 0.082817 0.78 -0.371796
v 0.082817 0.78 -0.384169
v 0.120144 0.78 -0.374343
v 0.117107 0.78 -0.372469
v 0.122497 0.78 -0.312218
v 0.07992 0.78 -0.428146
v 0.081464 0.78 -0.432187
v 0.083817 0.78 -0.435552
v 0.126298 0.78 -0.381201
v 0.123937 0.78 -0.377757
v 0.122497 0.78 -0.37646
v 0.110304 0.78 -0.369818
v 0.100025 0.78 -0.368572
v 0.07602 0.78 -0.312218
v 0.09109 0.78 -0.369365
v 0.083597 0.78 -0.411099
v 0.081274 0.78 -0.414499
v 0.079891 0.78 -0.418234
v 0.079334 0.78 -0.423108
v 0.087522 0.78 -0.438808
v 0.09118 0.78 -0.440987
v 0.101273 0.78 -0.378918
v 0.105043 0.78 -0.379201
v 0.11518 0.78 -0.388692
v 0.10845 0.78 -0.380103
v 0.111307 0.78 -0.381621
v 0.115064 0.78 -0.390386
v 0.114558 0.78 -0.392365
v 0.113641 0.78 -0.394083
v 0.112398 0.78 -0.39545
v 0.107908 0.78 -0.398258
v 0.092343 0.78 -0.380008
v 0.100025 0.78 -0.401689
v 0.085141 0.78 -0.382807
v 0.095093 0.78 -0.403684
v 0.086634 0.78 -0.408389
v 0.113228 0.78 -0.38332
v 0.11432 0.78 -0.384941
v 0.114949 0.78 -0.38666
v 0.115841 0.78 -0.433144
v 0.109019 0.78 -0.410943
v 0.116611 0.78 -0.407463
v 0.107433 0.78 -0.434181
v 0.106871 0.78 -0.434178
v 0.100656 0.78 -0.414445
v 0.100342 0.78 -0.433446
v 0.092409 0.78 -0.424355
v 0.092534 0.78 -0.422771
v 0.097055 0.78 -0.432243
v 0.095894 0.78 -0.431538
v 0.094432 0.78 -0.430241
v 0.09332 0.78 -0.428597
v 0.092673 0.78 -0.426785
v 0.093112 0.78 -0.420782
v 0.094097 0.78 -0.419094
v 0.095684 0.78 -0.417441
v -0.010735 0.78 -0.341175
v -0.042903 0.78 -0.341175
v -0.042903 0.78 -0.312218
v 0.039485 0.78 -0.424823
v 0.037926 0.78 -0.430802
v 0.037588 0.78 -0.430802
v 0.00299 0.78 -0.370236
v 0.052313 0.78 -0.312218
v 0.016195 0.78 -0.370236
v 0.052313 0.78 -0.387921
v 0.036028 0.78 -0.424927
v 0.037003 0.78 -0.428313
v 0.052313 0.78 -0.443721
v 0.052313 0.78 -0.42211
v 0.072706 0.78 -0.370236
v 0.058461 0.78 -0.370236
v 0.044216 0.78 -0.442707
v 0.044645 0.78 -0.443721
v 0.049805 0.78 -0.455912
v 0.07602 0.78 -0.484002
v 0.07008 0.78 -0.476031
v 0.07008 0.78 -0.464698
v 0.067313 0.78 -0.465593
v 0.062854 0.78 -0.466154
v 0.108681 0.78 -0.444579
v 0.122497 0.78 -0.484002
v 0.062447 0.78 -0.466148
v 0.059401 0.78 -0.465711
v 0.056653 0.78 -0.46457
v 0.054775 0.78 -0.463234
v 0.052401 0.78 -0.460629
v 0.052313 0.78 -0.46047
v 0.052313 0.78 -0.474816
v 0.05686 0.78 -0.476512
v 0.052313 0.78 -0.484002
v 0.061866 0.78 -0.477071
v 0.066324 0.78 -0.476805
v 0.03595 0.78 -0.453833
v 0.041387 0.78 -0.464568
v -0.042903 0.78 -0.484002
v 0.031963 0.78 -0.443721
v 0.046033 0.78 -0.470325
v 0.047363 0.78 -0.471558
v 0.05182 0.78 -0.474632
v -0.063113 0.78 -0.341175
v -0.063113 0.78 -0.352872
v -0.075031 0.78 -0.312218
v -0.065426 0.78 -0.43127
v -0.075031 0.78 -0.443721
v -0.065426 0.78 -0.442863
v -0.042903 0.78 -0.443721
v -0.042903 0.78 -0.442863
v -0.010735 0.78 -0.442863
v -0.023862 0.78 -0.352872
v -0.023862 0.78 -0.385417
v -0.042903 0.78 -0.352872
v -0.042903 0.78 -0.385417
v -0.060228 0.78 -0.385417
v -0.060228 0.78 -0.397062
v -0.042903 0.78 -0.43127
v -0.042903 0.78 -0.397062
v -0.023862 0.78 -0.43127
v -0.023862 0.78 -0.397062
v 0.257756 0.78 -0.179856
v 0.257756 0.78 -0.269951
v 0.217258 0.78 -0.269951
v 0.270883 0.78 -0.281545
v 0.270883 0.78 -0.179856
v 0.217258 0.78 -0.281545
v 0.214645 0.78 -0.312218
v 0.218506 0.78 -0.341175
v 0.218506 0.78 -0.352872
v 0.257756 0.78 -0.352872
v 0.257756 0.78 -0.385417
v 0.216192 0.78 -0.43127
v 0.216192 0.78 -0.442863
v 0.214645 0.78 -0.443721
v 0.270883 0.78 -0.442863
v 0.270883 0.78 -0.341175
v 0.257756 0.78 -0.397062
v 0.257756 0.78 -0.43127
v 0.221391 0.78 -0.397062
v 0.221391 0.78 -0.385417
v 0.214645 0.78 0.59
v 0.214645 0.78 -0.484002
v 0.168825 0.78 -0.441772
v -0.037327 0.78 -0.247743
v -0.032328 0.78 -0.258266
v -0.024746 0.78 -0.2673
v -0.022953 0.78 -0.268895
v -0.012997 0.78 -0.275501
v 0.013699 0.78 -0.179856
v -0.001815 0.78 -0.181568
v -0.014089 0.78 -0.186048
v -0.001135 0.78 -0.279792
v 0.014739 0.78 -0.281545
v 0.042708 0.78 -0.281545
v 0.042708 0.78 -0.179856
v -0.024746 0.78 -0.193321
v -0.028218 0.78 -0.196706
v -0.034542 0.78 -0.205537
v -0.038338 0.78 -0.215201
v -0.040082 0.78 -0.229401
v -0.039782 0.78 -0.235829
v 0.122497 0.78 0.59
v 0.07602 0.78 0.59
v 0.052313 0.78 0.59
v -0.042903 0.78 0.59
v -0.075031 0.78 0.59
v -0.170247 0.78 0.59
v -0.164671 0.78 -0.409061
v -0.159673 0.78 -0.419584
v -0.170247 0.78 -0.443721
v -0.129159 0.78 -0.342886
v -0.141433 0.78 -0.347367
v -0.170247 0.78 -0.312218
v -0.15209 0.78 -0.428618
v -0.150298 0.78 -0.430213
v -0.140342 0.78 -0.43682
v -0.12848 0.78 -0.44111
v -0.112605 0.78 -0.442863
v -0.084636 0.78 -0.442863
v -0.084636 0.78 -0.341175
v -0.113645 0.78 -0.341175
v -0.112345 0.78 -0.253731
v -0.15209 0.78 -0.35464
v -0.155563 0.78 -0.358024
v -0.161887 0.78 -0.366855
v -0.165683 0.78 -0.37652
v -0.167427 0.78 -0.390719
v -0.167126 0.78 -0.397148
v -0.187572 0.78 -0.442863
v -0.173067 0.78 -0.442863
v -0.250061 0.78 -0.442863
v -0.23969 0.78 -0.41505
v -0.197346 0.78 -0.41505
v -0.211798 0.78 -0.341175
v -0.225835 0.78 -0.341175
v -0.264566 0.78 -0.442863
v -0.075031 0.78 -0.484002
v -0.170247 0.78 -0.484002
v -0.723109 0.78 -0.484002
v -1.156923 0.78 -0.484002
v 0.214645 0.78 -0.59
v 0.20855 0.78 -0.59
v 0.141304 0.78 -0.59
v 0.122497 0.78 -0.59
v 0.07602 0.78 -0.59
v 0.052313 0.78 -0.59
v -0.042903 0.78 -0.59
v -0.075031 0.78 -0.59
v -0.170247 0.78 -0.59
v -0.723109 0.78 -0.59
v -1.181652 0.78 -0.59
v -1.147799 -0.78 -0.453205
v -1.181652 -0.78 -0.59
v 1.181652 -0.78 -0.59
v -1.117248 -0.78 -0.27321
v 1.147799 -0.78 -0.453205
v -1.101919 -0.78 -0.091285
v 1.117248 -0.78 -0.27321
v 1.101919 -0.78 -0.091285
v -1.101919 -0.78 0.091285
v 1.101919 -0.78 0.091285
v -1.117248 -0.78 0.27321
v -1.147799 -0.78 0.453205
v 1.117248 -0.78 0.27321
v -1.181652 -0.78 0.59
v 1.147799 -0.78 0.453205
v 1.181652 -0.78 0.59
v 1.189901 -0.78 -0.618486
v 1.189901 -0.78 -0.644641
v 1.193355 -0.78 -0.63
v 1.193355 -0.78 -0.644641
v 1.193355 -0.78 0.644641
v 1.189901 -0.78 0.644641
v 1.193355 -0.78 0.63
v 1.189901 -0.78 0.618486
v -1.193355 -0.78 -0.644641
v -1.189901 -0.78 -0.644641
v -1.193355 -0.78 -0.63
v -1.189901 -0.78 -0.618486
v 1.193355 0.78 -0.644641
v 1.189901 0.78 -0.644641
v 1.193355 0.78 -0.63
v 1.189901 0.78 -0.618486
v -1.189901 0.78 -0.618486
v -1.189901 0.78 -0.644641
v -1.193355 0.78 -0.63
v -1.193355 0.78 -0.644641
v 1.189901 0.78 0.618486
v 1.189901 0.78 0.644641
v 1.193355 0.78 0.63
v 1.193355 0.78 0.644641
v 1.145966 -0.55955 -0.63
v 1.180808 -0.74 -0.63
v -1.180808 -0.74 -0.63
v 1.116572 -0.336695 -0.63
v 1.116572 0.336695 -0.63
v -1.145966 0.55955 -0.63
v 1.145966 0.55955 -0.63
v -1.180808 0.74 -0.63
v 1.180808 0.74 -0.63
v -1.145966 -0.55955 -0.63
v -1.116572 -0.336695 -0.63
v 1.101843 -0.112393 -0.63
v -1.101843 -0.112393 -0.63
v 1.101843 0.112393 -0.63
v -1.101843 0.112393 -0.63
v -1.116572 0.336695 -0.63
v -1.188234 0.772833 -0.612847
newmtl 2
Ka 0.8549019607843137 0.8549019607843137 0.8549019607843137
Kd 0.8549019607843137 0.8549019607843137 0.8549019607843137
Ks 0.42745098039215684 0.42745098039215684 0.42745098039215684
d 0.0
endmtl
v -1.187185 0.768284 -0.618284
v -1.187662 0.770353 -0.648637
v -1.185291 0.76 -0.624641
v -1.185291 0.76 -0.65
v -1.183113 0.750353 -0.628637
v -1.145966 0.55955 -0.65
v -1.188234 -0.772833 -0.612847
v -1.187185 -0.768284 -0.618284
v -1.185291 -0.76 -0.624641
v -1.187662 -0.770353 -0.648637
v -1.183113 -0.750353 -0.628637
v -1.185291 -0.76 -0.65
v -1.116572 0.336695 -0.65
v -1.101843 0.112393 -0.65
v -1.101843 -0.112393 -0.65
v -1.116572 -0.336695 -0.65
v -1.145966 -0.55955 -0.65
v 1.145966 0.55955 0.63
v 1.180808 0.74 0.63
v -1.180808 0.74 0.63
v 1.116572 -0.336695 0.63
v -1.145966 -0.55955 0.63
v 1.145966 -0.55955 0.63
v -1.180808 -0.74 0.63
v 1.180808 -0.74 0.63
v 1.116572 0.336695 0.63
v -1.145966 0.55955 0.63
v -1.116572 0.336695 0.63
v 1.101843 0.112393 0.63
v -1.101843 0.112393 0.63
v 1.101843 -0.112393 0.63
v -1.101843 -0.112393 0.63
v -1.116572 -0.336695 0.63
v -1.147799 -0.8 0.453205
v -1.187399 -0.8 0.61
v -1.56 -0.8 0.61
v -1.56 -0.8 -0.61
v -1.187399 -0.8 -0.61
v -1.147799 -0.8 -0.453205
v -1.117248 -0.8 0.27321
v -1.117248 -0.8 -0.27321
v -1.101919 -0.8 -0.091285
v -1.101919 -0.8 0.091285
v -1.189901 -0.78 0.618486
v -1.188234 -0.772833 0.612847
v -1.189901 -0.78 0.644641
v -1.187185 -0.768284 0.618284
v -1.187662 -0.770353 0.648637
v -1.185291 -0.76 0.624641
v -1.185291 -0.76 0.65
v -1.183113 -0.750353 0.628637
v -1.145966 -0.55955 0.65
v -1.188234 0.772833 0.612847
v -1.189901 0.78 0.618486
v -1.187185 0.768284 0.618284
v -1.189901 0.78 0.644641
v -1.185291 0.76 0.624641
v -1.187662 0.770353 0.648637
v -1.183113 0.750353 0.628637
v -1.185291 0.76 0.65
v -1.116572 -0.336695 0.65
v -1.101843 -0.112393 0.65
v -1.101843 0.112393 0.65
v -1.116572 0.336695 0.65
v -1.145966 0.55955 0.65
v -1.56 0.76 0.65
v -1.56 -0.76 0.65
v -1.56 0.76 -0.65
v -1.56 0.770353 -0.648637
v -1.56 0.78 -0.644641
v -1.56 0.788284 -0.638284
v -1.193355 0.788284 -0.638284
v -1.56 0.794641 -0.63
v -1.193355 0.794641 -0.63
v -1.56 0.798637 -0.620353
v -1.190456 0.798637 -0.620353
v -1.56 0.8 -0.61
v -1.187399 0.8 -0.61
v -1.147799 0.8 -0.453205
v -1.117248 0.8 -0.27321
v -1.56 0.8 0.61
v -1.187399 0.8 0.61
v -1.147799 0.8 0.453205
v -1.117248 0.8 0.27321
v -1.101919 0.8 0.091285
v -1.101919 0.8 -0.091285
v -1.56 0.798637 0.620353
v -1.193355 0.78 0.644641
v -1.190456 0.798637 0.620353
v -1.56 0.794641 0.63
v -1.193355 0.794641 0.63
v -1.56 0.788284 0.638284
v -1.193355 0.788284 0.638284
v -1.56 0.78 0.644641
v -1.56 0.770353 0.648637
v -1.56 -0.76 -0.65
v -1.56 -0.770353 -0.648637
v -1.56 -0.78 -0.644641
v -1.193355 -0.788284 -0.638284
v -1.56 -0.788284 -0.638284
v -1.193355 -0.794641 -0.63
v -1.56 -0.794641 -0.63
v -1.190456 -0.798637 -0.620353
v -1.56 -0.798637 -0.620353
v -1.193355 0.78 0.63
v -1.193355 -0.78 0.63
v -1.193355 -0.78 0.644641
v 1.187662 -0.770353 0.648637
v 1.56 -0.76 0.65
v 1.185291 -0.76 0.65
v 1.56 -0.770353 0.648637
v 1.56 -0.78 0.644641
v 1.193355 -0.788284 0.638284
v 1.56 -0.788284 0.638284
v 1.193355 -0.794641 0.63
v 1.56 -0.794641 0.63
v 1.190456 -0.798637 0.620353
v 1.56 -0.798637 0.620353
v 1.187399 -0.8 0.61
v 1.56 -0.8 0.61
v 1.188234 -0.772833 -0.612847
v 1.187185 -0.768284 -0.618284
v 1.187656 -0.770329 -0.648643
v 1.185291 -0.76 -0.624641
v 1.185291 -0.76 -0.65
v 1.183113 -0.750353 -0.628637
v 1.145966 -0.55955 -0.65
v 1.188234 0.772833 -0.612847
v 1.187185 0.768284 -0.618284
v 1.185291 0.76 -0.624641
v 1.187654 0.770318 -0.648646
v 1.183113 0.750353 -0.628637
v 1.185291 0.76 -0.65
v 1.116572 -0.336695 -0.65
v 1.101843 -0.112393 -0.65
v 1.101843 0.112393 -0.65
v 1.116572 0.336695 -0.65
v 1.145966 0.55955 -0.65
v 1.147799 -0.8 -0.453205
v 1.187399 -0.8 -0.61
v 1.56 -0.8 -0.61
v 1.117248 -0.8 -0.27321
v 1.147799 -0.8 0.453205
v 1.117248 -0.8 0.27321
v 1.101919 -0.8 0.091285
v 1.101919 -0.8 -0.091285
v 1.56 -0.76 -0.65
v 1.56 -0.770353 -0.648637
v 1.187662 -0.770353 -0.648637
v 1.56 -0.78 -0.644641
v 1.56 -0.788284 -0.638284
v 1.193355 -0.788284 -0.638284
v 1.56 -0.794641 -0.63
v 1.193355 -0.794641 -0.63
v 1.56 -0.798637 -0.620353
v 1.190456 -0.798637 -0.620353
v 1.188234 0.772833 0.612847
v 1.187185 0.768284 0.618284
v 1.187654 0.770318 0.648646
v 1.185291 0.76 0.624641
v 1.185291 0.76 0.65
v 1.183113 0.750353 0.628637
v 1.145966 0.55955 0.65
v 1.188234 -0.772833 0.612847
v 1.187185 -0.768284 0.618284
v 1.185291 -0.76 0.624641
v 1.187656 -0.770329 0.648643
v 1.183113 -0.750353 0.628637
v 1.116572 0.336695 0.65
v 1.101843 0.112393 0.65
v 1.101843 -0.112393 0.65
v 1.116572 -0.336695 0.65
v 1.145966 -0.55955 0.65
v 1.56 0.76 0.65
v 1.187662 0.770353 0.648637
v 1.56 0.770353 0.648637
v 1.56 0.78 0.644641
v 1.56 0.788284 0.638284
v 1.193355 0.788284 0.638284
v 1.56 0.794641 0.63
v 1.193355 0.794641 0.63
v 1.56 0.798637 0.620353
v 1.190456 0.798637 0.620353
v 1.56 0.8 0.61
v 1.187399 0.8 0.61
v 1.147799 0.8 0.453205
v 1.56 0.8 -0.61
v 1.187399 0.8 -0.61
v 1.147799 0.8 -0.453205
v 1.117248 0.8 0.27321
v 1.117248 0.8 -0.27321
v 1.101919 0.8 -0.091285
v 1.101919 0.8 0.091285
v 1.56 0.76 -0.65
v 1.6 -0.76 -0.61
v 1.6 0.76 -0.61
v 1.6 -0.76 0.61
v 1.6 0.76 0.61
v 1.570353 0.798637 0.61
v 1.570353 0.798637 -0.61
v 1.58 0.794641 0.61
v 1.58 0.794641 -0.61
v 1.588284 0.788284 0.61
v 1.588284 0.788284 -0.61
v 1.594641 0.78 0.61
v 1.594641 0.78 -0.61
v 1.598637 0.770353 0.61
v 1.598637 0.770353 -0.61
v 1.187662 0.770353 -0.648637
v 1.56 0.770353 -0.648637
v 1.56 0.78 -0.644641
v 1.193355 0.788284 -0.638284
v 1.56 0.788284 -0.638284
v 1.193355 0.794641 -0.63
v 1.56 0.794641 -0.63
v 1.190456 0.798637 -0.620353
v 1.56 0.798637 -0.620353
v 1.57 0.79732 0.620353
v 1.57 0.777321 0.644641
v 1.565176 0.768966 0.648637
v 1.567321 0.767321 0.648637
v 1.570353 0.76 0.648637
v 1.57 0.76268 0.648637
v 1.56268 0.77 0.648637
v 1.565176 0.779319 0.644641
v 1.567321 0.78732 0.638284
v 1.574142 0.774142 0.644641
v 1.568966 0.765176 0.648637
v 1.57732 0.77 0.644641
v 1.579319 0.765176 0.644641
v 1.58 0.76 0.644641
v 1.574142 0.784495 0.638284
v 1.58 0.78 0.638284
v 1.584495 0.774142 0.638284
v 1.58732 0.767321 0.638284
v 1.588284 0.76 0.638284
v 1.568966 0.793461 0.63
v 1.57732 0.79 0.63
v 1.584495 0.784495 0.63
v 1.59 0.777321 0.63
v 1.593461 0.768966 0.63
v 1.594641 0.76 0.63
v 1.579319 0.793461 0.620353
v 1.58732 0.78732 0.620353
v 1.593461 0.779319 0.620353
v 1.597321 0.77 0.620353
v 1.598637 0.76 0.620353
v 1.57 0.79732 -0.620353
v 1.579319 0.793461 -0.620353
v 1.568966 0.793461 -0.63
v 1.57732 0.79 -0.63
v 1.567321 0.78732 -0.638284
v 1.574142 0.784495 -0.638284
v 1.565176 0.779319 -0.644641
v 1.57 0.777321 -0.644641
v 1.56268 0.77 -0.648637
v 1.565176 0.768966 -0.648637
v 1.58732 0.78732 -0.620353
v 1.584495 0.784495 -0.63
v 1.58 0.78 -0.638284
v 1.574142 0.774142 -0.644641
v 1.567321 0.767321 -0.648637
v 1.593461 0.779319 -0.620353
v 1.597321 0.77 -0.620353
v 1.59 0.777321 -0.63
v 1.593461 0.768966 -0.63
v 1.584495 0.774142 -0.638284
v 1.58732 0.767321 -0.638284
v 1.57732 0.77 -0.644641
v 1.579319 0.765176 -0.644641
v 1.568966 0.765176 -0.648637
v 1.57 0.76268 -0.648637
v 1.598637 0.76 -0.620353
v 1.594641 0.76 -0.63
v 1.588284 0.76 -0.638284
v 1.58 0.76 -0.644641
v 1.570353 0.76 -0.648637
v 1.570353 -0.76 0.648637
v 1.58 -0.76 0.644641
v 1.588284 -0.76 0.638284
v 1.594641 -0.76 0.63
v 1.598637 -0.76 0.620353
v 1.570353 -0.76 -0.648637
v 1.58 -0.76 -0.644641
v 1.588284 -0.76 -0.638284
v 1.594641 -0.76 -0.63
v 1.598637 -0.76 -0.620353
v 1.597321 -0.77 0.620353
v 1.57732 -0.77 0.644641
v 1.568966 -0.765176 0.648637
v 1.567321 -0.767321 0.648637
v 1.56268 -0.77 0.648637
v 1.57 -0.76268 0.648637
v 1.579319 -0.765176 0.644641
v 1.58732 -0.767321 0.638284
v 1.574142 -0.774142 0.644641
v 1.565176 -0.768966 0.648637
v 1.57 -0.777321 0.644641
v 1.565176 -0.779319 0.644641
v 1.584495 -0.774142 0.638284
v 1.58 -0.78 0.638284
v 1.574142 -0.784495 0.638284
v 1.567321 -0.78732 0.638284
v 1.593461 -0.768966 0.63
v 1.59 -0.777321 0.63
v 1.584495 -0.784495 0.63
v 1.57732 -0.79 0.63
v 1.568966 -0.793461 0.63
v 1.593461 -0.779319 0.620353
v 1.58732 -0.78732 0.620353
v 1.579319 -0.793461 0.620353
v 1.57 -0.79732 0.620353
v 1.598637 -0.770353 0.61
v 1.594641 -0.78 0.61
v 1.588284 -0.788284 0.61
v 1.58 -0.794641 0.61
v 1.570353 -0.798637 0.61
v 1.598637 -0.770353 -0.61
v 1.594641 -0.78 -0.61
v 1.597321 -0.77 -0.620353
v 1.593461 -0.779319 -0.620353
v 1.593461 -0.768966 -0.63
v 1.59 -0.777321 -0.63
v 1.58732 -0.767321 -0.638284
v 1.584495 -0.774142 -0.638284
v 1.579319 -0.765176 -0.644641
v 1.57732 -0.77 -0.644641
v 1.57 -0.76268 -0.648637
v 1.568966 -0.765176 -0.648637
v 1.588284 -0.788284 -0.61
v 1.58732 -0.78732 -0.620353
v 1.584495 -0.784495 -0.63
v 1.58 -0.78 -0.638284
v 1.574142 -0.774142 -0.644641
v 1.567321 -0.767321 -0.648637
v 1.58 -0.794641 -0.61
v 1.570353 -0.798637 -0.61
v 1.579319 -0.793461 -0.620353
v 1.57 -0.79732 -0.620353
v 1.57732 -0.79 -0.63
v 1.568966 -0.793461 -0.63
v 1.574142 -0.784495 -0.638284
v 1.567321 -0.78732 -0.638284
v 1.57 -0.777321 -0.644641
v 1.565176 -0.779319 -0.644641
v 1.565176 -0.768966 -0.648637
v 1.56268 -0.77 -0.648637
v 1.187399 0.774641 0.61
v 1.184601 0.778637 0.600353
v 1.147799 0.78 0.453205
v 1.190461 0.798633 0.620369
v 1.101919 0.78 0.091285
v 1.117248 0.78 0.27321
v 1.118808 0.78 -0.282403
v 1.117248 0.78 -0.27321
v 1.10931 0.78 -0.178999
v 1.101919 0.78 -0.091285
v 1.147799 0.78 -0.453205
v 1.146189 0.78 -0.443721
v 1.123869 0.78 -0.312218
v 1.190439 0.798652 -0.620297
v 1.187399 0.774641 -0.61
v 1.184601 0.778637 -0.600353
v 1.15542 0.78 -0.484002
v 1.190461 -0.798633 0.620369
v 1.187399 -0.774641 0.61
v 1.184601 -0.778637 0.600353
v 1.187399 -0.774641 -0.61
v 1.184601 -0.778637 -0.600353
v 1.190439 -0.798652 -0.620297
v -1.6 0.76 -0.61
v -1.6 -0.76 -0.61
v -1.6 0.76 0.61
v -1.6 -0.76 0.61
v -1.56 -0.770353 0.648637
v -1.56 -0.78 0.644641
v -1.56 -0.788284 0.638284
v -1.193355 -0.788284 0.638284
v -1.56 -0.794641 0.63
v -1.193355 -0.794641 0.63
v -1.56 -0.798637 0.620353
v -1.190456 -0.798637 0.620353
v -1.570353 -0.798637 0.61
v -1.570353 -0.798637 -0.61
v -1.58 -0.794641 0.61
v -1.58 -0.794641 -0.61
v -1.588284 -0.788284 0.61
v -1.588284 -0.788284 -0.61
v -1.594641 -0.78 0.61
v -1.594641 -0.78 -0.61
v -1.598637 -0.770353 0.61
v -1.598637 -0.770353 -0.61
v -1.57 -0.79732 -0.620353
v -1.579319 -0.793461 -0.620353
v -1.568966 -0.793461 -0.63
v -1.57732 -0.79 -0.63
v -1.567321 -0.78732 -0.638284
v -1.574142 -0.784495 -0.638284
v -1.565176 -0.779319 -0.644641
v -1.57 -0.777321 -0.644641
v -1.56268 -0.77 -0.648637
v -1.565176 -0.768966 -0.648637
v -1.58732 -0.78732 -0.620353
v -1.584495 -0.784495 -0.63
v -1.58 -0.78 -0.638284
v -1.574142 -0.774142 -0.644641
v -1.567321 -0.767321 -0.648637
v -1.593461 -0.779319 -0.620353
v -1.597321 -0.77 -0.620353
v -1.59 -0.777321 -0.63
v -1.593461 -0.768966 -0.63
v -1.584495 -0.774142 -0.638284
v -1.58732 -0.767321 -0.638284
v -1.57732 -0.77 -0.644641
v -1.579319 -0.765176 -0.644641
v -1.568966 -0.765176 -0.648637
v -1.57 -0.76268 -0.648637
v -1.598637 -0.76 -0.620353
v -1.594641 -0.76 -0.63
v -1.588284 -0.76 -0.638284
v -1.58 -0.76 -0.644641
v -1.570353 -0.76 -0.648637
v -1.57 -0.79732 0.620353
v -1.57 -0.777321 0.644641
v -1.565176 -0.768966 0.648637
v -1.567321 -0.767321 0.648637
v -1.570353 -0.76 0.648637
v -1.57 -0.76268 0.648637
v -1.56268 -0.77 0.648637
v -1.565176 -0.779319 0.644641
v -1.567321 -0.78732 0.638284
v -1.574142 -0.774142 0.644641
v -1.568966 -0.765176 0.648637
v -1.57732 -0.77 0.644641
v -1.579319 -0.765176 0.644641
v -1.58 -0.76 0.644641
v -1.574142 -0.784495 0.638284
v -1.58 -0.78 0.638284
v -1.584495 -0.774142 0.638284
v -1.58732 -0.767321 0.638284
v -1.588284 -0.76 0.638284
v -1.568966 -0.793461 0.63
v -1.57732 -0.79 0.63
v -1.584495 -0.784495 0.63
v -1.59 -0.777321 0.63
v -1.593461 -0.768966 0.63
v -1.594641 -0.76 0.63
v -1.579319 -0.793461 0.620353
v -1.58732 -0.78732 0.620353
v -1.593461 -0.779319 0.620353
v -1.597321 -0.77 0.620353
v -1.598637 -0.76 0.620353
v -1.570353 0.76 -0.648637
v -1.58 0.76 -0.644641
v -1.588284 0.76 -0.638284
v -1.594641 0.76 -0.63
v -1.598637 0.76 -0.620353
v -1.570353 0.76 0.648637
v -1.58 0.76 0.644641
v -1.588284 0.76 0.638284
v -1.594641 0.76 0.63
v -1.598637 0.76 0.620353
v -1.598637 0.770353 -0.61
v -1.594641 0.78 -0.61
v -1.597321 0.77 -0.620353
v -1.593461 0.779319 -0.620353
v -1.593461 0.768966 -0.63
v -1.59 0.777321 -0.63
v -1.58732 0.767321 -0.638284
v -1.584495 0.774142 -0.638284
v -1.579319 0.765176 -0.644641
v -1.57732 0.77 -0.644641
v -1.57 0.76268 -0.648637
v -1.568966 0.765176 -0.648637
v -1.588284 0.788284 -0.61
v -1.58732 0.78732 -0.620353
v -1.584495 0.784495 -0.63
v -1.58 0.78 -0.638284
v -1.574142 0.774142 -0.644641
v -1.567321 0.767321 -0.648637
v -1.58 0.794641 -0.61
v -1.570353 0.798637 -0.61
v -1.579319 0.793461 -0.620353
v -1.57 0.79732 -0.620353
v -1.57732 0.79 -0.63
v -1.568966 0.793461 -0.63
v -1.574142 0.784495 -0.638284
v -1.567321 0.78732 -0.638284
v -1.57 0.777321 -0.644641
v -1.565176 0.779319 -0.644641
v -1.565176 0.768966 -0.648637
v -1.56268 0.77 -0.648637
v -1.597321 0.77 0.620353
v -1.57732 0.77 0.644641
v -1.568966 0.765176 0.648637
v -1.567321 0.767321 0.648637
v -1.56268 0.77 0.648637
v -1.57 0.76268 0.648637
v -1.579319 0.765176 0.644641
v -1.58732 0.767321 0.638284
v -1.574142 0.774142 0.644641
v -1.565176 0.768966 0.648637
v -1.57 0.777321 0.644641
v -1.565176 0.779319 0.644641
v -1.584495 0.774142 0.638284
v -1.58 0.78 0.638284
v -1.574142 0.784495 0.638284
v -1.567321 0.78732 0.638284
v -1.593461 0.768966 0.63
v -1.59 0.777321 0.63
v -1.584495 0.784495 0.63
v -1.57732 0.79 0.63
v -1.568966 0.793461 0.63
v -1.593461 0.779319 0.620353
v -1.58732 0.78732 0.620353
v -1.579319 0.793461 0.620353
v -1.57 0.79732 0.620353
v -1.598637 0.770353 0.61
v -1.594641 0.78 0.61
v -1.588284 0.788284 0.61
v -1.58 0.794641 0.61
v -1.570353 0.798637 0.61
v -1.187399 0.774641 0.61
v -1.184601 0.778637 0.600353
v -1.187399 0.774641 -0.61
v -1.184601 0.778637 -0.600353
v -1.15542 0.78 -0.484002
v -1.147799 0.78 -0.453205
v -1.118808 0.78 -0.282403
v -1.123869 0.78 -0.312218
v -1.146189 0.78 -0.443721
v -1.147799 0.78 0.453205
v -1.117248 0.78 0.27321
v -1.101919 0.78 0.091285
v -1.101919 0.78 -0.091285
v -1.10931 0.78 -0.178999
v -1.117248 0.78 -0.27321
v -1.187399 -0.774641 0.61
v -1.184601 -0.778637 0.600353
v -1.187399 -0.774641 -0.61
v -1.184601 -0.778637 -0.600353
v 0.217258 0.781 -0.269951
v 0.217258 0.781 -0.281545
newmtl 3
Ka 0.0 0.0 0.0
Kd 0.0 0.0 0.0
Ks 0.0 0.0 0.0
d 0.0
endmtl
v 0.257756 0.781 -0.269951
v 0.257756 0.781 -0.179856
v 0.270883 0.781 -0.179856
v 0.270883 0.781 -0.281545
v 0.138697 0.781 -0.278198
v 0.149615 0.781 -0.281779
v 0.165114 0.781 -0.28326
v 0.136963 0.781 -0.277334
v 0.136963 0.781 -0.264753
v 0.146913 0.781 -0.269228
v 0.158403 0.781 -0.271381
v 0.163216 0.781 -0.271563
v 0.173527 0.781 -0.270309
v 0.18076 0.781 -0.267495
v 0.18739 0.781 -0.262786
v 0.18934 0.781 -0.260854
v 0.194292 0.781 -0.253979
v 0.197581 0.781 -0.245781
v 0.199211 0.781 -0.235608
v 0.199322 0.781 -0.231844
v 0.197922 0.781 -0.218976
v 0.194678 0.781 -0.209938
v 0.189921 0.781 -0.202715
v 0.188639 0.781 -0.201275
v 0.181695 0.781 -0.195547
v 0.173696 0.781 -0.191849
v 0.164845 0.781 -0.19015
v 0.160929 0.781 -0.189994
v 0.136963 0.781 -0.196025
v 0.138095 0.781 -0.195413
v 0.14841 0.781 -0.191489
v 0.136963 0.781 -0.1823
v 0.161059 0.781 -0.178141
v 0.160752 0.781 -0.178141
v 0.14749 0.781 -0.179231
v 0.175931 0.781 -0.179972
v 0.186531 0.781 -0.184129
v 0.196031 0.781 -0.190833
v 0.198412 0.781 -0.193113
v 0.205791 0.781 -0.202755
v 0.210618 0.781 -0.214053
v 0.212921 0.781 -0.227332
v 0.213099 0.781 -0.232624
v 0.207512 0.781 -0.258712
v 0.211439 0.781 -0.247799
v 0.201655 0.781 -0.267582
v 0.20005 0.781 -0.26938
v 0.191854 0.781 -0.276186
v 0.17123 0.781 -0.282973
v 0.182255 0.781 -0.280707
v 0.061918 0.781 -0.269951
v 0.061918 0.781 -0.281545
v 0.103482 0.781 -0.269951
v 0.103482 0.781 -0.235743
v 0.067117 0.781 -0.235743
v 0.067117 0.781 -0.224098
v 0.103482 0.781 -0.224098
v 0.103482 0.781 -0.191554
v 0.064231 0.781 -0.191554
v 0.064231 0.781 -0.179856
v 0.116609 0.781 -0.179856
v 0.116609 0.781 -0.281545
v -0.025944 0.781 -0.236199
v -0.039782 0.781 -0.235829
v -0.026279 0.781 -0.229765
v -0.040082 0.781 -0.229401
v -0.025026 0.781 -0.21806
v -0.038338 0.781 -0.215201
v -0.022288 0.781 -0.210359
v -0.034542 0.781 -0.205537
v -0.018472 0.781 -0.204505
v -0.028218 0.781 -0.196706
v -0.015128 0.781 -0.201119
v -0.024746 0.781 -0.193321
v -0.007703 0.781 -0.196185
v -0.014089 0.781 -0.186048
v 0.001116 0.781 -0.193001
v -0.001815 0.781 -0.181568
v 0.014219 0.781 -0.191554
v 0.013699 0.781 -0.179856
v 0.029582 0.781 -0.191554
v 0.042708 0.781 -0.179856
v 0.029582 0.781 -0.269951
v 0.042708 0.781 -0.281545
v 0.014817 0.781 -0.269951
v 0.014739 0.781 -0.281545
v 0.001899 0.781 -0.268561
v -0.001135 0.781 -0.279792
v -0.006799 0.781 -0.265459
v -0.012997 0.781 -0.275501
v -0.013536 0.781 -0.26105
v -0.022953 0.781 -0.268895
v -0.015414 0.781 -0.259346
v -0.024746 0.781 -0.2673
v -0.020473 0.781 -0.253069
v -0.032328 0.781 -0.258266
v -0.023972 0.781 -0.245517
v -0.037327 0.781 -0.247743
v 0.014219 0.78 -0.191554
v 0.029582 0.78 -0.191554
v 0.029582 0.78 -0.269951
v 0.014817 0.78 -0.269951
v -0.015414 0.78 -0.259346
v -0.013536 0.78 -0.26105
v -0.006799 0.78 -0.265459
v 0.001899 0.78 -0.268561
v -0.026279 0.78 -0.229765
v -0.025944 0.78 -0.236199
v -0.023972 0.78 -0.245517
v -0.020473 0.78 -0.253069
v -0.015128 0.78 -0.201119
v -0.018472 0.78 -0.204505
v -0.022288 0.78 -0.210359
v -0.025026 0.78 -0.21806
v 0.001116 0.78 -0.193001
v -0.007703 0.78 -0.196185
v -0.07416 0.781 -0.242242
v -0.089367 0.781 -0.199976
v -0.084454 0.781 -0.179856
v -0.045723 0.781 -0.281545
v -0.060228 0.781 -0.281545
v -0.070001 0.781 -0.253731
v -0.090247 0.781 -0.196941
v -0.09103 0.781 -0.192853
v -0.098491 0.781 -0.179856
v -0.091342 0.781 -0.192853
v -0.092164 0.781 -0.197155
v -0.092928 0.781 -0.199976
v -0.10829 0.781 -0.242242
v -0.137222 0.781 -0.281545
v -0.122717 0.781 -0.281545
v -0.112345 0.781 -0.253731
v -0.07416 0.78 -0.242242
v -0.10829 0.78 -0.242242
v -0.092928 0.78 -0.199976
v -0.091342 0.78 -0.192853
v -0.092164 0.78 -0.197155
v -0.09103 0.78 -0.192853
v -0.089367 0.78 -0.199976
v -0.090247 0.78 -0.196941
v 0.216192 0.781 -0.43127
v 0.216192 0.781 -0.442863
v 0.257756 0.781 -0.43127
v 0.257756 0.781 -0.397062
v 0.221391 0.781 -0.397062
v 0.221391 0.781 -0.385417
v 0.257756 0.781 -0.385417
v 0.257756 0.781 -0.352872
v 0.218506 0.781 -0.352872
v 0.218506 0.781 -0.341175
v 0.270883 0.781 -0.341175
v 0.270883 0.781 -0.442863
v 0.158382 0.781 -0.442863
v 0.145645 0.781 -0.442863
v 0.158382 0.781 -0.431634
v 0.145645 0.781 -0.396126
v 0.158382 0.781 -0.396698
v 0.185984 0.781 -0.411867
v 0.182926 0.781 -0.410436
v 0.158719 0.781 -0.431634
v 0.165364 0.781 -0.429699
v 0.161679 0.781 -0.435894
v 0.168947 0.781 -0.432147
v 0.175382 0.781 -0.408707
v 0.158382 0.781 -0.40642
v 0.158382 0.781 -0.413386
v 0.158392 0.781 -0.414148
v 0.159195 0.781 -0.419846
v 0.161049 0.781 -0.424399
v 0.16384 0.781 -0.428203
v 0.158721 0.781 -0.391709
v 0.146664 0.781 -0.386329
v 0.159983 0.781 -0.386907
v 0.148672 0.781 -0.380579
v 0.161434 0.781 -0.384194
v 0.151289 0.781 -0.376488
v 0.163307 0.781 -0.382079
v 0.154699 0.781 -0.373259
v 0.165503 0.781 -0.380566
v 0.158946 0.781 -0.370856
v 0.168342 0.781 -0.379477
v 0.164345 0.781 -0.369242
v 0.173094 0.781 -0.378918
v 0.171898 0.781 -0.368572
v 0.180059 0.781 -0.37958
v 0.184946 0.781 -0.370175
v 0.18804 0.781 -0.382145
v 0.194396 0.781 -0.373872
v 0.196905 0.781 -0.387704
v 0.196905 0.781 -0.375331
v 0.189921 0.781 -0.427618
v 0.19965 0.781 -0.436873
v 0.188474 0.781 -0.429765
v 0.197762 0.781 -0.43886
v 0.187391 0.781 -0.430854
v 0.193926 0.781 -0.44161
v 0.184853 0.781 -0.432587
v 0.189139 0.781 -0.443548
v 0.181971 0.781 -0.433645
v 0.183207 0.781 -0.444511
v 0.177669 0.781 -0.434129
v 0.18097 0.781 -0.444579
v 0.173906 0.781 -0.443729
v 0.172796 0.781 -0.433571
v 0.168825 0.781 -0.441772
v 0.165831 0.781 -0.439869
v 0.190974 0.781 -0.420358
v 0.203966 0.781 -0.4219
v 0.191082 0.781 -0.42238
v 0.204001 0.781 -0.42342
v 0.190758 0.781 -0.425304
v 0.203436 0.781 -0.428918
v 0.20194 0.781 -0.433286
v 0.179905 0.781 -0.399713
v 0.189547 0.781 -0.40209
v 0.187703 0.781 -0.413178
v 0.19497 0.781 -0.404871
v 0.189227 0.781 -0.415066
v 0.19887 0.781 -0.408256
v 0.190345 0.781 -0.417441
v 0.201413 0.781 -0.411905
v 0.203157 0.781 -0.416398
v 0.187703 0.78 -0.413178
v 0.185984 0.78 -0.411867
v 0.182926 0.78 -0.410436
v 0.175382 0.78 -0.408707
v 0.191082 0.78 -0.42238
v 0.190974 0.78 -0.420358
v 0.190345 0.78 -0.417441
v 0.189227 0.78 -0.415066
v 0.187391 0.78 -0.430854
v 0.188474 0.78 -0.429765
v 0.189921 0.78 -0.427618
v 0.190758 0.78 -0.425304
v 0.177669 0.78 -0.434129
v 0.181971 0.78 -0.433645
v 0.184853 0.78 -0.432587
v 0.16384 0.78 -0.428203
v 0.165364 0.78 -0.429699
v 0.168947 0.78 -0.432147
v 0.172796 0.78 -0.433571
v 0.158382 0.78 -0.413386
v 0.158392 0.78 -0.414148
v 0.159195 0.78 -0.419846
v 0.161049 0.78 -0.424399
v 0.158382 0.78 -0.40642
v 0.107433 0.781 -0.434181
v 0.123808 0.781 -0.43003
v 0.115841 0.781 -0.433144
v 0.128385 0.781 -0.427163
v 0.128385 0.781 -0.440316
v 0.119498 0.781 -0.443446
v 0.108681 0.781 -0.444579
v 0.098104 0.781 -0.443444
v 0.09118 0.781 -0.440987
v 0.087522 0.781 -0.438808
v 0.083817 0.781 -0.435552
v 0.081464 0.781 -0.432187
v 0.07992 0.781 -0.428146
v 0.079334 0.781 -0.423108
v 0.079891 0.781 -0.418234
v 0.081274 0.781 -0.414499
v 0.083597 0.781 -0.411099
v 0.086634 0.781 -0.408389
v 0.095093 0.781 -0.403684
v 0.100025 0.781 -0.401689
v 0.107908 0.781 -0.398258
v 0.112398 0.781 -0.39545
v 0.113641 0.781 -0.394083
v 0.114558 0.781 -0.392365
v 0.115064 0.781 -0.390386
v 0.11518 0.781 -0.388692
v 0.114949 0.781 -0.38666
v 0.11432 0.781 -0.384941
v 0.113228 0.781 -0.38332
v 0.111307 0.781 -0.381621
v 0.10845 0.781 -0.380103
v 0.105043 0.781 -0.379201
v 0.101273 0.781 -0.378918
v 0.092343 0.781 -0.380008
v 0.085141 0.781 -0.382807
v 0.082817 0.781 -0.384169
v 0.082817 0.781 -0.371796
v 0.09109 0.781 -0.369365
v 0.100025 0.781 -0.368572
v 0.110304 0.781 -0.369818
v 0.117107 0.781 -0.372469
v 0.120144 0.781 -0.374343
v 0.123937 0.781 -0.377757
v 0.126298 0.781 -0.381201
v 0.127809 0.781 -0.385302
v 0.128307 0.781 -0.389836
v 0.127745 0.781 -0.394839
v 0.12633 0.781 -0.398719
v 0.124693 0.781 -0.401325
v 0.109019 0.781 -0.410943
v 0.116611 0.781 -0.407463
v 0.12261 0.781 -0.403504
v 0.100656 0.781 -0.414445
v 0.095684 0.781 -0.417441
v 0.094097 0.781 -0.419094
v 0.093112 0.781 -0.420782
v 0.092534 0.781 -0.422771
v 0.092409 0.781 -0.424355
v 0.092673 0.781 -0.426785
v 0.09332 0.781 -0.428597
v 0.094432 0.781 -0.430241
v 0.095894 0.781 -0.431538
v 0.097055 0.781 -0.432243
v 0.100342 0.781 -0.433446
v 0.106871 0.781 -0.434178
v 0.016195 0.781 -0.370236
v 0.00299 0.781 -0.370236
v 0.036028 0.781 -0.424927
v 0.037003 0.781 -0.428313
v 0.037588 0.781 -0.430802
v 0.037926 0.781 -0.430802
v 0.039485 0.781 -0.424823
v 0.058461 0.781 -0.370236
v 0.072706 0.781 -0.370236
v 0.044216 0.781 -0.442707
v 0.049805 0.781 -0.455912
v 0.052401 0.781 -0.460629
v 0.054775 0.781 -0.463234
v 0.056653 0.781 -0.46457
v 0.059401 0.781 -0.465711
v 0.062447 0.781 -0.466148
v 0.062854 0.781 -0.466154
v 0.067313 0.781 -0.465593
v 0.07008 0.781 -0.464698
v 0.07008 0.781 -0.476031
v 0.066324 0.781 -0.476805
v 0.061866 0.781 -0.477071
v 0.05686 0.781 -0.476512
v 0.05182 0.781 -0.474632
v 0.047363 0.781 -0.471558
v 0.046033 0.781 -0.470325
v 0.041387 0.781 -0.464568
v 0.03595 0.781 -0.453833
v -0.065426 0.781 -0.43127
v -0.065426 0.781 -0.442863
v -0.023862 0.781 -0.43127
v -0.023862 0.781 -0.397062
v -0.060228 0.781 -0.397062
v -0.060228 0.781 -0.385417
v -0.023862 0.781 -0.385417
v -0.023862 0.781 -0.352872
v -0.063113 0.781 -0.352872
v -0.063113 0.781 -0.341175
v -0.010735 0.781 -0.341175
v -0.010735 0.781 -0.442863
v -0.153288 0.781 -0.397518
v -0.167126 0.781 -0.397148
v -0.153624 0.781 -0.391083
v -0.167427 0.781 -0.390719
v -0.15237 0.781 -0.379378
v -0.165683 0.781 -0.37652
v -0.149633 0.781 -0.371677
v -0.161887 0.781 -0.366855
v -0.145816 0.781 -0.365823
v -0.155563 0.781 -0.358024
v -0.142472 0.781 -0.362438
v -0.15209 0.781 -0.35464
v -0.135047 0.781 -0.357503
v -0.141433 0.781 -0.347367
v -0.126229 0.781 -0.35432
v -0.129159 0.781 -0.342886
v -0.113125 0.781 -0.352872
v -0.113645 0.781 -0.341175
v -0.097763 0.781 -0.352872
v -0.084636 0.781 -0.341175
v -0.097763 0.781 -0.43127
v -0.084636 0.781 -0.442863
v -0.112527 0.781 -0.43127
v -0.112605 0.781 -0.442863
v -0.125445 0.781 -0.429879
v -0.12848 0.781 -0.44111
v -0.134144 0.781 -0.426778
v -0.140342 0.781 -0.43682
v -0.14088 0.781 -0.422368
v -0.150298 0.781 -0.430213
v -0.142758 0.781 -0.420664
v -0.15209 0.781 -0.428618
v -0.147817 0.781 -0.414388
v -0.159673 0.781 -0.419584
v -0.151316 0.781 -0.406835
v -0.164671 0.781 -0.409061
v -0.113125 0.78 -0.352872
v -0.097763 0.78 -0.352872
v -0.097763 0.78 -0.43127
v -0.112527 0.78 -0.43127
v -0.142758 0.78 -0.420664
v -0.14088 0.78 -0.422368
v -0.134144 0.78 -0.426778
v -0.125445 0.78 -0.429879
v -0.153624 0.78 -0.391083
v -0.153288 0.78 -0.397518
v -0.151316 0.78 -0.406835
v -0.147817 0.78 -0.414388
v -0.142472 0.78 -0.362438
v -0.145816 0.78 -0.365823
v -0.149633 0.78 -0.371677
v -0.15237 0.78 -0.379378
v -0.126229 0.78 -0.35432
v -0.135047 0.78 -0.357503
v -0.201505 0.781 -0.40356
v -0.216711 0.781 -0.361294
v -0.211798 0.781 -0.341175
v -0.173067 0.781 -0.442863
v -0.187572 0.781 -0.442863
v -0.197346 0.781 -0.41505
v -0.217592 0.781 -0.358259
v -0.218375 0.781 -0.354172
v -0.225835 0.781 -0.341175
v -0.218687 0.781 -0.354172
v -0.219509 0.781 -0.358474
v -0.220272 0.781 -0.361294
v -0.235635 0.781 -0.40356
v -0.264566 0.781 -0.442863
v -0.250061 0.781 -0.442863
v -0.23969 0.781 -0.41505
v -0.201505 0.78 -0.40356
v -0.235635 0.78 -0.40356
v -0.220272 0.78 -0.361294
v -0.218687 0.78 -0.354172
v -0.219509 0.78 -0.358474
v -0.218375 0.78 -0.354172
v -0.216711 0.78 -0.361294
v -0.217592 0.78 -0.358259
v 0.720011 0.781 -0.457231
v 0.70927 0.781 -0.470508
v 0.726506 0.781 -0.393329
v 0.485026 0.781 -0.357903
v 0.507439 0.781 -0.319584
v 0.60432 0.781 -0.370193
v 0.654393 0.781 -0.391587
v 0.647576 0.781 -0.393714
v 0.738935 0.781 -0.267593
v 0.722796 0.781 -0.259075
v 0.726899 0.781 -0.214681
v 0.698309 0.781 -0.211135
v 0.641585 0.781 -0.397417
v 0.636729 0.781 -0.40242
v 0.586245 0.781 -0.411404
v 0.68168 0.781 -0.212581
v 0.659267 0.781 -0.265359
v 0.650171 0.781 -0.24563
v 0.742217 0.781 -0.38366
v 0.736485 0.781 -0.438995
v 0.727229 0.781 -0.44177
v 0.633347 0.781 -0.408228
v 0.631434 0.781 -0.414803
v 0.586245 0.781 -0.418634
v 0.631178 0.781 -0.421809
v 0.666108 0.781 -0.392008
v 0.675745 0.781 -0.347723
v 0.672438 0.781 -0.394445
v 0.691719 0.781 -0.353817
v 0.67812 0.781 -0.398412
v 0.706511 0.781 -0.364074
v 0.681628 0.781 -0.402187
v 0.718476 0.781 -0.377729
v 0.685212 0.781 -0.408284
v 0.687155 0.781 -0.415149
v 0.632249 0.781 -0.350485
v 0.649696 0.781 -0.34614
v 0.658544 0.781 -0.345612
v 0.666859 0.781 -0.195319
v 0.634704 0.781 -0.225724
v 0.649868 0.781 -0.180769
v 0.614985 0.781 -0.210323
v 0.632286 0.781 -0.169871
v 0.704937 0.781 -0.254888
v 0.697586 0.781 -0.254515
v 0.689995 0.781 -0.211587
v 0.680874 0.781 -0.256556
v 0.664655 0.781 -0.262425
v 0.678232 0.781 -0.440201
v 0.672506 0.781 -0.444233
v 0.695137 0.781 -0.48118
v 0.665847 0.781 -0.44677
v 0.461167 0.781 -0.286326
v 0.455383 0.781 -0.286326
v 0.42574 0.781 -0.247285
v 0.441677 0.781 -0.288012
v 0.41934 0.781 -0.249544
v 0.429055 0.781 -0.292861
v 0.398097 0.781 -0.260894
v 0.417836 0.781 -0.300682
v 0.379052 0.781 -0.277992
v 0.40938 0.781 -0.310141
v 0.364907 0.781 -0.298979
v 0.402686 0.781 -0.322636
v 0.356758 0.781 -0.321232
v 0.399327 0.781 -0.336532
v 0.354164 0.781 -0.341997
v 0.39899 0.781 -0.34272
v 0.354308 0.781 -0.347411
v 0.400717 0.781 -0.356762
v 0.491436 0.781 -0.442984
v 0.489364 0.781 -0.443216
v 0.48358 0.781 -0.399113
v 0.598953 0.781 -0.156997
v 0.59163 0.781 -0.200113
v 0.563109 0.781 -0.152572
v 0.767743 0.781 -0.309364
v 0.815241 0.781 -0.32151
v 0.769885 0.781 -0.326814
v 0.815434 0.781 -0.32826
v 0.769049 0.781 -0.337776
v 0.811884 0.781 -0.356785
v 0.763907 0.781 -0.35549
v 0.801474 0.781 -0.383689
v 0.755189 0.781 -0.370354
v 0.785068 0.781 -0.407066
v 0.762601 0.781 -0.426243
v 0.659267 0.781 -0.39116
v 0.616915 0.781 -0.358717
v 0.451045 0.781 -0.399113
v 0.446707 0.781 -0.443216
v 0.43818 0.781 -0.396662
v 0.425704 0.781 -0.439127
v 0.425409 0.781 -0.390779
v 0.403374 0.781 -0.429086
v 0.414701 0.781 -0.38207
v 0.384163 0.781 -0.414049
v 0.413639 0.781 -0.380932
v 0.380915 0.781 -0.410681
v 0.405692 0.781 -0.36965
v 0.368183 0.781 -0.393543
v 0.358387 0.781 -0.37104
v 0.464782 0.781 -0.190168
v 0.485704 0.781 -0.231013
v 0.441059 0.781 -0.21755
v 0.471402 0.781 -0.252213
v 0.462767 0.781 -0.276586
v 0.753674 0.781 -0.225106
v 0.776656 0.781 -0.241294
v 0.751551 0.781 -0.278829
v 0.781453 0.781 -0.245839
v 0.761561 0.781 -0.293235
v 0.798931 0.781 -0.268279
v 0.81043 0.781 -0.294332
v 0.68279 0.781 -0.434907
v 0.68581 0.781 -0.42891
v 0.687324 0.781 -0.422203
v 0.567646 0.781 -0.196081
v 0.562386 0.781 -0.195952
v 0.533308 0.781 -0.155703
v 0.541181 0.781 -0.198196
v 0.497026 0.781 -0.168489
v 0.518262 0.781 -0.2061
v 0.497561 0.781 -0.21945
v 0.678463 0.781 -0.488202
v 0.661396 0.781 -0.490879
v 0.659267 0.781 -0.447554
v 0.658544 0.781 -0.490933
v 0.65233 0.781 -0.446699
v 0.641094 0.781 -0.488791
v 0.64604 0.781 -0.444268
v 0.624966 0.781 -0.482609
v 0.640509 0.781 -0.440395
v 0.610559 0.781 -0.472599
v 0.635912 0.781 -0.435121
v 0.599324 0.781 -0.459983
v 0.632709 0.781 -0.428797
v 0.590806 0.781 -0.443844
v 0.586619 0.781 -0.425985
v 0.509796 0.781 -0.425565
v 0.508043 0.781 -0.430499
v 0.487214 0.781 -0.398441
v 0.505045 0.781 -0.435102
v 0.501301 0.781 -0.438691
v 0.485045 0.781 -0.398921
v 0.496296 0.781 -0.441591
v 0.510331 0.781 -0.420803
v 0.487918 0.781 -0.39839
v 0.510195 0.781 -0.418352
v 0.492771 0.781 -0.398927
v 0.497787 0.781 -0.400709
v 0.502321 0.781 -0.403689
v 0.506139 0.781 -0.407822
v 0.508845 0.781 -0.412824
v 0.659267 0.78 -0.39116
v 0.654393 0.78 -0.391587
v 0.647576 0.78 -0.393714
v 0.641585 0.78 -0.397417
v 0.636729 0.78 -0.40242
v 0.633347 0.78 -0.408228
v 0.631434 0.78 -0.414803
v 0.631178 0.78 -0.421809
v 0.632709 0.78 -0.428797
v 0.635912 0.78 -0.435121
v 0.640509 0.78 -0.440395
v 0.64604 0.78 -0.444268
v 0.65233 0.78 -0.446699
v 0.659267 0.78 -0.447554
v 0.665847 0.78 -0.44677
v 0.672506 0.78 -0.444233
v 0.678232 0.78 -0.440201
v 0.68279 0.78 -0.434907
v 0.68581 0.78 -0.42891
v 0.687324 0.78 -0.422203
v 0.687155 0.78 -0.415149
v 0.685212 0.78 -0.408284
v 0.681628 0.78 -0.402187
v 0.67812 0.78 -0.398412
v 0.672438 0.78 -0.394445
v 0.666108 0.78 -0.392008
usemtl 1
f 1// 2// 3//
f 4// 5// 6//
f 7// 8// 9//
f 10// 11// 12//
f 12// 11// 13//
f 12// 13// 14//
f 14// 15// 12//
f 12// 15// 16//
f 12// 16// 17//
f 18// 19// 20//
f 20// 19// 21//
f 20// 21// 22//
f 22// 21// 23//
f 22// 23// 24//
f 18// 25// 19//
f 19// 25// 26//
f 19// 26// 27//
f 27// 26// 28//
f 27// 28// 29//
f 30// 31// 28//
f 28// 31// 32//
f 28// 32// 29//
f 29// 32// 33//
f 29// 33// 34//
f 34// 33// 35//
f 34// 35// 36//
f 37// 38// 39//
f 39// 38// 40//
f 39// 40// 28//
f 28// 40// 41//
f 28// 41// 30//
f 42// 43// 44//
f 43// 45// 44//
f 44// 45// 46//
f 44// 46// 47//
f 48// 49// 50//
f 50// 49// 51//
f 50// 51// 37//
f 37// 51// 52//
f 37// 52// 38//
f 48// 50// 47//
f 47// 50// 53//
f 47// 53// 44//
f 54// 42// 55//
f 55// 42// 44//
f 55// 44// 56//
f 56// 44// 57//
f 56// 57// 58//
f 58// 57// 59//
f 60// 61// 62//
f 61// 63// 62//
f 62// 63// 64//
f 62// 64// 65//
f 65// 64// 66//
f 65// 66// 57//
f 57// 66// 67//
f 57// 67// 59//
f 68// 69// 70//
f 69// 71// 70//
f 70// 71// 72//
f 70// 72// 73//
f 74// 75// 76//
f 76// 75// 77//
f 78// 79// 80//
f 80// 79// 81//
f 82// 83// 84//
f 84// 83// 85//
f 68// 86// 87//
f 88// 89// 75//
f 75// 89// 90//
f 75// 90// 91//
f 92// 93// 94//
f 94// 93// 95//
f 96// 97// 84//
f 84// 97// 98//
f 84// 98// 82//
f 99// 100// 68//
f 68// 100// 101//
f 68// 101// 86//
f 102// 103// 104//
f 104// 103// 105//
f 104// 105// 106//
f 107// 91// 108//
f 108// 91// 109//
f 108// 109// 104//
f 104// 109// 110//
f 104// 110// 102//
f 81// 111// 80//
f 80// 111// 112//
f 80// 112// 84//
f 84// 112// 113//
f 84// 113// 96//
f 107// 114// 91//
f 91// 114// 115//
f 91// 115// 75//
f 75// 115// 116//
f 75// 116// 77//
f 117// 118// 119//
f 119// 118// 120//
f 119// 120// 94//
f 94// 120// 121//
f 94// 121// 92//
f 95// 122// 94//
f 94// 122// 123//
f 94// 123// 124//
f 87// 125// 68//
f 68// 125// 126//
f 68// 126// 127//
f 127// 126// 117//
f 127// 117// 128//
f 128// 117// 119//
f 129// 130// 94//
f 94// 130// 131//
f 94// 131// 75//
f 75// 131// 132//
f 75// 132// 88//
f 124// 133// 94//
f 94// 133// 134//
f 94// 134// 135//
f 135// 136// 94//
f 94// 136// 137//
f 94// 137// 129//
f 138// 139// 140//
f 140// 139// 141//
f 140// 141// 142//
f 142// 91// 140//
f 140// 91// 90//
f 140// 90// 143//
f 143// 90// 144//
f 144// 145// 143//
f 143// 145// 146//
f 143// 146// 147//
f 148// 139// 149//
f 149// 139// 138//
f 149// 138// 150//
f 151// 152// 153//
f 153// 152// 154//
f 152// 155// 138//
f 138// 155// 156//
f 138// 156// 157//
f 148// 158// 139//
f 139// 158// 159//
f 139// 159// 160//
f 151// 161// 152//
f 152// 161// 162//
f 152// 162// 155//
f 157// 163// 138//
f 138// 163// 164//
f 138// 164// 150//
f 165// 166// 160//
f 160// 166// 167//
f 160// 167// 139//
f 168// 169// 170//
f 169// 168// 171//
f 171// 168// 172//
f 171// 172// 173//
f 174// 175// 176//
f 177// 178// 179//
f 176// 175// 180//
f 180// 175// 181//
f 180// 181// 173//
f 173// 181// 182//
f 173// 182// 171//
f 183// 184// 185//
f 186// 187// 188//
f 188// 187// 189//
f 188// 189// 190//
f 190// 189// 191//
f 190// 191// 192//
f 192// 191// 193//
f 192// 193// 194//
f 194// 193// 195//
f 194// 195// 196//
f 196// 195// 197//
f 198// 199// 200//
f 183// 190// 184//
f 184// 190// 192//
f 184// 192// 201//
f 201// 192// 202//
f 201// 202// 200//
f 200// 202// 203//
f 200// 203// 198//
f 204// 205// 185//
f 185// 205// 206//
f 185// 206// 183//
f 207// 208// 209//
f 209// 208// 210//
f 209// 210// 211//
f 211// 210// 212//
f 211// 212// 213//
f 213// 212// 199//
f 213// 199// 204//
f 204// 199// 198//
f 204// 198// 205//
f 209// 214// 215//
f 216// 217// 209//
f 209// 217// 218//
f 209// 218// 219//
f 216// 220// 217//
f 217// 220// 221//
f 217// 221// 222//
f 222// 221// 223//
f 222// 223// 224//
f 219// 225// 209//
f 209// 225// 226//
f 209// 226// 227//
f 215// 228// 209//
f 209// 228// 229//
f 209// 229// 207//
f 227// 230// 209//
f 209// 230// 231//
f 209// 231// 214//
f 232// 233// 234//
f 234// 233// 235//
f 234// 235// 204//
f 204// 235// 236//
f 204// 236// 213//
f 237// 238// 239//
f 239// 238// 240//
f 239// 240// 241//
f 242// 243// 244//
f 244// 245// 242//
f 242// 245// 246//
f 242// 246// 247//
f 248// 249// 250//
f 251// 252// 242//
f 242// 252// 253//
f 242// 253// 243//
f 250// 254// 248//
f 248// 254// 255//
f 248// 255// 251//
f 251// 255// 256//
f 251// 256// 252//
f 257// 258// 249//
f 249// 258// 259//
f 249// 259// 260//
f 260// 261// 249//
f 249// 261// 262//
f 249// 262// 250//
f 263// 264// 265//
f 266// 263// 267//
f 212// 268// 199//
f 199// 268// 269//
f 199// 269// 270//
f 270// 269// 271//
f 270// 271// 272//
f 273// 274// 275//
f 273// 275// 6//
f 6// 275// 276//
f 6// 276// 4//
f 274// 273// 277//
f 277// 273// 278//
f 277// 278// 279//
f 279// 278// 280//
f 279// 280// 281//
f 281// 280// 282//
f 282// 280// 283//
f 282// 283// 284//
f 285// 286// 287//
f 288// 289// 290//
f 291// 292// 293//
f 293// 292// 294//
f 295// 296// 292//
f 292// 296// 297//
f 267// 298// 299//
f 300// 301// 290//
f 290// 301// 302//
f 290// 302// 303//
f 286// 304// 287//
f 287// 304// 305//
f 287// 305// 306//
f 306// 305// 307//
f 306// 307// 308//
f 291// 309// 292//
f 292// 309// 310//
f 292// 310// 295//
f 265// 311// 312//
f 263// 265// 267//
f 267// 265// 313//
f 267// 313// 314//
f 314// 315// 267//
f 267// 315// 316//
f 267// 316// 298//
f 317// 318// 307//
f 307// 318// 319//
f 285// 287// 312//
f 312// 287// 320//
f 312// 320// 265//
f 265// 320// 321//
f 265// 321// 313//
f 299// 322// 267//
f 267// 322// 323//
f 267// 323// 324//
f 319// 325// 307//
f 307// 325// 326//
f 307// 326// 327//
f 327// 328// 307//
f 307// 328// 329//
f 307// 329// 308//
f 330// 331// 332//
f 332// 331// 333//
f 332// 333// 334//
f 335// 336// 267//
f 337// 338// 339//
f 340// 341// 342//
f 337// 339// 343//
f 338// 335// 339//
f 339// 335// 267//
f 339// 267// 288//
f 288// 267// 324//
f 288// 324// 289//
f 340// 342// 339//
f 339// 342// 344//
f 339// 344// 343//
f 345// 346// 347//
f 347// 346// 348//
f 347// 348// 288//
f 288// 348// 349//
f 288// 349// 339//
f 350// 351// 3//
f 352// 353// 354//
f 355// 356// 3//
f 3// 356// 357//
f 336// 358// 267//
f 267// 358// 359//
f 267// 359// 354//
f 354// 359// 360//
f 354// 360// 352//
f 353// 361// 354//
f 354// 361// 362//
f 354// 362// 363//
f 363// 362// 364//
f 363// 364// 350//
f 365// 366// 351//
f 351// 366// 367//
f 351// 367// 3//
f 3// 367// 368//
f 3// 368// 355//
f 357// 369// 3//
f 3// 369// 370//
f 3// 370// 1//
f 371// 372// 373//
f 373// 372// 374//
f 373// 374// 375//
f 373// 376// 371//
f 371// 376// 377//
f 371// 377// 378//
f 378// 379// 371//
f 371// 379// 380//
f 371// 380// 381//
f 381// 380// 382//
f 381// 382// 383//
f 383// 382// 384//
f 383// 384// 351//
f 351// 384// 385//
f 351// 385// 365//
f 386// 387// 375//
f 375// 387// 388//
f 375// 388// 373//
f 389// 390// 341//
f 341// 390// 391//
f 341// 391// 342//
f 389// 392// 390//
f 390// 392// 393//
f 390// 393// 394//
f 394// 393// 395//
f 394// 396// 397//
f 395// 398// 394//
f 394// 398// 399//
f 394// 399// 400//
f 400// 401// 394//
f 394// 401// 402//
f 394// 402// 396//
f 397// 403// 394//
f 394// 403// 404//
f 394// 404// 405//
f 406// 407// 408//
f 409// 410// 411//
f 412// 413// 414//
f 414// 413// 415//
f 414// 415// 416//
f 416// 415// 409//
f 416// 409// 417//
f 417// 409// 411//
f 418// 419// 3//
f 3// 419// 420//
f 350// 3// 363//
f 363// 3// 420//
f 363// 420// 413//
f 413// 420// 421//
f 413// 421// 415//
f 422// 419// 423//
f 423// 419// 418//
f 423// 418// 424//
f 425// 426// 427//
f 428// 429// 3//
f 430// 431// 2//
f 2// 431// 425//
f 2// 425// 3//
f 3// 425// 427//
f 3// 427// 428//
f 429// 432// 3//
f 3// 432// 433//
f 3// 433// 434//
f 434// 435// 3//
f 3// 435// 436//
f 3// 436// 418//
f 418// 436// 437//
f 418// 437// 424//
f 438// 439// 440//
f 440// 439// 441//
f 440// 441// 425//
f 425// 441// 442//
f 425// 442// 426//
f 443// 444// 445//
f 443// 445// 446//
f 444// 447// 445//
f 445// 447// 448//
f 445// 448// 440//
f 440// 448// 449//
f 440// 449// 438//
f 450// 451// 452//
f 452// 451// 453//
f 452// 453// 454//
f 454// 453// 455//
f 454// 455// 456//
f 456// 455// 457//
f 456// 457// 458//
f 459// 460// 461//
f 461// 460// 462//
f 461// 462// 451//
f 451// 462// 463//
f 451// 463// 453//
f 453// 463// 464//
f 453// 464// 465//
f 465// 464// 466//
f 465// 466// 467//
f 467// 466// 468//
f 469// 470// 471//
f 472// 473// 12//
f 12// 473// 469//
f 12// 469// 251//
f 251// 469// 471//
f 251// 471// 248//
f 471// 474// 248//
f 248// 474// 472//
f 248// 472// 9//
f 9// 472// 12//
f 9// 12// 7//
f 7// 12// 17//
f 475// 476// 477//
f 477// 478// 479//
f 480// 481// 482//
f 482// 481// 483//
f 476// 475// 484//
f 484// 475// 80//
f 484// 80// 483//
f 483// 80// 84//
f 483// 84// 482//
f 485// 486// 487//
f 487// 486// 480//
f 487// 480// 488//
f 24// 10// 22//
f 22// 10// 12//
f 22// 12// 489//
f 489// 12// 251//
f 489// 251// 240//
f 240// 251// 242//
f 240// 242// 241//
f 241// 242// 247//
f 8// 78// 9//
f 9// 78// 80//
f 9// 80// 248//
f 248// 80// 475//
f 248// 475// 249//
f 249// 475// 265//
f 249// 265// 257//
f 257// 265// 264//
f 479// 488// 477//
f 477// 488// 480//
f 477// 480// 475//
f 475// 480// 482//
f 475// 482// 265//
f 265// 482// 292//
f 265// 292// 311//
f 311// 292// 297//
f 334// 294// 332//
f 332// 294// 292//
f 332// 292// 490//
f 490// 292// 482//
f 490// 482// 70//
f 70// 482// 84//
f 70// 84// 68//
f 68// 84// 85//
f 68// 85// 99//
f 303// 491// 290//
f 290// 491// 331//
f 290// 331// 288//
f 288// 331// 330//
f 288// 330// 347//
f 347// 330// 431//
f 347// 431// 345//
f 345// 431// 430//
f 272// 266// 270//
f 270// 266// 267//
f 270// 267// 199//
f 199// 267// 354//
f 199// 354// 200//
f 200// 354// 363//
f 200// 363// 201//
f 201// 363// 413//
f 201// 413// 176//
f 492// 493// 176//
f 493// 494// 176//
f 176// 494// 495//
f 176// 495// 496//
f 184// 497// 180//
f 180// 497// 498//
f 180// 498// 499//
f 496// 500// 176//
f 176// 500// 501//
f 176// 501// 201//
f 201// 501// 502//
f 201// 502// 184//
f 184// 502// 503//
f 184// 503// 497//
f 499// 504// 180//
f 180// 504// 505//
f 180// 505// 506//
f 506// 507// 180//
f 180// 507// 508//
f 180// 508// 176//
f 176// 508// 509//
f 176// 509// 492//
f 177// 408// 452//
f 452// 408// 407//
f 452// 407// 450//
f 237// 232// 238//
f 238// 232// 234//
f 238// 234// 510//
f 510// 234// 204//
f 510// 204// 511//
f 511// 204// 185//
f 511// 185// 512//
f 512// 185// 184//
f 512// 184// 513//
f 513// 184// 180//
f 513// 180// 514//
f 514// 180// 173//
f 514// 173// 515//
f 515// 173// 172//
f 516// 517// 518//
f 519// 520// 521//
f 517// 522// 518//
f 518// 522// 523//
f 518// 523// 524//
f 524// 525// 518//
f 518// 525// 526//
f 518// 526// 454//
f 454// 526// 527//
f 454// 527// 452//
f 452// 527// 528//
f 452// 528// 529//
f 530// 178// 170//
f 170// 178// 177//
f 170// 177// 168//
f 168// 177// 452//
f 168// 452// 521//
f 521// 452// 529//
f 521// 529// 519//
f 520// 531// 521//
f 521// 531// 532//
f 521// 532// 533//
f 533// 534// 521//
f 521// 534// 535//
f 521// 535// 518//
f 518// 535// 536//
f 518// 536// 516//
f 537// 538// 518//
f 539// 540// 541//
f 518// 538// 521//
f 521// 538// 542//
f 521// 542// 543//
f 541// 537// 539//
f 539// 537// 518//
f 539// 518// 544//
f 544// 518// 283//
f 544// 283// 543//
f 543// 283// 280//
f 543// 280// 521//
f 521// 280// 278//
f 521// 278// 168//
f 168// 278// 273//
f 168// 273// 172//
f 172// 273// 6//
f 172// 6// 515//
f 179// 174// 177//
f 177// 174// 176//
f 177// 176// 408//
f 408// 176// 413//
f 408// 413// 406//
f 406// 413// 412//
f 406// 412// 458//
f 458// 412// 446//
f 458// 446// 456//
f 456// 446// 445//
f 456// 445// 454//
f 454// 445// 545//
f 454// 545// 518//
f 518// 545// 546//
f 518// 546// 283//
f 283// 546// 547//
f 283// 547// 284//
f 284// 547// 548//
f 73// 60// 70//
f 70// 60// 62//
f 70// 62// 490//
f 490// 62// 549//
f 490// 549// 332//
f 332// 549// 550//
f 332// 550// 330//
f 330// 550// 551//
f 330// 551// 431//
f 431// 551// 552//
f 431// 552// 425//
f 425// 552// 553//
f 425// 553// 440//
f 440// 553// 554//
f 440// 554// 445//
f 445// 554// 555//
f 445// 555// 545//
f 545// 555// 556//
f 545// 556// 546//
f 546// 556// 557//
f 546// 557// 547//
f 547// 557// 558//
f 547// 558// 548//
f 548// 558// 559//
f 560// 561// 562//
f 560// 562// 563//
f 563// 562// 564//
f 563// 564// 565//
f 564// 566// 565//
f 565// 566// 567//
f 565// 567// 568//
f 568// 567// 569//
f 568// 569// 570//
f 570// 569// 571//
f 571// 569// 572//
f 571// 572// 573//
f 573// 572// 574//
f 573// 574// 575//
f 576// 577// 578//
f 578// 577// 579//
f 580// 581// 582//
f 582// 581// 583//
f 584// 585// 586//
f 586// 585// 587//
f 588// 589// 590//
f 590// 589// 591//
f 592// 593// 594//
f 594// 593// 595//
f 596// 597// 598//
f 598// 597// 599//
f 600// 601// 602//
f 600// 602// 603//
f 604// 605// 606//
f 606// 605// 607//
f 606// 607// 608//
f 602// 609// 603//
f 603// 609// 610//
f 603// 610// 611//
f 611// 610// 612//
f 611// 612// 613//
f 613// 612// 614//
f 613// 614// 604//
f 604// 614// 615//
f 604// 615// 605//
usemtl 2
f 592// 616// 593//
f 593// 616// 617//
f 593// 617// 618//
f 618// 617// 619//
f 618// 619// 620//
f 619// 621// 620//
f 620// 621// 607//
f 620// 607// 622//
f 623// 587// 624//
f 624// 587// 585//
f 624// 585// 625//
f 625// 585// 626//
f 625// 626// 627//
f 627// 626// 628//
f 627// 628// 602//
f 602// 628// 609//
f 607// 605// 622//
f 622// 605// 615//
f 622// 615// 629//
f 629// 615// 614//
f 629// 614// 630//
f 630// 614// 612//
f 630// 612// 631//
f 631// 612// 610//
f 631// 610// 632//
f 632// 610// 609//
f 632// 609// 633//
f 633// 609// 628//
usemtl 1
f 634// 635// 636//
f 637// 638// 639//
f 639// 638// 640//
f 639// 640// 641//
f 634// 636// 642//
f 636// 643// 642//
f 642// 643// 644//
f 642// 644// 645//
f 645// 644// 646//
f 645// 646// 647//
f 647// 646// 648//
f 647// 648// 637//
f 637// 648// 649//
f 637// 649// 638//
usemtl 2
f 650// 651// 652//
f 653// 654// 655//
f 650// 652// 656//
f 655// 657// 653//
f 653// 657// 658//
f 653// 658// 652//
f 652// 658// 659//
f 652// 659// 656//
f 660// 661// 662//
f 662// 661// 663//
f 662// 663// 664//
f 664// 663// 665//
f 664// 665// 666//
f 665// 667// 666//
f 666// 667// 640//
f 666// 640// 668//
f 669// 670// 671//
f 671// 670// 672//
f 671// 672// 673//
f 673// 672// 674//
f 673// 674// 675//
f 675// 674// 676//
f 675// 676// 636//
f 636// 676// 643//
f 640// 638// 668//
f 668// 638// 649//
f 668// 649// 677//
f 677// 649// 648//
f 677// 648// 678//
f 678// 648// 646//
f 678// 646// 679//
f 679// 646// 644//
f 679// 644// 680//
f 680// 644// 643//
f 680// 643// 681//
f 681// 643// 676//
f 681// 676// 682//
f 681// 682// 680//
f 683// 666// 668//
f 668// 677// 683//
f 683// 677// 678//
f 683// 678// 682//
f 682// 678// 679//
f 682// 679// 680//
f 620// 684// 685//
f 620// 685// 618//
f 618// 685// 595//
f 618// 595// 593//
f 685// 686// 595//
f 595// 686// 687//
f 595// 687// 688//
f 688// 687// 689//
f 688// 689// 690//
f 690// 689// 691//
f 690// 691// 692//
f 692// 691// 693//
f 692// 693// 694//
f 695// 694// 693//
f 695// 693// 696//
f 697// 698// 699//
f 699// 700// 697//
f 697// 700// 701//
f 697// 701// 693//
f 693// 701// 702//
f 693// 702// 696//
f 698// 697// 703//
f 674// 672// 704//
f 698// 703// 705//
f 705// 703// 706//
f 705// 706// 707//
f 707// 706// 708//
f 707// 708// 709//
f 709// 708// 710//
f 709// 710// 704//
f 704// 710// 711//
f 704// 711// 674//
f 674// 711// 682//
f 674// 682// 676//
f 633// 628// 712//
f 684// 620// 622//
f 633// 712// 632//
f 622// 629// 684//
f 684// 629// 630//
f 684// 630// 712//
f 712// 630// 631//
f 712// 631// 632//
f 626// 585// 584//
f 712// 628// 626//
f 712// 626// 713//
f 713// 626// 584//
f 713// 584// 714//
f 714// 584// 715//
f 714// 715// 716//
f 716// 715// 717//
f 716// 717// 718//
f 718// 717// 719//
f 718// 719// 720//
f 720// 719// 654//
f 720// 654// 653//
usemtl 1
f 704// 672// 721//
f 721// 672// 670//
f 660// 662// 722//
f 722// 662// 723//
usemtl 2
f 724// 581// 580//
f 725// 726// 724//
f 725// 724// 727//
f 727// 724// 580//
f 727// 580// 728//
f 728// 580// 729//
f 728// 729// 730//
f 730// 729// 731//
f 730// 731// 732//
f 732// 731// 733//
f 732// 733// 734//
f 734// 733// 735//
f 734// 735// 736//
f 576// 737// 577//
f 577// 737// 738//
f 577// 738// 739//
f 739// 738// 740//
f 739// 740// 741//
f 740// 742// 741//
f 741// 742// 601//
f 741// 601// 743//
f 744// 591// 745//
f 745// 591// 589//
f 745// 589// 746//
f 746// 589// 747//
f 746// 747// 748//
f 748// 747// 749//
f 748// 749// 608//
f 608// 749// 606//
f 601// 600// 743//
f 743// 600// 603//
f 743// 603// 750//
f 750// 603// 611//
f 750// 611// 751//
f 751// 611// 613//
f 751// 613// 752//
f 752// 613// 604//
f 752// 604// 753//
f 753// 604// 606//
f 753// 606// 754//
f 754// 606// 749//
f 755// 756// 757//
f 755// 757// 758//
f 736// 735// 759//
f 759// 760// 736//
f 736// 760// 761//
f 736// 761// 757//
f 757// 761// 762//
f 757// 762// 758//
f 741// 763// 764//
f 741// 764// 765//
f 765// 764// 579//
f 765// 579// 577//
f 764// 766// 579//
f 579// 766// 767//
f 579// 767// 768//
f 768// 767// 769//
f 768// 769// 770//
f 770// 769// 771//
f 770// 771// 772//
f 772// 771// 757//
f 772// 757// 756//
f 596// 773// 597//
f 597// 773// 774//
f 597// 774// 775//
f 775// 774// 776//
f 775// 776// 777//
f 776// 778// 777//
f 777// 778// 635//
f 777// 635// 779//
f 780// 583// 781//
f 781// 583// 581//
f 781// 581// 782//
f 782// 581// 783//
f 782// 783// 784//
f 784// 783// 726//
f 784// 726// 641//
f 641// 726// 639//
f 635// 634// 779//
f 779// 634// 642//
f 779// 642// 785//
f 785// 642// 645//
f 785// 645// 786//
f 786// 645// 647//
f 786// 647// 787//
f 787// 647// 637//
f 787// 637// 788//
f 788// 637// 639//
f 788// 639// 789//
f 789// 639// 726//
f 789// 726// 725//
f 789// 725// 788//
f 790// 777// 779//
f 779// 785// 790//
f 790// 785// 786//
f 790// 786// 725//
f 725// 786// 787//
f 725// 787// 788//
f 599// 597// 791//
f 777// 790// 792//
f 599// 793// 794//
f 599// 794// 795//
f 795// 794// 796//
f 795// 796// 797//
f 797// 796// 798//
f 797// 798// 799//
f 799// 798// 800//
f 799// 800// 801//
f 793// 599// 792//
f 792// 599// 791//
f 792// 791// 777//
f 802// 801// 800//
f 803// 804// 805//
f 802// 800// 806//
f 805// 807// 803//
f 803// 807// 808//
f 803// 808// 800//
f 800// 808// 809//
f 800// 809// 806//
f 754// 749// 810//
f 754// 810// 753//
f 763// 741// 743//
f 743// 750// 763//
f 763// 750// 751//
f 763// 751// 810//
f 810// 751// 752//
f 810// 752// 753//
f 811// 812// 813//
f 813// 812// 814//
f 803// 800// 815//
f 803// 815// 816//
f 816// 815// 817//
f 816// 817// 818//
f 818// 817// 819//
f 818// 819// 820//
f 820// 819// 821//
f 820// 821// 822//
f 822// 821// 823//
f 822// 823// 824//
f 824// 823// 814//
f 824// 814// 812//
f 825// 589// 588//
f 810// 749// 825//
f 810// 825// 826//
f 826// 825// 588//
f 826// 588// 827//
f 827// 588// 828//
f 827// 828// 829//
f 829// 828// 830//
f 829// 830// 831//
f 831// 830// 832//
f 831// 832// 833//
f 833// 832// 804//
f 833// 804// 803//
f 800// 798// 834//
f 835// 836// 837//
f 790// 838// 839//
f 837// 836// 790//
f 840// 790// 836//
f 840// 836// 841//
f 841// 836// 835//
f 841// 835// 842//
f 792// 790// 840//
f 843// 844// 845//
f 845// 844// 839//
f 845// 839// 846//
f 846// 839// 838//
f 846// 838// 847//
f 792// 840// 793//
f 793// 840// 841//
f 793// 841// 794//
f 794// 841// 842//
f 794// 842// 796//
f 848// 843// 849//
f 849// 843// 845//
f 849// 845// 850//
f 850// 845// 846//
f 850// 846// 851//
f 851// 846// 847//
f 851// 847// 852//
f 853// 848// 854//
f 854// 848// 849//
f 854// 849// 855//
f 855// 849// 850//
f 855// 850// 856//
f 856// 850// 851//
f 856// 851// 857//
f 857// 851// 852//
f 857// 852// 858//
f 798// 853// 834//
f 834// 853// 854//
f 834// 854// 859//
f 859// 854// 855//
f 859// 855// 860//
f 860// 855// 856//
f 860// 856// 861//
f 861// 856// 857//
f 861// 857// 862//
f 862// 857// 858//
f 862// 858// 863//
f 800// 834// 815//
f 815// 834// 859//
f 815// 859// 817//
f 817// 859// 860//
f 817// 860// 819//
f 819// 860// 861//
f 819// 861// 821//
f 821// 861// 862//
f 821// 862// 823//
f 823// 862// 863//
f 823// 863// 814//
f 844// 790// 839//
f 798// 796// 853//
f 853// 796// 842//
f 853// 842// 848//
f 848// 842// 835//
f 848// 835// 843//
f 843// 835// 837//
f 843// 837// 844//
f 844// 837// 790//
f 816// 818// 864//
f 864// 818// 865//
f 864// 865// 866//
f 866// 865// 867//
f 866// 867// 868//
f 868// 867// 869//
f 868// 869// 870//
f 870// 869// 871//
f 870// 871// 872//
f 872// 871// 873//
f 872// 873// 810//
f 818// 820// 865//
f 865// 820// 874//
f 865// 874// 867//
f 867// 874// 875//
f 867// 875// 869//
f 869// 875// 876//
f 869// 876// 871//
f 871// 876// 877//
f 871// 877// 873//
f 873// 877// 878//
f 873// 878// 810//
f 803// 816// 833//
f 833// 816// 864//
f 833// 864// 831//
f 831// 864// 866//
f 831// 866// 829//
f 829// 866// 868//
f 829// 868// 827//
f 827// 868// 870//
f 827// 870// 826//
f 826// 870// 872//
f 826// 872// 810//
f 822// 824// 879//
f 879// 824// 880//
f 879// 880// 881//
f 881// 880// 882//
f 881// 882// 883//
f 883// 882// 884//
f 883// 884// 885//
f 885// 884// 886//
f 885// 886// 887//
f 887// 886// 888//
f 887// 888// 810//
f 824// 812// 880//
f 880// 812// 889//
f 880// 889// 882//
f 882// 889// 890//
f 882// 890// 884//
f 884// 890// 891//
f 884// 891// 886//
f 886// 891// 892//
f 886// 892// 888//
f 888// 892// 893//
f 888// 893// 810//
f 820// 822// 874//
f 874// 822// 879//
f 874// 879// 875//
f 875// 879// 881//
f 875// 881// 876//
f 876// 881// 883//
f 876// 883// 877//
f 877// 883// 885//
f 877// 885// 878//
f 878// 885// 887//
f 878// 887// 810//
f 790// 725// 894//
f 790// 894// 838//
f 838// 894// 895//
f 838// 895// 847//
f 847// 895// 896//
f 847// 896// 852//
f 852// 896// 897//
f 852// 897// 858//
f 858// 897// 898//
f 858// 898// 863//
f 863// 898// 813//
f 863// 813// 814//
f 763// 810// 893//
f 763// 893// 899//
f 899// 893// 892//
f 899// 892// 900//
f 900// 892// 891//
f 900// 891// 901//
f 901// 891// 890//
f 901// 890// 902//
f 902// 890// 889//
f 902// 889// 903//
f 903// 889// 812//
f 903// 812// 811//
f 813// 898// 904//
f 905// 906// 907//
f 725// 727// 908//
f 907// 906// 725//
f 909// 725// 906//
f 909// 906// 910//
f 910// 906// 905//
f 910// 905// 911//
f 894// 725// 909//
f 912// 913// 914//
f 914// 913// 908//
f 914// 908// 915//
f 915// 908// 727//
f 915// 727// 728//
f 894// 909// 895//
f 895// 909// 910//
f 895// 910// 896//
f 896// 910// 911//
f 896// 911// 897//
f 916// 912// 917//
f 917// 912// 914//
f 917// 914// 918//
f 918// 914// 915//
f 918// 915// 919//
f 919// 915// 728//
f 919// 728// 730//
f 920// 916// 921//
f 921// 916// 917//
f 921// 917// 922//
f 922// 917// 918//
f 922// 918// 923//
f 923// 918// 919//
f 923// 919// 924//
f 924// 919// 730//
f 924// 730// 732//
f 898// 920// 904//
f 904// 920// 921//
f 904// 921// 925//
f 925// 921// 922//
f 925// 922// 926//
f 926// 922// 923//
f 926// 923// 927//
f 927// 923// 924//
f 927// 924// 928//
f 928// 924// 732//
f 928// 732// 734//
f 813// 904// 929//
f 929// 904// 925//
f 929// 925// 930//
f 930// 925// 926//
f 930// 926// 931//
f 931// 926// 927//
f 931// 927// 932//
f 932// 927// 928//
f 932// 928// 933//
f 933// 928// 734//
f 933// 734// 736//
f 913// 725// 908//
f 898// 897// 920//
f 920// 897// 911//
f 920// 911// 916//
f 916// 911// 905//
f 916// 905// 912//
f 912// 905// 907//
f 912// 907// 913//
f 913// 907// 725//
f 934// 935// 936//
f 936// 935// 937//
f 936// 937// 938//
f 938// 937// 939//
f 938// 939// 940//
f 940// 939// 941//
f 940// 941// 942//
f 942// 941// 943//
f 942// 943// 944//
f 944// 943// 945//
f 944// 945// 763//
f 935// 946// 937//
f 937// 946// 947//
f 937// 947// 939//
f 939// 947// 948//
f 939// 948// 941//
f 941// 948// 949//
f 941// 949// 943//
f 943// 949// 950//
f 943// 950// 945//
f 945// 950// 951//
f 945// 951// 763//
f 811// 934// 903//
f 903// 934// 936//
f 903// 936// 902//
f 902// 936// 938//
f 902// 938// 901//
f 901// 938// 940//
f 901// 940// 900//
f 900// 940// 942//
f 900// 942// 899//
f 899// 942// 944//
f 899// 944// 763//
f 952// 953// 954//
f 954// 953// 955//
f 954// 955// 956//
f 956// 955// 957//
f 956// 957// 958//
f 958// 957// 959//
f 958// 959// 960//
f 960// 959// 961//
f 960// 961// 962//
f 962// 961// 963//
f 962// 963// 763//
f 953// 757// 955//
f 955// 757// 771//
f 955// 771// 957//
f 957// 771// 769//
f 957// 769// 959//
f 959// 769// 767//
f 959// 767// 961//
f 961// 767// 766//
f 961// 766// 963//
f 963// 766// 764//
f 963// 764// 763//
f 946// 952// 947//
f 947// 952// 954//
f 947// 954// 948//
f 948// 954// 956//
f 948// 956// 949//
f 949// 956// 958//
f 949// 958// 950//
f 950// 958// 960//
f 950// 960// 951//
f 951// 960// 962//
f 951// 962// 763//
f 736// 757// 953//
f 736// 953// 933//
f 933// 953// 952//
f 933// 952// 932//
f 932// 952// 946//
f 932// 946// 931//
f 931// 946// 935//
f 931// 935// 930//
f 930// 935// 934//
f 930// 934// 929//
f 929// 934// 811//
f 929// 811// 813//
f 964// 773// 596//
f 20// 965// 801//
f 20// 801// 966//
f 965// 964// 801//
f 801// 964// 596//
f 801// 596// 967//
f 967// 596// 598//
f 967// 598// 797//
f 808// 968// 809//
f 809// 968// 969//
f 809// 969// 806//
f 806// 969// 966//
f 806// 966// 802//
f 802// 966// 801//
f 970// 971// 807//
f 807// 971// 972//
f 807// 972// 808//
f 808// 972// 973//
f 808// 973// 968//
f 805// 974// 975//
f 805// 975// 807//
f 807// 975// 976//
f 807// 976// 970//
f 830// 590// 977//
f 977// 590// 591//
f 977// 591// 804//
f 804// 591// 744//
f 804// 744// 978//
f 978// 979// 804//
f 804// 979// 65//
f 804// 65// 805//
f 805// 65// 980//
f 805// 980// 974//
f 588// 590// 828//
f 828// 590// 830//
f 797// 598// 795//
f 795// 598// 599//
f 731// 582// 981//
f 981// 582// 583//
f 981// 583// 735//
f 735// 583// 780//
f 735// 780// 982//
f 982// 983// 735//
f 735// 983// 575//
f 735// 575// 759//
f 984// 737// 576//
f 562// 985// 756//
f 562// 756// 564//
f 985// 984// 756//
f 756// 984// 576//
f 756// 576// 986//
f 986// 576// 578//
f 986// 578// 770//
f 575// 574// 759//
f 759// 574// 572//
f 759// 572// 760//
f 760// 572// 569//
f 760// 569// 761//
f 761// 569// 567//
f 761// 567// 762//
f 762// 567// 566//
f 762// 566// 758//
f 758// 566// 564//
f 758// 564// 755//
f 755// 564// 756//
f 580// 582// 729//
f 729// 582// 731//
f 770// 578// 768//
f 768// 578// 579//
f 987// 988// 989//
f 989// 988// 990//
f 666// 683// 991//
f 666// 991// 664//
f 664// 991// 723//
f 664// 723// 662//
f 991// 992// 723//
f 723// 992// 993//
f 723// 993// 994//
f 994// 993// 995//
f 994// 995// 996//
f 996// 995// 997//
f 996// 997// 998//
f 998// 997// 652//
f 998// 652// 651//
f 653// 652// 999//
f 653// 999// 1000//
f 1000// 999// 1001//
f 1000// 1001// 1002//
f 1002// 1001// 1003//
f 1002// 1003// 1004//
f 1004// 1003// 1005//
f 1004// 1005// 1006//
f 1006// 1005// 1007//
f 1006// 1007// 1008//
f 1008// 1007// 990//
f 1008// 990// 988//
f 1000// 1002// 1009//
f 1009// 1002// 1010//
f 1009// 1010// 1011//
f 1011// 1010// 1012//
f 1011// 1012// 1013//
f 1013// 1012// 1014//
f 1013// 1014// 1015//
f 1015// 1014// 1016//
f 1015// 1016// 1017//
f 1017// 1016// 1018//
f 1017// 1018// 712//
f 1002// 1004// 1010//
f 1010// 1004// 1019//
f 1010// 1019// 1012//
f 1012// 1019// 1020//
f 1012// 1020// 1014//
f 1014// 1020// 1021//
f 1014// 1021// 1016//
f 1016// 1021// 1022//
f 1016// 1022// 1018//
f 1018// 1022// 1023//
f 1018// 1023// 712//
f 653// 1000// 720//
f 720// 1000// 1009//
f 720// 1009// 718//
f 718// 1009// 1011//
f 718// 1011// 716//
f 716// 1011// 1013//
f 716// 1013// 714//
f 714// 1013// 1015//
f 714// 1015// 713//
f 713// 1015// 1017//
f 713// 1017// 712//
f 1006// 1008// 1024//
f 1024// 1008// 1025//
f 1024// 1025// 1026//
f 1026// 1025// 1027//
f 1026// 1027// 1028//
f 1028// 1027// 1029//
f 1028// 1029// 1030//
f 1030// 1029// 1031//
f 1030// 1031// 1032//
f 1032// 1031// 1033//
f 1032// 1033// 712//
f 1008// 988// 1025//
f 1025// 988// 1034//
f 1025// 1034// 1027//
f 1027// 1034// 1035//
f 1027// 1035// 1029//
f 1029// 1035// 1036//
f 1029// 1036// 1031//
f 1031// 1036// 1037//
f 1031// 1037// 1033//
f 1033// 1037// 1038//
f 1033// 1038// 712//
f 1004// 1006// 1019//
f 1019// 1006// 1024//
f 1019// 1024// 1020//
f 1020// 1024// 1026//
f 1020// 1026// 1021//
f 1021// 1026// 1028//
f 1021// 1028// 1022//
f 1022// 1028// 1030//
f 1022// 1030// 1023//
f 1023// 1030// 1032//
f 1023// 1032// 712//
f 652// 997// 1039//
f 1040// 1041// 1042//
f 683// 1043// 1044//
f 1042// 1041// 683//
f 1045// 683// 1041//
f 1045// 1041// 1046//
f 1046// 1041// 1040//
f 1046// 1040// 1047//
f 991// 683// 1045//
f 1048// 1049// 1050//
f 1050// 1049// 1044//
f 1050// 1044// 1051//
f 1051// 1044// 1043//
f 1051// 1043// 1052//
f 991// 1045// 992//
f 992// 1045// 1046//
f 992// 1046// 993//
f 993// 1046// 1047//
f 993// 1047// 995//
f 1053// 1048// 1054//
f 1054// 1048// 1050//
f 1054// 1050// 1055//
f 1055// 1050// 1051//
f 1055// 1051// 1056//
f 1056// 1051// 1052//
f 1056// 1052// 1057//
f 1058// 1053// 1059//
f 1059// 1053// 1054//
f 1059// 1054// 1060//
f 1060// 1054// 1055//
f 1060// 1055// 1061//
f 1061// 1055// 1056//
f 1061// 1056// 1062//
f 1062// 1056// 1057//
f 1062// 1057// 1063//
f 997// 1058// 1039//
f 1039// 1058// 1059//
f 1039// 1059// 1064//
f 1064// 1059// 1060//
f 1064// 1060// 1065//
f 1065// 1060// 1061//
f 1065// 1061// 1066//
f 1066// 1061// 1062//
f 1066// 1062// 1067//
f 1067// 1062// 1063//
f 1067// 1063// 1068//
f 652// 1039// 999//
f 999// 1039// 1064//
f 999// 1064// 1001//
f 1001// 1064// 1065//
f 1001// 1065// 1003//
f 1003// 1065// 1066//
f 1003// 1066// 1005//
f 1005// 1066// 1067//
f 1005// 1067// 1007//
f 1007// 1067// 1068//
f 1007// 1068// 990//
f 1049// 683// 1044//
f 997// 995// 1058//
f 1058// 995// 1047//
f 1058// 1047// 1053//
f 1053// 1047// 1040//
f 1053// 1040// 1048//
f 1048// 1040// 1042//
f 1048// 1042// 1049//
f 1049// 1042// 683//
f 684// 712// 1038//
f 684// 1038// 1069//
f 1069// 1038// 1037//
f 1069// 1037// 1070//
f 1070// 1037// 1036//
f 1070// 1036// 1071//
f 1071// 1036// 1035//
f 1071// 1035// 1072//
f 1072// 1035// 1034//
f 1072// 1034// 1073//
f 1073// 1034// 988//
f 1073// 988// 987//
f 683// 682// 1074//
f 683// 1074// 1043//
f 1043// 1074// 1075//
f 1043// 1075// 1052//
f 1052// 1075// 1076//
f 1052// 1076// 1057//
f 1057// 1076// 1077//
f 1057// 1077// 1063//
f 1063// 1077// 1078//
f 1063// 1078// 1068//
f 1068// 1078// 989//
f 1068// 989// 990//
f 1079// 1080// 1081//
f 1081// 1080// 1082//
f 1081// 1082// 1083//
f 1083// 1082// 1084//
f 1083// 1084// 1085//
f 1085// 1084// 1086//
f 1085// 1086// 1087//
f 1087// 1086// 1088//
f 1087// 1088// 1089//
f 1089// 1088// 1090//
f 1089// 1090// 684//
f 1080// 1091// 1082//
f 1082// 1091// 1092//
f 1082// 1092// 1084//
f 1084// 1092// 1093//
f 1084// 1093// 1086//
f 1086// 1093// 1094//
f 1086// 1094// 1088//
f 1088// 1094// 1095//
f 1088// 1095// 1090//
f 1090// 1095// 1096//
f 1090// 1096// 684//
f 987// 1079// 1073//
f 1073// 1079// 1081//
f 1073// 1081// 1072//
f 1072// 1081// 1083//
f 1072// 1083// 1071//
f 1071// 1083// 1085//
f 1071// 1085// 1070//
f 1070// 1085// 1087//
f 1070// 1087// 1069//
f 1069// 1087// 1089//
f 1069// 1089// 684//
f 1097// 1098// 1099//
f 1099// 1098// 1100//
f 1099// 1100// 1101//
f 1101// 1100// 1102//
f 1101// 1102// 1103//
f 1103// 1102// 1104//
f 1103// 1104// 1105//
f 1105// 1104// 1106//
f 1105// 1106// 1107//
f 1107// 1106// 1108//
f 1107// 1108// 684//
f 1098// 693// 1100//
f 1100// 693// 691//
f 1100// 691// 1102//
f 1102// 691// 689//
f 1102// 689// 1104//
f 1104// 689// 687//
f 1104// 687// 1106//
f 1106// 687// 686//
f 1106// 686// 1108//
f 1108// 686// 685//
f 1108// 685// 684//
f 1091// 1097// 1092//
f 1092// 1097// 1099//
f 1092// 1099// 1093//
f 1093// 1099// 1101//
f 1093// 1101// 1094//
f 1094// 1101// 1103//
f 1094// 1103// 1095//
f 1095// 1103// 1105//
f 1095// 1105// 1096//
f 1096// 1105// 1107//
f 1096// 1107// 684//
f 989// 1078// 1109//
f 1110// 1111// 1112//
f 682// 711// 1113//
f 1112// 1111// 682//
f 1114// 682// 1111//
f 1114// 1111// 1115//
f 1115// 1111// 1110//
f 1115// 1110// 1116//
f 1074// 682// 1114//
f 1117// 1118// 1119//
f 1119// 1118// 1113//
f 1119// 1113// 1120//
f 1120// 1113// 711//
f 1120// 711// 710//
f 1074// 1114// 1075//
f 1075// 1114// 1115//
f 1075// 1115// 1076//
f 1076// 1115// 1116//
f 1076// 1116// 1077//
f 1121// 1117// 1122//
f 1122// 1117// 1119//
f 1122// 1119// 1123//
f 1123// 1119// 1120//
f 1123// 1120// 1124//
f 1124// 1120// 710//
f 1124// 710// 708//
f 1125// 1121// 1126//
f 1126// 1121// 1122//
f 1126// 1122// 1127//
f 1127// 1122// 1123//
f 1127// 1123// 1128//
f 1128// 1123// 1124//
f 1128// 1124// 1129//
f 1129// 1124// 708//
f 1129// 708// 706//
f 1078// 1125// 1109//
f 1109// 1125// 1126//
f 1109// 1126// 1130//
f 1130// 1126// 1127//
f 1130// 1127// 1131//
f 1131// 1127// 1128//
f 1131// 1128// 1132//
f 1132// 1128// 1129//
f 1132// 1129// 1133//
f 1133// 1129// 706//
f 1133// 706// 703//
f 989// 1109// 1134//
f 1134// 1109// 1130//
f 1134// 1130// 1135//
f 1135// 1130// 1131//
f 1135// 1131// 1136//
f 1136// 1131// 1132//
f 1136// 1132// 1137//
f 1137// 1132// 1133//
f 1137// 1133// 1138//
f 1138// 1133// 703//
f 1138// 703// 697//
f 1118// 682// 1113//
f 1078// 1077// 1125//
f 1125// 1077// 1116//
f 1125// 1116// 1121//
f 1121// 1116// 1110//
f 1121// 1110// 1117//
f 1117// 1110// 1112//
f 1117// 1112// 1118//
f 1118// 1112// 682//
f 697// 693// 1098//
f 697// 1098// 1138//
f 1138// 1098// 1097//
f 1138// 1097// 1137//
f 1137// 1097// 1091//
f 1137// 1091// 1136//
f 1136// 1091// 1080//
f 1136// 1080// 1135//
f 1135// 1080// 1079//
f 1135// 1079// 1134//
f 1134// 1079// 987//
f 1134// 987// 989//
f 707// 721// 705//
f 705// 721// 670//
f 705// 670// 698//
f 698// 670// 669//
f 698// 669// 1139//
f 1139// 1140// 698//
f 698// 1140// 5//
f 698// 5// 699//
f 1141// 616// 592//
f 559// 1142// 694//
f 559// 694// 1143//
f 1143// 694// 695//
f 1143// 695// 1144//
f 1142// 1141// 694//
f 694// 1141// 592//
f 694// 592// 692//
f 692// 592// 594//
f 692// 594// 690//
f 696// 1145// 1146//
f 696// 1146// 695//
f 695// 1146// 1147//
f 695// 1147// 1144//
f 5// 1148// 699//
f 699// 1148// 1149//
f 699// 1149// 700//
f 700// 1149// 1150//
f 700// 1150// 701//
f 701// 1150// 1151//
f 701// 1151// 702//
f 702// 1151// 1152//
f 702// 1152// 696//
f 696// 1152// 1153//
f 696// 1153// 1145//
f 704// 721// 709//
f 709// 721// 707//
f 690// 594// 688//
f 688// 594// 595//
f 1154// 661// 660//
f 573// 1155// 651//
f 573// 651// 571//
f 1155// 1154// 651//
f 651// 1154// 660//
f 651// 660// 998//
f 998// 660// 722//
f 998// 722// 996//
f 655// 563// 657//
f 657// 563// 565//
f 657// 565// 658//
f 658// 565// 568//
f 658// 568// 659//
f 659// 568// 570//
f 659// 570// 656//
f 656// 570// 571//
f 656// 571// 650//
f 650// 571// 651//
f 717// 586// 719//
f 719// 586// 587//
f 719// 587// 654//
f 654// 587// 623//
f 654// 623// 1156//
f 1156// 1157// 654//
f 654// 1157// 561//
f 654// 561// 655//
f 655// 561// 560//
f 655// 560// 563//
f 584// 586// 715//
f 715// 586// 717//
f 996// 722// 994//
f 994// 722// 723//
usemtl 1
f 559// 558// 1142//
f 1142// 558// 557//
f 1142// 557// 556//
f 556// 555// 979//
f 979// 555// 554//
f 979// 554// 553//
f 553// 552// 979//
f 979// 552// 551//
f 979// 551// 550//
f 550// 549// 979//
f 979// 549// 62//
f 979// 62// 65//
f 556// 979// 1142//
f 1142// 979// 978//
f 1142// 978// 1141//
f 1141// 978// 744//
f 1141// 744// 616//
f 616// 744// 745//
f 616// 745// 617//
f 617// 745// 746//
f 617// 746// 619//
f 619// 746// 748//
f 619// 748// 621//
f 621// 748// 608//
f 621// 608// 607//
f 562// 561// 1157//
f 562// 1157// 985//
f 985// 1157// 1156//
f 985// 1156// 984//
f 984// 1156// 623//
f 984// 623// 737//
f 737// 623// 624//
f 737// 624// 738//
f 738// 624// 625//
f 738// 625// 740//
f 740// 625// 627//
f 740// 627// 742//
f 742// 627// 602//
f 742// 602// 601//
f 573// 575// 983//
f 573// 983// 1155//
f 1155// 983// 982//
f 1155// 982// 1154//
f 1154// 982// 780//
f 1154// 780// 661//
f 661// 780// 781//
f 661// 781// 663//
f 663// 781// 782//
f 663// 782// 665//
f 665// 782// 784//
f 665// 784// 667//
f 667// 784// 641//
f 667// 641// 640//
f 20// 22// 965//
f 965// 22// 489//
f 1140// 489// 240//
f 240// 238// 1140//
f 1140// 238// 510//
f 1140// 510// 511//
f 511// 512// 1140//
f 1140// 512// 513//
f 1140// 513// 514//
f 514// 515// 1140//
f 1140// 515// 6//
f 1140// 6// 5//
f 489// 1140// 965//
f 965// 1140// 1139//
f 965// 1139// 964//
f 964// 1139// 669//
f 964// 669// 773//
f 773// 669// 671//
f 773// 671// 774//
f 774// 671// 673//
f 774// 673// 776//
f 776// 673// 675//
f 776// 675// 778//
f 778// 675// 636//
f 778// 636// 635//
usemtl 3
f 1158// 1159// 471//
f 471// 1159// 474//
f 1160// 1158// 470//
f 470// 1158// 471//
f 1161// 1160// 469//
f 469// 1160// 470//
f 1162// 1161// 473//
f 473// 1161// 469//
f 1163// 1162// 472//
f 472// 1162// 473//
f 1159// 1163// 474//
f 474// 1163// 472//
f 1161// 1162// 1160//
f 1160// 1162// 1163//
f 1160// 1163// 1158//
f 1158// 1163// 1159//
f 271// 1164// 272//
f 272// 1164// 1165//
f 272// 1165// 266//
f 266// 1165// 1166//
f 266// 1166// 263//
f 271// 269// 1164//
f 1164// 269// 268//
f 1164// 268// 1167//
f 1168// 1167// 212//
f 212// 1167// 268//
f 1168// 212// 210//
f 1168// 210// 1169//
f 210// 208// 1169//
f 1169// 208// 207//
f 1169// 207// 1170//
f 1170// 207// 229//
f 1170// 229// 1171//
f 1171// 229// 228//
f 1171// 228// 1172//
f 1172// 228// 215//
f 1172// 215// 1173//
f 1173// 215// 214//
f 1173// 214// 1174//
f 1174// 214// 231//
f 1174// 231// 1175//
f 1175// 231// 230//
f 1175// 230// 1176//
f 1176// 230// 227//
f 1176// 227// 1177//
f 1177// 227// 226//
f 1177// 226// 1178//
f 1178// 226// 225//
f 1178// 225// 1179//
f 1179// 225// 219//
f 1179// 219// 1180//
f 1180// 219// 218//
f 1180// 218// 1181//
f 1181// 218// 217//
f 1181// 217// 1182//
f 1182// 217// 222//
f 1182// 222// 1183//
f 1183// 222// 224//
f 1183// 224// 1184//
f 1184// 224// 223//
f 1184// 223// 1185//
f 1185// 223// 221//
f 1185// 221// 1186//
f 1186// 221// 220//
f 1186// 220// 1187//
f 213// 1188// 1189//
f 1187// 220// 216//
f 1187// 216// 1190//
f 1190// 216// 209//
f 1190// 209// 1189//
f 1189// 209// 211//
f 1189// 211// 213//
f 1191// 1188// 236//
f 236// 1188// 213//
f 239// 1192// 1193//
f 1191// 236// 235//
f 1191// 235// 1194//
f 235// 233// 1194//
f 1194// 233// 232//
f 1194// 232// 1193//
f 1193// 232// 237//
f 1193// 237// 239//
f 1192// 239// 241//
f 1192// 241// 1195//
f 241// 247// 1195//
f 1195// 247// 246//
f 1195// 246// 1196//
f 1196// 246// 245//
f 1196// 245// 1197//
f 1197// 245// 244//
f 1197// 244// 1198//
f 1198// 244// 243//
f 1198// 243// 1199//
f 1199// 243// 253//
f 1199// 253// 1200//
f 253// 252// 1200//
f 1200// 252// 256//
f 1200// 256// 1201//
f 1201// 256// 255//
f 1201// 255// 1202//
f 1202// 255// 254//
f 250// 1203// 254//
f 254// 1203// 1204//
f 254// 1204// 1202//
f 250// 262// 1203//
f 1203// 262// 261//
f 1203// 261// 1205//
f 1205// 261// 260//
f 1205// 260// 1206//
f 258// 1207// 259//
f 259// 1207// 1206//
f 259// 1206// 260//
f 257// 1208// 258//
f 258// 1208// 1209//
f 258// 1209// 1207//
f 257// 264// 1208//
f 1208// 264// 263//
f 1208// 263// 1166//
f 1189// 1188// 1191//
f 1180// 1181// 1199//
f 1189// 1191// 1190//
f 1190// 1191// 1194//
f 1190// 1194// 1187//
f 1187// 1194// 1193//
f 1187// 1193// 1186//
f 1186// 1193// 1192//
f 1186// 1192// 1185//
f 1185// 1192// 1195//
f 1185// 1195// 1184//
f 1167// 1168// 1164//
f 1164// 1168// 1169//
f 1164// 1169// 1165//
f 1165// 1169// 1170//
f 1165// 1170// 1166//
f 1166// 1170// 1171//
f 1166// 1171// 1208//
f 1208// 1171// 1172//
f 1208// 1172// 1209//
f 1209// 1172// 1173//
f 1209// 1173// 1207//
f 1207// 1173// 1174//
f 1207// 1174// 1206//
f 1206// 1174// 1175//
f 1206// 1175// 1205//
f 1205// 1175// 1176//
f 1205// 1176// 1203//
f 1199// 1181// 1198//
f 1195// 1196// 1184//
f 1184// 1196// 1197//
f 1184// 1197// 1183//
f 1183// 1197// 1198//
f 1183// 1198// 1182//
f 1182// 1198// 1181//
f 1202// 1179// 1201//
f 1201// 1179// 1180//
f 1201// 1180// 1200//
f 1200// 1180// 1199//
f 1203// 1176// 1204//
f 1204// 1176// 1177//
f 1204// 1177// 1202//
f 1202// 1177// 1178//
f 1202// 1178// 1179//
f 1210// 1211// 192//
f 192// 1211// 202//
f 196// 1212// 194//
f 194// 1212// 1210//
f 194// 1210// 192//
f 1213// 1212// 197//
f 197// 1212// 196//
f 193// 1214// 195//
f 195// 1214// 1213//
f 195// 1213// 197//
f 1215// 1214// 191//
f 191// 1214// 193//
f 187// 1216// 189//
f 189// 1216// 1215//
f 189// 1215// 191//
f 1217// 1216// 186//
f 186// 1216// 187//
f 190// 1218// 188//
f 188// 1218// 1217//
f 188// 1217// 186//
f 1219// 1218// 183//
f 183// 1218// 190//
f 205// 1220// 206//
f 206// 1220// 1219//
f 206// 1219// 183//
f 1221// 1220// 198//
f 198// 1220// 205//
f 202// 1211// 203//
f 203// 1211// 1221//
f 203// 1221// 198//
f 1221// 1211// 1210//
f 1210// 1212// 1221//
f 1221// 1212// 1213//
f 1221// 1213// 1220//
f 1218// 1219// 1217//
f 1217// 1219// 1220//
f 1217// 1220// 1216//
f 1216// 1220// 1213//
f 1216// 1213// 1215//
f 1215// 1213// 1214//
f 1222// 1223// 1224//
f 1224// 1223// 1225//
f 1224// 1225// 1226//
f 1226// 1225// 1227//
f 1226// 1227// 1228//
f 1228// 1227// 1229//
f 1228// 1229// 1230//
f 1230// 1229// 1231//
f 1230// 1231// 1232//
f 1232// 1231// 1233//
f 1232// 1233// 1234//
f 1234// 1233// 1235//
f 1234// 1235// 1236//
f 1236// 1235// 1237//
f 1236// 1237// 1238//
f 1238// 1237// 1239//
f 1238// 1239// 1240//
f 1240// 1239// 1241//
f 1240// 1241// 1242//
f 1242// 1241// 1243//
f 1242// 1243// 1244//
f 1244// 1243// 1245//
f 1244// 1245// 1246//
f 1246// 1245// 1247//
f 1246// 1247// 1248//
f 1248// 1247// 1249//
f 1248// 1249// 1250//
f 1250// 1249// 1251//
f 1250// 1251// 1252//
f 1252// 1251// 1253//
f 1252// 1253// 1254//
f 1254// 1253// 1255//
f 1254// 1255// 1256//
f 1256// 1255// 1257//
f 1256// 1257// 1222//
f 1222// 1257// 1223//
f 1245// 1243// 501//
f 501// 1243// 502//
f 1245// 501// 500//
f 1245// 500// 1247//
f 1247// 500// 496//
f 1247// 496// 1249//
f 1249// 496// 495//
f 1249// 495// 1251//
f 1251// 495// 494//
f 1251// 494// 1253//
f 1253// 494// 493//
f 1253// 493// 1255//
f 1255// 493// 492//
f 1255// 492// 1257//
f 1257// 492// 509//
f 1257// 509// 1223//
f 1223// 509// 508//
f 1223// 508// 1225//
f 1225// 508// 507//
f 1225// 507// 1227//
f 1227// 507// 506//
f 1227// 506// 1229//
f 1229// 506// 505//
f 1229// 505// 1231//
f 1231// 505// 504//
f 1231// 504// 1233//
f 1233// 504// 499//
f 1233// 499// 1235//
f 1235// 499// 498//
f 1235// 498// 1237//
f 1237// 498// 497//
f 1237// 497// 1239//
f 1241// 1239// 503//
f 503// 1239// 497//
f 1243// 1241// 502//
f 502// 1241// 503//
f 1238// 1240// 1258//
f 1258// 1240// 1259//
f 1240// 1242// 1259//
f 1259// 1242// 1260//
f 1242// 1244// 1260//
f 1260// 1244// 1261//
f 1252// 1262// 1263//
f 1252// 1263// 1250//
f 1250// 1263// 1264//
f 1250// 1264// 1248//
f 1248// 1264// 1265//
f 1248// 1265// 1246//
f 1246// 1265// 1261//
f 1246// 1261// 1244//
f 1224// 1266// 1267//
f 1224// 1267// 1222//
f 1222// 1267// 1268//
f 1222// 1268// 1256//
f 1256// 1268// 1269//
f 1256// 1269// 1254//
f 1254// 1269// 1262//
f 1254// 1262// 1252//
f 1232// 1270// 1271//
f 1232// 1271// 1230//
f 1230// 1271// 1272//
f 1230// 1272// 1228//
f 1228// 1272// 1273//
f 1228// 1273// 1226//
f 1226// 1273// 1266//
f 1226// 1266// 1224//
f 1238// 1258// 1274//
f 1238// 1274// 1236//
f 1236// 1274// 1275//
f 1236// 1275// 1234//
f 1234// 1275// 1270//
f 1234// 1270// 1232//
usemtl 1
f 1259// 1260// 1258//
f 1258// 1260// 1261//
f 1258// 1261// 1265//
f 1265// 1264// 1258//
f 1258// 1264// 1263//
f 1258// 1263// 1262//
f 1262// 1269// 1258//
f 1258// 1269// 1268//
f 1258// 1268// 1267//
f 1267// 1266// 1258//
f 1258// 1266// 1273//
f 1258// 1273// 1272//
f 1272// 1271// 1258//
f 1258// 1271// 1270//
f 1258// 1270// 1274//
f 1274// 1270// 1275//
usemtl 3
f 1276// 1277// 1278//
f 1279// 1280// 1281//
f 1277// 1282// 1278//
f 1278// 1282// 1283//
f 1278// 1283// 1284//
f 1284// 1283// 1285//
f 1284// 1285// 1286//
f 1286// 1287// 1284//
f 1284// 1287// 1288//
f 1284// 1288// 1289//
f 1290// 1289// 1291//
f 1291// 1289// 1288//
f 1291// 1288// 1281//
f 1281// 1288// 1276//
f 1281// 1276// 1279//
f 1279// 1276// 1278//
f 1284// 1289// 171//
f 171// 1289// 169//
f 1278// 1284// 182//
f 182// 1284// 171//
f 175// 1279// 181//
f 181// 1279// 1278//
f 181// 1278// 182//
f 1280// 1279// 174//
f 174// 1279// 175//
f 1281// 1280// 179//
f 179// 1280// 174//
f 530// 1291// 178//
f 178// 1291// 1281//
f 178// 1281// 179//
f 1290// 1291// 170//
f 170// 1291// 530//
f 1289// 1290// 169//
f 169// 1290// 170//
f 1276// 1288// 1292//
f 1292// 1288// 1293//
f 1288// 1287// 1293//
f 1293// 1287// 1294//
f 1285// 1295// 1296//
f 1285// 1296// 1286//
f 1286// 1296// 1294//
f 1286// 1294// 1287//
f 1285// 1283// 1295//
f 1295// 1283// 1297//
f 1277// 1298// 1299//
f 1277// 1299// 1282//
f 1282// 1299// 1297//
f 1282// 1297// 1283//
f 1277// 1276// 1298//
f 1298// 1276// 1292//
usemtl 1
f 1295// 1297// 1296//
f 1296// 1297// 1299//
f 1296// 1299// 1294//
f 1294// 1299// 1298//
f 1294// 1298// 1293//
f 1293// 1298// 1292//
usemtl 3
f 1300// 1301// 480//
f 480// 1301// 481//
f 1302// 1300// 486//
f 486// 1300// 480//
f 1303// 1302// 485//
f 485// 1302// 486//
f 1304// 1303// 487//
f 487// 1303// 485//
f 1305// 1304// 488//
f 488// 1304// 487//
f 1306// 1305// 479//
f 479// 1305// 488//
f 1307// 1306// 478//
f 478// 1306// 479//
f 1308// 1307// 477//
f 477// 1307// 478//
f 1309// 1308// 476//
f 476// 1308// 477//
f 1310// 1309// 484//
f 484// 1309// 476//
f 1311// 1310// 483//
f 483// 1310// 484//
f 1301// 1311// 481//
f 481// 1311// 483//
f 1301// 1300// 1311//
f 1311// 1300// 1302//
f 1304// 1305// 1303//
f 1303// 1305// 1306//
f 1308// 1309// 1307//
f 1307// 1309// 1310//
f 1307// 1310// 1306//
f 1306// 1310// 1311//
f 1306// 1311// 1303//
f 1303// 1311// 1302//
f 1312// 1313// 1314//
f 1314// 1313// 1315//
f 1316// 1317// 1318//
f 1319// 1320// 1321//
f 1321// 1320// 1322//
f 1323// 1324// 1315//
f 1315// 1324// 1325//
f 1325// 1326// 1315//
f 1315// 1326// 1327//
f 1315// 1327// 1314//
f 1314// 1327// 1328//
f 1314// 1328// 1319//
f 1319// 1328// 1329//
f 1319// 1329// 1320//
f 1318// 1323// 1316//
f 1316// 1323// 1315//
f 1316// 1315// 1330//
f 1330// 1315// 1331//
f 1330// 1331// 1332//
f 1332// 1331// 1333//
f 1332// 1333// 1334//
f 1334// 1333// 1335//
f 1334// 1335// 1336//
f 1336// 1335// 1337//
f 1336// 1337// 1338//
f 1338// 1337// 1339//
f 1338// 1339// 1340//
f 1340// 1339// 1341//
f 1340// 1341// 1342//
f 1342// 1341// 1343//
f 1342// 1343// 1344//
f 1344// 1343// 1345//
f 1344// 1345// 1346//
f 1346// 1345// 1347//
f 1346// 1347// 1348//
f 1348// 1347// 1349//
f 1350// 1351// 1352//
f 1352// 1351// 1353//
f 1352// 1353// 1354//
f 1354// 1353// 1355//
f 1354// 1355// 1356//
f 1356// 1355// 1357//
f 1356// 1357// 1358//
f 1358// 1357// 1359//
f 1358// 1359// 1360//
f 1359// 1361// 1360//
f 1360// 1361// 1362//
f 1360// 1362// 1363//
f 1363// 1362// 1364//
f 1363// 1364// 1322//
f 1322// 1364// 1365//
f 1322// 1365// 1321//
f 1366// 1367// 1368//
f 1368// 1367// 1369//
f 1368// 1369// 1370//
f 1370// 1369// 1371//
f 1370// 1371// 1350//
f 1350// 1371// 1372//
f 1350// 1372// 1351//
f 1316// 1373// 1317//
f 1317// 1373// 1374//
f 1317// 1374// 1375//
f 1375// 1374// 1376//
f 1375// 1376// 1377//
f 1377// 1376// 1378//
f 1377// 1378// 1379//
f 1379// 1378// 1380//
f 1379// 1380// 1366//
f 1366// 1380// 1381//
f 1366// 1381// 1367//
f 1343// 314// 313//
f 1343// 313// 1345//
f 1345// 313// 321//
f 1345// 321// 1347//
f 1347// 321// 320//
f 1347// 320// 1349//
f 1348// 1349// 287//
f 287// 1349// 320//
f 1348// 287// 306//
f 1348// 306// 1346//
f 1346// 306// 308//
f 1346// 308// 1344//
f 1344// 308// 329//
f 1344// 329// 1342//
f 1342// 329// 328//
f 1342// 328// 1340//
f 1340// 328// 327//
f 1340// 327// 1338//
f 1338// 327// 326//
f 1338// 326// 1336//
f 1336// 326// 325//
f 1336// 325// 1334//
f 1334// 325// 319//
f 1334// 319// 1332//
f 1332// 319// 318//
f 1332// 318// 1330//
f 1330// 318// 317//
f 1330// 317// 1316//
f 1373// 1316// 307//
f 307// 1316// 317//
f 1373// 307// 305//
f 1373// 305// 1374//
f 1374// 305// 304//
f 1374// 304// 1376//
f 1376// 304// 286//
f 1376// 286// 1378//
f 1378// 286// 285//
f 1378// 285// 1380//
f 1380// 285// 312//
f 1380// 312// 1381//
f 1381// 312// 311//
f 1381// 311// 1367//
f 1367// 311// 297//
f 1367// 297// 1369//
f 1369// 297// 296//
f 1369// 296// 1371//
f 1371// 296// 295//
f 1371// 295// 1372//
f 1372// 295// 310//
f 1372// 310// 1351//
f 1351// 310// 309//
f 1351// 309// 1353//
f 333// 1361// 1359//
f 1353// 309// 291//
f 1353// 291// 1355//
f 1355// 291// 293//
f 1355// 293// 1357//
f 1357// 293// 294//
f 1357// 294// 1359//
f 1359// 294// 334//
f 1359// 334// 333//
f 1361// 333// 331//
f 1361// 331// 1362//
f 1362// 331// 491//
f 1362// 491// 1364//
f 1364// 491// 303//
f 1364// 303// 1365//
f 1365// 303// 302//
f 1365// 302// 1321//
f 1321// 302// 301//
f 1321// 301// 1319//
f 1314// 1319// 300//
f 300// 1319// 301//
f 1312// 1314// 290//
f 290// 1314// 300//
f 1313// 1312// 289//
f 289// 1312// 290//
f 1315// 1313// 324//
f 324// 1313// 289//
f 1315// 324// 323//
f 1315// 323// 1331//
f 1331// 323// 322//
f 1331// 322// 1333//
f 1333// 322// 299//
f 1333// 299// 1335//
f 1335// 299// 298//
f 1335// 298// 1337//
f 1337// 298// 316//
f 1337// 316// 1339//
f 1339// 316// 315//
f 1339// 315// 1341//
f 1341// 315// 314//
f 1341// 314// 1343//
f 1375// 1382// 1383//
f 1375// 1383// 1317//
f 1317// 1383// 1384//
f 1317// 1384// 1318//
f 1318// 1384// 1385//
f 1318// 1385// 1323//
f 1368// 1386// 1387//
f 1368// 1387// 1366//
f 1366// 1387// 1388//
f 1366// 1388// 1379//
f 1379// 1388// 1389//
f 1379// 1389// 1377//
f 1377// 1389// 1382//
f 1377// 1382// 1375//
f 1354// 1390// 1391//
f 1354// 1391// 1352//
f 1352// 1391// 1392//
f 1352// 1392// 1350//
f 1350// 1392// 1393//
f 1350// 1393// 1370//
f 1370// 1393// 1386//
f 1370// 1386// 1368//
f 1360// 1394// 1395//
f 1360// 1395// 1358//
f 1358// 1395// 1396//
f 1358// 1396// 1356//
f 1356// 1396// 1390//
f 1356// 1390// 1354//
f 1329// 1397// 1398//
f 1329// 1398// 1320//
f 1320// 1398// 1399//
f 1320// 1399// 1322//
f 1322// 1399// 1400//
f 1322// 1400// 1363//
f 1363// 1400// 1394//
f 1363// 1394// 1360//
f 1325// 1401// 1402//
f 1325// 1402// 1326//
f 1326// 1402// 1403//
f 1326// 1403// 1327//
f 1327// 1403// 1404//
f 1327// 1404// 1328//
f 1328// 1404// 1397//
f 1328// 1397// 1329//
f 1325// 1324// 1401//
f 1401// 1324// 1405//
f 1324// 1323// 1405//
f 1405// 1323// 1385//
usemtl 1
f 1405// 1385// 1401//
f 1401// 1385// 1384//
f 1384// 1383// 1401//
f 1401// 1383// 1382//
f 1401// 1382// 1402//
f 1402// 1382// 1403//
f 1403// 1382// 1389//
f 1403// 1389// 1404//
f 1391// 1390// 1398//
f 1391// 1398// 1392//
f 1399// 1398// 1400//
f 1400// 1398// 1394//
f 1389// 1388// 1404//
f 1404// 1388// 1387//
f 1404// 1387// 1397//
f 1397// 1387// 1386//
f 1397// 1386// 1398//
f 1398// 1386// 1393//
f 1398// 1393// 1392//
f 1390// 1396// 1398//
f 1398// 1396// 1395//
f 1398// 1395// 1394//
usemtl 3
f 1406// 392// 389//
f 341// 1407// 389//
f 389// 1407// 1408//
f 389// 1408// 1406//
f 341// 340// 1407//
f 1407// 340// 339//
f 1407// 339// 1409//
f 1410// 1409// 349//
f 349// 1409// 339//
f 1411// 1410// 348//
f 348// 1410// 349//
f 430// 1412// 345//
f 345// 1412// 1411//
f 345// 1411// 346//
f 346// 1411// 348//
f 1412// 430// 1413//
f 1413// 430// 2//
f 2// 1// 1413//
f 1413// 1// 370//
f 1413// 370// 1414//
f 1414// 370// 369//
f 1414// 369// 1415//
f 1415// 369// 357//
f 1415// 357// 1416//
f 1416// 357// 356//
f 1416// 356// 1417//
f 1417// 356// 355//
f 1417// 355// 1418//
f 1418// 355// 368//
f 1418// 368// 1419//
f 1419// 368// 367//
f 1419// 367// 1420//
f 1420// 367// 366//
f 1420// 366// 1421//
f 1421// 366// 365//
f 1421// 365// 1422//
f 1422// 365// 385//
f 1422// 385// 1423//
f 1423// 385// 384//
f 1423// 384// 1424//
f 1424// 384// 382//
f 1424// 382// 1425//
f 1425// 382// 380//
f 1425// 380// 1426//
f 1426// 380// 379//
f 1426// 379// 1427//
f 1427// 379// 378//
f 1427// 378// 1428//
f 1428// 378// 377//
f 1428// 377// 1429//
f 1429// 377// 376//
f 1429// 376// 1430//
f 1430// 376// 373//
f 1430// 373// 1431//
f 1431// 373// 388//
f 1431// 388// 1432//
f 1432// 388// 387//
f 1432// 387// 1433//
f 1433// 387// 386//
f 1433// 386// 1434//
f 1434// 386// 375//
f 1434// 375// 1435//
f 1435// 375// 374//
f 1435// 374// 1436//
f 1436// 374// 372//
f 1436// 372// 1437//
f 1437// 372// 371//
f 1437// 371// 1438//
f 1438// 371// 381//
f 1438// 381// 1439//
f 1439// 381// 383//
f 1439// 383// 1440//
f 1440// 383// 351//
f 1440// 351// 1441//
f 1442// 1441// 350//
f 350// 1441// 351//
f 1442// 350// 364//
f 1442// 364// 1443//
f 1443// 364// 362//
f 1443// 362// 1444//
f 1444// 362// 361//
f 1444// 361// 1445//
f 1445// 361// 353//
f 1445// 353// 1446//
f 1446// 353// 352//
f 1446// 352// 1447//
f 1447// 352// 1448//
f 1448// 352// 360//
f 360// 359// 1448//
f 1448// 359// 358//
f 1448// 358// 1449//
f 1449// 358// 336//
f 1449// 336// 1450//
f 1450// 336// 335//
f 1450// 335// 1451//
f 1451// 335// 338//
f 1451// 338// 1452//
f 1452// 338// 337//
f 1452// 337// 1453//
f 1453// 337// 343//
f 1453// 343// 1454//
f 390// 1455// 1456//
f 1454// 343// 344//
f 1454// 344// 1457//
f 1457// 344// 342//
f 1457// 342// 1456//
f 1456// 342// 391//
f 1456// 391// 390//
f 1455// 390// 394//
f 1455// 394// 1458//
f 1458// 394// 405//
f 1458// 405// 1459//
f 1459// 405// 404//
f 1459// 404// 1460//
f 1460// 404// 403//
f 1460// 403// 1461//
f 1461// 403// 397//
f 1461// 397// 1462//
f 1462// 397// 396//
f 1462// 396// 1463//
f 1463// 396// 402//
f 1463// 402// 1464//
f 1464// 402// 401//
f 1464// 401// 1465//
f 1465// 401// 400//
f 1465// 400// 1466//
f 1466// 400// 399//
f 1466// 399// 1467//
f 1467// 399// 398//
f 1467// 398// 1468//
f 1468// 398// 395//
f 1468// 395// 1469//
f 1469// 395// 393//
f 1469// 393// 1470//
f 1470// 393// 392//
f 1470// 392// 1406//
f 1434// 1435// 1446//
f 1446// 1435// 1445//
f 1465// 1416// 1417//
f 1458// 1425// 1455//
f 1455// 1425// 1426//
f 1465// 1417// 1464//
f 1464// 1417// 1418//
f 1464// 1418// 1463//
f 1463// 1418// 1419//
f 1463// 1419// 1462//
f 1462// 1419// 1420//
f 1462// 1420// 1461//
f 1461// 1420// 1421//
f 1461// 1421// 1460//
f 1460// 1421// 1422//
f 1460// 1422// 1459//
f 1459// 1422// 1423//
f 1459// 1423// 1458//
f 1458// 1423// 1424//
f 1458// 1424// 1425//
f 1416// 1465// 1415//
f 1415// 1465// 1466//
f 1415// 1466// 1414//
f 1412// 1406// 1411//
f 1411// 1406// 1408//
f 1411// 1408// 1410//
f 1410// 1408// 1407//
f 1410// 1407// 1409//
f 1435// 1436// 1445//
f 1445// 1436// 1437//
f 1445// 1437// 1444//
f 1444// 1437// 1438//
f 1444// 1438// 1443//
f 1443// 1438// 1439//
f 1443// 1439// 1442//
f 1442// 1439// 1440//
f 1442// 1440// 1441//
f 1466// 1467// 1414//
f 1414// 1467// 1468//
f 1414// 1468// 1413//
f 1413// 1468// 1469//
f 1413// 1469// 1412//
f 1412// 1469// 1470//
f 1412// 1470// 1406//
f 1446// 1447// 1434//
f 1434// 1447// 1448//
f 1434// 1448// 1433//
f 1433// 1448// 1449//
f 1433// 1449// 1432//
f 1432// 1449// 1450//
f 1432// 1450// 1431//
f 1431// 1450// 1451//
f 1431// 1451// 1430//
f 1430// 1451// 1452//
f 1430// 1452// 1429//
f 1429// 1452// 1453//
f 1429// 1453// 1428//
f 1428// 1453// 1454//
f 1428// 1454// 1427//
f 1427// 1454// 1457//
f 1427// 1457// 1426//
f 1426// 1457// 1456//
f 1426// 1456// 1455//
f 1471// 1472// 414//
f 414// 1472// 412//
f 1473// 1471// 416//
f 416// 1471// 414//
f 1473// 416// 417//
f 1473// 417// 1474//
f 1474// 417// 411//
f 1474// 411// 1475//
f 1476// 1475// 410//
f 410// 1475// 411//
f 1477// 1476// 409//
f 409// 1476// 410//
f 421// 1478// 415//
f 415// 1478// 1477//
f 415// 1477// 409//
f 1479// 1478// 420//
f 420// 1478// 421//
f 422// 1480// 419//
f 419// 1480// 1479//
f 419// 1479// 420//
f 424// 1481// 423//
f 423// 1481// 1480//
f 423// 1480// 422//
f 424// 437// 1481//
f 1481// 437// 1482//
f 437// 436// 1482//
f 1482// 436// 435//
f 1482// 435// 1483//
f 1483// 435// 434//
f 1483// 434// 1484//
f 1484// 434// 433//
f 1484// 433// 1485//
f 1485// 433// 432//
f 1485// 432// 1486//
f 1486// 432// 429//
f 1486// 429// 1487//
f 1487// 429// 428//
f 1487// 428// 1488//
f 1488// 428// 427//
f 1488// 427// 1489//
f 1490// 1489// 426//
f 426// 1489// 427//
f 1490// 426// 442//
f 1490// 442// 1491//
f 1491// 442// 441//
f 1491// 441// 1492//
f 1492// 441// 439//
f 1492// 439// 1493//
f 1493// 439// 438//
f 1493// 438// 1494//
f 438// 449// 1494//
f 1494// 449// 448//
f 1494// 448// 1495//
f 1495// 448// 447//
f 1495// 447// 1496//
f 1496// 447// 444//
f 1496// 444// 1497//
f 1497// 444// 443//
f 1497// 443// 1498//
f 412// 1472// 446//
f 446// 1472// 1498//
f 446// 1498// 443//
f 1474// 1475// 1498//
f 1472// 1471// 1498//
f 1498// 1471// 1473//
f 1498// 1473// 1474//
f 1478// 1479// 1477//
f 1477// 1479// 1480//
f 1477// 1480// 1476//
f 1483// 1484// 1494//
f 1492// 1487// 1491//
f 1491// 1487// 1488//
f 1491// 1488// 1490//
f 1490// 1488// 1489//
f 1475// 1476// 1498//
f 1498// 1476// 1480//
f 1498// 1480// 1497//
f 1494// 1484// 1493//
f 1493// 1484// 1485//
f 1493// 1485// 1492//
f 1492// 1485// 1486//
f 1492// 1486// 1487//
f 1480// 1481// 1497//
f 1497// 1481// 1482//
f 1497// 1482// 1496//
f 1496// 1482// 1483//
f 1496// 1483// 1495//
f 1495// 1483// 1494//
f 1499// 1500// 453//
f 453// 1500// 455//
f 467// 1501// 465//
f 465// 1501// 1499//
f 465// 1499// 453//
f 1502// 1501// 468//
f 468// 1501// 467//
f 464// 1503// 466//
f 466// 1503// 1502//
f 466// 1502// 468//
f 1504// 1503// 463//
f 463// 1503// 464//
f 460// 1505// 462//
f 462// 1505// 1504//
f 462// 1504// 463//
f 1506// 1505// 459//
f 459// 1505// 460//
f 451// 1507// 461//
f 461// 1507// 1506//
f 461// 1506// 459//
f 1508// 1507// 450//
f 450// 1507// 451//
f 406// 1509// 407//
f 407// 1509// 1508//
f 407// 1508// 450//
f 1510// 1509// 458//
f 458// 1509// 406//
f 455// 1500// 457//
f 457// 1500// 1510//
f 457// 1510// 458//
f 1500// 1499// 1510//
f 1510// 1499// 1501//
f 1503// 1504// 1502//
f 1502// 1504// 1505//
f 1507// 1508// 1506//
f 1506// 1508// 1509//
f 1506// 1509// 1505//
f 1505// 1509// 1510//
f 1505// 1510// 1502//
f 1502// 1510// 1501//
f 1511// 1512// 1513//
f 1513// 1512// 1514//
f 1513// 1514// 1515//
f 1515// 1514// 1516//
f 1515// 1516// 1517//
f 1517// 1516// 1518//
f 1517// 1518// 1519//
f 1519// 1518// 1520//
f 1519// 1520// 1521//
f 1521// 1520// 1522//
f 1521// 1522// 1523//
f 1523// 1522// 1524//
f 1523// 1524// 1525//
f 1525// 1524// 1526//
f 1525// 1526// 1527//
f 1527// 1526// 1528//
f 1527// 1528// 1529//
f 1529// 1528// 1530//
f 1529// 1530// 1531//
f 1531// 1530// 1532//
f 1531// 1532// 1533//
f 1533// 1532// 1534//
f 1533// 1534// 1535//
f 1535// 1534// 1536//
f 1535// 1536// 1537//
f 1537// 1536// 1538//
f 1537// 1538// 1539//
f 1539// 1538// 1540//
f 1539// 1540// 1541//
f 1541// 1540// 1542//
f 1541// 1542// 1543//
f 1543// 1542// 1544//
f 1543// 1544// 1545//
f 1545// 1544// 1546//
f 1545// 1546// 1511//
f 1511// 1546// 1512//
f 1534// 1532// 526//
f 526// 1532// 527//
f 1534// 526// 525//
f 1534// 525// 1536//
f 1536// 525// 524//
f 1536// 524// 1538//
f 1538// 524// 523//
f 1538// 523// 1540//
f 1540// 523// 522//
f 1540// 522// 1542//
f 1542// 522// 517//
f 1542// 517// 1544//
f 1544// 517// 516//
f 1544// 516// 1546//
f 1546// 516// 536//
f 1546// 536// 1512//
f 1512// 536// 535//
f 1512// 535// 1514//
f 1514// 535// 534//
f 1514// 534// 1516//
f 1516// 534// 533//
f 1516// 533// 1518//
f 1518// 533// 532//
f 1518// 532// 1520//
f 1520// 532// 531//
f 1520// 531// 1522//
f 1522// 531// 520//
f 1522// 520// 1524//
f 1524// 520// 519//
f 1524// 519// 1526//
f 1526// 519// 529//
f 1526// 529// 1528//
f 1530// 1528// 528//
f 528// 1528// 529//
f 1532// 1530// 527//
f 527// 1530// 528//
f 1527// 1529// 1547//
f 1547// 1529// 1548//
f 1529// 1531// 1548//
f 1548// 1531// 1549//
f 1531// 1533// 1549//
f 1549// 1533// 1550//
f 1541// 1551// 1552//
f 1541// 1552// 1539//
f 1539// 1552// 1553//
f 1539// 1553// 1537//
f 1537// 1553// 1554//
f 1537// 1554// 1535//
f 1535// 1554// 1550//
f 1535// 1550// 1533//
f 1513// 1555// 1556//
f 1513// 1556// 1511//
f 1511// 1556// 1557//
f 1511// 1557// 1545//
f 1545// 1557// 1558//
f 1545// 1558// 1543//
f 1543// 1558// 1551//
f 1543// 1551// 1541//
f 1521// 1559// 1560//
f 1521// 1560// 1519//
f 1519// 1560// 1561//
f 1519// 1561// 1517//
f 1517// 1561// 1562//
f 1517// 1562// 1515//
f 1515// 1562// 1555//
f 1515// 1555// 1513//
f 1527// 1547// 1563//
f 1527// 1563// 1525//
f 1525// 1563// 1564//
f 1525// 1564// 1523//
f 1523// 1564// 1559//
f 1523// 1559// 1521//
usemtl 1
f 1548// 1549// 1547//
f 1547// 1549// 1550//
f 1547// 1550// 1554//
f 1554// 1553// 1547//
f 1547// 1553// 1552//
f 1547// 1552// 1551//
f 1551// 1558// 1547//
f 1547// 1558// 1557//
f 1547// 1557// 1556//
f 1556// 1555// 1547//
f 1547// 1555// 1562//
f 1547// 1562// 1561//
f 1561// 1560// 1547//
f 1547// 1560// 1559//
f 1547// 1559// 1563//
f 1563// 1559// 1564//
usemtl 3
f 1565// 1566// 1567//
f 1568// 1569// 1570//
f 1566// 1571// 1567//
f 1567// 1571// 1572//
f 1567// 1572// 1573//
f 1573// 1572// 1574//
f 1573// 1574// 1575//
f 1575// 1576// 1573//
f 1573// 1576// 1577//
f 1573// 1577// 1578//
f 1579// 1578// 1580//
f 1580// 1578// 1577//
f 1580// 1577// 1570//
f 1570// 1577// 1565//
f 1570// 1565// 1568//
f 1568// 1565// 1567//
f 1573// 1578// 543//
f 543// 1578// 544//
f 1567// 1573// 542//
f 542// 1573// 543//
f 1568// 1567// 538//
f 538// 1567// 542//
f 1569// 1568// 537//
f 537// 1568// 538//
f 1570// 1569// 541//
f 541// 1569// 537//
f 1580// 1570// 540//
f 540// 1570// 541//
f 1579// 1580// 539//
f 539// 1580// 540//
f 1578// 1579// 544//
f 544// 1579// 539//
f 1565// 1577// 1581//
f 1581// 1577// 1582//
f 1577// 1576// 1582//
f 1582// 1576// 1583//
f 1574// 1584// 1585//
f 1574// 1585// 1575//
f 1575// 1585// 1583//
f 1575// 1583// 1576//
f 1574// 1572// 1584//
f 1584// 1572// 1586//
f 1566// 1587// 1588//
f 1566// 1588// 1571//
f 1571// 1588// 1586//
f 1571// 1586// 1572//
f 1566// 1565// 1587//
f 1587// 1565// 1581//
usemtl 1
f 1584// 1586// 1585//
f 1585// 1586// 1588//
f 1585// 1588// 1583//
f 1583// 1588// 1587//
f 1583// 1587// 1582//
f 1582// 1587// 1581//
usemtl 3
f 1589// 1590// 1591//
f 1592// 1593// 1594//
f 1595// 1596// 1592//
f 1597// 1598// 1599//
f 1599// 1598// 1600//
f 1596// 1601// 1592//
f 1592// 1601// 1602//
f 1592// 1602// 1603//
f 1604// 1605// 1606//
f 1607// 1608// 1591//
f 1591// 1608// 1609//
f 1591// 1609// 1589//
f 1602// 1610// 1603//
f 1603// 1610// 1611//
f 1603// 1611// 1612//
f 1612// 1611// 1613//
f 1614// 1615// 1616//
f 1616// 1615// 1617//
f 1616// 1617// 1618//
f 1618// 1617// 1619//
f 1618// 1619// 1620//
f 1620// 1619// 1621//
f 1620// 1621// 1622//
f 1622// 1621// 1591//
f 1622// 1591// 1623//
f 1624// 1625// 1614//
f 1614// 1625// 1626//
f 1614// 1626// 1615//
f 1604// 1606// 1627//
f 1627// 1606// 1628//
f 1627// 1628// 1629//
f 1629// 1628// 1630//
f 1629// 1630// 1631//
f 1598// 1632// 1600//
f 1600// 1632// 1633//
f 1600// 1633// 1634//
f 1634// 1633// 1635//
f 1634// 1635// 1604//
f 1604// 1635// 1636//
f 1604// 1636// 1605//
f 1637// 1590// 1638//
f 1638// 1590// 1639//
f 1638// 1639// 1640//
f 1641// 1642// 1643//
f 1643// 1642// 1644//
f 1643// 1644// 1645//
f 1645// 1644// 1646//
f 1645// 1646// 1647//
f 1647// 1646// 1648//
f 1647// 1648// 1649//
f 1649// 1648// 1650//
f 1649// 1650// 1651//
f 1651// 1650// 1652//
f 1651// 1652// 1653//
f 1653// 1652// 1654//
f 1653// 1654// 1655//
f 1655// 1654// 1656//
f 1655// 1656// 1657//
f 1657// 1656// 1658//
f 1659// 1660// 1661//
f 1631// 1630// 1662//
f 1662// 1630// 1663//
f 1662// 1663// 1664//
f 1665// 1666// 1667//
f 1667// 1666// 1668//
f 1667// 1668// 1669//
f 1669// 1668// 1670//
f 1669// 1670// 1671//
f 1671// 1670// 1672//
f 1671// 1672// 1673//
f 1673// 1672// 1674//
f 1673// 1674// 1607//
f 1607// 1674// 1675//
f 1607// 1675// 1608//
f 1595// 1592// 1676//
f 1676// 1592// 1594//
f 1676// 1594// 1614//
f 1614// 1594// 1677//
f 1614// 1677// 1624//
f 1661// 1660// 1678//
f 1678// 1660// 1679//
f 1678// 1679// 1680//
f 1680// 1679// 1681//
f 1680// 1681// 1682//
f 1682// 1681// 1683//
f 1682// 1683// 1684//
f 1684// 1683// 1685//
f 1684// 1685// 1686//
f 1686// 1685// 1687//
f 1686// 1687// 1688//
f 1688// 1687// 1689//
f 1688// 1689// 1658//
f 1658// 1689// 1690//
f 1658// 1690// 1657//
f 1691// 1692// 1693//
f 1693// 1692// 1694//
f 1693// 1694// 1643//
f 1643// 1694// 1695//
f 1643// 1695// 1641//
f 1599// 1696// 1597//
f 1597// 1696// 1697//
f 1597// 1697// 1698//
f 1698// 1697// 1699//
f 1698// 1699// 1700//
f 1700// 1699// 1701//
f 1700// 1701// 1665//
f 1665// 1701// 1702//
f 1665// 1702// 1666//
f 1637// 1703// 1590//
f 1590// 1703// 1704//
f 1590// 1704// 1591//
f 1591// 1704// 1705//
f 1591// 1705// 1623//
f 1663// 1706// 1664//
f 1664// 1706// 1707//
f 1664// 1707// 1708//
f 1708// 1707// 1709//
f 1708// 1709// 1710//
f 1710// 1709// 1711//
f 1710// 1711// 1691//
f 1691// 1711// 1712//
f 1691// 1712// 1692//
f 1639// 1713// 1640//
f 1640// 1713// 1714//
f 1640// 1714// 1715//
f 1715// 1714// 1716//
f 1715// 1716// 1717//
f 1717// 1716// 1718//
f 1717// 1718// 1719//
f 1719// 1718// 1720//
f 1719// 1720// 1721//
f 1721// 1720// 1722//
f 1721// 1722// 1723//
f 1723// 1722// 1724//
f 1723// 1724// 1725//
f 1725// 1724// 1726//
f 1725// 1726// 1613//
f 1613// 1726// 1727//
f 1613// 1727// 1612//
f 1728// 1729// 1730//
f 1730// 1729// 1731//
f 1730// 1731// 1732//
f 1661// 1733// 1659//
f 1659// 1733// 1730//
f 1659// 1730// 1734//
f 1734// 1730// 1732//
f 1728// 1730// 1735//
f 1735// 1730// 1736//
f 1735// 1736// 1737//
f 1737// 1736// 1738//
f 1737// 1738// 1739//
f 1739// 1740// 1737//
f 1737// 1740// 1741//
f 1737// 1741// 1742//
f 1655// 111// 81//
f 8// 1649// 1651//
f 1655// 81// 1653//
f 1653// 81// 79//
f 1653// 79// 1651//
f 1651// 79// 78//
f 1651// 78// 8//
f 8// 7// 1649//
f 1649// 7// 17//
f 1649// 17// 1647//
f 1647// 17// 16//
f 1647// 16// 1645//
f 1645// 16// 15//
f 1645// 15// 1643//
f 1643// 15// 14//
f 1643// 14// 1693//
f 1693// 14// 13//
f 1693// 13// 1691//
f 1710// 1691// 11//
f 11// 1691// 13//
f 11// 10// 1710//
f 1710// 10// 24//
f 1710// 24// 1708//
f 1708// 24// 23//
f 1708// 23// 1664//
f 29// 1629// 27//
f 27// 1629// 1631//
f 27// 1631// 19//
f 19// 1631// 1662//
f 19// 1662// 21//
f 21// 1662// 1664//
f 21// 1664// 23//
f 1629// 29// 34//
f 1629// 34// 1627//
f 1627// 34// 36//
f 1627// 36// 1604//
f 1604// 36// 35//
f 1604// 35// 1634//
f 1634// 35// 33//
f 1634// 33// 1600//
f 1600// 33// 32//
f 1600// 32// 1599//
f 1599// 32// 31//
f 1599// 31// 1696//
f 1696// 31// 30//
f 1696// 30// 1697//
f 1697// 30// 41//
f 1697// 41// 1699//
f 48// 1668// 1666//
f 1699// 41// 40//
f 1699// 40// 1701//
f 1701// 40// 38//
f 1701// 38// 1702//
f 38// 52// 1702//
f 1702// 52// 51//
f 1702// 51// 1666//
f 1666// 51// 49//
f 1666// 49// 48//
f 1668// 48// 47//
f 1668// 47// 1670//
f 1670// 47// 46//
f 1670// 46// 1672//
f 1672// 46// 45//
f 1672// 45// 1674//
f 1674// 45// 43//
f 1674// 43// 1675//
f 1675// 43// 42//
f 1675// 42// 1608//
f 1608// 42// 54//
f 1608// 54// 1609//
f 1609// 54// 55//
f 1609// 55// 1589//
f 55// 56// 1589//
f 1589// 56// 58//
f 1589// 58// 1590//
f 1590// 58// 59//
f 1590// 59// 1639//
f 1639// 59// 67//
f 1639// 67// 1713//
f 67// 66// 1713//
f 1713// 66// 64//
f 1713// 64// 1714//
f 1714// 64// 63//
f 1714// 63// 1716//
f 128// 1612// 1727//
f 1716// 63// 61//
f 1716// 61// 1718//
f 1718// 61// 60//
f 1718// 60// 1720//
f 60// 73// 1720//
f 1720// 73// 72//
f 1720// 72// 1722//
f 1722// 72// 71//
f 1722// 71// 1724//
f 1724// 71// 69//
f 1724// 69// 1726//
f 1726// 69// 68//
f 1726// 68// 1727//
f 1727// 68// 127//
f 1727// 127// 128//
f 1603// 1612// 119//
f 119// 1612// 128//
f 1592// 1603// 94//
f 94// 1603// 119//
f 1593// 1592// 75//
f 75// 1592// 94//
f 1594// 1593// 74//
f 74// 1593// 75//
f 1594// 74// 76//
f 1594// 76// 1677//
f 1677// 76// 77//
f 1677// 77// 1624//
f 1624// 77// 116//
f 1624// 116// 1625//
f 1625// 116// 115//
f 1625// 115// 1626//
f 1626// 115// 114//
f 1626// 114// 1615//
f 1615// 114// 107//
f 1615// 107// 1617//
f 1617// 107// 108//
f 1617// 108// 1619//
f 1619// 108// 104//
f 1619// 104// 1621//
f 1621// 104// 106//
f 1621// 106// 1591//
f 1591// 106// 105//
f 1591// 105// 1607//
f 1607// 105// 103//
f 1607// 103// 1673//
f 1673// 103// 102//
f 1673// 102// 1671//
f 1671// 102// 110//
f 1671// 110// 1669//
f 1669// 110// 109//
f 1669// 109// 1667//
f 1667// 109// 1665//
f 1665// 109// 91//
f 91// 142// 1665//
f 1665// 142// 141//
f 1665// 141// 1700//
f 1700// 141// 139//
f 1700// 139// 1698//
f 139// 167// 1698//
f 1698// 167// 166//
f 1698// 166// 1597//
f 1597// 166// 165//
f 1597// 165// 1598//
f 1598// 165// 160//
f 1598// 160// 1632//
f 1632// 160// 159//
f 1632// 159// 1633//
f 1633// 159// 158//
f 1633// 158// 1635//
f 1635// 158// 148//
f 1635// 148// 1636//
f 1636// 148// 149//
f 1636// 149// 1605//
f 1605// 149// 150//
f 1605// 150// 1606//
f 1606// 150// 164//
f 1606// 164// 1628//
f 1628// 164// 163//
f 1628// 163// 1630//
f 1630// 163// 157//
f 1630// 157// 1663//
f 1663// 157// 156//
f 1663// 156// 1706//
f 1706// 156// 155//
f 1706// 155// 1707//
f 140// 1641// 138//
f 138// 1641// 1695//
f 138// 1695// 152//
f 152// 1695// 1694//
f 152// 1694// 154//
f 154// 1694// 1692//
f 154// 1692// 153//
f 153// 1692// 1712//
f 153// 1712// 151//
f 151// 1712// 1711//
f 151// 1711// 161//
f 161// 1711// 1709//
f 161// 1709// 162//
f 162// 1709// 1707//
f 162// 1707// 155//
f 1642// 1641// 143//
f 143// 1641// 140//
f 1642// 143// 147//
f 1642// 147// 1644//
f 1644// 147// 146//
f 1644// 146// 1646//
f 1646// 146// 145//
f 1646// 145// 1648//
f 1648// 145// 144//
f 1648// 144// 1650//
f 1650// 144// 90//
f 1650// 90// 1652//
f 90// 89// 1652//
f 1652// 89// 88//
f 1652// 88// 1654//
f 1654// 88// 132//
f 1654// 132// 1656//
f 1656// 132// 131//
f 1656// 131// 1658//
f 1658// 131// 130//
f 1658// 130// 1688//
f 1688// 130// 129//
f 1688// 129// 1686//
f 1686// 129// 137//
f 1686// 137// 1684//
f 1684// 137// 136//
f 1684// 136// 1682//
f 1682// 136// 135//
f 1682// 135// 1680//
f 1680// 135// 134//
f 1680// 134// 1678//
f 1661// 1678// 133//
f 133// 1678// 134//
f 1661// 133// 124//
f 1661// 124// 1733//
f 1733// 124// 123//
f 1733// 123// 1730//
f 1730// 123// 122//
f 1730// 122// 1736//
f 1736// 122// 95//
f 1736// 95// 1738//
f 1738// 95// 93//
f 1738// 93// 1739//
f 1739// 93// 92//
f 1739// 92// 1740//
f 1740// 92// 121//
f 1740// 121// 1741//
f 1741// 121// 120//
f 1741// 120// 1742//
f 1742// 120// 118//
f 1742// 118// 1737//
f 1737// 118// 117//
f 1737// 117// 1735//
f 1735// 117// 126//
f 1735// 126// 1728//
f 1728// 126// 125//
f 1728// 125// 1729//
f 1729// 125// 87//
f 1729// 87// 1731//
f 1731// 87// 86//
f 1731// 86// 1732//
f 1732// 86// 101//
f 1732// 101// 1734//
f 1734// 101// 100//
f 1734// 100// 1659//
f 1659// 100// 99//
f 1659// 99// 1660//
f 1679// 1660// 85//
f 85// 1660// 99//
f 1679// 85// 83//
f 1679// 83// 1681//
f 1681// 83// 82//
f 1681// 82// 1683//
f 1683// 82// 98//
f 1683// 98// 1685//
f 1685// 98// 97//
f 1685// 97// 1687//
f 1687// 97// 96//
f 1687// 96// 1689//
f 1689// 96// 113//
f 1689// 113// 1690//
f 1690// 113// 112//
f 1690// 112// 1657//
f 1657// 112// 111//
f 1657// 111// 1655//
f 1676// 1743// 1744//
f 1676// 1744// 1595//
f 1595// 1744// 1745//
f 1595// 1745// 1596//
f 1596// 1745// 1746//
f 1596// 1746// 1601//
f 1601// 1746// 1747//
f 1601// 1747// 1602//
f 1602// 1747// 1748//
f 1602// 1748// 1610//
f 1610// 1748// 1749//
f 1610// 1749// 1611//
f 1611// 1749// 1750//
f 1611// 1750// 1613//
f 1613// 1750// 1751//
f 1613// 1751// 1725//
f 1725// 1751// 1752//
f 1725// 1752// 1723//
f 1723// 1752// 1753//
f 1723// 1753// 1721//
f 1721// 1753// 1754//
f 1721// 1754// 1719//
f 1719// 1754// 1755//
f 1719// 1755// 1717//
f 1717// 1755// 1756//
f 1717// 1756// 1715//
f 1715// 1756// 1757//
f 1715// 1757// 1640//
f 1640// 1757// 1758//
f 1640// 1758// 1638//
f 1638// 1758// 1759//
f 1638// 1759// 1637//
f 1637// 1759// 1760//
f 1637// 1760// 1703//
f 1703// 1760// 1761//
f 1703// 1761// 1704//
f 1704// 1761// 1762//
f 1704// 1762// 1705//
f 1705// 1762// 1763//
f 1705// 1763// 1623//
f 1623// 1763// 1764//
f 1623// 1764// 1622//
f 1622// 1764// 1765//
f 1622// 1765// 1620//
f 1620// 1765// 1766//
f 1620// 1766// 1618//
f 1618// 1766// 1767//
f 1618// 1767// 1616//
f 1616// 1767// 1768//
f 1616// 1768// 1614//
f 1614// 1768// 1743//
f 1614// 1743// 1676//
usemtl 1
f 1756// 1766// 1765//
f 1743// 1756// 1744//
f 1744// 1756// 1755//
f 1743// 1768// 1756//
f 1756// 1768// 1767//
f 1756// 1767// 1766//
f 1753// 1747// 1746//
f 1761// 1760// 1765//
f 1765// 1760// 1759//
f 1755// 1754// 1744//
f 1744// 1754// 1753//
f 1744// 1753// 1745//
f 1745// 1753// 1746//
f 1764// 1763// 1765//
f 1765// 1763// 1762//
f 1765// 1762// 1761//
f 1759// 1758// 1765//
f 1765// 1758// 1757//
f 1765// 1757// 1756//
f 1751// 1750// 1752//
f 1752// 1750// 1749//
f 1752// 1749// 1753//
f 1753// 1749// 1748//
f 1753// 1748// 1747//
