v 0.75 -0.8 0.675
v -0.75 -0.8 0.675
v 0.75 -0.8 0.525
newmtl 1
Ka 0.2235294117647059 0.2235294117647059 0.2235294117647059
Kd 0.2235294117647059 0.2235294117647059 0.2235294117647059
Ks 0.11372549019607843 0.11372549019607843 0.11372549019607843
d 0.0
endmtl
v -0.75 -0.8 0.525
v -0.2 0.8 0.525
v -1.35 0.8 0.525
v -0.2 0.8 0.675
v -1.35 0.8 0.675
v -1.35 -0.8 0.675
v -1.35 -0.8 0.525
v -1.15 -0.8 0.675
v -1.15 -0.8 0.525
v 1.419169 0.203273 0.894373
v 1.419343 0.19297 0.893139
v 1.421904 0.170425 0.874915
v 1.434507 0.169007 0.785236
v 1.434286 0.17043 0.786813
v 1.432885 0.170425 0.796781
v 1.43287 0.142689 0.796886
v 1.432885 0.141647 0.796781
v 1.432885 0.156201 0.796781
v 1.410856 0.096397 0.953527
v 1.41078 0.100921 0.954068
v 1.41078 0.076683 0.954068
v 1.410795 0.113167 0.953956
v 1.410951 0.117031 0.952851
v 1.41078 0.117031 0.954068
v 1.41078 -0.086859 0.954068
v 1.411712 -0.077056 0.947432
v 1.41078 0.014299 0.954068
v 1.414038 -0.062631 0.930882
v 1.421904 -0.014152 0.874915
v 1.421904 0.014299 0.874915
v 1.420575 -0.017976 0.884371
v 1.418857 -0.026831 0.896591
v 1.417472 -0.038598 0.906445
v 1.416482 -0.053631 0.913495
v 1.416581 -0.051507 0.912788
v 1.408877 -0.116759 0.967601
v 1.409994 -0.095118 0.959659
v 1.40547 0.014299 0.991843
v 1.408573 -0.136052 0.96977
v 1.409968 -0.176877 0.959846
v 1.408917 -0.15683 0.967319
v 1.40547 -0.656444 0.991843
v 1.41078 -0.186378 0.954068
v 1.41078 -0.661753 0.954068
v 1.410927 -0.188108 0.953016
v 1.418222 -0.27749 0.901113
v 1.416361 -0.267059 0.914355
v 1.413757 -0.234263 0.932883
v 1.413463 -0.217172 0.934974
v 1.412142 -0.198302 0.944371
v 1.413501 -0.212183 0.934706
v 1.413584 -0.207195 0.934115
v 1.415975 -0.26413 0.917099
v 1.414625 -0.250332 0.926705
v 1.431431 -0.255687 0.807127
v 1.429824 -0.269228 0.818559
v 1.432885 -0.683858 0.796781
v 1.432494 -0.240009 0.799565
v 1.427856 -0.279132 0.832562
v 1.425609 -0.285348 0.848554
v 1.421904 -0.672877 0.874915
v 1.423243 -0.287447 0.865383
v 1.422664 -0.287325 0.869503
v 1.421904 -0.286348 0.874915
v 1.420395 -0.284412 0.885648
v 1.432722 -0.234524 0.79794
v 1.432885 -0.233977 0.796781
v 1.434019 -0.230168 0.788713
v 1.435127 -0.223713 0.78083
v 1.45 0.073026 0.675
v 1.436249 0.014299 0.772847
v 1.45 0.014299 0.675
v 1.436249 -0.175355 0.772847
v 1.436647 -0.182805 0.770012
v 1.449995 -0.700969 0.675033
v 1.45 -0.7 0.675
v 1.436249 -0.687222 0.772847
v 1.436249 -0.211251 0.772847
v 1.436016 -0.215226 0.774499
v 1.436827 -0.193313 0.768729
v 1.436823 -0.194973 0.768759
v 1.436601 -0.205215 0.770338
v 1.432885 -0.152669 0.796781
v 1.432912 -0.152715 0.796588
v 1.434257 -0.157853 0.787018
v 1.435292 -0.164491 0.77965
v 1.43613 -0.17313 0.773694
v 1.429323 -0.097276 0.822123
v 1.42916 -0.094299 0.823287
v 1.425719 -0.089202 0.847771
v 1.426745 -0.160779 0.840468
v 1.422519 -0.10265 0.870538
v 1.425784 -0.168366 0.847308
v 1.425097 -0.177573 0.852192
v 1.429586 -0.099943 0.820251
v 1.428456 -0.018123 0.828294
v 1.430126 -0.026736 0.816412
v 1.432885 0.014299 0.796781
v 1.423918 -0.037796 0.860581
v 1.422759 -0.03984 0.86883
v 1.421904 -0.043157 0.874915
v 1.421904 -0.259038 0.874915
v 1.422419 -0.012671 0.871252
v 1.42439 -0.010685 0.857221
v 1.426545 -0.012674 0.841894
v 1.4291 -0.090937 0.823714
v 1.429104 -0.090515 0.823684
v 1.429144 -0.089214 0.823399
v 1.425534 -0.256479 0.849087
v 1.426754 -0.251326 0.840406
v 1.42738 -0.229301 0.835949
v 1.427866 -0.243549 0.832492
v 1.428677 -0.23409 0.826721
v 1.425381 -0.213262 0.850175
v 1.426239 -0.22213 0.844071
v 1.423123 -0.260118 0.866242
v 1.424057 -0.259595 0.859597
v 1.42487 -0.20368 0.853807
v 1.424692 -0.193313 0.855073
v 1.424736 -0.188045 0.854764
v 1.431516 -0.038537 0.806519
v 1.432418 -0.051772 0.800104
v 1.432843 -0.066211 0.797081
v 1.430971 -0.104385 0.810398
v 1.430733 -0.104275 0.812093
v 1.430186 -0.149934 0.815982
v 1.430273 -0.103404 0.815362
v 1.429861 -0.101736 0.818293
v 1.427645 -0.04639 0.834066
v 1.426703 -0.041616 0.840765
v 1.425627 -0.038624 0.84842
v 1.424451 -0.037581 0.856791
v 1.432843 -0.091805 0.797081
v 1.432788 -0.094249 0.797471
v 1.432631 -0.097118 0.798589
v 1.432352 -0.099932 0.80057
v 1.432209 -0.10094 0.801586
v 1.43183 -0.102831 0.804285
v 1.431421 -0.103974 0.807198
v 1.431422 -0.150171 0.807191
v 1.43079 -0.149934 0.811686
v 1.42916 -0.088335 0.823285
v 1.42916 -0.068814 0.823285
v 1.428952 -0.061009 0.824768
v 1.428457 -0.053357 0.828283
v 1.427728 -0.046946 0.833474
v 1.416112 -0.084251 0.916126
v 1.414486 -0.094041 0.927697
v 1.417991 -0.193747 0.902756
v 1.41435 -0.095111 0.928662
v 1.413173 -0.107298 0.937039
v 1.416081 -0.187118 0.916348
v 1.417758 -0.196811 0.904417
v 1.417262 -0.206537 0.907945
v 1.421718 -0.043879 0.876238
v 1.420944 -0.048861 0.881744
v 1.419742 -0.071417 0.890298
v 1.42029 -0.055588 0.886399
v 1.419884 -0.063158 0.889288
v 1.419742 -0.074887 0.890298
v 1.418057 -0.077551 0.902288
v 1.417472 -0.231985 0.906445
v 1.418187 -0.241649 0.901358
v 1.417118 -0.221278 0.908964
v 1.419111 -0.24909 0.894784
v 1.420314 -0.255104 0.886229
v 1.414463 -0.177388 0.927858
v 1.412447 -0.120901 0.942203
v 1.413281 -0.165764 0.936268
v 1.412195 -0.135618 0.943995
v 1.412482 -0.151593 0.941957
v 1.417085 -0.216738 0.9092
v 1.42166 -0.258823 0.876649
v 1.41702 0.269221 0.909665
v 1.41702 0.246832 0.909665
v 1.419343 0.275443 0.893139
v 1.421904 0.246832 0.874915
v 1.419343 0.284146 0.893139
v 1.421904 0.303961 0.874915
v 1.412917 0.246832 0.938859
v 1.410851 0.252486 0.953559
v 1.41078 0.246832 0.954068
v 1.410851 0.260908 0.953559
v 1.41078 0.303961 0.954068
v 1.419343 0.229247 0.893139
v 1.421904 0.227555 0.874915
v 1.419343 0.23795 0.893139
v 1.41702 0.243814 0.909665
v 1.418375 0.139724 0.900028
v 1.418375 0.156201 0.900028
v 1.415518 0.139724 0.920353
v 1.415518 0.156201 0.920353
v 1.41078 0.156201 0.954068
v 1.410851 0.163274 0.953559
v 1.41078 0.170425 0.954068
v 1.411828 0.163274 0.946608
v 1.415518 0.161543 0.920353
v 1.418375 0.164662 0.900028
v 1.414545 0.161543 0.927272
v 1.411828 0.156201 0.946608
v 1.414545 0.156201 0.927272
v 1.411828 0.139724 0.946608
v 1.414545 0.139724 0.927272
v 1.419343 0.131848 0.893139
v 1.421904 0.128315 0.874915
v 1.419343 0.156201 0.893139
v 1.421904 0.156201 0.874915
v 1.419343 0.164662 0.893139
v 1.41078 0.128315 0.954068
v 1.410851 0.131848 0.953559
v 1.410851 0.156201 0.953559
v 1.411055 0.119636 0.952107
v 1.412201 0.119636 0.943952
v 1.419134 0.117031 0.89462
v 1.421904 0.117031 0.874915
v 1.419063 0.118595 0.895128
v 1.418991 0.119636 0.895641
v 1.41794 0.119636 0.903117
v 1.412048 0.117031 0.945041
v 1.418509 0.103883 0.89907
v 1.418482 0.107736 0.899265
v 1.412707 0.088187 0.94035
v 1.413298 0.085246 0.936144
v 1.415524 0.082294 0.92031
v 1.416369 0.083291 0.914294
v 1.418277 0.114479 0.900722
v 1.41811 0.117031 0.901907
v 1.41215 0.118956 0.944315
v 1.411698 0.105256 0.947535
v 1.411713 0.102683 0.947424
v 1.41264 0.08863 0.940832
v 1.411861 0.097404 0.946372
v 1.412176 0.092627 0.944129
v 1.414034 0.08321 0.930914
v 1.415192 0.08222 0.922669
v 1.417052 0.085281 0.90944
v 1.417615 0.088209 0.905433
v 1.417821 0.08974 0.903965
v 1.411823 0.112768 0.946647
v 1.418202 0.093816 0.901252
v 1.418423 0.098252 0.899679
v 1.40547 0.117031 0.991843
v 1.410708 0.105178 0.954578
v 1.41078 0.111728 0.954068
v 1.412762 0.078343 0.93996
v 1.411958 0.082766 0.945682
v 1.411778 0.084114 0.946965
v 1.411199 0.090016 0.951084
v 1.41078 0.073026 0.954068
v 1.413705 0.075445 0.933249
v 1.413303 0.076683 0.936117
v 1.417185 0.076683 0.908494
v 1.416631 0.075141 0.91243
v 1.421904 0.073026 0.874915
v 1.415257 0.073954 0.922206
v 1.414814 0.074061 0.925362
v 1.421904 0.076683 0.874915
v 1.419239 0.091762 0.893875
v 1.41884 0.086097 0.896715
v 1.419362 0.112044 0.893
v 1.419486 0.102745 0.89212
v 1.419449 0.098237 0.892382
v 1.418327 0.081783 0.900367
v 1.418245 0.081248 0.900947
v 1.417519 0.077616 0.906113
v 1.40547 0.530761 0.991843
v 1.40547 0.656444 0.991843
v 1.402368 0.653341 1.013917
v 1.41078 0.530761 0.954068
v 1.41078 0.661753 0.954068
v 1.436249 0.530761 0.772847
v 1.45 0.530761 0.675
v 1.45 0.7 0.675
v 1.421904 0.530761 0.874915
v 1.421904 0.672877 0.874915
v 1.432885 0.530761 0.796781
v 1.432885 0.683858 0.796781
v 1.436249 0.687222 0.772847
v 1.449995 0.700969 0.675033
v 1.402368 0.014299 1.013917
v 1.402368 -0.653341 1.013917
v 1.429925 0.08248 0.81784
v 1.428207 0.083671 0.830064
v 1.43023 0.080958 0.81567
v 1.430606 0.079914 0.812998
v 1.432885 0.117031 0.796781
v 1.432813 0.114427 0.79729
v 1.432813 0.106784 0.79729
v 1.429642 0.084815 0.819853
v 1.42941 0.08806 0.821506
v 1.427779 0.088444 0.833111
v 1.42921 0.093871 0.822928
v 1.427511 0.100546 0.835015
v 1.427474 0.097957 0.835284
v 1.427545 0.093216 0.834774
v 1.432729 0.085729 0.797891
v 1.432479 0.083156 0.799669
v 1.432885 0.076683 0.796781
v 1.432359 0.082303 0.800525
v 1.432032 0.080715 0.80285
v 1.426665 0.103174 0.841039
v 1.426799 0.106421 0.840084
v 1.426999 0.108974 0.838661
v 1.427268 0.111024 0.836747
v 1.427608 0.112597 0.834324
v 1.428087 0.113806 0.83092
v 1.42891 0.114427 0.82506
v 1.431875 0.106784 0.803962
v 1.431875 0.106582 0.803962
v 1.432133 0.105365 0.802133
v 1.432493 0.102948 0.799569
v 1.431672 0.07979 0.805409
v 1.43119 0.079413 0.808843
v 1.427174 0.083671 0.837415
v 1.427044 0.085283 0.838339
v 1.426739 0.090972 0.840511
v 1.42661 0.098674 0.841431
v 1.428958 0.106784 0.82472
v 1.428488 0.106518 0.828066
v 1.428109 0.105728 0.830761
v 1.42789 0.10483 0.832319
v 1.427719 0.103675 0.833536
v 1.427598 0.102318 0.834402
v 1.432739 0.100282 0.797817
v 1.432885 0.097393 0.796781
v 1.436249 0.117031 0.772847
v 1.432895 0.097185 0.796706
v 1.432956 0.093231 0.796271
v 1.436249 0.076683 0.772847
v 1.432885 0.088799 0.796781
v 1.432883 0.088659 0.796797
v 1.432778 0.128315 0.797539
v 1.4326 0.124783 0.798804
v 1.431502 0.124783 0.806619
v 1.428385 0.124829 0.828797
v 1.428005 0.125131 0.831503
v 1.429123 0.126001 0.823548
v 1.428798 0.125158 0.825859
v 1.431746 0.127591 0.804883
v 1.431785 0.128315 0.804605
v 1.429533 0.128315 0.820632
v 1.429345 0.126997 0.821971
v 1.429527 0.128248 0.820676
v 1.43285 0.129734 0.797031
v 1.432885 0.128315 0.796781
v 1.432885 0.132 0.796781
v 1.436249 0.128315 0.772847
v 1.432956 0.136605 0.796271
v 1.426879 0.152123 0.839516
v 1.427912 0.152123 0.832164
v 1.427092 0.129727 0.838002
v 1.426905 0.131969 0.839331
v 1.431591 0.153849 0.805987
v 1.431928 0.152911 0.803589
v 1.432208 0.151486 0.801593
v 1.427662 0.126041 0.83394
v 1.427375 0.127461 0.835985
v 1.427268 0.128315 0.836746
v 1.426695 0.136156 0.84082
v 1.42661 0.141798 0.841431
v 1.426669 0.146868 0.841012
v 1.430161 0.151655 0.816164
v 1.430454 0.153081 0.814079
v 1.430767 0.153897 0.811848
v 1.431164 0.154213 0.809028
v 1.432475 0.1493 0.7997
v 1.43267 0.146908 0.79831
v 1.427474 0.14105 0.835284
v 1.427497 0.138787 0.835116
v 1.42829 0.132706 0.829477
v 1.427572 0.136743 0.83458
v 1.427699 0.135029 0.833678
v 1.428431 0.132775 0.82847
v 1.428596 0.133078 0.827294
v 1.42874 0.133629 0.826273
v 1.428854 0.134374 0.825461
v 1.429088 0.137069 0.823793
v 1.427558 0.146223 0.834682
v 1.429375 0.141798 0.821754
v 1.427786 0.150566 0.833058
v 1.429542 0.144757 0.820569
v 1.429935 0.149833 0.817774
v 1.427841 0.133876 0.832669
v 1.427976 0.133221 0.831705
v 1.42812 0.132844 0.830684
v 1.432004 0.132373 0.803049
v 1.430148 0.136402 0.816256
v 1.429857 0.131847 0.818324
v 1.432088 0.137353 0.802449
v 1.432088 0.137691 0.802451
v 1.43044 0.14142 0.814175
v 1.432027 0.141608 0.802886
v 1.431268 0.146368 0.808287
v 1.431135 0.146293 0.809228
v 1.431926 0.14358 0.8036
v 1.431868 0.144277 0.804019
v 1.431759 0.145154 0.80479
v 1.431622 0.145821 0.805767
v 1.431471 0.14621 0.806843
v 1.430969 0.145946 0.81041
v 1.430828 0.145355 0.811413
v 1.43069 0.144403 0.812395
v 1.424322 0.208254 0.857709
v 1.424322 0.227555 0.857709
v 1.432813 0.241069 0.79729
v 1.432813 0.227555 0.79729
v 1.432885 0.227555 0.796781
v 1.432813 0.208254 0.79729
v 1.431307 0.178122 0.808009
v 1.431806 0.179058 0.804457
v 1.431806 0.179261 0.804457
v 1.426749 0.200019 0.840442
v 1.426749 0.192097 0.840442
v 1.428225 0.170425 0.829935
v 1.431316 0.180196 0.807947
v 1.431598 0.179612 0.805935
v 1.43108 0.170425 0.809621
v 1.426749 0.15819 0.840442
v 1.426749 0.166737 0.840442
v 1.4328 0.175284 0.797383
v 1.432885 0.175026 0.796781
v 1.433903 0.17193 0.789537
v 1.436249 0.156201 0.772847
v 1.435583 0.159765 0.777583
v 1.434637 0.159765 0.784317
v 1.434708 0.161329 0.783809
v 1.434758 0.164101 0.783452
v 1.43548 0.170425 0.778314
v 1.43562 0.167781 0.777317
v 1.436249 0.170425 0.772847
v 1.43567 0.164694 0.776965
v 1.435661 0.163007 0.777025
v 1.434729 0.165957 0.78366
v 1.434641 0.167628 0.784287
v 1.433729 0.180243 0.790773
v 1.434667 0.176784 0.7841
v 1.436249 0.227555 0.772847
v 1.432885 0.182635 0.796781
v 1.435134 0.173987 0.780775
v 1.435201 0.173466 0.780302
v 1.43546 0.170797 0.778454
v 1.431845 0.21613 0.804179
v 1.431845 0.227555 0.804179
v 1.428989 0.21613 0.824504
v 1.428989 0.227555 0.824504
v 1.424322 0.239681 0.857709
v 1.425299 0.239681 0.850759
v 1.428989 0.23795 0.824504
v 1.431845 0.241069 0.804179
v 1.428016 0.23795 0.831423
v 1.425299 0.227555 0.850759
v 1.428016 0.227555 0.831423
v 1.425299 0.21613 0.850759
v 1.428016 0.21613 0.831423
v 1.436249 0.073026 0.772847
v 1.45 0.076683 0.675
v 1.45 0.117031 0.675
v 1.45 0.246832 0.675
v 1.45 0.227555 0.675
v 1.45 0.170425 0.675
v 1.45 0.156201 0.675
v 1.45 0.128315 0.675
v 1.432885 0.246832 0.796781
v 1.436249 0.246832 0.772847
v 1.45 0.303961 0.675
v 1.436249 0.303961 0.772847
v 1.432885 0.303961 0.796781
v 1.432885 0.073026 0.796781
v 1.432813 0.072098 0.79729
v 1.432813 0.039283 0.79729
v 1.431845 0.072098 0.804179
v 1.425299 0.07071 0.850759
v 1.424322 0.039283 0.857709
v 1.424322 0.07071 0.857709
v 1.428989 0.047159 0.824504
v 1.431845 0.047159 0.804179
v 1.428989 0.068979 0.824504
v 1.428016 0.068979 0.831423
v 1.428016 0.047159 0.831423
v 1.425299 0.047159 0.850759
v 1.43264 0.27968 0.798524
v 1.432813 0.269376 0.79729
v 1.432813 0.252595 0.79729
v 1.430135 0.300251 0.816346
v 1.430995 0.29701 0.810226
v 1.431624 0.293067 0.805754
v 1.432263 0.286646 0.801204
v 1.424322 0.252595 0.857709
v 1.424322 0.27 0.857709
v 1.424465 0.279317 0.856691
v 1.424839 0.28668 0.854027
v 1.425446 0.293067 0.849709
v 1.425743 0.295246 0.847596
v 1.426485 0.299016 0.842321
v 1.427296 0.301265 0.83655
v 1.428459 0.302269 0.828272
v 1.429166 0.30195 0.823238
v 1.432813 0.314356 0.79729
v 1.432813 0.305654 0.79729
v 1.432813 0.35185 0.79729
v 1.430491 0.345627 0.813816
v 1.430491 0.320221 0.813816
v 1.424322 0.328892 0.857709
v 1.424322 0.337314 0.857709
v 1.432813 0.360553 0.79729
v 1.410851 0.047159 0.953559
v 1.418375 0.047159 0.900028
v 1.418375 0.071459 0.900028
v 1.419343 0.039283 0.893139
v 1.410851 0.039283 0.953559
v 1.419343 0.071459 0.893139
v 1.419343 0.176188 0.893139
v 1.413014 0.222609 0.93817
v 1.413825 0.224858 0.9324
v 1.41078 0.227555 0.954068
v 1.414988 0.225863 0.924121
v 1.415696 0.225543 0.919087
v 1.416664 0.223844 0.912195
v 1.417525 0.220604 0.906075
v 1.418153 0.216661 0.901603
v 1.418792 0.21024 0.897053
v 1.410851 0.176188 0.953559
v 1.410851 0.193594 0.953559
v 1.410994 0.20291 0.95254
v 1.411369 0.210274 0.949876
v 1.411976 0.216661 0.945558
v 1.412272 0.218839 0.943445
v 1.40547 0.076683 0.991843
v 1.40547 0.073026 0.991843
v 1.40547 0.303961 0.991843
v 1.40547 0.246832 0.991843
v 1.40547 0.227555 0.991843
v 1.40547 0.170425 0.991843
v 1.40547 0.156201 0.991843
v 1.40547 0.128315 0.991843
v 1.402368 0.530761 1.013917
v 1.402368 0.303961 1.013917
v 1.402368 0.246832 1.013917
v 1.402368 0.227555 1.013917
v 1.402368 0.170425 1.013917
v 1.402368 0.156201 1.013917
v 1.402368 0.128315 1.013917
v 1.402368 0.117031 1.013917
v 1.402368 0.076683 1.013917
v 1.402368 0.073026 1.013917
v 1.45 -0.7 0.525
v 1.45 0.7 0.525
v 0.2 0.8 0.675
v 1.35 0.8 0.675
v 0.2 0.8 0.525
v 1.35 0.8 0.525
v -1.45 -0.7 0.675
v -1.45 0.7 0.675
v -1.45 -0.7 0.525
v -1.45 0.7 0.525
v 1.15 -0.8 0.525
v 1.35 -0.8 0.525
v 1.15 -0.8 0.675
v 1.35 -0.8 0.675
v -0.863726 -0.470353 1.1
v -0.89382 -0.457888 1.1
v -1.303342 -0.653341 1.1
v -0.919662 -0.438058 1.1
v -0.939491 -0.412216 1.1
v -0.951956 -0.382123 1.1
v -0.956208 -0.349829 1.1
v -1.303342 0.653341 1.1
v -0.951956 -0.317534 1.1
v -0.939491 -0.287441 1.1
v -0.710908 -0.382123 1.1
v -0.723373 -0.412216 1.1
v 1.303342 -0.653341 1.1
v -0.743202 -0.438058 1.1
v -0.919662 -0.261599 1.1
v -0.89382 -0.24177 1.1
v -0.863726 -0.229305 1.1
v -0.743202 -0.261599 1.1
v -0.723373 -0.287441 1.1
v 1.303342 0.653341 1.1
v -0.710908 -0.317534 1.1
v -0.706656 -0.349829 1.1
v -0.769044 -0.457888 1.1
v -0.799138 -0.470353 1.1
v -0.831432 -0.474604 1.1
v -0.831432 -0.225053 1.1
v -0.799138 -0.229305 1.1
v -0.769044 -0.24177 1.1
v -1.303342 -0.653341 0.1
v -1.303342 0.653341 0.1
v 1.303342 -0.653341 0.1
v 1.303342 0.653341 0.1
v 1.303342 -0.752368 0.186083
v 1.350968 -0.799995 0.524967
v -1.303342 -0.752368 0.186083
v -1.350968 -0.799995 0.524967
v 1.449995 -0.700969 0.524967
v 1.402368 -0.653341 0.186083
v 1.402368 0.653341 0.186083
v 1.449995 0.700969 0.524967
v -1.449995 0.700969 0.524967
v -1.402368 0.653341 0.186083
v -1.402368 -0.653341 0.186083
v -1.449995 -0.700969 0.524967
v 1.350968 0.799995 0.524967
v 1.303342 0.752368 0.186083
v -1.350968 0.799995 0.524967
v -1.303342 0.752368 0.186083
v -1.350968 0.799995 0.675033
v -1.303342 0.752368 1.013917
v 1.350968 0.799995 0.675033
v 1.303342 0.752368 1.013917
v -1.449995 -0.700969 0.675033
v -1.402368 -0.653341 1.013917
v -1.402368 0.653341 1.013917
v -1.449995 0.700969 0.675033
v -1.303342 -0.752368 1.013917
v -1.350968 -0.799995 0.675033
v 1.303342 -0.752368 1.013917
v 1.350968 -0.799995 0.675033
v 1.303342 0.746538 1.036255
v -1.303342 0.746538 1.036255
v 1.303342 0.746203 1.036881
v -1.303342 0.746203 1.036881
v 1.303342 0.735251 1.057365
v -1.303342 0.735251 1.057365
v 1.303342 0.734872 1.057789
v -1.303342 0.734872 1.057789
v 1.303342 0.719271 1.075189
v -1.303342 0.719271 1.075189
v 1.303342 0.718919 1.075429
v -1.303342 0.718919 1.075429
v 1.303342 0.699512 1.088703
v -1.303342 0.699512 1.088703
v 1.303342 0.699246 1.088803
v -1.303342 0.699246 1.088803
v 1.303342 0.677108 1.097135
v -1.303342 0.677108 1.097135
v 1.303342 0.676967 1.097152
v -1.303342 0.676967 1.097152
v 1.320405 0.717024 1.075189
v 1.315291 0.697939 1.088703
v 1.309493 0.676298 1.097135
v 1.315225 0.673924 1.097135
v 1.323924 0.665225 1.097135
v 1.320147 0.670147 1.097135
v 1.326298 0.659493 1.097135
v 1.327462 0.743362 1.036255
v 1.328839 0.748512 1.016959
v 1.328667 0.748586 1.016945
v 1.352309 0.738471 1.018846
v 1.34994 0.734052 1.036255
v 1.352432 0.738375 1.01885
v 1.369241 0.719241 1.036255
v 1.372696 0.722696 1.019494
v 1.384052 0.69994 1.036255
v 1.388375 0.702433 1.01885
v 1.388471 0.702309 1.018846
v 1.393362 0.677463 1.036255
v 1.398512 0.678839 1.016959
v 1.398586 0.678667 1.016945
v 1.396538 0.653341 1.036255
v 1.326967 0.653341 1.097152
v 1.326427 0.693327 1.088703
v 1.335989 0.685989 1.088703
v 1.343327 0.676427 1.088703
v 1.347939 0.665291 1.088703
v 1.327108 0.653341 1.097135
v 1.349246 0.653341 1.088803
v 1.349512 0.653341 1.088703
v 1.368919 0.653341 1.075429
v 1.336306 0.710438 1.075189
v 1.349961 0.699961 1.075189
v 1.360438 0.686306 1.075189
v 1.367024 0.670405 1.075189
v 1.324541 0.73246 1.057365
v 1.344296 0.724277 1.057365
v 1.361261 0.71126 1.057365
v 1.374277 0.694296 1.057365
v 1.38246 0.674541 1.057365
v 1.369271 0.653341 1.075189
v 1.384872 0.653341 1.057789
v 1.385251 0.653341 1.057365
v 1.396203 0.653341 1.036881
v -1.384872 0.653341 1.057789
v -1.369271 0.653341 1.075189
v -1.367024 0.670405 1.075189
v -1.347939 0.665291 1.088703
v -1.326298 0.659493 1.097135
v -1.323924 0.665225 1.097135
v -1.315225 0.673924 1.097135
v -1.320147 0.670147 1.097135
v -1.309493 0.676298 1.097135
v -1.326967 0.653341 1.097152
v -1.393362 0.677463 1.036255
v -1.398512 0.678839 1.016959
v -1.398586 0.678667 1.016945
v -1.388471 0.702309 1.018846
v -1.384052 0.69994 1.036255
v -1.388375 0.702433 1.01885
v -1.369241 0.719241 1.036255
v -1.372696 0.722696 1.019494
v -1.34994 0.734052 1.036255
v -1.352432 0.738375 1.01885
v -1.352309 0.738471 1.018846
v -1.327462 0.743362 1.036255
v -1.328839 0.748512 1.016959
v -1.328667 0.748586 1.016945
v -1.368919 0.653341 1.075429
v -1.349512 0.653341 1.088703
v -1.349246 0.653341 1.088803
v -1.327108 0.653341 1.097135
v -1.343327 0.676427 1.088703
v -1.335989 0.685989 1.088703
v -1.326427 0.693327 1.088703
v -1.315291 0.697939 1.088703
v -1.360438 0.686306 1.075189
v -1.349961 0.699961 1.075189
v -1.336306 0.710438 1.075189
v -1.320405 0.717024 1.075189
v -1.396203 0.653341 1.036881
v -1.385251 0.653341 1.057365
v -1.38246 0.674541 1.057365
v -1.374277 0.694296 1.057365
v -1.361261 0.71126 1.057365
v -1.344296 0.724277 1.057365
v -1.324541 0.73246 1.057365
v -1.396538 0.653341 1.036255
v 1.396538 -0.653341 1.036255
v 1.396203 -0.653341 1.036881
v 1.385251 -0.653341 1.057365
v 1.384872 -0.653341 1.057789
v 1.369271 -0.653341 1.075189
v 1.368919 -0.653341 1.075429
v 1.349512 -0.653341 1.088703
v 1.349246 -0.653341 1.088803
v 1.327108 -0.653341 1.097135
v 1.326967 -0.653341 1.097152
v 1.400279 0.786441 0.677522
v 1.399984 0.786565 0.67751
v 1.376505 0.796423 0.676562
v 1.375871 0.796512 0.676524
v 1.420711 0.770711 0.677849
v 1.436441 0.750279 0.677522
v 1.436565 0.749984 0.67751
v 1.446423 0.726505 0.676562
v 1.446512 0.725871 0.676524
v -1.436441 0.750279 0.677522
v -1.436565 0.749984 0.67751
v -1.446423 0.726505 0.676562
v -1.446512 0.725871 0.676524
v -1.420711 0.770711 0.677849
v -1.400279 0.786441 0.677522
v -1.399984 0.786565 0.67751
v -1.376505 0.796423 0.676562
v -1.375871 0.796512 0.676524
v -1.396538 -0.653341 1.036255
v -1.396203 -0.653341 1.036881
v -1.385251 -0.653341 1.057365
v -1.384872 -0.653341 1.057789
v -1.369271 -0.653341 1.075189
v -1.368919 -0.653341 1.075429
v -1.349512 -0.653341 1.088703
v -1.349246 -0.653341 1.088803
v -1.327108 -0.653341 1.097135
v -1.326967 -0.653341 1.097152
v -1.303342 -0.746538 1.036255
v 1.303342 -0.746538 1.036255
v -1.303342 -0.746203 1.036881
v 1.303342 -0.746203 1.036881
v -1.303342 -0.735251 1.057365
v 1.303342 -0.735251 1.057365
v -1.303342 -0.734872 1.057789
v 1.303342 -0.734872 1.057789
v -1.303342 -0.719271 1.075189
v 1.303342 -0.719271 1.075189
v -1.303342 -0.718919 1.075429
v 1.303342 -0.718919 1.075429
v -1.303342 -0.699512 1.088703
v 1.303342 -0.699512 1.088703
v -1.303342 -0.699246 1.088803
v 1.303342 -0.699246 1.088803
v -1.303342 -0.677108 1.097135
v 1.303342 -0.677108 1.097135
v -1.303342 -0.676967 1.097152
v 1.303342 -0.676967 1.097152
v 1.367024 -0.670405 1.075189
v 1.347939 -0.665291 1.088703
v 1.326298 -0.659493 1.097135
v 1.323924 -0.665225 1.097135
v 1.315225 -0.673924 1.097135
v 1.320147 -0.670147 1.097135
v 1.309493 -0.676298 1.097135
v 1.393362 -0.677463 1.036255
v 1.398512 -0.678839 1.016959
v 1.398586 -0.678667 1.016945
v 1.388471 -0.702309 1.018846
v 1.384052 -0.69994 1.036255
v 1.388375 -0.702433 1.01885
v 1.369241 -0.719241 1.036255
v 1.372696 -0.722696 1.019494
v 1.34994 -0.734052 1.036255
v 1.352432 -0.738375 1.01885
v 1.352309 -0.738471 1.018846
v 1.327462 -0.743362 1.036255
v 1.328839 -0.748512 1.016959
v 1.328667 -0.748586 1.016945
v 1.343327 -0.676427 1.088703
v 1.335989 -0.685989 1.088703
v 1.326427 -0.693327 1.088703
v 1.315291 -0.697939 1.088703
v 1.360438 -0.686306 1.075189
v 1.349961 -0.699961 1.075189
v 1.336306 -0.710438 1.075189
v 1.320405 -0.717024 1.075189
v 1.38246 -0.674541 1.057365
v 1.374277 -0.694296 1.057365
v 1.361261 -0.71126 1.057365
v 1.344296 -0.724277 1.057365
v 1.324541 -0.73246 1.057365
v 1.375871 0.796512 0.523476
v 1.376505 0.796423 0.523438
v 1.399984 0.786565 0.52249
v 1.400279 0.786441 0.522478
v 1.420711 0.770711 0.522151
v 1.436441 0.750279 0.522478
v 1.436565 0.749984 0.52249
v 1.446423 0.726505 0.523438
v 1.446512 0.725871 0.523476
v -1.375871 0.796512 0.523476
v -1.376505 0.796423 0.523438
v -1.399984 0.786565 0.52249
v -1.400279 0.786441 0.522478
v -1.420711 0.770711 0.522151
v -1.436441 0.750279 0.522478
v -1.436565 0.749984 0.52249
v -1.446423 0.726505 0.523438
v -1.446512 0.725871 0.523476
v -1.320405 -0.717024 1.075189
v -1.315291 -0.697939 1.088703
v -1.309493 -0.676298 1.097135
v -1.315225 -0.673924 1.097135
v -1.323924 -0.665225 1.097135
v -1.320147 -0.670147 1.097135
v -1.326298 -0.659493 1.097135
v -1.327462 -0.743362 1.036255
v -1.328839 -0.748512 1.016959
v -1.328667 -0.748586 1.016945
v -1.352309 -0.738471 1.018846
v -1.34994 -0.734052 1.036255
v -1.352432 -0.738375 1.01885
v -1.369241 -0.719241 1.036255
v -1.372696 -0.722696 1.019494
v -1.384052 -0.69994 1.036255
v -1.388375 -0.702433 1.01885
v -1.388471 -0.702309 1.018846
v -1.393362 -0.677463 1.036255
v -1.398512 -0.678839 1.016959
v -1.398586 -0.678667 1.016945
v -1.326427 -0.693327 1.088703
v -1.335989 -0.685989 1.088703
v -1.343327 -0.676427 1.088703
v -1.347939 -0.665291 1.088703
v -1.336306 -0.710438 1.075189
v -1.349961 -0.699961 1.075189
v -1.360438 -0.686306 1.075189
v -1.367024 -0.670405 1.075189
v -1.324541 -0.73246 1.057365
v -1.344296 -0.724277 1.057365
v -1.361261 -0.71126 1.057365
v -1.374277 -0.694296 1.057365
v -1.38246 -0.674541 1.057365
v 1.436441 -0.750279 0.677522
v 1.436565 -0.749984 0.67751
v 1.446423 -0.726505 0.676562
v 1.446512 -0.725871 0.676524
v 1.420711 -0.770711 0.677849
v 1.400279 -0.786441 0.677522
v 1.399984 -0.786565 0.67751
v 1.376505 -0.796423 0.676562
v 1.375871 -0.796512 0.676524
v 1.399099 0.675228 0.183466
v 1.398586 0.678667 0.183055
v 1.391287 0.695727 0.181683
v 1.388471 0.702309 0.181154
v 1.379409 0.714019 0.180782
v 1.325228 0.749099 0.183466
v 1.328667 0.748586 0.183055
v 1.345727 0.741287 0.181683
v 1.352309 0.738471 0.181154
v 1.364019 0.729409 0.180782
v 1.372696 0.722696 0.180506
v -1.303342 0.746538 0.163745
v 1.303342 0.746538 0.163745
v -1.303342 0.746203 0.163119
v 1.303342 0.746203 0.163119
v -1.303342 0.735251 0.142635
v 1.303342 0.735251 0.142635
v -1.303342 0.734872 0.142211
v 1.303342 0.734872 0.142211
v -1.303342 0.719271 0.124811
v 1.303342 0.719271 0.124811
v -1.303342 0.718919 0.124571
v 1.303342 0.718919 0.124571
v -1.303342 0.699512 0.111297
v 1.303342 0.699512 0.111297
v -1.303342 0.699246 0.111197
v 1.303342 0.699246 0.111197
v -1.303342 0.677108 0.102865
v 1.303342 0.677108 0.102865
v -1.303342 0.676967 0.102848
v 1.303342 0.676967 0.102848
v -1.328667 0.748586 0.183055
v -1.328839 0.748512 0.183041
v -1.352309 0.738471 0.181154
v -1.352432 0.738375 0.18115
v -1.372696 0.722696 0.180506
v -1.388375 0.702433 0.18115
v -1.388471 0.702309 0.181154
v -1.398512 0.678839 0.183041
v -1.398586 0.678667 0.183055
v -1.400279 -0.786441 0.677522
v -1.399984 -0.786565 0.67751
v -1.376505 -0.796423 0.676562
v -1.375871 -0.796512 0.676524
v -1.420711 -0.770711 0.677849
v -1.436441 -0.750279 0.677522
v -1.436565 -0.749984 0.67751
v -1.446423 -0.726505 0.676562
v -1.446512 -0.725871 0.676524
v 1.446512 -0.725871 0.523476
v 1.446423 -0.726505 0.523438
v 1.436565 -0.749984 0.52249
v 1.436441 -0.750279 0.522478
v 1.420711 -0.770711 0.522151
v 1.400279 -0.786441 0.522478
v 1.399984 -0.786565 0.52249
v 1.376505 -0.796423 0.523438
v 1.375871 -0.796512 0.523476
v 1.326967 0.653341 0.102848
v 1.326512 0.65863 0.102865
v 1.318159 0.671923 0.102865
v 1.321923 0.668159 0.102865
v 1.313615 0.698355 0.111297
v 1.318012 0.717618 0.124811
v 1.321568 0.733198 0.142635
v 1.32408 0.744201 0.163745
v 1.343778 0.737309 0.163745
v 1.387309 0.693778 0.163745
v 1.394201 0.67408 0.163745
v 1.361449 0.726205 0.163745
v 1.396538 0.653341 0.163745
v 1.396203 0.653341 0.163119
v 1.383198 0.671568 0.142635
v 1.338881 0.72714 0.142635
v 1.385251 0.653341 0.142635
v 1.384872 0.653341 0.142211
v 1.367618 0.668012 0.124811
v 1.331947 0.712742 0.124811
v 1.354411 0.717381 0.142635
v 1.376205 0.711449 0.163745
v 1.369271 0.653341 0.124811
v 1.368919 0.653341 0.124571
v 1.348355 0.663615 0.111297
v 1.367381 0.704411 0.142635
v 1.344448 0.704887 0.124811
v 1.323374 0.69494 0.111297
v 1.30863 0.676512 0.102865
v 1.339439 0.682128 0.111297
v 1.37714 0.688881 0.142635
v 1.362742 0.681947 0.124811
v 1.34494 0.673374 0.111297
v 1.324754 0.663653 0.102865
v 1.354887 0.694448 0.124811
v 1.332128 0.689439 0.111297
v 1.313653 0.674754 0.102865
v 1.349512 0.653341 0.111297
v 1.349246 0.653341 0.111197
v 1.327108 0.653341 0.102865
v -1.309493 0.676298 0.102865
v -1.349246 0.653341 0.111197
v -1.349512 0.653341 0.111297
v -1.347939 0.665291 0.111297
v -1.368919 0.653341 0.124571
v -1.369271 0.653341 0.124811
v -1.367024 0.670405 0.124811
v -1.38246 0.674541 0.142635
v -1.393362 0.677463 0.163745
v -1.384052 0.69994 0.163745
v -1.327462 0.743362 0.163745
v -1.396538 0.653341 0.163745
v -1.396203 0.653341 0.163119
v -1.385251 0.653341 0.142635
v -1.384872 0.653341 0.142211
v -1.324541 0.73246 0.142635
v -1.374277 0.694296 0.142635
v -1.369241 0.719241 0.163745
v -1.320405 0.717024 0.124811
v -1.360438 0.686306 0.124811
v -1.361261 0.71126 0.142635
v -1.315291 0.697939 0.111297
v -1.349961 0.699961 0.124811
v -1.343327 0.676427 0.111297
v -1.326298 0.659493 0.102865
v -1.34994 0.734052 0.163745
v -1.344296 0.724277 0.142635
v -1.336306 0.710438 0.124811
v -1.326427 0.693327 0.111297
v -1.315225 0.673924 0.102865
v -1.326967 0.653341 0.102848
v -1.327108 0.653341 0.102865
v -1.335989 0.685989 0.111297
v -1.323924 0.665225 0.102865
v -1.320147 0.670147 0.102865
v -1.375871 -0.796512 0.523476
v -1.376505 -0.796423 0.523438
v -1.399984 -0.786565 0.52249
v -1.400279 -0.786441 0.522478
v -1.420711 -0.770711 0.522151
v -1.436441 -0.750279 0.522478
v -1.436565 -0.749984 0.52249
v -1.446423 -0.726505 0.523438
v -1.446512 -0.725871 0.523476
v 1.328667 -0.748586 0.183055
v 1.328839 -0.748512 0.183041
v 1.352309 -0.738471 0.181154
v 1.352432 -0.738375 0.18115
v 1.372696 -0.722696 0.180506
v 1.388375 -0.702433 0.18115
v 1.388471 -0.702309 0.181154
v 1.398512 -0.678839 0.183041
v 1.398586 -0.678667 0.183055
v 1.396538 -0.653341 0.163745
v 1.396203 -0.653341 0.163119
v 1.385251 -0.653341 0.142635
v 1.384872 -0.653341 0.142211
v 1.369271 -0.653341 0.124811
v 1.368919 -0.653341 0.124571
v 1.349512 -0.653341 0.111297
v 1.349246 -0.653341 0.111197
v 1.327108 -0.653341 0.102865
v 1.326967 -0.653341 0.102848
v -1.396538 -0.653341 0.163745
v -1.396203 -0.653341 0.163119
v -1.385251 -0.653341 0.142635
v -1.384872 -0.653341 0.142211
v -1.369271 -0.653341 0.124811
v -1.368919 -0.653341 0.124571
v -1.349512 -0.653341 0.111297
v -1.349246 -0.653341 0.111197
v -1.327108 -0.653341 0.102865
v -1.326967 -0.653341 0.102848
v -1.398586 -0.678667 0.183055
v -1.398512 -0.678839 0.183041
v -1.388471 -0.702309 0.181154
v -1.388375 -0.702433 0.18115
v -1.372696 -0.722696 0.180506
v -1.352432 -0.738375 0.18115
v -1.352309 -0.738471 0.181154
v -1.328839 -0.748512 0.183041
v -1.328667 -0.748586 0.183055
v 1.303342 -0.676967 0.102848
v 1.309493 -0.676298 0.102865
v 1.347939 -0.665291 0.111297
v 1.367024 -0.670405 0.124811
v 1.38246 -0.674541 0.142635
v 1.393362 -0.677463 0.163745
v 1.384052 -0.69994 0.163745
v 1.303342 -0.746538 0.163745
v 1.327462 -0.743362 0.163745
v 1.303342 -0.746203 0.163119
v 1.324541 -0.73246 0.142635
v 1.374277 -0.694296 0.142635
v 1.369241 -0.719241 0.163745
v 1.303342 -0.735251 0.142635
v 1.303342 -0.734872 0.142211
v 1.320405 -0.717024 0.124811
v 1.360438 -0.686306 0.124811
v 1.361261 -0.71126 0.142635
v 1.303342 -0.719271 0.124811
v 1.303342 -0.718919 0.124571
v 1.315291 -0.697939 0.111297
v 1.349961 -0.699961 0.124811
v 1.343327 -0.676427 0.111297
v 1.326298 -0.659493 0.102865
v 1.34994 -0.734052 0.163745
v 1.344296 -0.724277 0.142635
v 1.336306 -0.710438 0.124811
v 1.326427 -0.693327 0.111297
v 1.315225 -0.673924 0.102865
v 1.335989 -0.685989 0.111297
v 1.323924 -0.665225 0.102865
v 1.320147 -0.670147 0.102865
v 1.303342 -0.699512 0.111297
v 1.303342 -0.699246 0.111197
v 1.303342 -0.677108 0.102865
v -1.326298 -0.659493 0.102865
v -1.303342 -0.699246 0.111197
v -1.303342 -0.699512 0.111297
v -1.315291 -0.697939 0.111297
v -1.303342 -0.718919 0.124571
v -1.303342 -0.719271 0.124811
v -1.320405 -0.717024 0.124811
v -1.324541 -0.73246 0.142635
v -1.327462 -0.743362 0.163745
v -1.34994 -0.734052 0.163745
v -1.393362 -0.677463 0.163745
v -1.303342 -0.746538 0.163745
v -1.303342 -0.746203 0.163119
v -1.303342 -0.735251 0.142635
v -1.303342 -0.734872 0.142211
v -1.38246 -0.674541 0.142635
v -1.344296 -0.724277 0.142635
v -1.369241 -0.719241 0.163745
v -1.367024 -0.670405 0.124811
v -1.336306 -0.710438 0.124811
v -1.361261 -0.71126 0.142635
v -1.347939 -0.665291 0.111297
v -1.349961 -0.699961 0.124811
v -1.326427 -0.693327 0.111297
v -1.309493 -0.676298 0.102865
v -1.384052 -0.69994 0.163745
v -1.374277 -0.694296 0.142635
v -1.360438 -0.686306 0.124811
v -1.343327 -0.676427 0.111297
v -1.323924 -0.665225 0.102865
v -1.303342 -0.676967 0.102848
v -1.303342 -0.677108 0.102865
v -1.335989 -0.685989 0.111297
v -1.315225 -0.673924 0.102865
v -1.320147 -0.670147 0.102865
v -0.706656 -0.349829 1.099
v -0.710908 -0.317534 1.099
newmtl 2
Ka 0.6470588235294118 0.6470588235294118 0.6470588235294118
Kd 0.6470588235294118 0.6470588235294118 0.6470588235294118
Ks 0.3215686274509804 0.3215686274509804 0.3215686274509804
d 0.0
endmtl
v -0.723373 -0.287441 1.099
v -0.743202 -0.261599 1.099
v -0.769044 -0.24177 1.099
v -0.799138 -0.229305 1.099
v -0.831432 -0.225053 1.099
v -0.863726 -0.229305 1.099
v -0.89382 -0.24177 1.099
v -0.919662 -0.261599 1.099
v -0.939491 -0.287441 1.099
v -0.951956 -0.317534 1.099
v -0.956208 -0.349829 1.099
v -0.951956 -0.382123 1.099
v -0.939491 -0.412216 1.099
v -0.919662 -0.438058 1.099
v -0.89382 -0.457888 1.099
v -0.863726 -0.470353 1.099
v -0.831432 -0.474604 1.099
v -0.799138 -0.470353 1.099
v -0.769044 -0.457888 1.099
v -0.743202 -0.438058 1.099
v -0.723373 -0.412216 1.099
v -0.710908 -0.382123 1.099
v -0.831432 -0.349829 1.099
v 1.419365 0.071459 0.900167
v 1.420333 0.071459 0.893279
newmtl 3
Ka 0.8509803921568627 0.8509803921568627 0.8509803921568627
Kd 0.8509803921568627 0.8509803921568627 0.8509803921568627
Ks 0.4235294117647059 0.4235294117647059 0.4235294117647059
d 0.0
endmtl
v 1.419365 0.047159 0.900167
v 1.411841 0.047159 0.953698
v 1.411841 0.039283 0.953698
v 1.420333 0.039283 0.893279
v 1.420476 0.102745 0.892259
v 1.420053 0.118595 0.895267
v 1.420352 0.112044 0.89314
v 1.419981 0.119636 0.895781
v 1.418931 0.119636 0.903256
v 1.419267 0.114479 0.900861
v 1.419472 0.107736 0.899404
v 1.419499 0.103883 0.899209
v 1.419414 0.098252 0.899819
v 1.419193 0.093816 0.901391
v 1.418811 0.08974 0.904104
v 1.418605 0.088209 0.905572
v 1.418042 0.085281 0.909579
v 1.41736 0.083291 0.914433
v 1.416514 0.082294 0.920449
v 1.416183 0.08222 0.922809
v 1.415024 0.08321 0.931053
v 1.414289 0.085246 0.936283
v 1.413698 0.088187 0.94049
v 1.41363 0.08863 0.940971
v 1.413167 0.092627 0.944268
v 1.412851 0.097404 0.946511
v 1.412704 0.102683 0.947563
v 1.412688 0.105256 0.947674
v 1.41314 0.118956 0.944454
v 1.412813 0.112768 0.946786
v 1.413192 0.119636 0.944091
v 1.412045 0.119636 0.952246
v 1.411785 0.113167 0.954095
v 1.411698 0.105178 0.954717
v 1.411846 0.096397 0.953666
v 1.412189 0.090016 0.951223
v 1.412768 0.084114 0.947104
v 1.412948 0.082766 0.945821
v 1.413753 0.078343 0.9401
v 1.414696 0.075445 0.933388
v 1.415804 0.074061 0.925501
v 1.416248 0.073954 0.922345
v 1.418509 0.077616 0.906252
v 1.417622 0.075141 0.912569
v 1.419235 0.081248 0.901086
v 1.419317 0.081783 0.900507
v 1.41983 0.086097 0.896855
v 1.420229 0.091762 0.894014
v 1.420439 0.098237 0.892521
v 1.419365 0.164662 0.900167
v 1.420333 0.164662 0.893279
v 1.419365 0.139724 0.900167
v 1.416508 0.139724 0.920492
v 1.416508 0.161543 0.920492
v 1.415536 0.161543 0.927411
v 1.415536 0.139724 0.927411
v 1.412818 0.139724 0.946748
v 1.412818 0.163274 0.946748
v 1.411841 0.163274 0.953698
v 1.411841 0.131848 0.953698
v 1.420333 0.131848 0.893279
v 1.417952 0.214112 0.910222
v 1.418479 0.211062 0.906468
v 1.419143 0.216661 0.901742
v 1.418576 0.210311 0.905777
v 1.419783 0.21024 0.897192
v 1.418956 0.206367 0.903077
v 1.420159 0.203273 0.894512
v 1.419227 0.201312 0.90115
v 1.420333 0.19297 0.893279
v 1.419365 0.192923 0.900167
v 1.420333 0.176188 0.893279
v 1.419365 0.184064 0.900167
v 1.411841 0.176188 0.953698
v 1.412818 0.184064 0.946748
v 1.411841 0.193594 0.953698
v 1.412818 0.193282 0.946748
v 1.411985 0.20291 0.952679
v 1.412948 0.201392 0.945827
v 1.412359 0.210274 0.950015
v 1.413219 0.20664 0.943893
v 1.412966 0.216661 0.945697
v 1.413617 0.21089 0.941064
v 1.413263 0.218839 0.943585
v 1.413856 0.212625 0.939366
v 1.414004 0.222609 0.938309
v 1.414333 0.214982 0.935969
v 1.414815 0.224858 0.932539
v 1.414955 0.216693 0.93154
v 1.415979 0.225863 0.92426
v 1.416009 0.217581 0.924044
v 1.416686 0.225543 0.919227
v 1.416541 0.217384 0.920259
v 1.417655 0.223844 0.912334
v 1.41732 0.216206 0.914715
v 1.418515 0.220604 0.906214
v 1.411828 0.193282 0.946608
v 1.411828 0.184064 0.946608
v 1.418375 0.184064 0.900028
v 1.418375 0.192923 0.900028
v 1.417489 0.211062 0.906329
v 1.417586 0.210311 0.905638
v 1.417965 0.206367 0.902938
v 1.418236 0.201312 0.901011
v 1.415019 0.217581 0.923905
v 1.415551 0.217384 0.92012
v 1.41633 0.216206 0.914575
v 1.416961 0.214112 0.910083
v 1.412627 0.21089 0.940925
v 1.412865 0.212625 0.939227
v 1.413343 0.214982 0.93583
v 1.413965 0.216693 0.931401
v 1.411957 0.201392 0.945688
v 1.412229 0.20664 0.943754
v 1.417051 0.246309 0.916631
v 1.41801 0.243814 0.909804
v 1.417051 0.266787 0.916631
v 1.41801 0.269221 0.909804
v 1.413522 0.255433 0.941744
v 1.411841 0.252486 0.953698
v 1.420333 0.229247 0.893279
v 1.420333 0.23795 0.893279
v 1.413268 0.255962 0.943547
v 1.412927 0.256432 0.945975
v 1.411841 0.260908 0.953698
v 1.412927 0.256619 0.945975
v 1.413286 0.257112 0.943419
v 1.413522 0.25757 0.941744
v 1.420333 0.284146 0.893279
v 1.420333 0.275443 0.893279
v 1.416061 0.246309 0.916492
v 1.416061 0.266787 0.916492
v 1.412531 0.25757 0.941604
v 1.411937 0.256619 0.945836
v 1.412296 0.257112 0.94328
v 1.411937 0.256432 0.945836
v 1.412531 0.255433 0.941604
v 1.412278 0.255962 0.943408
v 1.432835 0.072098 0.804318
v 1.433803 0.072098 0.797429
v 1.432835 0.047159 0.804318
v 1.429979 0.047159 0.824643
v 1.429979 0.068979 0.824643
v 1.429006 0.068979 0.831562
v 1.429006 0.047159 0.831562
v 1.426289 0.047159 0.850899
v 1.426289 0.07071 0.850899
v 1.425312 0.07071 0.857849
v 1.425312 0.039283 0.857849
v 1.433803 0.039283 0.797429
v 1.432866 0.106582 0.804101
v 1.432866 0.106784 0.804101
v 1.431887 0.106285 0.811065
v 1.431413 0.106777 0.814441
v 1.429901 0.114427 0.825199
v 1.431342 0.106784 0.814944
v 1.43076 0.106784 0.819083
v 1.433803 0.106784 0.797429
v 1.433803 0.114427 0.797429
v 1.43122 0.090165 0.815811
v 1.431101 0.091961 0.816662
v 1.4304 0.08806 0.821646
v 1.432267 0.105164 0.808365
v 1.432579 0.103509 0.80614
v 1.433123 0.105365 0.802272
v 1.43271 0.102551 0.805213
v 1.433483 0.102948 0.799708
v 1.432912 0.100391 0.80377
v 1.433729 0.100282 0.797956
v 1.43303 0.098073 0.802936
v 1.433886 0.097185 0.796845
v 1.433074 0.095212 0.802619
v 1.433947 0.093231 0.79641
v 1.433034 0.092631 0.802907
v 1.433873 0.088659 0.796936
v 1.432945 0.090902 0.803535
v 1.433719 0.085729 0.79803
v 1.432801 0.089379 0.804565
v 1.433469 0.083156 0.799808
v 1.43271 0.088729 0.805212
v 1.4302 0.093871 0.823067
v 1.430951 0.096584 0.817724
v 1.429948 0.106784 0.824859
v 1.431325 0.089192 0.815067
v 1.430632 0.084815 0.819992
v 1.431482 0.088277 0.813946
v 1.430915 0.08248 0.81798
v 1.431681 0.087606 0.812534
v 1.43122 0.080958 0.815809
v 1.431924 0.087229 0.810801
v 1.431596 0.079914 0.813137
v 1.432093 0.087164 0.8096
v 1.43218 0.079413 0.808982
v 1.432337 0.087358 0.807862
v 1.432662 0.07979 0.805548
v 1.432531 0.08786 0.806487
v 1.433022 0.080715 0.802989
v 1.433349 0.082303 0.800664
v 1.428164 0.083671 0.837554
v 1.429198 0.083671 0.830203
v 1.428035 0.085283 0.838478
v 1.428769 0.088444 0.833251
v 1.427729 0.090972 0.84065
v 1.428535 0.093216 0.834914
v 1.4276 0.098674 0.84157
v 1.428464 0.097957 0.835423
v 1.427655 0.103174 0.841179
v 1.428502 0.100546 0.835154
v 1.427789 0.106421 0.840223
v 1.428588 0.102318 0.834541
v 1.427989 0.108974 0.8388
v 1.42871 0.103675 0.833676
v 1.428258 0.111024 0.836887
v 1.42888 0.10483 0.832458
v 1.428599 0.112597 0.834463
v 1.429099 0.105728 0.8309
v 1.429077 0.113806 0.831059
v 1.429478 0.106518 0.828205
v 1.430334 0.089192 0.814928
v 1.43023 0.090165 0.815671
v 1.43011 0.091961 0.816522
v 1.429961 0.096584 0.817584
v 1.431103 0.087164 0.809461
v 1.430934 0.087229 0.810662
v 1.43069 0.087606 0.812395
v 1.430492 0.088277 0.813806
v 1.43181 0.089379 0.804426
v 1.43172 0.088729 0.805072
v 1.43154 0.08786 0.806348
v 1.431347 0.087358 0.807723
v 1.432084 0.095212 0.80248
v 1.432043 0.092631 0.802768
v 1.431955 0.090902 0.803396
v 1.431589 0.103509 0.806001
v 1.431719 0.102551 0.805074
v 1.431922 0.100391 0.80363
v 1.432039 0.098073 0.802796
v 1.430352 0.106784 0.814804
v 1.430422 0.106777 0.814302
v 1.430897 0.106285 0.810925
v 1.431276 0.105164 0.808226
v 1.42977 0.106784 0.818944
v 1.433079 0.137353 0.802588
v 1.432736 0.127591 0.805022
v 1.432994 0.132373 0.803188
v 1.432492 0.124783 0.806758
v 1.433591 0.124783 0.798943
v 1.43384 0.129734 0.797171
v 1.433947 0.136605 0.79641
v 1.43386 0.142689 0.797025
v 1.43366 0.146908 0.798449
v 1.433465 0.1493 0.799839
v 1.433199 0.151486 0.801732
v 1.432918 0.152911 0.803728
v 1.432581 0.153849 0.806127
v 1.432154 0.154213 0.809167
v 1.431758 0.153897 0.811987
v 1.431444 0.153081 0.814218
v 1.431151 0.151655 0.816303
v 1.430925 0.149833 0.817913
v 1.430532 0.144757 0.820708
v 1.430365 0.141798 0.821894
v 1.430079 0.137069 0.823932
v 1.429844 0.134374 0.8256
v 1.42973 0.133629 0.826413
v 1.429587 0.133078 0.827434
v 1.429421 0.132775 0.828609
v 1.42928 0.132706 0.829616
v 1.42911 0.132844 0.830823
v 1.428967 0.133221 0.831845
v 1.428831 0.133876 0.832808
v 1.42869 0.135029 0.833817
v 1.428563 0.136743 0.834719
v 1.428487 0.138787 0.835255
v 1.428464 0.14105 0.835423
v 1.428548 0.146223 0.834821
v 1.428777 0.150566 0.833197
v 1.428902 0.152123 0.832303
v 1.427869 0.152123 0.839655
v 1.427659 0.146868 0.841151
v 1.4276 0.141798 0.84157
v 1.427686 0.136156 0.840959
v 1.427895 0.131969 0.83947
v 1.428082 0.129727 0.838141
v 1.428365 0.127461 0.836124
v 1.428653 0.126041 0.834079
v 1.428995 0.125131 0.831642
v 1.429376 0.124829 0.828936
v 1.429788 0.125158 0.825998
v 1.430113 0.126001 0.823687
v 1.430335 0.126997 0.82211
v 1.431138 0.136402 0.816395
v 1.430847 0.131847 0.818463
v 1.430517 0.128248 0.820815
v 1.43143 0.14142 0.814314
v 1.431681 0.144403 0.812534
v 1.431819 0.145355 0.811552
v 1.43196 0.145946 0.810549
v 1.432126 0.146293 0.809367
v 1.432258 0.146368 0.808426
v 1.432461 0.14621 0.806982
v 1.432612 0.145821 0.805906
v 1.432749 0.145154 0.804929
v 1.432858 0.144277 0.804158
v 1.432917 0.14358 0.803739
v 1.433017 0.141608 0.803025
v 1.433078 0.137691 0.80259
v 1.427739 0.192097 0.840582
v 1.427739 0.200019 0.840582
v 1.432306 0.180196 0.808086
v 1.432589 0.179612 0.806075
v 1.432796 0.179261 0.804596
v 1.432796 0.179058 0.804596
v 1.432297 0.178122 0.808148
v 1.427739 0.166737 0.840582
v 1.427739 0.15819 0.840582
v 1.43379 0.175284 0.797522
v 1.434893 0.17193 0.789676
v 1.435276 0.17043 0.786952
v 1.435498 0.169007 0.785376
v 1.435631 0.167628 0.784426
v 1.435719 0.165957 0.783799
v 1.435748 0.164101 0.783591
v 1.435698 0.161329 0.783949
v 1.435627 0.159765 0.784456
v 1.436573 0.159765 0.777722
v 1.436652 0.163007 0.777164
v 1.43666 0.164694 0.777104
v 1.436611 0.167781 0.777456
v 1.436451 0.170797 0.778594
v 1.436191 0.173466 0.780441
v 1.436125 0.173987 0.780914
v 1.435657 0.176784 0.78424
v 1.43472 0.180243 0.790912
v 1.432835 0.241069 0.804318
v 1.433803 0.241069 0.797429
v 1.432835 0.21613 0.804318
v 1.429979 0.21613 0.824643
v 1.429979 0.23795 0.824643
v 1.429006 0.23795 0.831562
v 1.429006 0.21613 0.831562
v 1.426289 0.21613 0.850899
v 1.426289 0.239681 0.850899
v 1.425312 0.239681 0.857849
v 1.425312 0.208254 0.857849
v 1.433803 0.208254 0.797429
v 1.431422 0.290519 0.814373
v 1.43195 0.287468 0.810619
v 1.432614 0.293067 0.805893
v 1.432047 0.286718 0.809928
v 1.433254 0.286646 0.801343
v 1.432426 0.282773 0.807228
v 1.43363 0.27968 0.798663
v 1.432697 0.277718 0.805301
v 1.433803 0.269376 0.797429
v 1.432835 0.26933 0.804318
v 1.433803 0.252595 0.797429
v 1.432835 0.260471 0.804318
v 1.425312 0.252595 0.857849
v 1.426289 0.260471 0.850899
v 1.425312 0.27 0.857849
v 1.426289 0.269688 0.850899
v 1.425455 0.279317 0.85683
v 1.426418 0.277799 0.849978
v 1.42583 0.28668 0.854166
v 1.42669 0.283047 0.848044
v 1.426436 0.293067 0.849848
v 1.427088 0.287297 0.845215
v 1.426733 0.295246 0.847736
v 1.427326 0.289032 0.843517
v 1.427475 0.299016 0.84246
v 1.427804 0.291388 0.84012
v 1.428286 0.301265 0.83669
v 1.428426 0.2931 0.835691
v 1.429449 0.302269 0.828411
v 1.42948 0.293988 0.828195
v 1.430157 0.30195 0.823377
v 1.430012 0.29379 0.82441
v 1.431125 0.300251 0.816485
v 1.430791 0.292613 0.818865
v 1.431985 0.29701 0.810365
v 1.425299 0.269688 0.850759
v 1.425299 0.260471 0.850759
v 1.431845 0.260471 0.804179
v 1.431845 0.26933 0.804179
v 1.43096 0.287468 0.81048
v 1.431057 0.286718 0.809789
v 1.431436 0.282773 0.807089
v 1.431707 0.277718 0.805162
v 1.428489 0.293988 0.828056
v 1.429021 0.29379 0.824271
v 1.429801 0.292613 0.818726
v 1.430432 0.290519 0.814234
v 1.426097 0.287297 0.845076
v 1.426336 0.289032 0.843377
v 1.426813 0.291388 0.839981
v 1.427436 0.2931 0.835552
v 1.425428 0.277799 0.849839
v 1.4257 0.283047 0.847905
v 1.430522 0.322716 0.820782
v 1.431481 0.320221 0.813955
v 1.430522 0.343194 0.820782
v 1.431481 0.345627 0.813955
v 1.426992 0.33184 0.845895
v 1.425312 0.328892 0.857849
v 1.433803 0.305654 0.797429
v 1.433803 0.314356 0.797429
v 1.426739 0.332368 0.847698
v 1.426397 0.332838 0.850126
v 1.425312 0.337314 0.857849
v 1.426397 0.333025 0.850126
v 1.426757 0.333519 0.84757
v 1.426992 0.333977 0.845895
v 1.433803 0.360553 0.797429
v 1.433803 0.35185 0.797429
v 1.429531 0.322716 0.820642
v 1.429531 0.343194 0.820642
v 1.426002 0.333977 0.845755
v 1.425407 0.333025 0.849987
v 1.425766 0.333519 0.847431
v 1.425407 0.332838 0.849987
v 1.426002 0.33184 0.845755
v 1.425748 0.332368 0.847558
v 1.419178 -0.241649 0.901497
v 1.418463 -0.231985 0.906584
v 1.414747 -0.234263 0.933022
v 1.435247 -0.157853 0.787157
v 1.433902 -0.152715 0.796727
v 1.432412 -0.150171 0.80733
v 1.414574 -0.207195 0.934254
v 1.418981 -0.193747 0.902895
v 1.417071 -0.187118 0.916487
v 1.43258 -0.209817 0.806134
v 1.432014 -0.210621 0.810163
v 1.429667 -0.23409 0.82686
v 1.433712 -0.234524 0.798079
v 1.433484 -0.240009 0.799704
v 1.428856 -0.243549 0.832631
v 1.414453 -0.217172 0.935113
v 1.426709 -0.089202 0.84791
v 1.423509 -0.10265 0.870677
v 1.431177 -0.149934 0.816121
v 1.427735 -0.160779 0.840607
v 1.43178 -0.149934 0.811825
v 1.43712 -0.17313 0.773833
v 1.436283 -0.164491 0.779789
v 1.433088 -0.2081 0.802523
v 1.436117 -0.223713 0.78097
v 1.435009 -0.230168 0.788852
v 1.420732 -0.074887 0.890437
v 1.420732 -0.071417 0.890437
v 1.417472 -0.053631 0.913635
v 1.420874 -0.063158 0.889428
v 1.417571 -0.051507 0.912928
v 1.42128 -0.055588 0.886538
v 1.418463 -0.038598 0.906585
v 1.419848 -0.026831 0.896731
v 1.413133 -0.198302 0.94451
v 1.415454 -0.177388 0.927997
v 1.411918 -0.188108 0.953155
v 1.414271 -0.165764 0.936407
v 1.410958 -0.176877 0.959985
v 1.418109 -0.221278 0.909104
v 1.418076 -0.216738 0.909339
v 1.414491 -0.212183 0.934845
v 1.418252 -0.206537 0.908084
v 1.418748 -0.196811 0.904556
v 1.433209 -0.179995 0.801658
v 1.433579 -0.18235 0.799024
v 1.433908 -0.185645 0.796684
v 1.437637 -0.182805 0.770151
v 1.434117 -0.189402 0.795197
v 1.437818 -0.193313 0.768868
v 1.434195 -0.193747 0.794642
v 1.437813 -0.194973 0.768898
v 1.434193 -0.194486 0.794658
v 1.437591 -0.205215 0.770477
v 1.434105 -0.198381 0.795287
v 1.437006 -0.215226 0.774638
v 1.43387 -0.202302 0.796955
v 1.433516 -0.205622 0.799475
v 1.430999 -0.177939 0.817384
v 1.431559 -0.176948 0.813401
v 1.432111 -0.176942 0.80947
v 1.432691 -0.177978 0.805348
v 1.431116 -0.026736 0.816551
v 1.428718 -0.046946 0.833613
v 1.432506 -0.038537 0.806658
v 1.429448 -0.053357 0.828423
v 1.433408 -0.051772 0.800243
v 1.429942 -0.061009 0.824907
v 1.433833 -0.066211 0.79722
v 1.43015 -0.068814 0.823424
v 1.433833 -0.091805 0.79722
v 1.43015 -0.088335 0.823424
v 1.433778 -0.094249 0.79761
v 1.431426 -0.210405 0.81435
v 1.430857 -0.209126 0.818393
v 1.42837 -0.229301 0.836088
v 1.430358 -0.206884 0.821946
v 1.427229 -0.22213 0.84421
v 1.430106 -0.205169 0.823741
v 1.426371 -0.213262 0.850314
v 1.42977 -0.201778 0.82613
v 1.425861 -0.20368 0.853946
v 1.429562 -0.19799 0.82761
v 1.425683 -0.193313 0.855212
v 1.429486 -0.193747 0.828149
v 1.425726 -0.188045 0.854903
v 1.429541 -0.190136 0.827761
v 1.426088 -0.177573 0.852331
v 1.429741 -0.186107 0.826333
v 1.426774 -0.168366 0.847447
v 1.430069 -0.182617 0.824
v 1.430503 -0.179823 0.820911
v 1.421934 -0.048861 0.881883
v 1.422708 -0.043879 0.876377
v 1.421565 -0.017976 0.88451
v 1.423749 -0.03984 0.868969
v 1.423409 -0.012671 0.871391
v 1.424909 -0.037796 0.86072
v 1.425381 -0.010685 0.85736
v 1.425441 -0.037581 0.856931
v 1.427535 -0.012674 0.842033
v 1.426618 -0.038624 0.84856
v 1.429446 -0.018123 0.828433
v 1.427693 -0.041616 0.840904
v 1.428635 -0.04639 0.834205
v 1.412702 -0.077056 0.947571
v 1.415476 -0.094041 0.927836
v 1.415028 -0.062631 0.931021
v 1.417102 -0.084251 0.916265
v 1.419047 -0.077551 0.902427
v 1.42265 -0.258823 0.876788
v 1.423655 -0.287325 0.869642
v 1.424113 -0.260118 0.866381
v 1.424234 -0.287447 0.865522
v 1.425047 -0.259595 0.859736
v 1.426599 -0.285348 0.848693
v 1.426524 -0.256479 0.849226
v 1.428846 -0.279132 0.832701
v 1.427744 -0.251326 0.840545
v 1.430814 -0.269228 0.818699
v 1.432421 -0.255687 0.807266
v 1.409907 -0.15683 0.967458
v 1.413472 -0.151593 0.942096
v 1.409563 -0.136052 0.969909
v 1.413185 -0.135618 0.944134
v 1.409868 -0.116759 0.96774
v 1.413437 -0.120901 0.942342
v 1.410984 -0.095118 0.959798
v 1.414163 -0.107298 0.937179
v 1.41534 -0.095111 0.928801
v 1.415616 -0.250332 0.926844
v 1.416965 -0.26413 0.917239
v 1.420102 -0.24909 0.894923
v 1.417351 -0.267059 0.914494
v 1.421304 -0.255104 0.886368
v 1.419212 -0.27749 0.901252
v 1.421386 -0.284412 0.885787
v 1.430094 -0.090515 0.823823
v 1.4332 -0.10094 0.801726
v 1.433343 -0.099932 0.800709
v 1.430134 -0.089214 0.823538
v 1.433621 -0.097118 0.798728
v 1.431961 -0.104385 0.810537
v 1.432411 -0.103974 0.807337
v 1.43282 -0.102831 0.804424
v 1.43015 -0.094299 0.823426
v 1.430314 -0.097276 0.822262
v 1.431723 -0.104275 0.812232
v 1.430577 -0.099943 0.82039
v 1.430852 -0.101736 0.818432
v 1.431264 -0.103404 0.815502
v 1.43009 -0.090937 0.823853
v 1.428496 -0.193747 0.82801
v 1.42855 -0.190136 0.827621
v 1.428751 -0.186107 0.826194
v 1.429079 -0.182617 0.823861
v 1.429513 -0.179823 0.820772
v 1.430009 -0.177939 0.817245
v 1.430569 -0.176948 0.813262
v 1.431121 -0.176942 0.809331
v 1.4317 -0.177978 0.805209
v 1.432219 -0.179995 0.801519
v 1.432589 -0.18235 0.798885
v 1.432918 -0.185645 0.796545
v 1.433127 -0.189402 0.795058
v 1.433205 -0.193747 0.794503
v 1.433203 -0.194486 0.794519
v 1.433114 -0.198381 0.795148
v 1.43288 -0.202302 0.796816
v 1.432526 -0.205622 0.799336
v 1.432097 -0.2081 0.802384
v 1.43159 -0.209817 0.805995
v 1.431024 -0.210621 0.810024
v 1.430435 -0.210405 0.81421
v 1.429867 -0.209126 0.818253
v 1.429368 -0.206884 0.821807
v 1.429115 -0.205169 0.823602
v 1.42878 -0.201778 0.82599
v 1.428572 -0.19799 0.827471
v -0.75 -1.4 0.15
v -0.75 -1.149429 0.15
v -1.15 -1.4 0.15
v -1.15 -1.149429 0.15
v -0.75 -1.4 -0.0
v -1.15 -1.4 -0.0
v -0.75 -1.149429 -0.0
v -1.15 -1.149429 -0.0
v -1.15 -1.094362 0.006843
v -0.75 -1.094362 0.006843
v -1.15 -1.042644 0.026955
v -0.75 -1.042644 0.026955
v -1.15 -0.997421 0.059113
v -0.75 -0.997421 0.059113
v -1.15 -0.961444 0.10136
v -0.75 -0.961444 0.10136
v -1.15 -0.936902 0.151129
v -0.75 -0.936902 0.151129
v -1.15 -0.925285 0.20539
v -0.75 -0.925285 0.20539
v -0.75 -0.903313 0.456537
v -1.15 -0.903313 0.456537
v -0.75 -0.899441 0.474624
v -1.15 -0.899441 0.474624
v -0.75 -0.89126 0.491213
v -1.15 -0.89126 0.491213
v -0.75 -0.879268 0.505296
v -1.15 -0.879268 0.505296
v -0.75 -0.864193 0.516015
v -1.15 -0.864193 0.516015
v -0.75 -0.846954 0.522719
v -1.15 -0.846954 0.522719
v -0.75 -0.828598 0.525
v -1.15 -0.828598 0.525
v -0.75 -0.828598 0.675
v -1.15 -0.828598 0.675
v -1.15 -0.883666 0.668157
v -0.75 -0.883666 0.668157
v -1.15 -0.935383 0.648045
v -0.75 -0.935383 0.648045
v -1.15 -0.980606 0.615887
v -0.75 -0.980606 0.615887
v -1.15 -1.016583 0.57364
v -0.75 -1.016583 0.57364
v -1.15 -1.041126 0.523871
v -0.75 -1.041126 0.523871
v -1.15 -1.052742 0.46961
v -0.75 -1.052742 0.46961
v -0.75 -1.074715 0.218463
v -1.15 -1.074715 0.218463
v -0.75 -1.078587 0.200376
v -1.15 -1.078587 0.200376
v -0.75 -1.086768 0.183787
v -1.15 -1.086768 0.183787
v -0.75 -1.09876 0.169704
v -1.15 -1.09876 0.169704
v -0.75 -1.113834 0.158985
v -1.15 -1.113834 0.158985
v -0.75 -1.131073 0.152281
v -1.15 -1.131073 0.152281
v 0.2 1.149429 0.15
v 0.2 1.4 0.15
v -0.2 1.149429 0.15
v -0.2 1.4 0.15
v 0.2 1.131073 0.152281
v -0.2 1.131073 0.152281
v 0.2 1.113834 0.158985
v -0.2 1.113834 0.158985
v 0.2 1.09876 0.169704
v -0.2 1.09876 0.169704
v 0.2 1.086768 0.183787
v -0.2 1.086768 0.183787
v 0.2 1.078587 0.200376
v -0.2 1.078587 0.200376
v 0.2 1.074715 0.218463
v -0.2 1.074715 0.218463
v 0.2 1.052742 0.46961
v -0.2 1.052742 0.46961
v -0.2 1.041126 0.523871
v 0.2 1.041126 0.523871
v -0.2 1.016583 0.57364
v 0.2 1.016583 0.57364
v -0.2 0.980606 0.615887
v 0.2 0.980606 0.615887
v -0.2 0.935383 0.648045
v 0.2 0.935383 0.648045
v -0.2 0.883666 0.668157
v 0.2 0.883666 0.668157
v -0.2 0.828598 0.675
v 0.2 0.828598 0.675
v 0.2 0.828598 0.525
v -0.2 0.828598 0.525
v 0.2 0.846954 0.522719
v -0.2 0.846954 0.522719
v 0.2 0.864193 0.516015
v -0.2 0.864193 0.516015
v 0.2 0.879268 0.505296
v -0.2 0.879268 0.505296
v 0.2 0.89126 0.491213
v -0.2 0.89126 0.491213
v 0.2 0.899441 0.474624
v -0.2 0.899441 0.474624
v 0.2 0.903313 0.456537
v -0.2 0.903313 0.456537
v 0.2 0.925285 0.20539
v -0.2 0.925285 0.20539
v -0.2 0.936902 0.151129
v 0.2 0.936902 0.151129
v -0.2 0.961444 0.10136
v 0.2 0.961444 0.10136
v -0.2 0.997421 0.059113
v 0.2 0.997421 0.059113
v -0.2 1.042644 0.026955
v 0.2 1.042644 0.026955
v -0.2 1.094362 0.006843
v 0.2 1.094362 0.006843
v -0.2 1.149429 -0.0
v 0.2 1.149429 -0.0
v 0.2 1.4 -0.0
v -0.2 1.4 -0.0
v 1.15 -1.4 0.15
v 1.15 -1.149429 0.15
v 0.75 -1.4 0.15
v 0.75 -1.149429 0.15
v 1.15 -1.4 -0.0
v 0.75 -1.4 -0.0
v 1.15 -1.149429 -0.0
v 0.75 -1.149429 -0.0
v 0.75 -1.094362 0.006843
v 1.15 -1.094362 0.006843
v 0.75 -1.042644 0.026955
v 1.15 -1.042644 0.026955
v 0.75 -0.997421 0.059113
v 1.15 -0.997421 0.059113
v 0.75 -0.961444 0.10136
v 1.15 -0.961444 0.10136
v 0.75 -0.936902 0.151129
v 1.15 -0.936902 0.151129
v 0.75 -0.925285 0.20539
v 1.15 -0.925285 0.20539
v 1.15 -0.903313 0.456537
v 0.75 -0.903313 0.456537
v 1.15 -0.899441 0.474624
v 0.75 -0.899441 0.474624
v 1.15 -0.89126 0.491213
v 0.75 -0.89126 0.491213
v 1.15 -0.879268 0.505296
v 0.75 -0.879268 0.505296
v 1.15 -0.864193 0.516015
v 0.75 -0.864193 0.516015
v 1.15 -0.846954 0.522719
v 0.75 -0.846954 0.522719
v 1.15 -0.828598 0.525
v 0.75 -0.828598 0.525
v 1.15 -0.828598 0.675
v 0.75 -0.828598 0.675
v 0.75 -0.883666 0.668157
v 1.15 -0.883666 0.668157
v 0.75 -0.935383 0.648045
v 1.15 -0.935383 0.648045
v 0.75 -0.980606 0.615887
v 1.15 -0.980606 0.615887
v 0.75 -1.016583 0.57364
v 1.15 -1.016583 0.57364
v 0.75 -1.041126 0.523871
v 1.15 -1.041126 0.523871
v 0.75 -1.052742 0.46961
v 1.15 -1.052742 0.46961
v 1.15 -1.074715 0.218463
v 0.75 -1.074715 0.218463
v 1.15 -1.078587 0.200376
v 0.75 -1.078587 0.200376
v 1.15 -1.086768 0.183787
v 0.75 -1.086768 0.183787
v 1.15 -1.09876 0.169704
v 0.75 -1.09876 0.169704
v 1.15 -1.113834 0.158985
v 0.75 -1.113834 0.158985
v 1.15 -1.131073 0.152281
v 0.75 -1.131073 0.152281
usemtl 1
f 1// 2// 3//
f 3// 2// 4//
f 5// 6// 7//
f 7// 6// 8//
f 9// 10// 11//
f 11// 10// 12//
f 13// 14// 15//
f 16// 17// 18//
f 19// 20// 21//
f 22// 23// 24//
f 25// 26// 27//
f 28// 29// 30//
f 30// 29// 31//
f 32// 33// 34//
f 34// 33// 30//
f 34// 30// 35//
f 35// 30// 36//
f 31// 37// 30//
f 30// 37// 38//
f 30// 38// 36//
f 39// 40// 41//
f 39// 41// 42//
f 43// 44// 45//
f 43// 45// 46//
f 46// 45// 47//
f 46// 47// 48//
f 47// 49// 50//
f 47// 51// 48//
f 48// 51// 52//
f 48// 52// 53//
f 53// 52// 54//
f 53// 54// 55//
f 50// 56// 47//
f 47// 56// 57//
f 47// 57// 51//
f 58// 59// 60//
f 58// 60// 61//
f 59// 62// 60//
f 60// 62// 63//
f 60// 63// 64//
f 64// 63// 65//
f 65// 66// 64//
f 64// 66// 67//
f 64// 67// 47//
f 47// 67// 68//
f 47// 68// 49//
f 69// 61// 70//
f 70// 61// 60//
f 70// 60// 71//
f 71// 60// 72//
f 73// 74// 75//
f 75// 74// 76//
f 75// 76// 77//
f 78// 79// 80//
f 80// 79// 81//
f 80// 81// 60//
f 60// 81// 82//
f 60// 82// 72//
f 77// 83// 75//
f 75// 83// 84//
f 75// 84// 79//
f 79// 84// 85//
f 79// 85// 81//
f 86// 87// 74//
f 74// 87// 88//
f 88// 89// 74//
f 74// 89// 90//
f 74// 90// 76//
f 91// 92// 93//
f 94// 95// 96//
f 96// 95// 97//
f 91// 93// 98//
f 99// 100// 101//
f 102// 103// 95//
f 95// 103// 104//
f 95// 104// 105//
f 32// 106// 33//
f 33// 106// 107//
f 33// 107// 101//
f 101// 107// 108//
f 101// 108// 99//
f 92// 109// 93//
f 93// 109// 110//
f 93// 110// 111//
f 112// 113// 114//
f 114// 113// 115//
f 114// 115// 116//
f 117// 105// 118//
f 118// 105// 119//
f 118// 119// 114//
f 114// 119// 120//
f 114// 120// 112//
f 117// 121// 105//
f 105// 121// 122//
f 105// 122// 95//
f 95// 122// 123//
f 95// 123// 97//
f 100// 124// 101//
f 101// 124// 125//
f 101// 125// 126//
f 127// 128// 129//
f 129// 128// 130//
f 129// 130// 93//
f 93// 130// 131//
f 93// 131// 98//
f 132// 133// 93//
f 93// 133// 134//
f 93// 134// 95//
f 95// 134// 135//
f 95// 135// 102//
f 136// 137// 86//
f 137// 138// 86//
f 86// 138// 139//
f 86// 139// 140//
f 140// 141// 86//
f 86// 141// 142//
f 86// 142// 143//
f 143// 142// 127//
f 143// 127// 144//
f 144// 127// 129//
f 111// 145// 93//
f 93// 145// 146//
f 93// 146// 147//
f 147// 148// 93//
f 93// 148// 149//
f 93// 149// 132//
f 150// 151// 152//
f 151// 153// 152//
f 152// 153// 154//
f 152// 154// 155//
f 104// 152// 105//
f 105// 152// 156//
f 105// 156// 157//
f 158// 159// 160//
f 160// 159// 161//
f 160// 161// 162//
f 158// 160// 104//
f 104// 160// 163//
f 104// 163// 152//
f 152// 163// 164//
f 152// 164// 150//
f 165// 166// 167//
f 167// 166// 168//
f 167// 168// 169//
f 155// 154// 170//
f 170// 154// 171//
f 170// 171// 172//
f 172// 171// 173//
f 172// 173// 174//
f 157// 175// 105//
f 105// 175// 167//
f 105// 167// 176//
f 176// 167// 169//
f 177// 178// 179//
f 179// 178// 180//
f 179// 180// 181//
f 181// 180// 182//
f 183// 184// 185//
f 185// 184// 186//
f 185// 186// 187//
f 188// 189// 190//
f 190// 189// 180//
f 190// 180// 191//
f 191// 180// 178//
f 192// 193// 194//
f 194// 193// 195//
f 196// 197// 198//
f 198// 197// 199//
f 195// 193// 200//
f 200// 193// 201//
f 200// 201// 202//
f 199// 203// 204//
f 204// 203// 205//
f 204// 205// 206//
f 207// 208// 209//
f 209// 208// 210//
f 209// 210// 211//
f 211// 210// 15//
f 211// 15// 201//
f 212// 213// 196//
f 196// 213// 214//
f 196// 214// 197//
f 27// 26// 212//
f 212// 26// 215//
f 212// 215// 216//
f 217// 218// 219//
f 219// 218// 208//
f 219// 208// 220//
f 220// 208// 221//
f 222// 223// 224//
f 222// 225// 226//
f 222// 227// 228//
f 224// 229// 222//
f 222// 229// 230//
f 222// 230// 231//
f 231// 230// 221//
f 231// 221// 216//
f 216// 221// 208//
f 216// 208// 212//
f 212// 208// 207//
f 212// 207// 213//
f 232// 233// 234//
f 234// 233// 235//
f 234// 235// 236//
f 226// 237// 222//
f 222// 237// 238//
f 222// 238// 227//
f 228// 239// 222//
f 222// 239// 240//
f 222// 240// 241//
f 225// 222// 234//
f 234// 222// 242//
f 234// 242// 232//
f 241// 243// 222//
f 222// 243// 244//
f 222// 244// 223//
f 245// 246// 247//
f 24// 248// 249//
f 249// 250// 24//
f 24// 250// 251//
f 24// 251// 22//
f 252// 253// 24//
f 24// 253// 254//
f 24// 254// 248//
f 255// 256// 257//
f 257// 256// 258//
f 257// 258// 252//
f 252// 258// 259//
f 252// 259// 253//
f 260// 261// 262//
f 217// 263// 218//
f 218// 263// 264//
f 218// 264// 260//
f 260// 264// 265//
f 260// 265// 261//
f 262// 266// 260//
f 260// 266// 267//
f 260// 267// 268//
f 269// 270// 271//
f 272// 273// 270//
f 274// 275// 276//
f 273// 277// 278//
f 278// 277// 279//
f 278// 279// 280//
f 280// 279// 274//
f 280// 274// 281//
f 281// 274// 276//
f 281// 276// 282//
f 283// 284// 45//
f 285// 286// 287//
f 287// 286// 288//
f 289// 290// 291//
f 285// 292// 286//
f 286// 292// 293//
f 286// 293// 294//
f 294// 293// 295//
f 296// 297// 295//
f 295// 297// 298//
f 295// 298// 294//
f 299// 300// 301//
f 301// 300// 302//
f 301// 302// 303//
f 304// 305// 218//
f 218// 305// 306//
f 218// 306// 307//
f 307// 308// 218//
f 218// 308// 309//
f 218// 309// 310//
f 311// 312// 291//
f 291// 312// 313//
f 291// 313// 314//
f 303// 315// 301//
f 301// 315// 316//
f 301// 316// 260//
f 260// 316// 288//
f 260// 288// 317//
f 317// 288// 286//
f 317// 318// 260//
f 260// 318// 319//
f 260// 319// 218//
f 218// 319// 320//
f 218// 320// 304//
f 321// 322// 295//
f 295// 322// 323//
f 295// 323// 324//
f 324// 325// 295//
f 295// 325// 326//
f 295// 326// 296//
f 314// 327// 291//
f 291// 327// 328//
f 291// 328// 289//
f 289// 328// 329//
f 330// 331// 332//
f 332// 331// 333//
f 332// 333// 301//
f 301// 333// 334//
f 301// 334// 299//
f 335// 336// 289//
f 289// 336// 337//
f 338// 339// 218//
f 340// 341// 337//
f 342// 343// 344//
f 340// 337// 345//
f 341// 338// 337//
f 337// 338// 218//
f 337// 218// 289//
f 289// 218// 310//
f 289// 310// 290//
f 342// 344// 337//
f 337// 344// 346//
f 337// 346// 345//
f 347// 348// 349//
f 349// 348// 350//
f 349// 350// 351//
f 352// 353// 21//
f 354// 355// 208//
f 356// 357// 21//
f 21// 357// 358//
f 339// 359// 218//
f 218// 359// 360//
f 218// 360// 208//
f 208// 360// 361//
f 208// 361// 354//
f 355// 362// 208//
f 208// 362// 363//
f 208// 363// 210//
f 210// 363// 364//
f 210// 364// 352//
f 365// 366// 353//
f 353// 366// 367//
f 353// 367// 21//
f 21// 367// 368//
f 21// 368// 356//
f 358// 369// 21//
f 21// 369// 370//
f 21// 370// 19//
f 371// 372// 373//
f 373// 372// 374//
f 373// 374// 375//
f 373// 376// 371//
f 371// 376// 377//
f 371// 377// 378//
f 378// 379// 371//
f 371// 379// 380//
f 371// 380// 381//
f 381// 380// 382//
f 381// 382// 383//
f 383// 382// 384//
f 383// 384// 353//
f 353// 384// 385//
f 353// 385// 365//
f 386// 387// 375//
f 375// 387// 388//
f 375// 388// 373//
f 389// 390// 343//
f 343// 390// 391//
f 343// 391// 344//
f 389// 392// 390//
f 390// 392// 393//
f 390// 393// 394//
f 394// 393// 395//
f 394// 396// 397//
f 395// 398// 394//
f 394// 398// 399//
f 394// 399// 400//
f 400// 401// 394//
f 394// 401// 402//
f 394// 402// 396//
f 397// 403// 394//
f 394// 403// 404//
f 394// 404// 405//
f 406// 407// 189//
f 408// 409// 410//
f 410// 409// 411//
f 412// 413// 414//
f 415// 15// 416//
f 416// 15// 417//
f 416// 417// 418//
f 418// 417// 412//
f 418// 412// 419//
f 419// 412// 414//
f 18// 420// 21//
f 21// 420// 421//
f 352// 21// 210//
f 210// 21// 421//
f 210// 421// 15//
f 15// 421// 422//
f 15// 422// 417//
f 423// 420// 424//
f 424// 420// 18//
f 424// 18// 425//
f 425// 18// 17//
f 426// 427// 428//
f 351// 350// 20//
f 20// 350// 426//
f 20// 426// 21//
f 21// 426// 428//
f 21// 428// 18//
f 18// 428// 429//
f 18// 429// 430//
f 431// 432// 433//
f 433// 432// 434//
f 433// 434// 426//
f 426// 434// 435//
f 426// 435// 427//
f 430// 436// 18//
f 18// 436// 437//
f 18// 437// 16//
f 438// 439// 440//
f 438// 440// 441//
f 439// 442// 440//
f 440// 442// 443//
f 440// 443// 433//
f 433// 443// 444//
f 433// 444// 431//
f 445// 446// 447//
f 447// 446// 448//
f 189// 407// 180//
f 180// 407// 449//
f 180// 449// 450//
f 448// 446// 451//
f 451// 446// 452//
f 451// 452// 453//
f 450// 454// 455//
f 455// 454// 456//
f 455// 456// 457//
f 73// 458// 74//
f 74// 458// 101//
f 74// 101// 86//
f 86// 101// 126//
f 86// 126// 136//
f 459// 460// 332//
f 332// 460// 329//
f 332// 329// 330//
f 330// 329// 328//
f 461// 440// 462//
f 462// 440// 433//
f 462// 433// 463//
f 463// 433// 426//
f 463// 426// 464//
f 464// 426// 350//
f 464// 350// 465//
f 460// 465// 329//
f 329// 465// 350//
f 329// 350// 289//
f 289// 350// 348//
f 289// 348// 335//
f 335// 348// 347//
f 452// 408// 466//
f 466// 408// 410//
f 466// 410// 467//
f 468// 275// 469//
f 469// 275// 274//
f 469// 274// 470//
f 470// 274// 279//
f 471// 472// 473//
f 472// 471// 474//
f 474// 471// 257//
f 474// 257// 475//
f 458// 471// 101//
f 101// 471// 473//
f 101// 473// 33//
f 33// 473// 476//
f 33// 476// 257//
f 257// 476// 477//
f 257// 477// 475//
f 478// 479// 480//
f 480// 479// 474//
f 480// 474// 481//
f 481// 474// 475//
f 481// 475// 482//
f 482// 475// 483//
f 73// 459// 458//
f 458// 459// 332//
f 458// 332// 471//
f 471// 332// 301//
f 471// 301// 257//
f 257// 301// 260//
f 257// 260// 255//
f 255// 260// 268//
f 484// 485// 470//
f 470// 485// 466//
f 470// 466// 469//
f 469// 466// 467//
f 469// 467// 468//
f 468// 467// 461//
f 485// 486// 466//
f 466// 486// 180//
f 466// 180// 452//
f 452// 180// 450//
f 452// 450// 453//
f 453// 450// 455//
f 470// 487// 488//
f 488// 489// 470//
f 470// 489// 490//
f 470// 490// 484//
f 486// 491// 180//
f 180// 491// 492//
f 180// 492// 182//
f 182// 492// 493//
f 182// 493// 494//
f 494// 495// 182//
f 182// 495// 496//
f 182// 496// 497//
f 497// 498// 182//
f 182// 498// 499//
f 182// 499// 470//
f 470// 499// 500//
f 470// 500// 487//
f 501// 502// 470//
f 503// 504// 505//
f 470// 502// 182//
f 182// 502// 506//
f 182// 506// 507//
f 505// 501// 503//
f 503// 501// 470//
f 503// 470// 508//
f 508// 470// 279//
f 508// 279// 507//
f 507// 279// 277//
f 507// 277// 182//
f 509// 510// 511//
f 512// 513// 30//
f 30// 513// 509//
f 30// 509// 252//
f 252// 509// 511//
f 252// 511// 257//
f 257// 511// 514//
f 257// 514// 33//
f 33// 514// 512//
f 33// 512// 30//
f 14// 515// 15//
f 15// 515// 198//
f 15// 198// 201//
f 201// 198// 199//
f 201// 199// 202//
f 202// 199// 204//
f 461// 467// 440//
f 440// 467// 410//
f 440// 410// 441//
f 441// 410// 411//
f 441// 411// 415//
f 415// 411// 406//
f 415// 406// 15//
f 15// 406// 189//
f 15// 189// 13//
f 516// 517// 518//
f 518// 517// 519//
f 520// 521// 189//
f 189// 521// 522//
f 522// 523// 189//
f 189// 523// 524//
f 189// 524// 13//
f 515// 525// 198//
f 198// 525// 526//
f 198// 526// 518//
f 518// 526// 527//
f 518// 527// 528//
f 528// 529// 518//
f 518// 529// 530//
f 518// 530// 516//
f 183// 185// 188//
f 188// 185// 518//
f 188// 518// 189//
f 189// 518// 519//
f 189// 519// 520//
f 273// 272// 277//
f 277// 272// 187//
f 277// 187// 182//
f 182// 187// 186//
f 182// 186// 181//
f 246// 245// 23//
f 23// 245// 531//
f 23// 531// 24//
f 24// 531// 532//
f 24// 532// 252//
f 252// 532// 41//
f 252// 41// 30//
f 30// 41// 40//
f 30// 40// 28//
f 270// 269// 272//
f 272// 269// 533//
f 272// 533// 187//
f 187// 533// 534//
f 187// 534// 185//
f 185// 534// 535//
f 185// 535// 518//
f 518// 535// 536//
f 518// 536// 198//
f 198// 536// 537//
f 198// 537// 196//
f 196// 537// 538//
f 196// 538// 212//
f 212// 538// 245//
f 212// 245// 27//
f 27// 245// 247//
f 27// 247// 25//
f 271// 539// 269//
f 269// 539// 540//
f 269// 540// 533//
f 533// 540// 541//
f 533// 541// 534//
f 534// 541// 542//
f 534// 542// 535//
f 535// 542// 543//
f 535// 543// 536//
f 536// 543// 544//
f 536// 544// 537//
f 537// 544// 545//
f 537// 545// 538//
f 538// 545// 546//
f 538// 546// 245//
f 245// 546// 547//
f 245// 547// 531//
f 531// 547// 548//
f 531// 548// 532//
f 532// 548// 283//
f 532// 283// 41//
f 41// 283// 45//
f 41// 45// 42//
f 42// 45// 44//
f 549// 550// 79//
f 79// 550// 276//
f 551// 552// 553//
f 553// 552// 554//
f 555// 556// 557//
f 557// 556// 558//
f 559// 560// 561//
f 561// 560// 562//
f 563// 564// 565//
f 565// 564// 566//
f 565// 566// 567//
f 567// 568// 565//
f 565// 568// 569//
f 565// 569// 570//
f 570// 569// 571//
f 570// 571// 572//
f 573// 574// 575//
f 575// 574// 576//
f 572// 577// 570//
f 570// 577// 578//
f 570// 578// 579//
f 580// 581// 582//
f 582// 581// 583//
f 582// 583// 575//
f 575// 583// 584//
f 575// 584// 573//
f 576// 585// 575//
f 575// 585// 586//
f 575// 586// 565//
f 565// 586// 587//
f 565// 587// 563//
f 579// 588// 570//
f 570// 588// 589//
f 570// 589// 582//
f 582// 589// 590//
f 582// 590// 580//
f 591// 592// 593//
f 593// 592// 594//
f 595// 596// 560//
f 560// 559// 595//
f 595// 559// 3//
f 595// 3// 597//
f 597// 3// 4//
f 4// 12// 597//
f 597// 12// 10//
f 597// 10// 598//
f 549// 599// 600//
f 549// 600// 550//
f 550// 600// 601//
f 550// 601// 602//
f 558// 603// 604//
f 558// 604// 557//
f 557// 604// 605//
f 557// 605// 606//
f 554// 607// 608//
f 609// 6// 610//
f 610// 6// 5//
f 610// 5// 608//
f 608// 5// 553//
f 608// 553// 554//
f 8// 611// 612//
f 613// 552// 614//
f 614// 552// 551//
f 614// 551// 612//
f 612// 551// 7//
f 612// 7// 8//
f 615// 616// 555//
f 555// 616// 617//
f 555// 617// 556//
f 556// 617// 618//
f 619// 620// 9//
f 1// 621// 2//
f 2// 621// 619//
f 2// 619// 11//
f 11// 619// 9//
f 1// 561// 621//
f 621// 561// 562//
f 621// 562// 622//
f 614// 612// 623//
f 623// 612// 624//
f 623// 624// 625//
f 625// 624// 626//
f 625// 626// 627//
f 627// 626// 628//
f 627// 628// 629//
f 629// 628// 630//
f 629// 630// 631//
f 631// 630// 632//
f 631// 632// 633//
f 633// 632// 634//
f 633// 634// 635//
f 635// 634// 636//
f 635// 636// 637//
f 637// 636// 638//
f 637// 638// 639//
f 639// 638// 640//
f 639// 640// 641//
f 640// 642// 641//
f 641// 642// 570//
f 641// 570// 582//
f 629// 631// 643//
f 644// 645// 646//
f 582// 647// 648//
f 649// 647// 582//
f 646// 645// 582//
f 641// 582// 645//
f 650// 651// 652//
f 651// 650// 653//
f 653// 650// 654//
f 653// 654// 655//
f 655// 654// 656//
f 655// 656// 657//
f 657// 656// 658//
f 657// 658// 659//
f 659// 658// 660//
f 660// 658// 661//
f 660// 661// 662//
f 662// 661// 663//
f 663// 661// 664//
f 663// 664// 271//
f 665// 649// 582//
f 633// 635// 644//
f 644// 635// 637//
f 644// 637// 645//
f 645// 637// 639//
f 645// 639// 641//
f 666// 648// 667//
f 667// 648// 647//
f 667// 647// 668//
f 668// 647// 649//
f 668// 649// 669//
f 665// 670// 649//
f 649// 670// 671//
f 649// 671// 669//
f 669// 671// 672//
f 669// 672// 673//
f 643// 666// 674//
f 674// 666// 667//
f 674// 667// 675//
f 675// 667// 668//
f 675// 668// 676//
f 676// 668// 669//
f 676// 669// 677//
f 677// 669// 673//
f 625// 627// 678//
f 678// 627// 629//
f 629// 643// 678//
f 678// 643// 674//
f 678// 674// 679//
f 679// 674// 675//
f 679// 675// 680//
f 680// 675// 676//
f 680// 676// 681//
f 681// 676// 677//
f 681// 677// 682//
f 631// 633// 643//
f 643// 633// 644//
f 643// 644// 666//
f 666// 644// 646//
f 666// 646// 648//
f 648// 646// 582//
f 625// 650// 623//
f 623// 650// 652//
f 623// 652// 614//
f 673// 683// 677//
f 677// 683// 684//
f 677// 684// 682//
f 682// 684// 685//
f 682// 685// 686//
f 625// 678// 650//
f 650// 678// 679//
f 650// 679// 654//
f 654// 679// 680//
f 654// 680// 656//
f 656// 680// 681//
f 656// 681// 658//
f 658// 681// 682//
f 658// 682// 661//
f 661// 682// 686//
f 661// 686// 664//
f 687// 688// 689//
f 690// 691// 692//
f 570// 693// 694//
f 695// 693// 570//
f 692// 691// 570//
f 696// 570// 691//
f 697// 698// 699//
f 698// 697// 700//
f 700// 697// 701//
f 700// 701// 702//
f 702// 701// 703//
f 702// 703// 704//
f 704// 703// 705//
f 704// 705// 706//
f 706// 705// 707//
f 707// 705// 708//
f 707// 708// 709//
f 709// 708// 710//
f 710// 708// 624//
f 710// 624// 612//
f 642// 695// 570//
f 711// 712// 690//
f 690// 712// 713//
f 690// 713// 691//
f 691// 713// 714//
f 691// 714// 696//
f 715// 694// 716//
f 716// 694// 693//
f 716// 693// 717//
f 717// 693// 695//
f 717// 695// 718//
f 642// 640// 695//
f 695// 640// 638//
f 695// 638// 718//
f 718// 638// 636//
f 718// 636// 634//
f 689// 715// 719//
f 719// 715// 716//
f 719// 716// 720//
f 720// 716// 717//
f 720// 717// 721//
f 721// 717// 718//
f 721// 718// 722//
f 722// 718// 634//
f 723// 724// 725//
f 725// 724// 687//
f 687// 689// 725//
f 725// 689// 719//
f 725// 719// 726//
f 726// 719// 720//
f 726// 720// 727//
f 727// 720// 721//
f 727// 721// 728//
f 728// 721// 722//
f 728// 722// 729//
f 688// 711// 689//
f 689// 711// 690//
f 689// 690// 715//
f 715// 690// 692//
f 715// 692// 694//
f 694// 692// 570//
f 723// 697// 730//
f 730// 697// 699//
f 730// 699// 617//
f 634// 632// 722//
f 722// 632// 630//
f 722// 630// 729//
f 729// 630// 628//
f 729// 628// 626//
f 723// 725// 697//
f 697// 725// 726//
f 697// 726// 701//
f 701// 726// 727//
f 701// 727// 703//
f 703// 727// 728//
f 703// 728// 705//
f 705// 728// 729//
f 705// 729// 708//
f 708// 729// 626//
f 708// 626// 624//
f 284// 271// 731//
f 731// 271// 664//
f 731// 664// 732//
f 732// 664// 686//
f 732// 686// 733//
f 733// 686// 685//
f 733// 685// 734//
f 734// 685// 684//
f 734// 684// 735//
f 735// 684// 683//
f 735// 683// 736//
f 736// 683// 673//
f 736// 673// 737//
f 737// 673// 672//
f 737// 672// 738//
f 738// 672// 671//
f 738// 671// 739//
f 739// 671// 670//
f 739// 670// 740//
f 670// 665// 740//
f 740// 665// 582//
f 740// 582// 575//
f 741// 742// 652//
f 652// 742// 743//
f 652// 743// 614//
f 614// 743// 744//
f 614// 744// 613//
f 652// 651// 741//
f 741// 651// 653//
f 741// 653// 745//
f 745// 653// 655//
f 655// 657// 745//
f 745// 657// 659//
f 745// 659// 746//
f 746// 659// 660//
f 746// 660// 747//
f 747// 660// 662//
f 747// 662// 748//
f 748// 662// 663//
f 748// 663// 749//
f 749// 663// 271//
f 749// 271// 282//
f 750// 751// 699//
f 699// 751// 752//
f 699// 752// 617//
f 617// 752// 753//
f 617// 753// 618//
f 699// 698// 750//
f 750// 698// 700//
f 750// 700// 754//
f 754// 700// 702//
f 702// 704// 754//
f 754// 704// 706//
f 754// 706// 755//
f 755// 706// 707//
f 755// 707// 756//
f 756// 707// 709//
f 756// 709// 757//
f 757// 709// 710//
f 757// 710// 758//
f 758// 710// 612//
f 758// 612// 611//
f 617// 616// 730//
f 730// 616// 759//
f 730// 759// 723//
f 723// 759// 760//
f 723// 760// 724//
f 724// 760// 761//
f 724// 761// 687//
f 687// 761// 762//
f 687// 762// 688//
f 688// 762// 763//
f 688// 763// 711//
f 711// 763// 764//
f 711// 764// 712//
f 712// 764// 765//
f 712// 765// 713//
f 713// 765// 766//
f 713// 766// 714//
f 714// 766// 767//
f 714// 767// 696//
f 767// 768// 696//
f 696// 768// 565//
f 696// 565// 570//
f 619// 621// 769//
f 769// 621// 770//
f 769// 770// 771//
f 771// 770// 772//
f 771// 772// 773//
f 773// 772// 774//
f 773// 774// 775//
f 775// 774// 776//
f 775// 776// 777//
f 777// 776// 778//
f 777// 778// 779//
f 779// 778// 780//
f 779// 780// 781//
f 781// 780// 782//
f 781// 782// 783//
f 783// 782// 784//
f 783// 784// 785//
f 785// 784// 786//
f 785// 786// 787//
f 786// 788// 787//
f 787// 788// 575//
f 787// 575// 565//
f 734// 735// 789//
f 790// 791// 792//
f 575// 793// 794//
f 795// 793// 575//
f 792// 791// 575//
f 740// 575// 791//
f 796// 797// 798//
f 797// 796// 799//
f 799// 796// 800//
f 799// 800// 801//
f 801// 800// 802//
f 801// 802// 803//
f 803// 802// 804//
f 803// 804// 805//
f 805// 804// 806//
f 806// 804// 807//
f 806// 807// 808//
f 808// 807// 809//
f 809// 807// 770//
f 809// 770// 621//
f 788// 795// 575//
f 736// 737// 790//
f 790// 737// 738//
f 790// 738// 791//
f 791// 738// 739//
f 791// 739// 740//
f 810// 794// 811//
f 811// 794// 793//
f 811// 793// 812//
f 812// 793// 795//
f 812// 795// 813//
f 788// 786// 795//
f 795// 786// 784//
f 795// 784// 813//
f 813// 784// 782//
f 813// 782// 780//
f 789// 810// 814//
f 814// 810// 811//
f 814// 811// 815//
f 815// 811// 812//
f 815// 812// 816//
f 816// 812// 813//
f 816// 813// 817//
f 817// 813// 780//
f 732// 733// 818//
f 818// 733// 734//
f 734// 789// 818//
f 818// 789// 814//
f 818// 814// 819//
f 819// 814// 815//
f 819// 815// 820//
f 820// 815// 816//
f 820// 816// 821//
f 821// 816// 817//
f 821// 817// 822//
f 735// 736// 789//
f 789// 736// 790//
f 789// 790// 810//
f 810// 790// 792//
f 810// 792// 794//
f 794// 792// 575//
f 732// 796// 731//
f 731// 796// 798//
f 731// 798// 284//
f 780// 778// 817//
f 817// 778// 776//
f 817// 776// 822//
f 822// 776// 774//
f 822// 774// 772//
f 732// 818// 796//
f 796// 818// 819//
f 796// 819// 800//
f 800// 819// 820//
f 800// 820// 802//
f 802// 820// 821//
f 802// 821// 804//
f 804// 821// 822//
f 804// 822// 807//
f 807// 822// 772//
f 807// 772// 770//
f 554// 552// 607//
f 607// 552// 613//
f 607// 613// 823//
f 823// 613// 744//
f 823// 744// 824//
f 824// 744// 743//
f 824// 743// 825//
f 825// 743// 742//
f 825// 742// 826//
f 826// 742// 741//
f 826// 741// 827//
f 827// 741// 745//
f 827// 745// 828//
f 828// 745// 746//
f 828// 746// 829//
f 829// 746// 747//
f 829// 747// 830//
f 830// 747// 748//
f 830// 748// 831//
f 831// 748// 749//
f 831// 749// 602//
f 602// 749// 282//
f 602// 282// 550//
f 550// 282// 276//
f 8// 6// 611//
f 611// 6// 609//
f 611// 609// 758//
f 758// 609// 832//
f 758// 832// 757//
f 757// 832// 833//
f 757// 833// 756//
f 756// 833// 834//
f 756// 834// 755//
f 755// 834// 835//
f 755// 835// 754//
f 754// 835// 836//
f 754// 836// 750//
f 750// 836// 837//
f 750// 837// 751//
f 751// 837// 838//
f 751// 838// 752//
f 752// 838// 839//
f 752// 839// 753//
f 753// 839// 840//
f 753// 840// 618//
f 618// 840// 603//
f 618// 603// 556//
f 556// 603// 558//
f 775// 777// 841//
f 842// 843// 844//
f 565// 845// 846//
f 847// 845// 565//
f 844// 843// 565//
f 787// 565// 843//
f 848// 849// 850//
f 849// 848// 851//
f 851// 848// 852//
f 851// 852// 853//
f 853// 852// 854//
f 853// 854// 855//
f 855// 854// 856//
f 855// 856// 857//
f 857// 856// 858//
f 858// 856// 859//
f 858// 859// 860//
f 860// 859// 861//
f 861// 859// 759//
f 861// 759// 616//
f 768// 847// 565//
f 779// 781// 842//
f 842// 781// 783//
f 842// 783// 843//
f 843// 783// 785//
f 843// 785// 787//
f 862// 846// 863//
f 863// 846// 845//
f 863// 845// 864//
f 864// 845// 847//
f 864// 847// 865//
f 768// 767// 847//
f 847// 767// 766//
f 847// 766// 865//
f 865// 766// 765//
f 865// 765// 764//
f 841// 862// 866//
f 866// 862// 863//
f 866// 863// 867//
f 867// 863// 864//
f 867// 864// 868//
f 868// 864// 865//
f 868// 865// 869//
f 869// 865// 764//
f 771// 773// 870//
f 870// 773// 775//
f 775// 841// 870//
f 870// 841// 866//
f 870// 866// 871//
f 871// 866// 867//
f 871// 867// 872//
f 872// 867// 868//
f 872// 868// 873//
f 873// 868// 869//
f 873// 869// 874//
f 777// 779// 841//
f 841// 779// 842//
f 841// 842// 862//
f 862// 842// 844//
f 862// 844// 846//
f 846// 844// 565//
f 771// 848// 769//
f 769// 848// 850//
f 769// 850// 619//
f 764// 763// 869//
f 869// 763// 762//
f 869// 762// 874//
f 874// 762// 761//
f 874// 761// 760//
f 771// 870// 848//
f 848// 870// 871//
f 848// 871// 852//
f 852// 871// 872//
f 852// 872// 854//
f 854// 872// 873//
f 854// 873// 856//
f 856// 873// 874//
f 856// 874// 859//
f 859// 874// 760//
f 859// 760// 759//
f 875// 876// 798//
f 798// 876// 877//
f 798// 877// 284//
f 284// 877// 878//
f 284// 878// 78//
f 798// 797// 875//
f 875// 797// 799//
f 875// 799// 879//
f 879// 799// 801//
f 801// 803// 879//
f 879// 803// 805//
f 879// 805// 880//
f 880// 805// 806//
f 880// 806// 881//
f 881// 806// 808//
f 881// 808// 882//
f 882// 808// 809//
f 882// 809// 883//
f 883// 809// 621//
f 883// 621// 622//
f 602// 601// 831//
f 831// 601// 884//
f 831// 884// 830//
f 830// 884// 885//
f 830// 885// 829//
f 829// 885// 886//
f 829// 886// 828//
f 886// 887// 828//
f 828// 887// 888//
f 828// 888// 827//
f 608// 607// 889//
f 889// 607// 823//
f 889// 823// 890//
f 890// 823// 824//
f 890// 824// 891//
f 891// 824// 825//
f 891// 825// 892//
f 892// 825// 826//
f 892// 826// 893//
f 893// 826// 827//
f 893// 827// 894//
f 894// 827// 888//
f 610// 608// 895//
f 895// 608// 896//
f 895// 896// 897//
f 897// 896// 898//
f 897// 898// 899//
f 899// 898// 900//
f 899// 900// 901//
f 901// 900// 902//
f 901// 902// 903//
f 903// 902// 904//
f 903// 904// 905//
f 905// 904// 906//
f 905// 906// 907//
f 907// 906// 908//
f 907// 908// 909//
f 909// 908// 910//
f 909// 910// 911//
f 911// 910// 912//
f 911// 912// 913//
f 912// 914// 913//
f 913// 914// 594//
f 913// 594// 592//
f 835// 834// 915//
f 915// 834// 833//
f 915// 833// 610//
f 610// 833// 832//
f 610// 832// 609//
f 915// 916// 835//
f 835// 916// 917//
f 835// 917// 836//
f 836// 917// 918//
f 918// 919// 836//
f 836// 919// 920//
f 836// 920// 837//
f 837// 920// 921//
f 837// 921// 838//
f 838// 921// 922//
f 838// 922// 839//
f 839// 922// 923//
f 839// 923// 840//
f 840// 923// 604//
f 840// 604// 603//
f 924// 925// 850//
f 850// 925// 926//
f 850// 926// 619//
f 619// 926// 927//
f 619// 927// 620//
f 850// 849// 924//
f 924// 849// 851//
f 924// 851// 928//
f 928// 851// 853//
f 853// 855// 928//
f 928// 855// 857//
f 928// 857// 929//
f 929// 857// 858//
f 929// 858// 930//
f 930// 858// 860//
f 930// 860// 931//
f 931// 860// 861//
f 931// 861// 932//
f 932// 861// 616//
f 932// 616// 615//
f 549// 79// 599//
f 599// 79// 78//
f 599// 78// 933//
f 933// 78// 878//
f 933// 878// 934//
f 934// 878// 877//
f 934// 877// 935//
f 935// 877// 876//
f 935// 876// 936//
f 936// 876// 875//
f 936// 875// 937//
f 937// 875// 879//
f 937// 879// 938//
f 938// 879// 880//
f 938// 880// 939//
f 939// 880// 881//
f 939// 881// 940//
f 940// 881// 882//
f 940// 882// 941//
f 941// 882// 883//
f 941// 883// 596//
f 596// 883// 622//
f 596// 622// 560//
f 560// 622// 562//
f 942// 594// 943//
f 944// 945// 594//
f 910// 908// 946//
f 906// 904// 947//
f 948// 949// 950//
f 887// 886// 951//
f 885// 884// 952//
f 952// 884// 601//
f 953// 893// 894//
f 950// 891// 892//
f 891// 950// 890//
f 890// 950// 949//
f 890// 949// 889//
f 608// 889// 896//
f 896// 889// 949//
f 896// 949// 898//
f 898// 949// 948//
f 898// 948// 900//
f 900// 948// 902//
f 601// 954// 952//
f 952// 954// 955//
f 952// 955// 956//
f 904// 902// 947//
f 947// 902// 948//
f 947// 948// 957//
f 957// 948// 950//
f 957// 950// 953//
f 953// 950// 892//
f 953// 892// 893//
f 955// 958// 956//
f 956// 958// 959//
f 956// 959// 960//
f 908// 906// 946//
f 946// 906// 947//
f 946// 947// 961//
f 961// 947// 957//
f 961// 957// 962//
f 962// 957// 953//
f 962// 953// 963//
f 963// 953// 894//
f 963// 894// 888//
f 959// 964// 960//
f 960// 964// 965//
f 960// 965// 966//
f 963// 967// 962//
f 962// 967// 968//
f 962// 968// 961//
f 961// 968// 969//
f 961// 969// 946//
f 946// 969// 970//
f 946// 970// 910//
f 945// 944// 971//
f 886// 885// 951//
f 951// 885// 952//
f 951// 952// 972//
f 972// 952// 956//
f 972// 956// 973//
f 973// 956// 960//
f 973// 960// 974//
f 974// 960// 966//
f 974// 966// 975//
f 975// 966// 943//
f 975// 943// 594//
f 594// 914// 970//
f 970// 914// 912//
f 970// 912// 910//
f 967// 976// 968//
f 968// 976// 977//
f 968// 977// 969//
f 969// 977// 978//
f 969// 978// 970//
f 970// 978// 594//
f 976// 971// 977//
f 977// 971// 944//
f 977// 944// 978//
f 978// 944// 594//
f 965// 979// 966//
f 966// 979// 980//
f 966// 980// 943//
f 943// 980// 981//
f 943// 981// 942//
f 888// 887// 963//
f 963// 887// 951//
f 963// 951// 967//
f 967// 951// 972//
f 967// 972// 976//
f 976// 972// 973//
f 976// 973// 971//
f 971// 973// 974//
f 971// 974// 945//
f 945// 974// 975//
f 945// 975// 594//
f 913// 592// 982//
f 983// 984// 985//
f 986// 987// 988//
f 989// 990// 991//
f 915// 610// 895//
f 917// 916// 992//
f 992// 916// 915//
f 923// 922// 990//
f 990// 922// 921//
f 990// 921// 991//
f 991// 921// 920//
f 991// 920// 919//
f 604// 923// 993//
f 993// 923// 990//
f 993// 990// 994//
f 994// 990// 989//
f 994// 989// 995//
f 995// 989// 996//
f 915// 895// 992//
f 992// 895// 897//
f 992// 897// 997//
f 987// 996// 988//
f 988// 996// 989//
f 988// 989// 998//
f 998// 989// 991//
f 998// 991// 999//
f 999// 991// 919//
f 897// 899// 997//
f 997// 899// 901//
f 997// 901// 1000//
f 984// 986// 985//
f 985// 986// 988//
f 985// 988// 1001//
f 1001// 988// 998//
f 1001// 998// 1002//
f 1002// 998// 999//
f 901// 903// 1000//
f 1000// 903// 905//
f 1000// 905// 1003//
f 1002// 1004// 1001//
f 1001// 1004// 1005//
f 1001// 1005// 985//
f 985// 1005// 1006//
f 985// 1006// 983//
f 918// 917// 1007//
f 1007// 917// 992//
f 1007// 992// 1008//
f 1008// 992// 997//
f 1008// 997// 1009//
f 1009// 997// 1000//
f 1009// 1000// 1010//
f 1010// 1000// 1003//
f 1010// 1003// 1011//
f 1011// 1003// 982//
f 1011// 982// 592//
f 592// 1012// 1006//
f 1006// 1012// 1013//
f 1006// 1013// 983//
f 1004// 1014// 1005//
f 1005// 1014// 1015//
f 1005// 1015// 1006//
f 1006// 1015// 592//
f 1014// 1016// 1015//
f 1015// 1016// 592//
f 905// 907// 1003//
f 1003// 907// 909//
f 1003// 909// 982//
f 982// 909// 911//
f 982// 911// 913//
f 919// 918// 999//
f 999// 918// 1007//
f 999// 1007// 1002//
f 1002// 1007// 1008//
f 1002// 1008// 1004//
f 1004// 1008// 1009//
f 1004// 1009// 1014//
f 1014// 1009// 1010//
f 1014// 1010// 1016//
f 1016// 1010// 1011//
f 1016// 1011// 592//
f 10// 9// 598//
f 598// 9// 620//
f 598// 620// 1017//
f 1017// 620// 927//
f 1017// 927// 1018//
f 1018// 927// 926//
f 1018// 926// 1019//
f 1019// 926// 925//
f 1019// 925// 1020//
f 1020// 925// 924//
f 1020// 924// 1021//
f 1021// 924// 928//
f 1021// 928// 1022//
f 1022// 928// 929//
f 1022// 929// 1023//
f 1023// 929// 930//
f 1023// 930// 1024//
f 1024// 930// 931//
f 1024// 931// 1025//
f 1025// 931// 932//
f 1025// 932// 606//
f 606// 932// 615//
f 606// 615// 557//
f 557// 615// 555//
f 938// 939// 1026//
f 1026// 939// 940//
f 1026// 940// 595//
f 595// 940// 941//
f 595// 941// 596//
f 1026// 1027// 938//
f 938// 1027// 1028//
f 938// 1028// 937//
f 937// 1028// 1029//
f 1029// 1030// 937//
f 937// 1030// 1031//
f 937// 1031// 936//
f 936// 1031// 1032//
f 936// 1032// 935//
f 935// 1032// 1033//
f 935// 1033// 934//
f 934// 1033// 1034//
f 934// 1034// 933//
f 933// 1034// 600//
f 933// 600// 599//
f 601// 600// 954//
f 954// 600// 1035//
f 954// 1035// 955//
f 955// 1035// 1036//
f 955// 1036// 958//
f 958// 1036// 1037//
f 958// 1037// 959//
f 959// 1037// 1038//
f 959// 1038// 964//
f 964// 1038// 1039//
f 964// 1039// 965//
f 965// 1039// 1040//
f 965// 1040// 979//
f 979// 1040// 1041//
f 979// 1041// 980//
f 980// 1041// 1042//
f 980// 1042// 981//
f 981// 1042// 1043//
f 981// 1043// 942//
f 1043// 1044// 942//
f 942// 1044// 593//
f 942// 593// 594//
f 605// 604// 1045//
f 1045// 604// 993//
f 1045// 993// 1046//
f 1046// 993// 994//
f 1046// 994// 1047//
f 1047// 994// 995//
f 1047// 995// 1048//
f 1048// 995// 996//
f 1048// 996// 1049//
f 1049// 996// 987//
f 1049// 987// 1050//
f 1050// 987// 986//
f 1050// 986// 1051//
f 1051// 986// 984//
f 1051// 984// 1052//
f 1052// 984// 983//
f 1052// 983// 1053//
f 1053// 983// 1013//
f 1053// 1013// 1054//
f 1013// 1012// 1054//
f 1054// 1012// 592//
f 1054// 592// 591//
f 1022// 1023// 1055//
f 1055// 1023// 1024//
f 1055// 1024// 605//
f 605// 1024// 1025//
f 605// 1025// 606//
f 1055// 1056// 1022//
f 1022// 1056// 1057//
f 1022// 1057// 1021//
f 1021// 1057// 1058//
f 1058// 1059// 1021//
f 1021// 1059// 1060//
f 1021// 1060// 1020//
f 1020// 1060// 1061//
f 1020// 1061// 1019//
f 1019// 1061// 1062//
f 1019// 1062// 1018//
f 1018// 1062// 1063//
f 1018// 1063// 1017//
f 1017// 1063// 597//
f 1017// 597// 598//
f 1064// 593// 1065//
f 1042// 1041// 1066//
f 1040// 1039// 1067//
f 1068// 1069// 1070//
f 1026// 595// 1071//
f 1028// 1027// 1072//
f 1072// 1027// 1026//
f 1034// 1033// 1069//
f 1069// 1033// 1032//
f 1069// 1032// 1070//
f 1070// 1032// 1031//
f 1070// 1031// 1030//
f 600// 1034// 1035//
f 1035// 1034// 1069//
f 1035// 1069// 1036//
f 1036// 1069// 1068//
f 1036// 1068// 1037//
f 1037// 1068// 1038//
f 1026// 1071// 1072//
f 1072// 1071// 1073//
f 1072// 1073// 1074//
f 1039// 1038// 1067//
f 1067// 1038// 1068//
f 1067// 1068// 1075//
f 1075// 1068// 1070//
f 1075// 1070// 1076//
f 1076// 1070// 1030//
f 1073// 1077// 1074//
f 1074// 1077// 1078//
f 1074// 1078// 1079//
f 1041// 1040// 1066//
f 1066// 1040// 1067//
f 1066// 1067// 1080//
f 1080// 1067// 1075//
f 1080// 1075// 1081//
f 1081// 1075// 1076//
f 1078// 1082// 1079//
f 1079// 1082// 1083//
f 1079// 1083// 1084//
f 1081// 1085// 1080//
f 1080// 1085// 1086//
f 1080// 1086// 1066//
f 1066// 1086// 1087//
f 1066// 1087// 1042//
f 1029// 1028// 1088//
f 1088// 1028// 1072//
f 1088// 1072// 1089//
f 1089// 1072// 1074//
f 1089// 1074// 1090//
f 1090// 1074// 1079//
f 1090// 1079// 1091//
f 1091// 1079// 1084//
f 1091// 1084// 1092//
f 1092// 1084// 1065//
f 1092// 1065// 593//
f 593// 1044// 1087//
f 1087// 1044// 1043//
f 1087// 1043// 1042//
f 1085// 1093// 1086//
f 1086// 1093// 1094//
f 1086// 1094// 1087//
f 1087// 1094// 593//
f 1093// 1095// 1094//
f 1094// 1095// 593//
f 1083// 1096// 1084//
f 1084// 1096// 1097//
f 1084// 1097// 1065//
f 1065// 1097// 1098//
f 1065// 1098// 1064//
f 1030// 1029// 1076//
f 1076// 1029// 1088//
f 1076// 1088// 1081//
f 1081// 1088// 1089//
f 1081// 1089// 1085//
f 1085// 1089// 1090//
f 1085// 1090// 1093//
f 1093// 1090// 1091//
f 1093// 1091// 1095//
f 1095// 1091// 1092//
f 1095// 1092// 593//
f 1054// 591// 1099//
f 1100// 1101// 1102//
f 1103// 1104// 1105//
f 1106// 1107// 1108//
f 1055// 605// 1045//
f 1057// 1056// 1109//
f 1109// 1056// 1055//
f 1063// 1062// 1107//
f 1107// 1062// 1061//
f 1107// 1061// 1108//
f 1108// 1061// 1060//
f 1108// 1060// 1059//
f 597// 1063// 1110//
f 1110// 1063// 1107//
f 1110// 1107// 1111//
f 1111// 1107// 1106//
f 1111// 1106// 1112//
f 1112// 1106// 1113//
f 1055// 1045// 1109//
f 1109// 1045// 1046//
f 1109// 1046// 1114//
f 1104// 1113// 1105//
f 1105// 1113// 1106//
f 1105// 1106// 1115//
f 1115// 1106// 1108//
f 1115// 1108// 1116//
f 1116// 1108// 1059//
f 1046// 1047// 1114//
f 1114// 1047// 1048//
f 1114// 1048// 1117//
f 1101// 1103// 1102//
f 1102// 1103// 1105//
f 1102// 1105// 1118//
f 1118// 1105// 1115//
f 1118// 1115// 1119//
f 1119// 1115// 1116//
f 1048// 1049// 1117//
f 1117// 1049// 1050//
f 1117// 1050// 1120//
f 1119// 1121// 1118//
f 1118// 1121// 1122//
f 1118// 1122// 1102//
f 1102// 1122// 1123//
f 1102// 1123// 1100//
f 1058// 1057// 1124//
f 1124// 1057// 1109//
f 1124// 1109// 1125//
f 1125// 1109// 1114//
f 1125// 1114// 1126//
f 1126// 1114// 1117//
f 1126// 1117// 1127//
f 1127// 1117// 1120//
f 1127// 1120// 1128//
f 1128// 1120// 1099//
f 1128// 1099// 591//
f 591// 1129// 1123//
f 1123// 1129// 1130//
f 1123// 1130// 1100//
f 1121// 1131// 1122//
f 1122// 1131// 1132//
f 1122// 1132// 1123//
f 1123// 1132// 591//
f 1131// 1133// 1132//
f 1132// 1133// 591//
f 1050// 1051// 1120//
f 1120// 1051// 1052//
f 1120// 1052// 1099//
f 1099// 1052// 1053//
f 1099// 1053// 1054//
f 1059// 1058// 1116//
f 1116// 1058// 1124//
f 1116// 1124// 1119//
f 1119// 1124// 1125//
f 1119// 1125// 1121//
f 1121// 1125// 1126//
f 1121// 1126// 1131//
f 1131// 1126// 1127//
f 1131// 1127// 1133//
f 1133// 1127// 1128//
f 1133// 1128// 591//
f 595// 597// 1071//
f 1071// 597// 1110//
f 1071// 1110// 1073//
f 1073// 1110// 1111//
f 1073// 1111// 1077//
f 1077// 1111// 1112//
f 1077// 1112// 1078//
f 1078// 1112// 1113//
f 1078// 1113// 1082//
f 1082// 1113// 1104//
f 1082// 1104// 1083//
f 1083// 1104// 1103//
f 1083// 1103// 1096//
f 1096// 1103// 1101//
f 1096// 1101// 1097//
f 1097// 1101// 1100//
f 1097// 1100// 1098//
f 1098// 1100// 1130//
f 1098// 1130// 1064//
f 1130// 1129// 1064//
f 1064// 1129// 591//
f 1064// 591// 593//
usemtl 2
f 1134// 584// 1135//
f 1135// 584// 583//
f 1135// 583// 1136//
f 1136// 583// 581//
f 1136// 581// 1137//
f 1137// 581// 580//
f 1137// 580// 1138//
f 1138// 580// 590//
f 1138// 590// 1139//
f 1139// 590// 589//
f 1139// 589// 1140//
f 1140// 589// 588//
f 1140// 588// 1141//
f 1141// 588// 579//
f 1141// 579// 1142//
f 1142// 579// 578//
f 1142// 578// 1143//
f 1143// 578// 577//
f 1143// 577// 1144//
f 1144// 577// 572//
f 1144// 572// 1145//
f 1145// 572// 571//
f 1145// 571// 1146//
f 1146// 571// 569//
f 1146// 569// 1147//
f 1147// 569// 568//
f 1147// 568// 1148//
f 1148// 568// 567//
f 1148// 567// 1149//
f 1149// 567// 566//
f 1149// 566// 1150//
f 1150// 566// 564//
f 1150// 564// 1151//
f 1151// 564// 563//
f 1151// 563// 1152//
f 1152// 563// 587//
f 1152// 587// 1153//
f 1153// 587// 586//
f 1153// 586// 1154//
f 1154// 586// 585//
f 1154// 585// 1155//
f 1155// 585// 576//
f 1155// 576// 1156//
f 1156// 576// 574//
f 1156// 574// 1157//
f 1157// 574// 573//
f 1157// 573// 1134//
f 1134// 573// 584//
f 1156// 1157// 1158//
f 1158// 1157// 1134//
f 1158// 1134// 1135//
f 1153// 1154// 1158//
f 1158// 1154// 1155//
f 1158// 1155// 1156//
f 1150// 1151// 1158//
f 1158// 1151// 1152//
f 1158// 1152// 1153//
f 1147// 1148// 1158//
f 1158// 1148// 1149//
f 1158// 1149// 1150//
f 1144// 1145// 1158//
f 1158// 1145// 1146//
f 1158// 1146// 1147//
f 1141// 1142// 1158//
f 1158// 1142// 1143//
f 1158// 1143// 1144//
f 1138// 1139// 1158//
f 1158// 1139// 1140//
f 1158// 1140// 1141//
f 1135// 1136// 1158//
f 1158// 1136// 1137//
f 1158// 1137// 1138//
usemtl 3
f 1159// 1160// 511//
f 511// 1160// 514//
f 1161// 1159// 510//
f 510// 1159// 511//
f 1162// 1161// 509//
f 509// 1161// 510//
f 1163// 1162// 513//
f 513// 1162// 509//
f 1164// 1163// 512//
f 512// 1163// 513//
f 1160// 1164// 514//
f 514// 1164// 512//
f 1162// 1163// 1161//
f 1161// 1163// 1164//
f 1161// 1164// 1159//
f 1159// 1164// 1160//
f 1165// 264// 263//
f 217// 1166// 263//
f 263// 1166// 1167//
f 263// 1167// 1165//
f 217// 219// 1166//
f 1166// 219// 220//
f 1166// 220// 1168//
f 1169// 1168// 221//
f 221// 1168// 220//
f 1169// 221// 1170//
f 1170// 221// 230//
f 230// 229// 1170//
f 1170// 229// 224//
f 1170// 224// 1171//
f 1171// 224// 223//
f 1171// 223// 1172//
f 1172// 223// 244//
f 1172// 244// 1173//
f 1173// 244// 243//
f 1173// 243// 1174//
f 1174// 243// 241//
f 1174// 241// 1175//
f 1175// 241// 240//
f 1175// 240// 1176//
f 1176// 240// 239//
f 1176// 239// 1177//
f 1177// 239// 228//
f 1177// 228// 1178//
f 1178// 228// 227//
f 1178// 227// 1179//
f 1179// 227// 238//
f 1179// 238// 1180//
f 1180// 238// 237//
f 1180// 237// 1181//
f 1181// 237// 226//
f 1181// 226// 1182//
f 1182// 226// 225//
f 1182// 225// 1183//
f 1183// 225// 234//
f 1183// 234// 1184//
f 1184// 234// 236//
f 1184// 236// 1185//
f 1185// 236// 235//
f 1185// 235// 1186//
f 1186// 235// 233//
f 1186// 233// 1187//
f 1187// 233// 232//
f 1187// 232// 1188//
f 1188// 232// 242//
f 222// 1189// 242//
f 242// 1189// 1190//
f 242// 1190// 1188//
f 222// 231// 1189//
f 1189// 231// 216//
f 1189// 216// 1191//
f 1192// 1191// 215//
f 215// 1191// 216//
f 1192// 215// 26//
f 1192// 26// 1193//
f 246// 1194// 247//
f 247// 1194// 1193//
f 247// 1193// 25//
f 25// 1193// 26//
f 1194// 246// 23//
f 1194// 23// 1195//
f 23// 22// 1195//
f 1195// 22// 251//
f 1195// 251// 1196//
f 1196// 251// 250//
f 1196// 250// 1197//
f 1197// 250// 249//
f 1197// 249// 1198//
f 1198// 249// 248//
f 1198// 248// 1199//
f 1199// 248// 254//
f 1199// 254// 1200//
f 254// 253// 1200//
f 1200// 253// 259//
f 1200// 259// 1201//
f 1201// 259// 258//
f 1201// 258// 1202//
f 1202// 258// 256//
f 255// 1203// 256//
f 256// 1203// 1204//
f 256// 1204// 1202//
f 255// 268// 1203//
f 1203// 268// 267//
f 1203// 267// 1205//
f 1205// 267// 266//
f 1205// 266// 1206//
f 1206// 266// 262//
f 1206// 262// 1207//
f 1207// 262// 261//
f 1207// 261// 1208//
f 1208// 261// 265//
f 1208// 265// 1209//
f 1209// 265// 264//
f 1209// 264// 1165//
f 1181// 1182// 1199//
f 1185// 1186// 1195//
f 1199// 1182// 1198//
f 1195// 1186// 1194//
f 1195// 1196// 1185//
f 1185// 1196// 1197//
f 1185// 1197// 1184//
f 1184// 1197// 1198//
f 1184// 1198// 1183//
f 1183// 1198// 1182//
f 1186// 1187// 1194//
f 1194// 1187// 1188//
f 1194// 1188// 1193//
f 1193// 1188// 1190//
f 1193// 1190// 1192//
f 1192// 1190// 1189//
f 1192// 1189// 1191//
f 1202// 1180// 1201//
f 1201// 1180// 1181//
f 1201// 1181// 1200//
f 1200// 1181// 1199//
f 1168// 1169// 1166//
f 1166// 1169// 1170//
f 1166// 1170// 1167//
f 1167// 1170// 1171//
f 1167// 1171// 1165//
f 1165// 1171// 1172//
f 1165// 1172// 1209//
f 1209// 1172// 1173//
f 1209// 1173// 1208//
f 1208// 1173// 1174//
f 1208// 1174// 1207//
f 1207// 1174// 1175//
f 1207// 1175// 1206//
f 1206// 1175// 1176//
f 1206// 1176// 1205//
f 1205// 1176// 1177//
f 1205// 1177// 1203//
f 1203// 1177// 1204//
f 1204// 1177// 1178//
f 1204// 1178// 1202//
f 1202// 1178// 1179//
f 1202// 1179// 1180//
f 1210// 1211// 201//
f 201// 1211// 211//
f 192// 1212// 193//
f 193// 1212// 1210//
f 193// 1210// 201//
f 1213// 1212// 194//
f 194// 1212// 192//
f 200// 1214// 195//
f 195// 1214// 1213//
f 195// 1213// 194//
f 1215// 1214// 202//
f 202// 1214// 200//
f 206// 1216// 204//
f 204// 1216// 1215//
f 204// 1215// 202//
f 1217// 1216// 205//
f 205// 1216// 206//
f 199// 1218// 203//
f 203// 1218// 1217//
f 203// 1217// 205//
f 1219// 1218// 197//
f 197// 1218// 199//
f 213// 1220// 214//
f 214// 1220// 1219//
f 214// 1219// 197//
f 1221// 1220// 207//
f 207// 1220// 213//
f 211// 1211// 209//
f 209// 1211// 1221//
f 209// 1221// 207//
f 1214// 1215// 1213//
f 1213// 1215// 1216//
f 1211// 1210// 1221//
f 1221// 1210// 1212//
f 1218// 1219// 1217//
f 1217// 1219// 1220//
f 1217// 1220// 1216//
f 1216// 1220// 1221//
f 1216// 1221// 1213//
f 1213// 1221// 1212//
f 1222// 1223// 1224//
f 1224// 1223// 1225//
f 1224// 1225// 1226//
f 1226// 1225// 1227//
f 1226// 1227// 1228//
f 1228// 1227// 1229//
f 1228// 1229// 1230//
f 1230// 1229// 1231//
f 1230// 1231// 1232//
f 1232// 1231// 1233//
f 1232// 1233// 1234//
f 1234// 1233// 1235//
f 1234// 1235// 1236//
f 1236// 1235// 1237//
f 1236// 1237// 1238//
f 1238// 1237// 1239//
f 1238// 1239// 1240//
f 1240// 1239// 1241//
f 1240// 1241// 1242//
f 1242// 1241// 1243//
f 1242// 1243// 1244//
f 1244// 1243// 1245//
f 1244// 1245// 1246//
f 1246// 1245// 1247//
f 1246// 1247// 1248//
f 1248// 1247// 1249//
f 1248// 1249// 1250//
f 1250// 1249// 1251//
f 1250// 1251// 1252//
f 1252// 1251// 1253//
f 1252// 1253// 1254//
f 1254// 1253// 1255//
f 1254// 1255// 1256//
f 1256// 1255// 1222//
f 1256// 1222// 1224//
f 1230// 1232// 14//
f 14// 1232// 515//
f 1230// 14// 13//
f 1230// 13// 1228//
f 1228// 13// 524//
f 1228// 524// 1226//
f 1226// 524// 523//
f 1226// 523// 1224//
f 1224// 523// 522//
f 1224// 522// 1256//
f 1256// 522// 521//
f 1256// 521// 1254//
f 1254// 521// 520//
f 1254// 520// 1252//
f 1252// 520// 519//
f 1252// 519// 1250//
f 1250// 519// 517//
f 1250// 517// 1248//
f 1248// 517// 516//
f 1248// 516// 1246//
f 1246// 516// 530//
f 1246// 530// 1244//
f 1244// 530// 529//
f 1244// 529// 1242//
f 1242// 529// 528//
f 1242// 528// 1240//
f 1240// 528// 527//
f 1240// 527// 1238//
f 1238// 527// 526//
f 1238// 526// 1236//
f 1234// 1236// 525//
f 525// 1236// 526//
f 1232// 1234// 515//
f 515// 1234// 525//
f 1237// 1235// 1257//
f 1257// 1235// 1258//
f 1235// 1233// 1258//
f 1258// 1233// 1259//
f 1233// 1231// 1259//
f 1259// 1231// 1260//
f 1223// 1261// 1262//
f 1223// 1262// 1225//
f 1225// 1262// 1263//
f 1225// 1263// 1227//
f 1227// 1263// 1264//
f 1227// 1264// 1229//
f 1229// 1264// 1260//
f 1229// 1260// 1231//
f 1251// 1265// 1266//
f 1251// 1266// 1253//
f 1253// 1266// 1267//
f 1253// 1267// 1255//
f 1255// 1267// 1268//
f 1255// 1268// 1222//
f 1222// 1268// 1261//
f 1222// 1261// 1223//
f 1243// 1269// 1270//
f 1243// 1270// 1245//
f 1245// 1270// 1271//
f 1245// 1271// 1247//
f 1247// 1271// 1272//
f 1247// 1272// 1249//
f 1249// 1272// 1265//
f 1249// 1265// 1251//
f 1237// 1257// 1273//
f 1237// 1273// 1239//
f 1239// 1273// 1274//
f 1239// 1274// 1241//
f 1241// 1274// 1269//
f 1241// 1269// 1243//
usemtl 1
f 1258// 1259// 1257//
f 1257// 1259// 1260//
f 1260// 1264// 1257//
f 1257// 1264// 1263//
f 1257// 1263// 1262//
f 1262// 1261// 1257//
f 1257// 1261// 1268//
f 1257// 1268// 1267//
f 1265// 1269// 1274//
f 1272// 1271// 1265//
f 1265// 1271// 1270//
f 1265// 1270// 1269//
f 1267// 1266// 1257//
f 1257// 1266// 1265//
f 1257// 1265// 1273//
f 1273// 1265// 1274//
usemtl 3
f 1275// 1276// 1277//
f 1277// 1276// 1278//
f 1279// 1280// 1275//
f 1275// 1280// 1281//
f 1275// 1281// 1276//
f 1276// 1281// 1282//
f 1279// 1283// 1280//
f 1280// 1283// 1284//
f 1280// 1284// 1285//
f 1285// 1284// 1286//
f 1285// 1286// 1287//
f 1287// 1288// 1285//
f 1285// 1288// 1277//
f 1285// 1277// 1289//
f 1289// 1277// 1278//
f 1289// 1278// 1290//
f 1285// 1289// 186//
f 186// 1289// 181//
f 1280// 1285// 184//
f 184// 1285// 186//
f 188// 1281// 183//
f 183// 1281// 1280//
f 183// 1280// 184//
f 1282// 1281// 190//
f 190// 1281// 188//
f 1276// 1282// 191//
f 191// 1282// 190//
f 177// 1278// 178//
f 178// 1278// 1276//
f 178// 1276// 191//
f 1290// 1278// 179//
f 179// 1278// 177//
f 1289// 1290// 181//
f 181// 1290// 179//
f 1275// 1277// 1291//
f 1291// 1277// 1292//
f 1277// 1288// 1292//
f 1292// 1288// 1293//
f 1286// 1294// 1295//
f 1286// 1295// 1287//
f 1287// 1295// 1293//
f 1287// 1293// 1288//
f 1286// 1284// 1294//
f 1294// 1284// 1296//
f 1279// 1297// 1298//
f 1279// 1298// 1283//
f 1283// 1298// 1296//
f 1283// 1296// 1284//
f 1279// 1275// 1297//
f 1297// 1275// 1291//
usemtl 1
f 1294// 1296// 1295//
f 1295// 1296// 1298//
f 1295// 1298// 1293//
f 1293// 1298// 1297//
f 1293// 1297// 1292//
f 1292// 1297// 1291//
usemtl 3
f 1299// 1300// 474//
f 474// 1300// 472//
f 1301// 1299// 479//
f 479// 1299// 474//
f 1302// 1301// 478//
f 478// 1301// 479//
f 1303// 1302// 480//
f 480// 1302// 478//
f 1304// 1303// 481//
f 481// 1303// 480//
f 1305// 1304// 482//
f 482// 1304// 481//
f 1306// 1305// 483//
f 483// 1305// 482//
f 1307// 1306// 475//
f 475// 1306// 483//
f 1308// 1307// 477//
f 477// 1307// 475//
f 1309// 1308// 476//
f 476// 1308// 477//
f 1310// 1309// 473//
f 473// 1309// 476//
f 1300// 1310// 472//
f 472// 1310// 473//
f 1310// 1300// 1299//
f 1299// 1301// 1310//
f 1310// 1301// 1302//
f 1310// 1302// 1309//
f 1307// 1308// 1306//
f 1306// 1308// 1309//
f 1306// 1309// 1305//
f 1305// 1309// 1302//
f 1305// 1302// 1304//
f 1304// 1302// 1303//
f 1311// 1312// 1313//
f 1314// 1315// 1316//
f 1316// 1315// 1317//
f 1318// 1319// 1312//
f 1312// 1319// 1315//
f 1312// 1315// 1313//
f 1313// 1315// 1314//
f 1320// 1321// 1322//
f 1313// 1323// 1311//
f 1311// 1323// 1324//
f 1311// 1324// 1325//
f 1325// 1324// 1326//
f 1325// 1326// 1327//
f 1327// 1326// 1328//
f 1327// 1328// 1329//
f 1329// 1328// 1330//
f 1329// 1330// 1331//
f 1331// 1330// 1332//
f 1331// 1332// 1333//
f 1333// 1332// 1334//
f 1333// 1334// 1335//
f 1335// 1334// 1336//
f 1335// 1336// 1337//
f 1337// 1336// 1338//
f 1337// 1338// 1339//
f 1339// 1338// 1340//
f 1322// 1321// 1341//
f 1341// 1321// 1342//
f 1341// 1342// 1343//
f 1320// 1322// 1344//
f 1344// 1322// 1345//
f 1344// 1345// 1346//
f 1346// 1345// 1347//
f 1346// 1347// 1348//
f 1348// 1347// 1349//
f 1348// 1349// 1350//
f 1350// 1349// 1351//
f 1350// 1351// 1352//
f 1352// 1351// 1353//
f 1352// 1353// 1354//
f 1354// 1353// 1355//
f 1354// 1355// 1356//
f 1356// 1355// 1357//
f 1356// 1357// 1340//
f 1340// 1357// 1358//
f 1340// 1358// 1339//
f 1359// 1360// 1361//
f 1361// 1360// 1362//
f 1361// 1362// 1363//
f 1363// 1362// 1364//
f 1363// 1364// 1365//
f 1365// 1364// 1366//
f 1365// 1366// 1367//
f 1367// 1366// 1368//
f 1367// 1368// 1369//
f 1369// 1368// 1370//
f 1369// 1370// 1371//
f 1371// 1370// 1372//
f 1371// 1372// 1373//
f 1373// 1372// 1374//
f 1373// 1374// 1375//
f 1375// 1374// 1376//
f 1375// 1376// 1377//
f 1377// 1376// 1378//
f 1377// 1378// 1315//
f 1315// 1378// 1343//
f 1315// 1343// 1317//
f 1317// 1343// 1342//
f 1365// 320// 319//
f 1365// 319// 1363//
f 1363// 319// 318//
f 1363// 318// 1361//
f 1361// 318// 317//
f 1361// 317// 1359//
f 1360// 1359// 286//
f 286// 1359// 317//
f 1360// 286// 294//
f 1360// 294// 1362//
f 1362// 294// 298//
f 1362// 298// 1364//
f 1364// 298// 297//
f 1364// 297// 1366//
f 1366// 297// 296//
f 1366// 296// 1368//
f 1368// 296// 326//
f 1368// 326// 1370//
f 1370// 326// 325//
f 1370// 325// 1372//
f 1372// 325// 324//
f 1372// 324// 1374//
f 1374// 324// 323//
f 1374// 323// 1376//
f 1376// 323// 322//
f 1376// 322// 1378//
f 1378// 322// 321//
f 1378// 321// 1343//
f 1341// 1343// 295//
f 295// 1343// 321//
f 1341// 295// 293//
f 1341// 293// 1322//
f 1322// 293// 292//
f 1322// 292// 1345//
f 1345// 292// 285//
f 1345// 285// 1347//
f 1347// 285// 287//
f 1347// 287// 1349//
f 1349// 287// 288//
f 1349// 288// 1351//
f 1351// 288// 316//
f 1351// 316// 1353//
f 1353// 316// 315//
f 1353// 315// 1355//
f 1355// 315// 303//
f 1355// 303// 1357//
f 1357// 303// 302//
f 1357// 302// 1358//
f 1358// 302// 300//
f 1358// 300// 1339//
f 331// 1333// 333//
f 333// 1333// 1335//
f 333// 1335// 334//
f 334// 1335// 1337//
f 334// 1337// 299//
f 299// 1337// 1339//
f 299// 1339// 300//
f 1333// 331// 330//
f 1333// 330// 1331//
f 1331// 330// 328//
f 1331// 328// 1329//
f 328// 327// 1329//
f 1329// 327// 314//
f 1329// 314// 1327//
f 1327// 314// 313//
f 1327// 313// 1325//
f 1325// 313// 312//
f 1325// 312// 1311//
f 1312// 1311// 311//
f 311// 1311// 312//
f 1318// 1312// 291//
f 291// 1312// 311//
f 1319// 1318// 290//
f 290// 1318// 291//
f 1315// 1319// 310//
f 310// 1319// 290//
f 1315// 310// 309//
f 1315// 309// 1377//
f 1377// 309// 308//
f 1377// 308// 1375//
f 1375// 308// 307//
f 1375// 307// 1373//
f 1373// 307// 306//
f 1373// 306// 1371//
f 1371// 306// 305//
f 1371// 305// 1369//
f 1369// 305// 304//
f 1369// 304// 1367//
f 1367// 304// 320//
f 1367// 320// 1365//
f 1344// 1379// 1380//
f 1344// 1380// 1320//
f 1320// 1380// 1381//
f 1320// 1381// 1321//
f 1321// 1381// 1382//
f 1321// 1382// 1342//
f 1352// 1383// 1384//
f 1352// 1384// 1350//
f 1350// 1384// 1385//
f 1350// 1385// 1348//
f 1348// 1385// 1386//
f 1348// 1386// 1346//
f 1346// 1386// 1379//
f 1346// 1379// 1344//
f 1338// 1387// 1388//
f 1338// 1388// 1340//
f 1340// 1388// 1389//
f 1340// 1389// 1356//
f 1356// 1389// 1390//
f 1356// 1390// 1354//
f 1354// 1390// 1383//
f 1354// 1383// 1352//
f 1332// 1391// 1392//
f 1332// 1392// 1334//
f 1334// 1392// 1393//
f 1334// 1393// 1336//
f 1336// 1393// 1387//
f 1336// 1387// 1338//
f 1324// 1394// 1395//
f 1324// 1395// 1326//
f 1326// 1395// 1396//
f 1326// 1396// 1328//
f 1328// 1396// 1397//
f 1328// 1397// 1330//
f 1330// 1397// 1391//
f 1330// 1391// 1332//
f 1316// 1398// 1399//
f 1316// 1399// 1314//
f 1314// 1399// 1400//
f 1314// 1400// 1313//
f 1313// 1400// 1401//
f 1313// 1401// 1323//
f 1323// 1401// 1394//
f 1323// 1394// 1324//
f 1316// 1317// 1398//
f 1398// 1317// 1402//
f 1317// 1342// 1402//
f 1402// 1342// 1382//
usemtl 1
f 1399// 1398// 1379//
f 1398// 1402// 1382//
f 1382// 1381// 1398//
f 1398// 1381// 1380//
f 1398// 1380// 1379//
f 1399// 1379// 1400//
f 1400// 1379// 1386//
f 1400// 1386// 1401//
f 1388// 1387// 1395//
f 1388// 1395// 1389//
f 1396// 1395// 1397//
f 1397// 1395// 1391//
f 1386// 1385// 1401//
f 1401// 1385// 1384//
f 1401// 1384// 1394//
f 1394// 1384// 1383//
f 1394// 1383// 1395//
f 1395// 1383// 1390//
f 1395// 1390// 1389//
f 1387// 1393// 1395//
f 1395// 1393// 1392//
f 1395// 1392// 1391//
usemtl 3
f 1403// 392// 389//
f 343// 1404// 389//
f 389// 1404// 1405//
f 389// 1405// 1403//
f 343// 342// 1404//
f 1404// 342// 337//
f 1404// 337// 1406//
f 1407// 1406// 336//
f 336// 1406// 337//
f 1407// 336// 1408//
f 1408// 336// 335//
f 351// 1409// 349//
f 349// 1409// 1408//
f 349// 1408// 347//
f 347// 1408// 335//
f 1409// 351// 1410//
f 1410// 351// 20//
f 20// 19// 1410//
f 1410// 19// 370//
f 1410// 370// 1411//
f 1411// 370// 369//
f 1411// 369// 1412//
f 1412// 369// 358//
f 1412// 358// 1413//
f 1413// 358// 357//
f 1413// 357// 1414//
f 1414// 357// 356//
f 1414// 356// 1415//
f 1415// 356// 368//
f 1415// 368// 1416//
f 1416// 368// 367//
f 1416// 367// 1417//
f 1417// 367// 366//
f 1417// 366// 1418//
f 1418// 366// 365//
f 1418// 365// 1419//
f 1419// 365// 385//
f 1419// 385// 1420//
f 1420// 385// 384//
f 1420// 384// 1421//
f 1421// 384// 382//
f 1421// 382// 1422//
f 1422// 382// 380//
f 1422// 380// 1423//
f 1423// 380// 379//
f 1423// 379// 1424//
f 1424// 379// 378//
f 1424// 378// 1425//
f 1425// 378// 377//
f 1425// 377// 1426//
f 1426// 377// 376//
f 1426// 376// 1427//
f 1427// 376// 373//
f 1427// 373// 1428//
f 1428// 373// 388//
f 1428// 388// 1429//
f 1429// 388// 387//
f 1429// 387// 1430//
f 1430// 387// 386//
f 1430// 386// 1431//
f 1431// 386// 375//
f 1431// 375// 1432//
f 1432// 375// 374//
f 1432// 374// 1433//
f 1433// 374// 372//
f 1433// 372// 1434//
f 1434// 372// 371//
f 1434// 371// 1435//
f 1435// 371// 381//
f 1435// 381// 1436//
f 1436// 381// 383//
f 1436// 383// 1437//
f 1437// 383// 353//
f 1437// 353// 1438//
f 1439// 1438// 352//
f 352// 1438// 353//
f 1439// 352// 364//
f 1439// 364// 1440//
f 1440// 364// 363//
f 1440// 363// 1441//
f 1441// 363// 362//
f 1441// 362// 1442//
f 1442// 362// 355//
f 1442// 355// 1443//
f 1443// 355// 354//
f 1443// 354// 1444//
f 1444// 354// 1445//
f 1445// 354// 361//
f 361// 360// 1445//
f 1445// 360// 359//
f 1445// 359// 1446//
f 1446// 359// 339//
f 1446// 339// 1447//
f 1447// 339// 338//
f 1447// 338// 1448//
f 1448// 338// 341//
f 1448// 341// 1449//
f 1449// 341// 340//
f 1449// 340// 1450//
f 1450// 340// 345//
f 1450// 345// 1451//
f 390// 1452// 1453//
f 1451// 345// 346//
f 1451// 346// 1454//
f 1454// 346// 344//
f 1454// 344// 1453//
f 1453// 344// 391//
f 1453// 391// 390//
f 1452// 390// 394//
f 1452// 394// 1455//
f 1455// 394// 405//
f 1455// 405// 1456//
f 1456// 405// 404//
f 1456// 404// 1457//
f 1457// 404// 403//
f 1457// 403// 1458//
f 1458// 403// 397//
f 1458// 397// 1459//
f 1459// 397// 396//
f 1459// 396// 1460//
f 1460// 396// 402//
f 1460// 402// 1461//
f 1461// 402// 401//
f 1461// 401// 1462//
f 1462// 401// 400//
f 1462// 400// 1463//
f 1463// 400// 399//
f 1463// 399// 1464//
f 1464// 399// 398//
f 1464// 398// 1465//
f 1465// 398// 395//
f 1465// 395// 1466//
f 1466// 395// 393//
f 1466// 393// 1467//
f 1467// 393// 392//
f 1467// 392// 1403//
f 1431// 1432// 1443//
f 1443// 1432// 1442//
f 1455// 1422// 1452//
f 1452// 1422// 1423//
f 1411// 1412// 1463//
f 1463// 1412// 1413//
f 1463// 1413// 1462//
f 1462// 1413// 1414//
f 1462// 1414// 1461//
f 1461// 1414// 1415//
f 1461// 1415// 1460//
f 1460// 1415// 1416//
f 1460// 1416// 1459//
f 1459// 1416// 1417//
f 1459// 1417// 1458//
f 1458// 1417// 1418//
f 1458// 1418// 1457//
f 1457// 1418// 1419//
f 1457// 1419// 1456//
f 1456// 1419// 1420//
f 1456// 1420// 1455//
f 1455// 1420// 1421//
f 1455// 1421// 1422//
f 1409// 1403// 1408//
f 1408// 1403// 1405//
f 1408// 1405// 1407//
f 1407// 1405// 1404//
f 1407// 1404// 1406//
f 1432// 1433// 1442//
f 1442// 1433// 1434//
f 1442// 1434// 1441//
f 1441// 1434// 1435//
f 1441// 1435// 1440//
f 1440// 1435// 1436//
f 1440// 1436// 1439//
f 1439// 1436// 1437//
f 1439// 1437// 1438//
f 1463// 1464// 1411//
f 1411// 1464// 1465//
f 1411// 1465// 1410//
f 1410// 1465// 1466//
f 1410// 1466// 1409//
f 1409// 1466// 1467//
f 1409// 1467// 1403//
f 1443// 1444// 1431//
f 1431// 1444// 1445//
f 1431// 1445// 1430//
f 1430// 1445// 1446//
f 1430// 1446// 1429//
f 1429// 1446// 1447//
f 1429// 1447// 1428//
f 1428// 1447// 1448//
f 1428// 1448// 1427//
f 1427// 1448// 1449//
f 1427// 1449// 1426//
f 1426// 1449// 1450//
f 1426// 1450// 1425//
f 1425// 1450// 1451//
f 1425// 1451// 1424//
f 1424// 1451// 1454//
f 1424// 1454// 1423//
f 1423// 1454// 1453//
f 1423// 1453// 1452//
f 1468// 1469// 416//
f 416// 1469// 415//
f 1470// 1468// 418//
f 418// 1468// 416//
f 1470// 418// 419//
f 1470// 419// 1471//
f 1471// 419// 414//
f 1471// 414// 1472//
f 1473// 1472// 413//
f 413// 1472// 414//
f 1474// 1473// 412//
f 412// 1473// 413//
f 422// 1475// 417//
f 417// 1475// 1474//
f 417// 1474// 412//
f 1476// 1475// 421//
f 421// 1475// 422//
f 423// 1477// 420//
f 420// 1477// 1476//
f 420// 1476// 421//
f 425// 1478// 424//
f 424// 1478// 1477//
f 424// 1477// 423//
f 1478// 425// 17//
f 1478// 17// 1479//
f 1479// 17// 16//
f 1479// 16// 1480//
f 1480// 16// 437//
f 1480// 437// 1481//
f 1481// 437// 436//
f 1481// 436// 1482//
f 1482// 436// 430//
f 1482// 430// 1483//
f 1483// 430// 429//
f 1483// 429// 1484//
f 1484// 429// 428//
f 1484// 428// 1485//
f 1486// 1485// 427//
f 427// 1485// 428//
f 1486// 427// 435//
f 1486// 435// 1487//
f 1487// 435// 434//
f 1487// 434// 1488//
f 1488// 434// 432//
f 1488// 432// 1489//
f 1489// 432// 431//
f 1489// 431// 1490//
f 431// 444// 1490//
f 1490// 444// 443//
f 1490// 443// 1491//
f 1491// 443// 442//
f 1491// 442// 1492//
f 1492// 442// 439//
f 1492// 439// 1493//
f 1493// 439// 438//
f 1493// 438// 1494//
f 415// 1469// 441//
f 441// 1469// 1494//
f 441// 1494// 438//
f 1471// 1472// 1494//
f 1469// 1468// 1494//
f 1494// 1468// 1470//
f 1494// 1470// 1471//
f 1475// 1476// 1474//
f 1474// 1476// 1477//
f 1474// 1477// 1473//
f 1485// 1486// 1484//
f 1484// 1486// 1487//
f 1484// 1487// 1483//
f 1483// 1487// 1488//
f 1483// 1488// 1482//
f 1482// 1488// 1489//
f 1482// 1489// 1481//
f 1481// 1489// 1490//
f 1481// 1490// 1480//
f 1493// 1479// 1492//
f 1492// 1479// 1480//
f 1492// 1480// 1491//
f 1491// 1480// 1490//
f 1472// 1473// 1494//
f 1494// 1473// 1477//
f 1494// 1477// 1493//
f 1493// 1477// 1478//
f 1493// 1478// 1479//
f 1495// 1496// 452//
f 452// 1496// 408//
f 445// 1497// 446//
f 446// 1497// 1495//
f 446// 1495// 452//
f 1498// 1497// 447//
f 447// 1497// 445//
f 451// 1499// 448//
f 448// 1499// 1498//
f 448// 1498// 447//
f 1500// 1499// 453//
f 453// 1499// 451//
f 457// 1501// 455//
f 455// 1501// 1500//
f 455// 1500// 453//
f 1502// 1501// 456//
f 456// 1501// 457//
f 450// 1503// 454//
f 454// 1503// 1502//
f 454// 1502// 456//
f 1504// 1503// 449//
f 449// 1503// 450//
f 406// 1505// 407//
f 407// 1505// 1504//
f 407// 1504// 449//
f 1506// 1505// 411//
f 411// 1505// 406//
f 408// 1496// 409//
f 409// 1496// 1506//
f 409// 1506// 411//
f 1506// 1496// 1495//
f 1495// 1497// 1506//
f 1506// 1497// 1498//
f 1506// 1498// 1505//
f 1503// 1504// 1502//
f 1502// 1504// 1505//
f 1502// 1505// 1501//
f 1501// 1505// 1498//
f 1501// 1498// 1500//
f 1500// 1498// 1499//
f 1507// 1508// 1509//
f 1509// 1508// 1510//
f 1509// 1510// 1511//
f 1511// 1510// 1512//
f 1511// 1512// 1513//
f 1513// 1512// 1514//
f 1513// 1514// 1515//
f 1515// 1514// 1516//
f 1515// 1516// 1517//
f 1517// 1516// 1518//
f 1517// 1518// 1519//
f 1519// 1518// 1520//
f 1519// 1520// 1521//
f 1521// 1520// 1522//
f 1521// 1522// 1523//
f 1523// 1522// 1524//
f 1523// 1524// 1525//
f 1525// 1524// 1526//
f 1525// 1526// 1527//
f 1527// 1526// 1528//
f 1527// 1528// 1529//
f 1529// 1528// 1530//
f 1529// 1530// 1531//
f 1531// 1530// 1532//
f 1531// 1532// 1533//
f 1533// 1532// 1534//
f 1533// 1534// 1535//
f 1535// 1534// 1536//
f 1535// 1536// 1537//
f 1537// 1536// 1538//
f 1537// 1538// 1539//
f 1539// 1538// 1540//
f 1539// 1540// 1541//
f 1541// 1540// 1507//
f 1541// 1507// 1509//
f 1515// 1517// 485//
f 485// 1517// 486//
f 1515// 485// 484//
f 1515// 484// 1513//
f 1513// 484// 490//
f 1513// 490// 1511//
f 1511// 490// 489//
f 1511// 489// 1509//
f 1509// 489// 488//
f 1509// 488// 1541//
f 1541// 488// 487//
f 1541// 487// 1539//
f 1539// 487// 500//
f 1539// 500// 1537//
f 1537// 500// 499//
f 1537// 499// 1535//
f 1535// 499// 498//
f 1535// 498// 1533//
f 1533// 498// 497//
f 1533// 497// 1531//
f 1531// 497// 496//
f 1531// 496// 1529//
f 1529// 496// 495//
f 1529// 495// 1527//
f 1527// 495// 494//
f 1527// 494// 1525//
f 1525// 494// 493//
f 1525// 493// 1523//
f 1523// 493// 492//
f 1523// 492// 1521//
f 1519// 1521// 491//
f 491// 1521// 492//
f 1517// 1519// 486//
f 486// 1519// 491//
f 1522// 1520// 1542//
f 1542// 1520// 1543//
f 1520// 1518// 1543//
f 1543// 1518// 1544//
f 1518// 1516// 1544//
f 1544// 1516// 1545//
f 1508// 1546// 1547//
f 1508// 1547// 1510//
f 1510// 1547// 1548//
f 1510// 1548// 1512//
f 1512// 1548// 1549//
f 1512// 1549// 1514//
f 1514// 1549// 1545//
f 1514// 1545// 1516//
f 1536// 1550// 1551//
f 1536// 1551// 1538//
f 1538// 1551// 1552//
f 1538// 1552// 1540//
f 1540// 1552// 1553//
f 1540// 1553// 1507//
f 1507// 1553// 1546//
f 1507// 1546// 1508//
f 1528// 1554// 1555//
f 1528// 1555// 1530//
f 1530// 1555// 1556//
f 1530// 1556// 1532//
f 1532// 1556// 1557//
f 1532// 1557// 1534//
f 1534// 1557// 1550//
f 1534// 1550// 1536//
f 1522// 1542// 1558//
f 1522// 1558// 1524//
f 1524// 1558// 1559//
f 1524// 1559// 1526//
f 1526// 1559// 1554//
f 1526// 1554// 1528//
usemtl 1
f 1543// 1544// 1542//
f 1542// 1544// 1545//
f 1545// 1549// 1542//
f 1542// 1549// 1548//
f 1542// 1548// 1547//
f 1547// 1546// 1542//
f 1542// 1546// 1553//
f 1542// 1553// 1552//
f 1550// 1554// 1559//
f 1557// 1556// 1550//
f 1550// 1556// 1555//
f 1550// 1555// 1554//
f 1552// 1551// 1542//
f 1542// 1551// 1550//
f 1542// 1550// 1558//
f 1558// 1550// 1559//
usemtl 3
f 1560// 1561// 1562//
f 1562// 1561// 1563//
f 1564// 1565// 1560//
f 1560// 1565// 1566//
f 1560// 1566// 1561//
f 1561// 1566// 1567//
f 1564// 1568// 1565//
f 1565// 1568// 1569//
f 1565// 1569// 1570//
f 1570// 1569// 1571//
f 1570// 1571// 1572//
f 1572// 1573// 1570//
f 1570// 1573// 1562//
f 1570// 1562// 1574//
f 1574// 1562// 1563//
f 1574// 1563// 1575//
f 1570// 1574// 507//
f 507// 1574// 508//
f 1565// 1570// 506//
f 506// 1570// 507//
f 1566// 1565// 502//
f 502// 1565// 506//
f 1567// 1566// 501//
f 501// 1566// 502//
f 1561// 1567// 505//
f 505// 1567// 501//
f 1563// 1561// 504//
f 504// 1561// 505//
f 1575// 1563// 503//
f 503// 1563// 504//
f 1574// 1575// 508//
f 508// 1575// 503//
f 1560// 1562// 1576//
f 1576// 1562// 1577//
f 1562// 1573// 1577//
f 1577// 1573// 1578//
f 1571// 1579// 1580//
f 1571// 1580// 1572//
f 1572// 1580// 1578//
f 1572// 1578// 1573//
f 1571// 1569// 1579//
f 1579// 1569// 1581//
f 1564// 1582// 1583//
f 1564// 1583// 1568//
f 1568// 1583// 1581//
f 1568// 1581// 1569//
f 1564// 1560// 1582//
f 1582// 1560// 1576//
usemtl 1
f 1579// 1581// 1580//
f 1580// 1581// 1583//
f 1580// 1583// 1578//
f 1578// 1583// 1582//
f 1578// 1582// 1577//
f 1577// 1582// 1576//
usemtl 3
f 1584// 1585// 1586//
f 1587// 1588// 1589//
f 1590// 1591// 1592//
f 1593// 1594// 1595//
f 1596// 1595// 1597//
f 1597// 1595// 1598//
f 1586// 1585// 1599//
f 1600// 1601// 1602//
f 1602// 1601// 1603//
f 1602// 1603// 1604//
f 1604// 1603// 1605//
f 1604// 1605// 1589//
f 1589// 1605// 1606//
f 1589// 1606// 1587//
f 1607// 1593// 1608//
f 1608// 1593// 1595//
f 1608// 1595// 1609//
f 1609// 1595// 1596//
f 1610// 1611// 1612//
f 1612// 1611// 1613//
f 1612// 1613// 1614//
f 1614// 1613// 1615//
f 1614// 1615// 1616//
f 1616// 1615// 1617//
f 1590// 1592// 1618//
f 1618// 1592// 1619//
f 1618// 1619// 1620//
f 1620// 1619// 1621//
f 1620// 1621// 1622//
f 1585// 1623// 1599//
f 1599// 1623// 1624//
f 1599// 1624// 1625//
f 1625// 1624// 1626//
f 1625// 1626// 1590//
f 1590// 1626// 1627//
f 1590// 1627// 1591//
f 1628// 1629// 1605//
f 1605// 1629// 1630//
f 1605// 1630// 1631//
f 1631// 1630// 1632//
f 1631// 1632// 1633//
f 1633// 1632// 1634//
f 1633// 1634// 1635//
f 1635// 1634// 1636//
f 1635// 1636// 1637//
f 1637// 1636// 1638//
f 1637// 1638// 1639//
f 1639// 1638// 1640//
f 1639// 1640// 1608//
f 1608// 1640// 1641//
f 1608// 1641// 1607//
f 1642// 1643// 1603//
f 1603// 1643// 1644//
f 1603// 1644// 1605//
f 1605// 1644// 1645//
f 1605// 1645// 1628//
f 1646// 1647// 1648//
f 1648// 1647// 1649//
f 1648// 1649// 1650//
f 1650// 1649// 1651//
f 1650// 1651// 1652//
f 1652// 1651// 1653//
f 1652// 1653// 1654//
f 1654// 1653// 1655//
f 1654// 1655// 1656//
f 1594// 1657// 1595//
f 1595// 1657// 1658//
f 1595// 1658// 1659//
f 1659// 1658// 1660//
f 1659// 1660// 1661//
f 1661// 1660// 1662//
f 1661// 1662// 1663//
f 1663// 1662// 1664//
f 1663// 1664// 1665//
f 1665// 1664// 1666//
f 1665// 1666// 1667//
f 1667// 1666// 1668//
f 1667// 1668// 1669//
f 1669// 1668// 1670//
f 1669// 1670// 1671//
f 1671// 1670// 1672//
f 1671// 1672// 1673//
f 1673// 1672// 1674//
f 1673// 1674// 1603//
f 1603// 1674// 1675//
f 1603// 1675// 1642//
f 1615// 1676// 1617//
f 1617// 1676// 1677//
f 1617// 1677// 1678//
f 1678// 1677// 1679//
f 1678// 1679// 1680//
f 1680// 1679// 1681//
f 1680// 1681// 1682//
f 1682// 1681// 1683//
f 1682// 1683// 1684//
f 1684// 1683// 1685//
f 1684// 1685// 1686//
f 1686// 1685// 1687//
f 1686// 1687// 1646//
f 1646// 1687// 1688//
f 1646// 1688// 1647//
f 1689// 1690// 1691//
f 1691// 1690// 1692//
f 1691// 1692// 1612//
f 1612// 1692// 1693//
f 1612// 1693// 1610//
f 1694// 1695// 1696//
f 1696// 1695// 1697//
f 1696// 1697// 1698//
f 1698// 1697// 1699//
f 1698// 1699// 1700//
f 1700// 1699// 1701//
f 1700// 1701// 1702//
f 1702// 1701// 1703//
f 1702// 1703// 1598//
f 1598// 1703// 1704//
f 1598// 1704// 1597//
f 1622// 1621// 1705//
f 1705// 1621// 1706//
f 1705// 1706// 1707//
f 1707// 1706// 1708//
f 1707// 1708// 1709//
f 1709// 1708// 1710//
f 1709// 1710// 1711//
f 1711// 1710// 1712//
f 1711// 1712// 1689//
f 1689// 1712// 1713//
f 1689// 1713// 1690//
f 1586// 1714// 1584//
f 1584// 1714// 1715//
f 1584// 1715// 1716//
f 1716// 1715// 1717//
f 1716// 1717// 1718//
f 1718// 1717// 1719//
f 1718// 1719// 1694//
f 1694// 1719// 1720//
f 1694// 1720// 1695//
f 1721// 1722// 1723//
f 1655// 1724// 1656//
f 1656// 1724// 1721//
f 1656// 1721// 1725//
f 1725// 1721// 1723//
f 1726// 1727// 1721//
f 1721// 1727// 1728//
f 1721// 1728// 1722//
f 1729// 1730// 1731//
f 1730// 1732// 1731//
f 1731// 1732// 1733//
f 1731// 1733// 1734//
f 1726// 1721// 1731//
f 1731// 1721// 1735//
f 1731// 1735// 1729//
f 1682// 107// 106//
f 1682// 106// 1680//
f 1680// 106// 32//
f 1680// 32// 1678//
f 32// 34// 1678//
f 1678// 34// 35//
f 1678// 35// 1617//
f 1617// 35// 36//
f 1617// 36// 1616//
f 1616// 36// 38//
f 1616// 38// 1614//
f 1614// 38// 37//
f 1614// 37// 1612//
f 1612// 37// 31//
f 1612// 31// 1691//
f 1691// 31// 29//
f 1691// 29// 1689//
f 1711// 1689// 28//
f 28// 1689// 29//
f 28// 40// 1711//
f 1711// 40// 39//
f 1711// 39// 1709//
f 1709// 39// 42//
f 1709// 42// 1707//
f 1707// 42// 44//
f 1707// 44// 1705//
f 1705// 44// 43//
f 1705// 43// 1622//
f 1622// 43// 1620//
f 1620// 43// 46//
f 1620// 46// 48//
f 1620// 48// 53//
f 1620// 53// 1618//
f 1618// 53// 55//
f 1618// 55// 1590//
f 1590// 55// 54//
f 1590// 54// 1625//
f 1625// 54// 52//
f 1625// 52// 1599//
f 1599// 52// 51//
f 1599// 51// 1586//
f 1586// 51// 57//
f 1586// 57// 1714//
f 1714// 57// 56//
f 1714// 56// 1715//
f 1715// 56// 50//
f 1715// 50// 1717//
f 65// 1697// 1695//
f 1717// 50// 49//
f 1717// 49// 1719//
f 1719// 49// 68//
f 1719// 68// 1720//
f 1720// 68// 67//
f 1720// 67// 1695//
f 1695// 67// 66//
f 1695// 66// 65//
f 1697// 65// 63//
f 1697// 63// 1699//
f 1699// 63// 62//
f 1699// 62// 1701//
f 1701// 62// 59//
f 1701// 59// 1703//
f 1703// 59// 58//
f 1703// 58// 1704//
f 1704// 58// 61//
f 1704// 61// 1597//
f 1597// 61// 69//
f 1597// 69// 1596//
f 1596// 69// 70//
f 1596// 70// 1609//
f 70// 71// 1609//
f 1609// 71// 72//
f 1609// 72// 1608//
f 1608// 72// 82//
f 1608// 82// 1639//
f 1639// 82// 81//
f 1639// 81// 1637//
f 81// 85// 1637//
f 1637// 85// 84//
f 1637// 84// 1635//
f 1635// 84// 83//
f 1635// 83// 1633//
f 144// 1604// 1589//
f 1633// 83// 77//
f 76// 1605// 77//
f 77// 1605// 1631//
f 77// 1631// 1633//
f 76// 90// 1605//
f 1605// 90// 89//
f 1605// 89// 1606//
f 1606// 89// 88//
f 1606// 88// 1587//
f 1587// 88// 87//
f 1587// 87// 1588//
f 1588// 87// 86//
f 1588// 86// 1589//
f 1589// 86// 143//
f 1589// 143// 144//
f 1602// 1604// 129//
f 129// 1604// 144//
f 1600// 1602// 93//
f 93// 1602// 129//
f 1601// 1600// 95//
f 95// 1600// 93//
f 1603// 1601// 94//
f 94// 1601// 95//
f 1603// 94// 96//
f 1603// 96// 1673//
f 1673// 96// 97//
f 1673// 97// 1671//
f 1671// 97// 123//
f 1671// 123// 1669//
f 1669// 123// 122//
f 1669// 122// 1667//
f 1667// 122// 121//
f 1667// 121// 1665//
f 1665// 121// 117//
f 1665// 117// 1663//
f 1663// 117// 118//
f 1663// 118// 1661//
f 1661// 118// 114//
f 1661// 114// 1659//
f 1659// 114// 116//
f 1659// 116// 1595//
f 1595// 116// 115//
f 1595// 115// 1598//
f 1598// 115// 113//
f 1598// 113// 1702//
f 1702// 113// 112//
f 1702// 112// 1700//
f 1700// 112// 120//
f 1700// 120// 1698//
f 1698// 120// 119//
f 1698// 119// 1696//
f 1696// 119// 1694//
f 1694// 119// 105//
f 105// 176// 1694//
f 1694// 176// 169//
f 1694// 169// 1718//
f 1718// 169// 168//
f 1718// 168// 1716//
f 1716// 168// 166//
f 1716// 166// 1584//
f 1584// 166// 165//
f 1584// 165// 1585//
f 1585// 165// 167//
f 1585// 167// 1623//
f 1623// 167// 175//
f 1623// 175// 1624//
f 1624// 175// 157//
f 1624// 157// 1626//
f 1626// 157// 156//
f 1626// 156// 1627//
f 1627// 156// 152//
f 1627// 152// 1591//
f 1591// 152// 155//
f 1591// 155// 1592//
f 1592// 155// 170//
f 1592// 170// 1619//
f 1619// 170// 172//
f 1619// 172// 1621//
f 1621// 172// 174//
f 1621// 174// 1706//
f 1706// 174// 173//
f 1706// 173// 1708//
f 1708// 173// 171//
f 1708// 171// 1710//
f 1710// 171// 154//
f 1710// 154// 1712//
f 1712// 154// 153//
f 1712// 153// 1713//
f 1713// 153// 151//
f 1713// 151// 1690//
f 1690// 151// 150//
f 1690// 150// 1692//
f 1692// 150// 164//
f 1692// 164// 1693//
f 1693// 164// 163//
f 1693// 163// 1610//
f 1611// 1610// 160//
f 160// 1610// 163//
f 1611// 160// 162//
f 1611// 162// 1613//
f 1613// 162// 161//
f 1613// 161// 1615//
f 1615// 161// 159//
f 1615// 159// 1676//
f 1676// 159// 158//
f 1676// 158// 1677//
f 1677// 158// 104//
f 1677// 104// 1679//
f 104// 103// 1679//
f 1679// 103// 102//
f 1679// 102// 1681//
f 1681// 102// 135//
f 1681// 135// 1683//
f 1683// 135// 134//
f 1683// 134// 1685//
f 1685// 134// 133//
f 1685// 133// 1687//
f 1687// 133// 132//
f 1687// 132// 1688//
f 1688// 132// 149//
f 1688// 149// 1647//
f 1647// 149// 148//
f 1647// 148// 1649//
f 1649// 148// 147//
f 1649// 147// 1651//
f 1651// 147// 146//
f 1651// 146// 1653//
f 1655// 1653// 145//
f 145// 1653// 146//
f 1655// 145// 111//
f 1655// 111// 1724//
f 1724// 111// 110//
f 1724// 110// 1721//
f 1721// 110// 109//
f 1721// 109// 1735//
f 1735// 109// 92//
f 1735// 92// 1729//
f 1729// 92// 91//
f 1729// 91// 1730//
f 1730// 91// 98//
f 1730// 98// 1732//
f 1732// 98// 131//
f 1732// 131// 1733//
f 1733// 131// 130//
f 1733// 130// 1734//
f 1734// 130// 128//
f 1734// 128// 1731//
f 1731// 128// 127//
f 1731// 127// 1726//
f 1726// 127// 142//
f 1726// 142// 1727//
f 1727// 142// 141//
f 1727// 141// 1728//
f 1728// 141// 140//
f 1728// 140// 1722//
f 1722// 140// 139//
f 1722// 139// 1723//
f 1723// 139// 138//
f 1723// 138// 1725//
f 1725// 138// 137//
f 1725// 137// 1656//
f 1656// 137// 136//
f 1656// 136// 1654//
f 1652// 1654// 126//
f 126// 1654// 136//
f 1652// 126// 125//
f 1652// 125// 1650//
f 1650// 125// 124//
f 1650// 124// 1648//
f 1648// 124// 100//
f 1648// 100// 1646//
f 1646// 100// 99//
f 1646// 99// 1686//
f 1686// 99// 108//
f 1686// 108// 1684//
f 1684// 108// 107//
f 1684// 107// 1682//
f 1668// 1736// 1737//
f 1668// 1737// 1670//
f 1670// 1737// 1738//
f 1670// 1738// 1672//
f 1672// 1738// 1739//
f 1672// 1739// 1674//
f 1674// 1739// 1740//
f 1674// 1740// 1675//
f 1675// 1740// 1741//
f 1675// 1741// 1642//
f 1642// 1741// 1742//
f 1642// 1742// 1643//
f 1643// 1742// 1743//
f 1643// 1743// 1644//
f 1644// 1743// 1744//
f 1644// 1744// 1645//
f 1645// 1744// 1745//
f 1645// 1745// 1628//
f 1628// 1745// 1746//
f 1628// 1746// 1629//
f 1629// 1746// 1747//
f 1629// 1747// 1630//
f 1630// 1747// 1748//
f 1630// 1748// 1632//
f 1632// 1748// 1749//
f 1632// 1749// 1634//
f 1634// 1749// 1750//
f 1634// 1750// 1636//
f 1636// 1750// 1751//
f 1636// 1751// 1638//
f 1638// 1751// 1752//
f 1638// 1752// 1640//
f 1640// 1752// 1753//
f 1640// 1753// 1641//
f 1641// 1753// 1754//
f 1641// 1754// 1607//
f 1607// 1754// 1755//
f 1607// 1755// 1593//
f 1593// 1755// 1756//
f 1593// 1756// 1594//
f 1594// 1756// 1757//
f 1594// 1757// 1657//
f 1657// 1757// 1758//
f 1657// 1758// 1658//
f 1658// 1758// 1759//
f 1658// 1759// 1660//
f 1660// 1759// 1760//
f 1660// 1760// 1662//
f 1662// 1760// 1761//
f 1662// 1761// 1664//
f 1664// 1761// 1762//
f 1664// 1762// 1666//
f 1666// 1762// 1736//
f 1666// 1736// 1668//
usemtl 1
f 1750// 1760// 1759//
f 1748// 1747// 1737//
f 1736// 1762// 1750//
f 1750// 1762// 1761//
f 1750// 1761// 1760//
f 1755// 1754// 1759//
f 1759// 1754// 1753//
f 1736// 1750// 1737//
f 1737// 1750// 1749//
f 1737// 1749// 1748//
f 1758// 1757// 1759//
f 1759// 1757// 1756//
f 1759// 1756// 1755//
f 1753// 1752// 1759//
f 1759// 1752// 1751//
f 1759// 1751// 1750//
f 1747// 1746// 1737//
f 1737// 1746// 1745//
f 1737// 1745// 1744//
f 1744// 1743// 1737//
f 1737// 1743// 1742//
f 1737// 1742// 1741//
f 1741// 1740// 1737//
f 1737// 1740// 1739//
f 1737// 1739// 1738//
usemtl 3
f 1763// 1764// 1765//
f 1765// 1764// 1766//
f 1767// 1763// 1768//
f 1768// 1763// 1765//
f 1769// 1767// 1770//
f 1770// 1767// 1768//
f 1769// 1770// 1771//
f 1769// 1771// 1772//
f 1772// 1771// 1773//
f 1772// 1773// 1774//
f 1774// 1773// 1775//
f 1774// 1775// 1776//
f 1776// 1775// 1777//
f 1776// 1777// 1778//
f 1778// 1777// 1779//
f 1778// 1779// 1780//
f 1780// 1779// 1781//
f 1780// 1781// 1782//
f 1783// 1782// 1784//
f 1784// 1782// 1781//
f 1783// 1784// 1785//
f 1785// 1784// 1786//
f 1785// 1786// 1787//
f 1787// 1786// 1788//
f 1787// 1788// 1789//
f 1789// 1788// 1790//
f 1789// 1790// 1791//
f 1791// 1790// 1792//
f 1791// 1792// 1793//
f 1793// 1792// 1794//
f 1793// 1794// 1795//
f 1795// 1794// 1796//
f 4// 1795// 12//
f 12// 1795// 1796//
f 1797// 2// 1798//
f 1798// 2// 11//
f 1797// 1798// 1799//
f 1797// 1799// 1800//
f 1800// 1799// 1801//
f 1800// 1801// 1802//
f 1802// 1801// 1803//
f 1802// 1803// 1804//
f 1804// 1803// 1805//
f 1804// 1805// 1806//
f 1806// 1805// 1807//
f 1806// 1807// 1808//
f 1808// 1807// 1809//
f 1808// 1809// 1810//
f 1811// 1810// 1812//
f 1812// 1810// 1809//
f 1811// 1812// 1813//
f 1813// 1812// 1814//
f 1813// 1814// 1815//
f 1815// 1814// 1816//
f 1815// 1816// 1817//
f 1817// 1816// 1818//
f 1817// 1818// 1819//
f 1819// 1818// 1820//
f 1819// 1820// 1821//
f 1821// 1820// 1822//
f 1821// 1822// 1764//
f 1764// 1822// 1766//
f 1763// 1767// 1764//
f 1764// 1767// 1769//
f 1764// 1769// 1821//
f 1821// 1769// 1772//
f 1821// 1772// 1819//
f 1819// 1772// 1774//
f 1819// 1774// 1817//
f 1817// 1774// 1776//
f 1817// 1776// 1815//
f 1815// 1776// 1778//
f 1815// 1778// 1813//
f 1813// 1778// 1780//
f 1813// 1780// 1811//
f 1811// 1780// 1782//
f 1811// 1782// 1810//
f 1810// 1782// 1783//
f 1810// 1783// 1808//
f 1808// 1783// 1785//
f 1808// 1785// 1806//
f 1806// 1785// 1787//
f 1806// 1787// 1804//
f 1804// 1787// 1789//
f 1804// 1789// 1802//
f 1802// 1789// 1791//
f 1802// 1791// 1800//
f 1800// 1791// 1793//
f 1800// 1793// 1797//
f 1797// 1793// 1795//
f 1797// 1795// 2//
f 2// 1795// 4//
f 11// 12// 1798//
f 1798// 12// 1796//
f 1798// 1796// 1799//
f 1799// 1796// 1794//
f 1799// 1794// 1801//
f 1801// 1794// 1792//
f 1801// 1792// 1803//
f 1803// 1792// 1790//
f 1803// 1790// 1805//
f 1805// 1790// 1788//
f 1805// 1788// 1807//
f 1807// 1788// 1786//
f 1807// 1786// 1809//
f 1809// 1786// 1784//
f 1809// 1784// 1812//
f 1812// 1784// 1781//
f 1812// 1781// 1814//
f 1814// 1781// 1779//
f 1814// 1779// 1816//
f 1816// 1779// 1777//
f 1816// 1777// 1818//
f 1818// 1777// 1775//
f 1818// 1775// 1820//
f 1820// 1775// 1773//
f 1820// 1773// 1822//
f 1822// 1773// 1771//
f 1822// 1771// 1766//
f 1766// 1771// 1770//
f 1766// 1770// 1765//
f 1765// 1770// 1768//
f 1823// 1824// 1825//
f 1825// 1824// 1826//
f 1823// 1825// 1827//
f 1827// 1825// 1828//
f 1827// 1828// 1829//
f 1829// 1828// 1830//
f 1829// 1830// 1831//
f 1831// 1830// 1832//
f 1831// 1832// 1833//
f 1833// 1832// 1834//
f 1833// 1834// 1835//
f 1835// 1834// 1836//
f 1835// 1836// 1837//
f 1837// 1836// 1838//
f 1839// 1837// 1840//
f 1840// 1837// 1838//
f 1839// 1840// 1841//
f 1839// 1841// 1842//
f 1842// 1841// 1843//
f 1842// 1843// 1844//
f 1844// 1843// 1845//
f 1844// 1845// 1846//
f 1846// 1845// 1847//
f 1846// 1847// 1848//
f 1848// 1847// 1849//
f 1848// 1849// 1850//
f 1850// 1849// 1851//
f 1850// 1851// 1852//
f 551// 1852// 7//
f 7// 1852// 1851//
f 1853// 553// 1854//
f 1854// 553// 5//
f 1853// 1854// 1855//
f 1855// 1854// 1856//
f 1855// 1856// 1857//
f 1857// 1856// 1858//
f 1857// 1858// 1859//
f 1859// 1858// 1860//
f 1859// 1860// 1861//
f 1861// 1860// 1862//
f 1861// 1862// 1863//
f 1863// 1862// 1864//
f 1863// 1864// 1865//
f 1865// 1864// 1866//
f 1867// 1865// 1868//
f 1868// 1865// 1866//
f 1867// 1868// 1869//
f 1867// 1869// 1870//
f 1870// 1869// 1871//
f 1870// 1871// 1872//
f 1872// 1871// 1873//
f 1872// 1873// 1874//
f 1874// 1873// 1875//
f 1874// 1875// 1876//
f 1876// 1875// 1877//
f 1876// 1877// 1878//
f 1878// 1877// 1879//
f 1878// 1879// 1880//
f 1881// 1880// 1882//
f 1882// 1880// 1879//
f 1824// 1881// 1826//
f 1826// 1881// 1882//
f 1881// 1824// 1880//
f 1880// 1824// 1823//
f 1880// 1823// 1878//
f 1878// 1823// 1827//
f 1878// 1827// 1876//
f 1876// 1827// 1829//
f 1876// 1829// 1874//
f 1874// 1829// 1831//
f 1874// 1831// 1872//
f 1872// 1831// 1833//
f 1872// 1833// 1870//
f 1870// 1833// 1835//
f 1870// 1835// 1867//
f 1867// 1835// 1837//
f 1867// 1837// 1865//
f 1865// 1837// 1839//
f 1865// 1839// 1863//
f 1863// 1839// 1842//
f 1863// 1842// 1861//
f 1861// 1842// 1844//
f 1861// 1844// 1859//
f 1859// 1844// 1846//
f 1859// 1846// 1857//
f 1857// 1846// 1848//
f 1857// 1848// 1855//
f 1855// 1848// 1850//
f 1855// 1850// 1853//
f 1853// 1850// 1852//
f 1853// 1852// 553//
f 553// 1852// 551//
f 5// 7// 1854//
f 1854// 7// 1851//
f 1854// 1851// 1856//
f 1856// 1851// 1849//
f 1856// 1849// 1858//
f 1858// 1849// 1847//
f 1858// 1847// 1860//
f 1860// 1847// 1845//
f 1860// 1845// 1862//
f 1862// 1845// 1843//
f 1862// 1843// 1864//
f 1864// 1843// 1841//
f 1864// 1841// 1866//
f 1866// 1841// 1840//
f 1866// 1840// 1868//
f 1868// 1840// 1838//
f 1868// 1838// 1869//
f 1869// 1838// 1836//
f 1869// 1836// 1871//
f 1871// 1836// 1834//
f 1871// 1834// 1873//
f 1873// 1834// 1832//
f 1873// 1832// 1875//
f 1875// 1832// 1830//
f 1875// 1830// 1877//
f 1877// 1830// 1828//
f 1877// 1828// 1879//
f 1879// 1828// 1825//
f 1879// 1825// 1882//
f 1882// 1825// 1826//
f 1883// 1884// 1885//
f 1885// 1884// 1886//
f 1887// 1883// 1888//
f 1888// 1883// 1885//
f 1889// 1887// 1890//
f 1890// 1887// 1888//
f 1889// 1890// 1891//
f 1889// 1891// 1892//
f 1892// 1891// 1893//
f 1892// 1893// 1894//
f 1894// 1893// 1895//
f 1894// 1895// 1896//
f 1896// 1895// 1897//
f 1896// 1897// 1898//
f 1898// 1897// 1899//
f 1898// 1899// 1900//
f 1900// 1899// 1901//
f 1900// 1901// 1902//
f 1903// 1902// 1904//
f 1904// 1902// 1901//
f 1903// 1904// 1905//
f 1905// 1904// 1906//
f 1905// 1906// 1907//
f 1907// 1906// 1908//
f 1907// 1908// 1909//
f 1909// 1908// 1910//
f 1909// 1910// 1911//
f 1911// 1910// 1912//
f 1911// 1912// 1913//
f 1913// 1912// 1914//
f 1913// 1914// 1915//
f 1915// 1914// 1916//
f 559// 1915// 3//
f 3// 1915// 1916//
f 1917// 561// 1918//
f 1918// 561// 1//
f 1917// 1918// 1919//
f 1917// 1919// 1920//
f 1920// 1919// 1921//
f 1920// 1921// 1922//
f 1922// 1921// 1923//
f 1922// 1923// 1924//
f 1924// 1923// 1925//
f 1924// 1925// 1926//
f 1926// 1925// 1927//
f 1926// 1927// 1928//
f 1928// 1927// 1929//
f 1928// 1929// 1930//
f 1931// 1930// 1932//
f 1932// 1930// 1929//
f 1931// 1932// 1933//
f 1933// 1932// 1934//
f 1933// 1934// 1935//
f 1935// 1934// 1936//
f 1935// 1936// 1937//
f 1937// 1936// 1938//
f 1937// 1938// 1939//
f 1939// 1938// 1940//
f 1939// 1940// 1941//
f 1941// 1940// 1942//
f 1941// 1942// 1884//
f 1884// 1942// 1886//
f 1883// 1887// 1884//
f 1884// 1887// 1889//
f 1884// 1889// 1941//
f 1941// 1889// 1892//
f 1941// 1892// 1939//
f 1939// 1892// 1894//
f 1939// 1894// 1937//
f 1937// 1894// 1896//
f 1937// 1896// 1935//
f 1935// 1896// 1898//
f 1935// 1898// 1933//
f 1933// 1898// 1900//
f 1933// 1900// 1931//
f 1931// 1900// 1902//
f 1931// 1902// 1930//
f 1930// 1902// 1903//
f 1930// 1903// 1928//
f 1928// 1903// 1905//
f 1928// 1905// 1926//
f 1926// 1905// 1907//
f 1926// 1907// 1924//
f 1924// 1907// 1909//
f 1924// 1909// 1922//
f 1922// 1909// 1911//
f 1922// 1911// 1920//
f 1920// 1911// 1913//
f 1920// 1913// 1917//
f 1917// 1913// 1915//
f 1917// 1915// 561//
f 561// 1915// 559//
f 1// 3// 1918//
f 1918// 3// 1916//
f 1918// 1916// 1919//
f 1919// 1916// 1914//
f 1919// 1914// 1921//
f 1921// 1914// 1912//
f 1921// 1912// 1923//
f 1923// 1912// 1910//
f 1923// 1910// 1925//
f 1925// 1910// 1908//
f 1925// 1908// 1927//
f 1927// 1908// 1906//
f 1927// 1906// 1929//
f 1929// 1906// 1904//
f 1929// 1904// 1932//
f 1932// 1904// 1901//
f 1932// 1901// 1934//
f 1934// 1901// 1899//
f 1934// 1899// 1936//
f 1936// 1899// 1897//
f 1936// 1897// 1938//
f 1938// 1897// 1895//
f 1938// 1895// 1940//
f 1940// 1895// 1893//
f 1940// 1893// 1942//
f 1942// 1893// 1891//
f 1942// 1891// 1886//
f 1886// 1891// 1890//
f 1886// 1890// 1885//
f 1885// 1890// 1888//
