v -0.041463 0.85 0.1
v -0.021951 -0.194637 0.1
v -0.041463 -0.217808 0.1
newmtl 1
Ka 0.25098039215686274 0.25098039215686274 0.25098039215686274
Kd 0.25098039215686274 0.25098039215686274 0.25098039215686274
Ks 0.07450980392156863 0.07450980392156863 0.07450980392156863
d 0.0
endmtl
v -0.021951 -0.216589 0.1
v 0.085366 -0.216589 0.1
v -0.017073 -0.03854 0.1
v 0.058537 -0.03854 0.1
v 0.058537 -0.104393 0.1
v 0.12439 -0.206223 0.1
v 0.12439 -0.184272 0.1
v 0.085366 -0.016589 0.1
v 0.058537 -0.126345 0.1
v 0.058537 -0.194637 0.1
v -0.012195 -0.126345 0.1
v -0.012195 -0.104393 0.1
v 0.392683 -0.216589 0.1
v 0.191182 -0.217808 0.1
v 0.290244 -0.216589 0.1
v 0.204068 -0.216472 0.1
v 0.223453 -0.2098 0.1
v -0.017073 -0.016589 0.1
v 0.262616 -0.069266 0.1
v 0.250893 -0.050567 0.1
v 0.365854 -0.016589 0.1
v 0.190921 -0.038312 0.1
v 0.205891 -0.043715 0.1
v 0.127975 -0.186257 0.1
v 0.219733 -0.052976 0.1
v 0.231811 -0.066309 0.1
v 0.246341 -0.118723 0.1
v 0.244316 -0.140374 0.1
v 0.238883 -0.157577 0.1
v 0.194379 -0.194984 0.1
v 0.175724 -0.197076 0.1
v 0.208951 -0.189619 0.1
v 0.221226 -0.181346 0.1
v 0.230611 -0.171445 0.1
v 0.149176 -0.19413 0.1
v 0.240056 -0.081751 0.1
v 0.245387 -0.103162 0.1
v 0.23954 -0.199526 0.1
v 0.254563 -0.183711 0.1
v 0.290244 -0.194637 0.1
v 0.265218 -0.164694 0.1
v 0.365854 -0.194637 0.1
v 0.271237 -0.143524 0.1
v 0.273171 -0.120361 0.1
v 0.270294 -0.091927 0.1
v 0.232837 -0.033202 0.1
v 0.21384 -0.022267 0.1
v 0.191544 -0.015789 0.1
v 0.171456 -0.01415 0.1
v 0.147514 -0.015802 0.1
v 0.12439 -0.022076 0.1
v 0.12439 -0.048906 0.1
v 0.146918 -0.039259 0.1
v 0.171227 -0.036101 0.1
v 0.165919 -0.217808 0.1
v 0.173952 -0.218934 0.1
v -0.041463 -0.85 0.1
v 0.179421 -0.219028 0.1
v 0.392683 -0.016589 0.1
v 1.35 0.85 0.1
v 1.35 -0.217808 0.1
v 1.35 -0.85 0.1
v -1.35 -0.85 0.1
v -1.35 -0.217808 0.1
v 0.145709 -0.214976 0.1
v -0.236585 -0.216589 0.1
v -0.211964 -0.161773 0.1
v -0.200495 -0.179662 0.1
v -0.387805 -0.216589 0.1
v -0.417073 -0.216589 0.1
v -0.339024 -0.016589 0.1
v -1.35 0.85 0.1
v -0.312195 -0.016589 0.1
v -0.184033 -0.195424 0.1
v -0.16315 -0.207559 0.1
v -0.140105 -0.214428 0.1
v -0.115358 -0.216589 0.1
v -0.060976 -0.216589 0.1
v -0.060976 -0.016589 0.1
v -0.117416 -0.016589 0.1
v -0.191688 -0.042666 0.1
v -0.205831 -0.058349 0.1
v -0.215126 -0.075549 0.1
v -0.146311 -0.019677 0.1
v -0.169711 -0.027894 0.1
v -0.191479 -0.042483 0.1
v -0.265854 -0.216589 0.1
v -0.284947 -0.160491 0.1
v -0.367569 -0.160491 0.1
v -0.220498 -0.095254 0.1
v -0.221951 -0.114073 0.1
v -0.219145 -0.140839 0.1
v 0.126854 0.126524 1.2
v 0.213659 0.126524 1.2
v 0.213659 0.755861 1.2
v 0.244146 0.081555 1.2
v 0.244146 0.108994 1.2
v 0.25939 0.018293 1.2
v 0.235 -0.081555 1.2
v 0.25939 -0.009146 1.2
v 0.255521 -0.093415 1.2
v 0.280112 -0.009146 1.2
v 0.276812 -0.099424 1.2
v 0.292355 -0.10061 1.2
v 0.303758 -0.010865 1.2
v 0.321974 -0.015875 1.2
v 0.373504 -0.087213 1.2
v 0.364205 -0.100537 1.2
v 0.407256 -0.755861 1.2
v 0.350224 -0.11258 1.2
v 0.299556 0.019858 1.2
v 0.275629 0.098369 1.2
v 0.279064 0.018293 1.2
v 0.258023 0.091176 1.2
v 0.235 -0.115091 1.2
v 0.338632 0.059973 1.2
v 0.338659 0.061071 1.2
v 0.213659 -0.755861 1.2
v 0.241272 -0.118431 1.2
v 0.262778 -0.125353 1.2
v 0.308784 -0.099152 1.2
v 0.347805 -0.055259 1.2
v 0.346655 -0.043972 1.2
v 0.343744 -0.035428 1.2
v 0.353601 -0.004083 1.2
v 0.36547 -0.013375 1.2
v 0.407256 0.126524 1.2
v 0.373294 -0.023281 1.2
v 0.378738 -0.035289 1.2
v 0.333325 -0.121284 1.2
v 0.309333 -0.127052 1.2
v 0.292355 -0.128049 1.2
v 0.381166 -0.048285 1.2
v 0.381341 -0.053306 1.2
v 0.379053 -0.072628 1.2
v 0.321507 -0.095248 1.2
v 0.330619 -0.090019 1.2
v 0.346826 -0.0652 1.2
v 0.337929 -0.083372 1.2
v 0.343667 -0.074778 1.2
v 0.313613 0.023584 1.2
v 0.323618 0.028919 1.2
v 0.329822 0.034479 1.2
v 0.334218 0.040867 1.2
v 0.337156 0.048634 1.2
v 0.32251 0.094138 1.2
v 0.313692 0.097951 1.2
v 0.337764 0.07136 1.2
v 0.299208 0.100436 1.2
v 0.293165 0.10061 1.2
v 0.33891 -0.027899 1.2
v 0.332261 -0.021643 1.2
v 0.327012 0.090975 1.2
v 0.335386 0.079418 1.2
v 0.331901 0.085693 1.2
v 0.317577 0.126524 1.2
v 0.321611 0.126143 1.2
v 0.337706 0.121088 1.2
v 0.350252 0.113625 1.2
v 0.360298 0.103943 1.2
v 0.366791 0.09382 1.2
v 0.370863 0.082027 1.2
v 0.372195 0.068836 1.2
v 0.370612 0.052968 1.2
v 0.36632 0.040043 1.2
v 0.35959 0.029303 1.2
v 0.321128 0.006622 1.2
v 0.321128 0.006002 1.2
v 0.326654 0.008263 1.2
v 0.339581 0.00221 1.2
v 0.344815 0.016534 1.2
v 0.355485 0.024785 1.2
v 0.283995 0.126597 1.2
v 0.283749 0.126524 1.2
v 0.263454 0.1205 1.2
v 0.301454 0.128049 1.2
v 0.407256 0.755861 1.2
v 0.054449 0.078351 1.2
v 0.045976 0.070217 1.2
v 0.155732 0.058641 1.2
v 0.192317 -0.097561 1.2
v 0.192317 -0.125 1.2
v -0.007378 0.126524 1.2
v 0.045976 0.1008 1.2
v 0.063044 0.115117 1.2
v 0.131901 0.126049 1.2
v 0.148735 0.120676 1.2
v 0.163878 0.111281 1.2
v 0.166715 0.003909 1.2
v 0.142857 -0.018739 1.2
v -0.007378 -0.755861 1.2
v 0.036829 -0.112614 1.2
v 0.038979 -0.089033 1.2
v 0.045176 -0.070574 1.2
v 0.173977 0.100894 1.2
v 0.18077 0.089294 1.2
v 0.18488 0.07598 1.2
v 0.036829 -0.125 1.2
v 0.05531 -0.054794 1.2
v 0.075787 -0.034401 1.2
v 0.101997 -0.01458 1.2
v 0.186219 0.061071 1.2
v 0.18376 0.038094 1.2
v 0.176765 0.018989 1.2
v 0.130341 -0.027915 1.2
v 0.09132 -0.056478 1.2
v 0.079273 -0.068376 1.2
v 0.073763 -0.07686 1.2
v 0.070742 -0.085793 1.2
v 0.069604 -0.097561 1.2
v 0.104712 -0.012671 1.2
v 0.136415 0.01319 1.2
v 0.147142 0.026708 1.2
v 0.1527 0.038763 1.2
v 0.155509 0.05329 1.2
v 0.071748 0.090535 1.2
v 0.15461 0.069475 1.2
v 0.151754 0.077768 1.2
v 0.133814 0.095305 1.2
v 0.122057 0.099239 1.2
v 0.107618 0.10061 1.2
v 0.088868 0.09784 1.2
v 0.147332 0.084766 1.2
v 0.141543 0.09043 1.2
v 0.07996 0.123382 1.2
v 0.094832 0.126524 1.2
v -0.007378 0.755861 1.2
v 0.099689 0.127551 1.2
v 0.110667 0.128049 1.2
v -0.135318 0.059205 1.2
v -0.14 0.057927 1.2
v -0.168963 -0.755861 1.2
v -0.168963 0.755861 1.2
v -0.063447 0.128049 1.2
v -0.051585 0.128049 1.2
v -0.051585 0.126524 1.2
v -0.051585 -0.125 1.2
v -0.065816 0.126524 1.2
v -0.168963 0.126524 1.2
v -0.09985 0.104627 1.2
v -0.14 0.088415 1.2
v -0.082073 -0.125 1.2
v -0.082073 0.087367 1.2
v -0.105167 0.07186 1.2
v -1.002805 0.060976 1.2
v -1.000565 0.078252 1.2
v -1.129333 0.126524 1.2
v -0.995679 0.090216 1.2
v -0.852334 -0.078112 1.2
v -0.85697 -0.090778 1.2
v -0.835122 -0.755861 1.2
v -1.002805 -0.078506 1.2
v -1.002805 -0.115091 1.2
v -1.129333 -0.755861 1.2
v -0.994792 -0.118922 1.2
v -0.881803 -0.006164 1.2
v -0.866271 -0.019859 1.2
v -0.859512 0.084604 1.2
v -0.857521 -0.032235 1.2
v -0.850366 -0.060547 1.2
v -0.975157 0.009761 1.2
v -0.988428 0.021484 1.2
v -0.996026 0.032566 1.2
v -1.000966 0.045538 1.2
v -0.987821 0.101071 1.2
v -0.977086 0.110386 1.2
v -0.963028 0.118463 1.2
v -0.835122 0.126524 1.2
v -0.859512 0.121189 1.2
v -0.865046 -0.102501 1.2
v -0.875502 -0.111629 1.2
v -0.88963 -0.11936 1.2
v -0.916153 0.013529 1.2
v -0.878413 0.094418 1.2
v -0.93939 0.025842 1.2
v -0.899785 0.099526 1.2
v -0.917058 0.10061 1.2
v -0.941686 -0.009956 1.2
v -0.984529 -0.089736 1.2
v -0.907709 -0.027989 1.2
v -0.954936 -0.098833 1.2
v -0.904227 -0.030209 1.2
v -0.93616 -0.10061 1.2
v -0.918008 -0.099211 1.2
v -0.91403 -0.126164 1.2
v -0.939876 -0.128049 1.2
v -0.972052 -0.124733 1.2
v -0.965539 0.047829 1.2
v -0.96817 0.054723 1.2
v -0.969268 0.064263 1.2
v -0.961312 0.041628 1.2
v -0.953645 0.034905 1.2
v -0.962629 0.083941 1.2
v -0.966274 0.078269 1.2
v -0.968484 0.071838 1.2
v -0.90532 -0.09578 1.2
v -0.896353 -0.090831 1.2
v -0.891148 -0.085925 1.2
v -0.887838 -0.080968 1.2
v -0.88496 -0.073171 1.2
v -0.883902 -0.06331 1.2
v -0.88499 -0.054438 1.2
v -0.887822 -0.047326 1.2
v -0.893937 -0.038941 1.2
v -0.934559 0.099023 1.2
v -0.947832 0.094778 1.2
v -0.956933 0.089416 1.2
v -0.930021 0.126524 1.2
v -0.91439 0.128049 1.2
v -0.835122 0.755861 1.2
v -0.886636 0.126862 1.2
v -0.88502 0.126524 1.2
v -0.942027 0.125354 1.2
v -1.129333 0.755861 1.2
v -0.792953 0.085591 1.2
v -0.773846 0.104623 1.2
v -0.557683 0.126524 1.2
v -0.684155 0.126524 1.2
v -0.667882 0.124742 1.2
v -0.644248 0.11633 1.2
v -0.62251 0.101713 1.2
v -0.603961 0.080832 1.2
v -0.750804 0.118188 1.2
v -0.725508 0.125655 1.2
v -0.715544 0.126524 1.2
v -0.585435 -0.03321 1.2
v -0.594538 -0.062027 1.2
v -0.557683 -0.755861 1.2
v -0.608428 -0.085236 1.2
v -0.62683 -0.103964 1.2
v -0.732734 -0.124806 1.2
v -0.756225 -0.116727 1.2
v -0.776676 -0.103701 1.2
v -0.590928 0.055868 1.2
v -0.583842 0.027996 1.2
v -0.582073 0.002954 1.2
v -0.819878 -0.002954 1.2
v -0.81646 0.033171 1.2
v -0.807189 0.062181 1.2
v -0.647498 -0.116827 1.2
v -0.671593 -0.124955 1.2
v -0.702119 -0.128049 1.2
v -0.794635 -0.08511 1.2
v -0.808484 -0.061772 1.2
v -0.816935 -0.034755 1.2
v -0.852465 -0.044645 1.2
v -0.557683 0.755861 1.2
v -0.69807 0.128049 1.2
v 0.58561 0.126524 1.2
v 0.58561 0.755861 1.2
v 0.975861 0.126524 1.2
v 0.975861 0.755861 1.2
v -0.312256 0.126524 1.2
v -0.312256 0.755861 1.2
v 0.643537 0.125 1.2
v 0.643537 -0.097561 1.2
v 0.738049 -0.097561 1.2
v 0.61 -0.125 1.2
v 0.61 0.125 1.2
v 0.975861 -0.755861 1.2
v 0.738049 -0.125 1.2
v 0.58561 -0.755861 1.2
v 0.56122 0.097561 1.2
v 0.466707 0.097561 1.2
v 0.466707 0.012195 1.2
v 0.555122 -0.015244 1.2
v 0.466707 -0.015244 1.2
v 0.466707 -0.125 1.2
v 0.555122 0.012195 1.2
v 0.433171 -0.125 1.2
v 0.433171 0.125 1.2
v 0.56122 0.125 1.2
v -0.197927 -0.015244 1.2
v -0.197927 -0.039634 1.2
v -0.292439 -0.015244 1.2
v -0.292439 -0.039634 1.2
v -0.312256 -0.755861 1.2
v -0.533293 -0.125 1.2
v -0.379462 -0.098537 1.2
v -0.358886 -0.078833 1.2
v -0.344552 -0.056471 1.2
v -0.397428 0.110895 1.2
v -0.370204 0.092668 1.2
v -0.533293 0.125 1.2
v -0.462742 0.125 1.2
v -0.426624 0.121139 1.2
v -0.369781 0.092297 1.2
v -0.352144 0.072688 1.2
v -0.340555 0.051173 1.2
v -0.333868 0.026534 1.2
v -0.332073 0.003144 1.2
v -0.335581 -0.030313 1.2
v -0.405562 -0.113708 1.2
v -0.434368 -0.122297 1.2
v -0.465314 -0.125 1.2
v -1.255861 0.755861 1.2
v -1.255861 0.126524 1.2
v -1.255861 -0.755861 1.2
v 1.4 0.85 0.4
v 1.4 -0.85 0.4
v 1.4 0.85 0.15
v 1.4 -0.85 0.15
v -1.35 0.9 0.4
v 1.35 0.9 0.4
v -1.35 0.9 0.15
v 1.35 0.9 0.15
v -1.4 -0.85 0.4
v -1.4 0.85 0.4
v -1.4 -0.85 0.15
v -1.4 0.85 0.15
v -1.35 -0.9 0.15
v 1.35 -0.9 0.15
v -1.35 -0.9 0.4
v 1.35 -0.9 0.4
v 1.255861 -0.755861 1.2
v 1.255861 0.755861 1.2
v 1.162528 -0.755861 1.2
v 1.162528 0.755861 1.2
v -1.350385 0.899999 0.400012
v -1.255861 0.805475 1.156202
v 1.255861 0.805475 1.156202
v 1.350385 0.899999 0.400012
v -1.399999 -0.850385 0.400012
v -1.305475 -0.755861 1.156202
v -1.305475 0.755861 1.156202
v -1.399999 0.850385 0.400012
v 1.399999 0.850385 0.400012
v 1.305475 0.755861 1.156202
v 1.305475 -0.755861 1.156202
v 1.399999 -0.850385 0.400012
v 1.350385 -0.899999 0.400012
v 1.255861 -0.805475 1.156202
v -1.255861 -0.805475 1.156202
v -1.350385 -0.899999 0.400012
v -1.255861 -0.802687 1.167529
v 1.255861 -0.802687 1.167529
v -1.255861 -0.802522 1.167848
v 1.255861 -0.802522 1.167848
v -1.255861 -0.797107 1.178262
v 1.255861 -0.797107 1.178262
v -1.255861 -0.796918 1.178477
v 1.255861 -0.796918 1.178477
v -1.255861 -0.789113 1.18734
v 1.255861 -0.789113 1.18734
v -1.255861 -0.788936 1.187463
v 1.255861 -0.788936 1.187463
v -1.255861 -0.779173 1.194233
v 1.255861 -0.779173 1.194233
v -1.255861 -0.779039 1.194284
v 1.255861 -0.779039 1.194284
v -1.255861 -0.767868 1.198537
v 1.255861 -0.767868 1.198537
v -1.255861 -0.767797 1.198545
v 1.255861 -0.767797 1.198545
v 1.302522 -0.755861 1.167848
v 1.297107 -0.755861 1.178262
v 1.296073 -0.765039 1.178262
v 1.296918 -0.755861 1.178477
v 1.289113 -0.755861 1.18734
v 1.28828 -0.76326 1.18734
v 1.278589 -0.761048 1.194233
v 1.267567 -0.758533 1.198537
v 1.266679 -0.761071 1.198537
v 1.261071 -0.766679 1.198537
v 1.263348 -0.765249 1.198537
v 1.258533 -0.767567 1.198537
v 1.267797 -0.755861 1.198545
v 1.303875 -0.766836 1.157374
v 1.301513 -0.766281 1.167529
v 1.303621 -0.76858 1.15756
v 1.29805 -0.776178 1.167529
v 1.299988 -0.777129 1.158174
v 1.298576 -0.78045 1.158413
v 1.292471 -0.785057 1.167529
v 1.294043 -0.786318 1.15858
v 1.290676 -0.790676 1.158704
v 1.285057 -0.792471 1.167529
v 1.286318 -0.794043 1.15858
v 1.28045 -0.798576 1.158413
v 1.276178 -0.79805 1.167529
v 1.277129 -0.799988 1.158174
v 1.26858 -0.803621 1.15756
v 1.266281 -0.801513 1.167529
v 1.266836 -0.803876 1.157374
v 1.288936 -0.755861 1.187463
v 1.279173 -0.755861 1.194233
v 1.279039 -0.755861 1.194284
v 1.267868 -0.755861 1.198537
v 1.274087 -0.770396 1.194233
v 1.270396 -0.774087 1.194233
v 1.265976 -0.776864 1.194233
v 1.261048 -0.778589 1.194233
v 1.276864 -0.765976 1.194233
v 1.265249 -0.763347 1.198537
v 1.28582 -0.770289 1.18734
v 1.281859 -0.776593 1.18734
v 1.276593 -0.781859 1.18734
v 1.270289 -0.78582 1.18734
v 1.26326 -0.78828 1.18734
v 1.293023 -0.773757 1.178262
v 1.288109 -0.781578 1.178262
v 1.281578 -0.788109 1.178262
v 1.273757 -0.793023 1.178262
v 1.265039 -0.796073 1.178262
v 1.302687 -0.755861 1.167529
v -1.264467 -0.78798 1.18734
v -1.261894 -0.778379 1.194233
v -1.258969 -0.767459 1.198537
v -1.261865 -0.76626 1.198537
v -1.26626 -0.761865 1.198537
v -1.264351 -0.764351 1.198537
v -1.267459 -0.758969 1.198537
v -1.26798 -0.801092 1.167529
v -1.268649 -0.803592 1.157565
v -1.26858 -0.803621 1.15756
v -1.28045 -0.798576 1.158413
v -1.279274 -0.796414 1.167529
v -1.280499 -0.798538 1.158414
v -1.288972 -0.788972 1.167529
v -1.290676 -0.790676 1.158704
v -1.296414 -0.779274 1.167529
v -1.298538 -0.780499 1.158414
v -1.298576 -0.78045 1.158413
v -1.301092 -0.76798 1.167529
v -1.303592 -0.768649 1.157565
v -1.303621 -0.76858 1.15756
v -1.302687 -0.755861 1.167529
v -1.267797 -0.755861 1.198545
v -1.267517 -0.77605 1.194233
v -1.272345 -0.772345 1.194233
v -1.27605 -0.767517 1.194233
v -1.278379 -0.761895 1.194233
v -1.267868 -0.755861 1.198537
v -1.279039 -0.755861 1.194284
v -1.279173 -0.755861 1.194233
v -1.288936 -0.755861 1.187463
v -1.272487 -0.784658 1.18734
v -1.279374 -0.779374 1.18734
v -1.284658 -0.772487 1.18734
v -1.28798 -0.764467 1.18734
v -1.266536 -0.795702 1.178262
v -1.276484 -0.791581 1.178262
v -1.285027 -0.785027 1.178262
v -1.291581 -0.776484 1.178262
v -1.295702 -0.766536 1.178262
v -1.289113 -0.755861 1.18734
v -1.296918 -0.755861 1.178477
v -1.297107 -0.755861 1.178262
v -1.302522 -0.755861 1.167848
v 1.361094 -0.898519 0.400584
v 1.363189 -0.898229 0.400696
v 1.371559 -0.894724 0.400998
v 1.375111 -0.893237 0.401126
v 1.398519 -0.861095 0.400584
v 1.398229 -0.863188 0.400696
v 1.388765 -0.880923 0.401209
v 1.393237 -0.875111 0.401126
v 1.394724 -0.871559 0.400998
v 1.380923 -0.888765 0.401209
v 1.385355 -0.885355 0.401273
v 1.302687 0.755861 1.167529
v 1.302522 0.755861 1.167848
v 1.297107 0.755861 1.178262
v 1.296918 0.755861 1.178477
v 1.289113 0.755861 1.18734
v 1.288936 0.755861 1.187463
v 1.279173 0.755861 1.194233
v 1.279039 0.755861 1.194284
v 1.267868 0.755861 1.198537
v 1.267797 0.755861 1.198545
v -1.255861 0.767797 1.198545
v 1.255861 0.767797 1.198545
v -1.255861 0.767868 1.198537
v 1.255861 0.767868 1.198537
v -1.255861 0.779039 1.194284
v 1.255861 0.779039 1.194284
v -1.255861 0.779173 1.194233
v 1.255861 0.779173 1.194233
v -1.255861 0.788936 1.187463
v 1.255861 0.788936 1.187463
v -1.255861 0.789113 1.18734
v 1.255861 0.789113 1.18734
v -1.255861 0.796918 1.178477
v 1.255861 0.796918 1.178477
v -1.255861 0.797107 1.178262
v 1.255861 0.797107 1.178262
v -1.255861 0.802522 1.167848
v 1.255861 0.802522 1.167848
v -1.255861 0.802687 1.167529
v 1.255861 0.802687 1.167529
v -1.267797 0.755861 1.198545
v -1.302687 0.755861 1.167529
v -1.302522 0.755861 1.167848
v -1.297107 0.755861 1.178262
v -1.296918 0.755861 1.178477
v -1.289113 0.755861 1.18734
v -1.288936 0.755861 1.187463
v -1.279173 0.755861 1.194233
v -1.279039 0.755861 1.194284
v -1.267868 0.755861 1.198537
v -1.375111 -0.893237 0.401126
v -1.374994 -0.893286 0.401122
v -1.363189 -0.898229 0.400696
v -1.362936 -0.898264 0.400683
v -1.385355 -0.885355 0.401273
v -1.393237 -0.875111 0.401126
v -1.393286 -0.874994 0.401122
v -1.398229 -0.863188 0.400696
v -1.398264 -0.862936 0.400683
v 1.361099 -0.898539 0.15
v 1.398539 -0.861099 0.15
v 1.398296 -0.862941 0.15
v 1.394726 -0.871561 0.15
v 1.393301 -0.875 0.15
v 1.388759 -0.880919 0.15
v 1.385355 -0.885355 0.15
v 1.380919 -0.888759 0.15
v 1.375 -0.893301 0.15
v 1.371561 -0.894726 0.15
v 1.362941 -0.898296 0.15
v 1.265039 0.796073 1.178262
v 1.26326 0.78828 1.18734
v 1.261048 0.778589 1.194233
v 1.258533 0.767567 1.198537
v 1.261071 0.766679 1.198537
v 1.266679 0.761071 1.198537
v 1.265249 0.763347 1.198537
v 1.267567 0.758533 1.198537
v 1.266836 0.803876 1.157374
v 1.266281 0.801513 1.167529
v 1.26858 0.803621 1.15756
v 1.276178 0.79805 1.167529
v 1.277129 0.799988 1.158174
v 1.28045 0.798576 1.158413
v 1.285057 0.792471 1.167529
v 1.286318 0.794043 1.15858
v 1.290676 0.790676 1.158704
v 1.292471 0.785057 1.167529
v 1.294043 0.786318 1.15858
v 1.298576 0.78045 1.158413
v 1.29805 0.776178 1.167529
v 1.299988 0.777129 1.158174
v 1.303621 0.76858 1.15756
v 1.301513 0.766281 1.167529
v 1.303875 0.766836 1.157374
v 1.270396 0.774087 1.194233
v 1.274087 0.770396 1.194233
v 1.276864 0.765976 1.194233
v 1.278589 0.761048 1.194233
v 1.265976 0.776864 1.194233
v 1.263348 0.765249 1.198537
v 1.270289 0.78582 1.18734
v 1.276593 0.781859 1.18734
v 1.281859 0.776593 1.18734
v 1.28582 0.770289 1.18734
v 1.28828 0.76326 1.18734
v 1.273757 0.793023 1.178262
v 1.281578 0.788109 1.178262
v 1.288109 0.781578 1.178262
v 1.293023 0.773757 1.178262
v 1.296073 0.765039 1.178262
v -1.28798 0.764467 1.18734
v -1.278379 0.761895 1.194233
v -1.267459 0.758969 1.198537
v -1.26626 0.761865 1.198537
v -1.261865 0.76626 1.198537
v -1.264351 0.764351 1.198537
v -1.258969 0.767459 1.198537
v -1.301092 0.76798 1.167529
v -1.303592 0.768649 1.157565
v -1.303621 0.76858 1.15756
v -1.298576 0.78045 1.158413
v -1.296414 0.779274 1.167529
v -1.298538 0.780499 1.158414
v -1.288972 0.788972 1.167529
v -1.290676 0.790676 1.158704
v -1.279274 0.796414 1.167529
v -1.280499 0.798538 1.158414
v -1.28045 0.798576 1.158413
v -1.26798 0.801092 1.167529
v -1.268649 0.803592 1.157565
v -1.26858 0.803621 1.15756
v -1.27605 0.767517 1.194233
v -1.272345 0.772345 1.194233
v -1.267517 0.77605 1.194233
v -1.261894 0.778379 1.194233
v -1.284658 0.772487 1.18734
v -1.279374 0.779374 1.18734
v -1.272487 0.784658 1.18734
v -1.264467 0.78798 1.18734
v -1.295702 0.766536 1.178262
v -1.291581 0.776484 1.178262
v -1.285027 0.785027 1.178262
v -1.276484 0.791581 1.178262
v -1.266536 0.795702 1.178262
v -1.398296 -0.862941 0.15
v -1.393301 -0.875 0.15
v -1.385355 -0.885355 0.15
v -1.375 -0.893301 0.15
v -1.362941 -0.898296 0.15
v 1.35 -0.862941 0.101704
v -1.35 -0.862941 0.101704
v 1.35 -0.875 0.106699
v -1.35 -0.875 0.106699
v 1.35 -0.885355 0.114645
v -1.35 -0.885355 0.114645
v 1.35 -0.893301 0.125
v -1.35 -0.893301 0.125
v 1.35 -0.898296 0.137059
v -1.35 -0.898296 0.137059
v 1.3625 -0.896651 0.137059
v 1.374148 -0.891826 0.137059
v 1.384151 -0.884151 0.137059
v 1.391826 -0.874148 0.137059
v 1.396651 -0.8625 0.137059
v 1.391826 -0.861207 0.125
v 1.3875 -0.871651 0.125
v 1.384151 -0.859151 0.114645
v 1.380619 -0.867678 0.114645
v 1.374148 -0.85647 0.106699
v 1.371651 -0.8625 0.106699
v 1.3625 -0.853349 0.101704
v 1.361207 -0.85647 0.101704
v 1.380619 -0.880619 0.125
v 1.375 -0.875 0.114645
v 1.367678 -0.867678 0.106699
v 1.359151 -0.859151 0.101704
v 1.398296 -0.85 0.137059
v 1.393301 -0.85 0.125
v 1.385355 -0.85 0.114645
v 1.375 -0.85 0.106699
v 1.362941 -0.85 0.101704
v 1.371651 -0.8875 0.125
v 1.361207 -0.891826 0.125
v 1.367678 -0.880619 0.114645
v 1.359151 -0.884151 0.114645
v 1.3625 -0.871651 0.106699
v 1.35647 -0.874148 0.106699
v 1.35647 -0.861207 0.101704
v 1.353349 -0.8625 0.101704
v 1.398264 0.862936 0.400683
v 1.398229 0.863188 0.400696
v 1.362936 0.898264 0.400683
v 1.363189 0.898229 0.400696
v 1.374994 0.893286 0.401122
v 1.375111 0.893237 0.401126
v 1.385355 0.885355 0.401273
v 1.393237 0.875111 0.401126
v 1.393286 0.874994 0.401122
v -1.398519 0.861095 0.400584
v -1.393237 0.875111 0.401126
v -1.394724 0.871559 0.400998
v -1.398229 0.863188 0.400696
v -1.385355 0.885355 0.401273
v -1.388765 0.880923 0.401209
v -1.380923 0.888765 0.401209
v -1.375111 0.893237 0.401126
v -1.371559 0.894724 0.400998
v -1.363189 0.898229 0.400696
v -1.361094 0.898519 0.400584
v -1.3625 -0.896651 0.137059
v -1.374148 -0.891826 0.137059
v -1.361207 -0.891826 0.125
v -1.371651 -0.8875 0.125
v -1.359151 -0.884151 0.114645
v -1.367678 -0.880619 0.114645
v -1.35647 -0.874148 0.106699
v -1.3625 -0.871651 0.106699
v -1.353349 -0.8625 0.101704
v -1.35647 -0.861207 0.101704
v -1.384151 -0.884151 0.137059
v -1.380619 -0.880619 0.125
v -1.375 -0.875 0.114645
v -1.367678 -0.867678 0.106699
v -1.359151 -0.859151 0.101704
v -1.391826 -0.874148 0.137059
v -1.396651 -0.8625 0.137059
v -1.3875 -0.871651 0.125
v -1.391826 -0.861207 0.125
v -1.380619 -0.867678 0.114645
v -1.384151 -0.859151 0.114645
v -1.371651 -0.8625 0.106699
v -1.374148 -0.85647 0.106699
v -1.361207 -0.85647 0.101704
v -1.3625 -0.853349 0.101704
v -1.398296 -0.85 0.137059
v -1.393301 -0.85 0.125
v -1.385355 -0.85 0.114645
v -1.375 -0.85 0.106699
v -1.362941 -0.85 0.101704
v 1.362941 0.85 0.101704
v 1.375 0.85 0.106699
v 1.385355 0.85 0.114645
v 1.393301 0.85 0.125
v 1.398296 0.85 0.137059
v 1.398746 0.861126 0.15
v 1.398131 0.862883 0.15
v 1.395048 0.871694 0.15
v 1.393065 0.874851 0.15
v 1.389092 0.881174 0.15
v 1.385133 0.885133 0.15
v 1.381175 0.889092 0.15
v 1.374851 0.893065 0.15
v 1.371694 0.895048 0.15
v 1.362883 0.898131 0.15
v 1.361126 0.898746 0.15
v -1.361099 0.898539 0.15
v -1.398539 0.861099 0.15
v -1.398296 0.862941 0.15
v -1.394726 0.871561 0.15
v -1.393301 0.875 0.15
v -1.388759 0.880919 0.15
v -1.385355 0.885355 0.15
v -1.380919 0.888759 0.15
v -1.375 0.893301 0.15
v -1.371561 0.894726 0.15
v -1.362941 0.898296 0.15
v -1.362941 0.85 0.101704
v -1.375 0.85 0.106699
v -1.385355 0.85 0.114645
v -1.393301 0.85 0.125
v -1.398296 0.85 0.137059
v 1.362617 0.85288 0.101704
v 1.361659 0.855615 0.101704
v 1.360118 0.858069 0.101704
v 1.358069 0.860118 0.101704
v 1.355615 0.861659 0.101704
v 1.35288 0.862617 0.101704
v 1.35 0.862941 0.101704
v 1.35 0.875 0.106699
v 1.355563 0.874373 0.106699
v 1.35 0.885355 0.114645
v 1.357867 0.884469 0.114645
v 1.35 0.893301 0.125
v 1.359635 0.892216 0.125
v 1.35 0.898296 0.137059
v 1.360747 0.897085 0.137059
v 1.370955 0.893513 0.137059
v 1.380112 0.88776 0.137059
v 1.38776 0.880112 0.137059
v 1.393513 0.870955 0.137059
v 1.397085 0.860747 0.137059
v 1.368788 0.889013 0.125
v 1.376998 0.883854 0.125
v 1.383854 0.876998 0.125
v 1.389013 0.868788 0.125
v 1.392216 0.859635 0.125
v 1.36534 0.881854 0.114645
v 1.372044 0.877642 0.114645
v 1.377642 0.872044 0.114645
v 1.381854 0.86534 0.114645
v 1.384469 0.857867 0.114645
v 1.360847 0.872524 0.106699
v 1.365587 0.869546 0.106699
v 1.369546 0.865587 0.106699
v 1.372524 0.860847 0.106699
v 1.374373 0.855563 0.106699
v -1.35 0.898296 0.137059
v -1.3625 0.896651 0.137059
v -1.374148 0.891826 0.137059
v -1.384151 0.884151 0.137059
v -1.391826 0.874148 0.137059
v -1.396651 0.8625 0.137059
v -1.391826 0.861207 0.125
v -1.3875 0.871651 0.125
v -1.384151 0.859151 0.114645
v -1.380619 0.867678 0.114645
v -1.374148 0.85647 0.106699
v -1.371651 0.8625 0.106699
v -1.3625 0.853349 0.101704
v -1.361207 0.85647 0.101704
v -1.380619 0.880619 0.125
v -1.375 0.875 0.114645
v -1.367678 0.867678 0.106699
v -1.359151 0.859151 0.101704
v -1.371651 0.8875 0.125
v -1.361207 0.891826 0.125
v -1.367678 0.880619 0.114645
v -1.359151 0.884151 0.114645
v -1.3625 0.871651 0.106699
v -1.35647 0.874148 0.106699
v -1.35647 0.861207 0.101704
v -1.353349 0.8625 0.101704
v -1.35 0.893301 0.125
v -1.35 0.885355 0.114645
v -1.35 0.875 0.106699
v -1.35 0.862941 0.101704
v 0.975861 -0.755861 1.19
newmtl 2
Ka 1.0 1.0 1.0
Kd 1.0 1.0 1.0
Ks 0.8784313725490196 0.8784313725490196 0.8784313725490196
d 0.0
endmtl
v 0.975861 0.755861 1.19
v 1.162528 0.755861 1.19
v 1.162528 -0.755861 1.19
v -1.002805 -0.115091 1.19
v -1.002805 -0.078506 1.19
newmtl 3
Ka 0.8941176470588236 0.8941176470588236 0.8941176470588236
Kd 0.6274509803921569 0.6274509803921569 0.6274509803921569
Ks 0.043137254901960784 0.043137254901960784 0.043137254901960784
d 0.0
endmtl
v -0.93616 -0.10061 1.19
v -0.954936 -0.098833 1.19
v -0.984529 -0.089736 1.19
v -0.883902 -0.06331 1.19
v -0.88496 -0.073171 1.19
v -0.887838 -0.080968 1.19
v -0.891148 -0.085925 1.19
v -0.896353 -0.090831 1.19
v -0.90532 -0.09578 1.19
v -0.918008 -0.099211 1.19
v -0.941686 -0.009956 1.19
v -0.907709 -0.027989 1.19
v -0.904227 -0.030209 1.19
v -0.893937 -0.038941 1.19
v -0.887822 -0.047326 1.19
v -0.88499 -0.054438 1.19
v -1.002805 0.060976 1.19
v -1.000966 0.045538 1.19
v -0.996026 0.032566 1.19
v -0.988428 0.021484 1.19
v -0.975157 0.009761 1.19
v -0.91439 0.128049 1.19
v -0.942027 0.125354 1.19
v -0.963028 0.118463 1.19
v -0.977086 0.110386 1.19
v -0.987821 0.101071 1.19
v -0.995679 0.090216 1.19
v -1.000565 0.078252 1.19
v -0.886636 0.126862 1.19
v -0.859512 0.121189 1.19
v -0.859512 0.084604 1.19
v -0.917058 0.10061 1.19
v -0.899785 0.099526 1.19
v -0.878413 0.094418 1.19
v -0.969268 0.064263 1.19
v -0.968484 0.071838 1.19
v -0.966274 0.078269 1.19
v -0.962629 0.083941 1.19
v -0.956933 0.089416 1.19
v -0.947832 0.094778 1.19
v -0.934559 0.099023 1.19
v -0.916153 0.013529 1.19
v -0.93939 0.025842 1.19
v -0.953645 0.034905 1.19
v -0.961312 0.041628 1.19
v -0.965539 0.047829 1.19
v -0.96817 0.054723 1.19
v -0.850366 -0.060547 1.19
v -0.852465 -0.044645 1.19
v -0.857521 -0.032235 1.19
v -0.866271 -0.019859 1.19
v -0.881803 -0.006164 1.19
v -0.939876 -0.128049 1.19
v -0.91403 -0.126164 1.19
v -0.88963 -0.11936 1.19
v -0.875502 -0.111629 1.19
v -0.865046 -0.102501 1.19
v -0.85697 -0.090778 1.19
v -0.852334 -0.078112 1.19
v -0.994792 -0.118922 1.19
v -0.972052 -0.124733 1.19
v -0.819878 -0.002954 1.19
v -0.816935 -0.034755 1.19
v -0.808484 -0.061772 1.19
v -0.794635 -0.08511 1.19
v -0.776676 -0.103701 1.19
v -0.756225 -0.116727 1.19
v -0.732734 -0.124806 1.19
v -0.702119 -0.128049 1.19
v -0.69807 0.128049 1.19
v -0.725508 0.125655 1.19
v -0.750804 0.118188 1.19
v -0.773846 0.104623 1.19
v -0.792953 0.085591 1.19
v -0.807189 0.062181 1.19
v -0.81646 0.033171 1.19
v -0.582073 0.002954 1.19
v -0.583842 0.027996 1.19
v -0.590928 0.055868 1.19
v -0.603961 0.080832 1.19
v -0.62251 0.101713 1.19
v -0.644248 0.11633 1.19
v -0.667882 0.124742 1.19
v -0.671593 -0.124955 1.19
v -0.647498 -0.116827 1.19
v -0.62683 -0.103964 1.19
v -0.608428 -0.085236 1.19
v -0.594538 -0.062027 1.19
v -0.585435 -0.03321 1.19
v -0.786341 -2.38E-4 1.19
v -0.783656 -0.029006 1.19
v -0.776484 -0.051786 1.19
v -0.765853 -0.069643 1.19
v -0.75232 -0.083681 1.19
v -0.737609 -0.093021 1.19
v -0.720337 -0.098812 1.19
v -0.702024 -0.10061 1.19
v -0.679563 -0.09826 1.19
v -0.66223 -0.092344 1.19
v -0.647672 -0.083053 1.19
v -0.636117 -0.071232 1.19
v -0.62628 -0.055361 1.19
v -0.618495 -0.031589 1.19
v -0.61561 -7.15E-4 1.19
v -0.618081 0.028832 1.19
v -0.624495 0.051482 1.19
v -0.634891 0.070134 1.19
v -0.647134 0.083142 1.19
v -0.661044 0.092276 1.19
v -0.677557 0.098145 1.19
v -0.699928 0.10061 1.19
v -0.722278 0.097961 1.19
v -0.739065 0.091584 1.19
v -0.754055 0.081267 1.19
v -0.768465 0.0649 1.19
v -0.778668 0.045343 1.19
v -0.785345 0.017625 1.19
v -0.786341 -2.38E-4 1.2
v -0.785345 0.017625 1.2
v -0.778668 0.045343 1.2
v -0.768465 0.0649 1.2
v -0.754055 0.081267 1.2
v -0.739065 0.091584 1.2
v -0.722278 0.097961 1.2
v -0.699928 0.10061 1.2
v -0.677557 0.098145 1.2
v -0.661044 0.092276 1.2
v -0.647134 0.083142 1.2
v -0.634891 0.070134 1.2
v -0.624495 0.051482 1.2
v -0.618081 0.028832 1.2
v -0.61561 -7.15E-4 1.2
v -0.618495 -0.031589 1.2
v -0.62628 -0.055361 1.2
v -0.636117 -0.071232 1.2
v -0.647672 -0.083053 1.2
v -0.66223 -0.092344 1.2
v -0.679563 -0.09826 1.2
v -0.702024 -0.10061 1.2
v -0.720337 -0.098812 1.2
v -0.737609 -0.093021 1.2
v -0.75232 -0.083681 1.2
v -0.765853 -0.069643 1.2
v -0.776484 -0.051786 1.2
v -0.783656 -0.029006 1.2
v -0.465314 -0.125 1.19
v -0.533293 -0.125 1.19
v -0.533293 0.125 1.19
v -0.462742 0.125 1.19
v -0.332073 0.003144 1.19
v -0.333868 0.026534 1.19
v -0.340555 0.051173 1.19
v -0.352144 0.072688 1.19
v -0.369781 0.092297 1.19
v -0.370204 0.092668 1.19
v -0.397428 0.110895 1.19
v -0.426624 0.121139 1.19
v -0.434368 -0.122297 1.19
v -0.405562 -0.113708 1.19
v -0.379462 -0.098537 1.19
v -0.358886 -0.078833 1.19
v -0.344552 -0.056471 1.19
v -0.335581 -0.030313 1.19
v -0.382255 0.062503 1.19
v -0.394398 0.075397 1.19
v -0.412659 0.087194 1.19
v -0.433295 0.094416 1.19
v -0.462885 0.097561 1.19
v -0.499756 0.097561 1.19
v -0.499756 -0.097561 1.19
v -0.464266 -0.097561 1.19
v -0.437891 -0.095106 1.19
v -0.416853 -0.088539 1.19
v -0.399804 -0.078415 1.19
v -0.385782 -0.064565 1.19
v -0.375238 -0.047329 1.19
v -0.367905 -0.023829 1.19
v -0.36561 0.002429 1.19
v -0.367734 0.027311 1.19
v -0.37357 0.047084 1.19
v -0.462885 0.097561 1.2
v -0.499756 0.097561 1.2
v -0.433295 0.094416 1.2
v -0.412659 0.087194 1.2
v -0.394398 0.075397 1.2
v -0.382255 0.062503 1.2
v -0.37357 0.047084 1.2
v -0.367734 0.027311 1.2
v -0.36561 0.002429 1.2
v -0.367905 -0.023829 1.2
v -0.375238 -0.047329 1.2
v -0.385782 -0.064565 1.2
v -0.399804 -0.078415 1.2
v -0.416853 -0.088539 1.2
v -0.437891 -0.095106 1.2
v -0.464266 -0.097561 1.2
v -0.499756 -0.097561 1.2
v -0.197927 -0.015244 1.19
v -0.197927 -0.039634 1.19
v -0.292439 -0.039634 1.19
v -0.292439 -0.015244 1.19
v -0.051585 -0.125 1.19
v -0.082073 -0.125 1.19
v -0.082073 0.087367 1.19
v -0.14 0.057927 1.19
v -0.135318 0.059205 1.19
v -0.105167 0.07186 1.19
v -0.14 0.088415 1.19
v -0.09985 0.104627 1.19
v -0.063447 0.128049 1.19
v -0.051585 0.128049 1.19
v 0.155732 0.058641 1.19
v 0.155509 0.05329 1.19
v 0.1527 0.038763 1.19
v 0.147142 0.026708 1.19
v 0.136415 0.01319 1.19
v 0.104712 -0.012671 1.19
v 0.107618 0.10061 1.19
v 0.122057 0.099239 1.19
v 0.133814 0.095305 1.19
v 0.141543 0.09043 1.19
v 0.147332 0.084766 1.19
v 0.151754 0.077768 1.19
v 0.15461 0.069475 1.19
v 0.045976 0.070217 1.19
v 0.054449 0.078351 1.19
v 0.071748 0.090535 1.19
v 0.088868 0.09784 1.19
v 0.045976 0.1008 1.19
v 0.110667 0.128049 1.19
v 0.099689 0.127551 1.19
v 0.07996 0.123382 1.19
v 0.063044 0.115117 1.19
v 0.131901 0.126049 1.19
v 0.148735 0.120676 1.19
v 0.163878 0.111281 1.19
v 0.173977 0.100894 1.19
v 0.18077 0.089294 1.19
v 0.18488 0.07598 1.19
v 0.186219 0.061071 1.19
v 0.130341 -0.027915 1.19
v 0.142857 -0.018739 1.19
v 0.166715 0.003909 1.19
v 0.176765 0.018989 1.19
v 0.18376 0.038094 1.19
v 0.069604 -0.097561 1.19
v 0.070742 -0.085793 1.19
v 0.073763 -0.07686 1.19
v 0.079273 -0.068376 1.19
v 0.09132 -0.056478 1.19
v 0.192317 -0.097561 1.19
v 0.192317 -0.125 1.19
v 0.036829 -0.125 1.19
v 0.036829 -0.112614 1.19
v 0.101997 -0.01458 1.19
v 0.075787 -0.034401 1.19
v 0.05531 -0.054794 1.19
v 0.045176 -0.070574 1.19
v 0.038979 -0.089033 1.19
v 0.235 -0.115091 1.19
v 0.235 -0.081555 1.19
v 0.292355 -0.10061 1.19
v 0.276812 -0.099424 1.19
v 0.255521 -0.093415 1.19
v 0.347805 -0.055259 1.19
v 0.346826 -0.0652 1.19
v 0.343667 -0.074778 1.19
v 0.337929 -0.083372 1.19
v 0.330619 -0.090019 1.19
v 0.321507 -0.095248 1.19
v 0.308784 -0.099152 1.19
v 0.280112 -0.009146 1.19
v 0.303758 -0.010865 1.19
v 0.321974 -0.015875 1.19
v 0.332261 -0.021643 1.19
v 0.33891 -0.027899 1.19
v 0.343744 -0.035428 1.19
v 0.346655 -0.043972 1.19
v 0.25939 -0.009146 1.19
v 0.25939 0.018293 1.19
v 0.279064 0.018293 1.19
v 0.338659 0.061071 1.19
v 0.338632 0.059973 1.19
v 0.337156 0.048634 1.19
v 0.334218 0.040867 1.19
v 0.329822 0.034479 1.19
v 0.323618 0.028919 1.19
v 0.313613 0.023584 1.19
v 0.299556 0.019858 1.19
v 0.293165 0.10061 1.19
v 0.299208 0.100436 1.19
v 0.313692 0.097951 1.19
v 0.32251 0.094138 1.19
v 0.327012 0.090975 1.19
v 0.331901 0.085693 1.19
v 0.335386 0.079418 1.19
v 0.337764 0.07136 1.19
v 0.244146 0.081555 1.19
v 0.258023 0.091176 1.19
v 0.275629 0.098369 1.19
v 0.244146 0.108994 1.19
v 0.263454 0.1205 1.19
v 0.301454 0.128049 1.19
v 0.283995 0.126597 1.19
v 0.321611 0.126143 1.19
v 0.337706 0.121088 1.19
v 0.350252 0.113625 1.19
v 0.360298 0.103943 1.19
v 0.366791 0.09382 1.19
v 0.370863 0.082027 1.19
v 0.372195 0.068836 1.19
v 0.321128 0.006622 1.19
v 0.326654 0.008263 1.19
v 0.344815 0.016534 1.19
v 0.355485 0.024785 1.19
v 0.35959 0.029303 1.19
v 0.36632 0.040043 1.19
v 0.370612 0.052968 1.19
v 0.321128 0.006002 1.19
v 0.381341 -0.053306 1.19
v 0.381166 -0.048285 1.19
v 0.378738 -0.035289 1.19
v 0.373294 -0.023281 1.19
v 0.36547 -0.013375 1.19
v 0.353601 -0.004083 1.19
v 0.339581 0.00221 1.19
v 0.292355 -0.128049 1.19
v 0.309333 -0.127052 1.19
v 0.333325 -0.121284 1.19
v 0.350224 -0.11258 1.19
v 0.364205 -0.100537 1.19
v 0.373504 -0.087213 1.19
v 0.379053 -0.072628 1.19
v 0.241272 -0.118431 1.19
v 0.262778 -0.125353 1.19
v 0.56122 0.125 1.19
v 0.56122 0.097561 1.19
v 0.466707 0.097561 1.19
v 0.466707 0.012195 1.19
v 0.555122 0.012195 1.19
v 0.555122 -0.015244 1.19
v 0.466707 -0.015244 1.19
v 0.466707 -0.125 1.19
v 0.433171 -0.125 1.19
v 0.433171 0.125 1.19
v 0.738049 -0.097561 1.19
v 0.738049 -0.125 1.19
v 0.61 -0.125 1.19
v 0.61 0.125 1.19
v 0.643537 0.125 1.19
v 0.643537 -0.097561 1.19
v -0.339024 -0.016589 0.11
v -0.417073 -0.216589 0.11
v -0.387805 -0.216589 0.11
v -0.367569 -0.160491 0.11
v -0.284947 -0.160491 0.11
v -0.265854 -0.216589 0.11
v -0.236585 -0.216589 0.11
v -0.312195 -0.016589 0.11
v -0.291692 -0.13854 0.11
v -0.358575 -0.13854 0.11
v -0.321532 -0.055003 0.11
v -0.323457 -0.048067 0.11
v -0.324733 -0.040979 0.11
v -0.325381 -0.040979 0.11
v -0.326686 -0.048045 0.11
v -0.328468 -0.055003 0.11
v -0.291692 -0.13854 0.1
v -0.358575 -0.13854 0.1
v -0.321532 -0.055003 0.1
v -0.323457 -0.048067 0.1
v -0.324733 -0.040979 0.1
v -0.325381 -0.040979 0.1
v -0.326686 -0.048045 0.1
v -0.328468 -0.055003 0.1
v -0.115358 -0.216589 0.11
v -0.060976 -0.216589 0.11
v -0.060976 -0.016589 0.11
v -0.117416 -0.016589 0.11
v -0.221951 -0.114073 0.11
v -0.220498 -0.095254 0.11
v -0.215126 -0.075549 0.11
v -0.205831 -0.058349 0.11
v -0.191688 -0.042666 0.11
v -0.191479 -0.042483 0.11
v -0.169711 -0.027894 0.11
v -0.146311 -0.019677 0.11
v -0.140105 -0.214428 0.11
v -0.16315 -0.207559 0.11
v -0.184033 -0.195424 0.11
v -0.200495 -0.179662 0.11
v -0.211964 -0.161773 0.11
v -0.219145 -0.140839 0.11
v -0.181806 -0.066586 0.11
v -0.172091 -0.056271 0.11
v -0.157482 -0.046833 0.11
v -0.140974 -0.041056 0.11
v -0.117302 -0.03854 0.11
v -0.087805 -0.03854 0.11
v -0.087805 -0.194637 0.11
v -0.116197 -0.194637 0.11
v -0.137297 -0.192673 0.11
v -0.154127 -0.18742 0.11
v -0.167767 -0.179321 0.11
v -0.178984 -0.168241 0.11
v -0.18742 -0.154451 0.11
v -0.193286 -0.135651 0.11
v -0.195122 -0.114645 0.11
v -0.193423 -0.09474 0.11
v -0.188754 -0.078921 0.11
v -0.117302 -0.03854 0.1
v -0.087805 -0.03854 0.1
v -0.140974 -0.041056 0.1
v -0.157482 -0.046833 0.1
v -0.172091 -0.056271 0.1
v -0.181806 -0.066586 0.1
v -0.188754 -0.078921 0.1
v -0.193423 -0.09474 0.1
v -0.195122 -0.114645 0.1
v -0.193286 -0.135651 0.1
v -0.18742 -0.154451 0.1
v -0.178984 -0.168241 0.1
v -0.167767 -0.179321 0.1
v -0.154127 -0.18742 0.1
v -0.137297 -0.192673 0.1
v -0.116197 -0.194637 0.1
v -0.087805 -0.194637 0.1
v -0.021951 -0.194637 0.11
v -0.021951 -0.216589 0.11
v 0.085366 -0.216589 0.11
v 0.085366 -0.016589 0.11
v -0.017073 -0.016589 0.11
v -0.017073 -0.03854 0.11
v 0.058537 -0.03854 0.11
v 0.058537 -0.104393 0.11
v -0.012195 -0.104393 0.11
v -0.012195 -0.126345 0.11
v 0.058537 -0.126345 0.11
v 0.058537 -0.194637 0.11
v 0.12439 -0.184272 0.11
v 0.12439 -0.206223 0.11
v 0.145709 -0.214976 0.11
v 0.179421 -0.219028 0.11
v 0.173952 -0.218934 0.11
v 0.273171 -0.120361 0.11
v 0.271237 -0.143524 0.11
v 0.265218 -0.164694 0.11
v 0.254563 -0.183711 0.11
v 0.23954 -0.199526 0.11
v 0.223453 -0.2098 0.11
v 0.204068 -0.216472 0.11
v 0.171456 -0.01415 0.11
v 0.191544 -0.015789 0.11
v 0.21384 -0.022267 0.11
v 0.232837 -0.033202 0.11
v 0.250893 -0.050567 0.11
v 0.262616 -0.069266 0.11
v 0.270294 -0.091927 0.11
v 0.12439 -0.022076 0.11
v 0.147514 -0.015802 0.11
v 0.12439 -0.048906 0.11
v 0.171227 -0.036101 0.11
v 0.146918 -0.039259 0.11
v 0.246341 -0.118723 0.11
v 0.245387 -0.103162 0.11
v 0.240056 -0.081751 0.11
v 0.231811 -0.066309 0.11
v 0.219733 -0.052976 0.11
v 0.205891 -0.043715 0.11
v 0.190921 -0.038312 0.11
v 0.175724 -0.197076 0.11
v 0.194379 -0.194984 0.11
v 0.208951 -0.189619 0.11
v 0.221226 -0.181346 0.11
v 0.230611 -0.171445 0.11
v 0.238883 -0.157577 0.11
v 0.244316 -0.140374 0.11
v 0.127975 -0.186257 0.11
v 0.149176 -0.19413 0.11
v 0.290244 -0.194637 0.11
v 0.290244 -0.216589 0.11
v 0.392683 -0.216589 0.11
v 0.392683 -0.016589 0.11
v 0.365854 -0.016589 0.11
v 0.365854 -0.194637 0.11
v -0.8 -0.49 0.1
v -0.8 0.49 0.1
v -0.8 -0.49 0.28
v -0.8 0.49 0.28
v -1.79 0.5 0.1
v -1.79 0.5 0.28
v -0.81 0.5 0.1
v -0.81 0.5 0.28
v -1.8 0.49 0.1
v -1.8 -0.49 0.1
v -1.8 0.49 0.28
v -1.8 -0.49 0.28
v -0.81 -0.5 0.1
v -0.81 -0.5 0.28
v -1.79 -0.5 0.1
v -1.79 -0.5 0.28
v -1.79 0.49 0.29
v -1.79 -0.49 0.29
v -0.81 0.49 0.29
v -0.81 -0.49 0.29
v -0.81 0.49 0.09
v -0.81 -0.49 0.09
v -1.79 0.49 0.09
v -1.79 -0.49 0.09
v -1.792588 0.499659 0.1
v -1.792588 0.499659 0.28
v -1.795 0.49866 0.1
v -1.795 0.49866 0.28
v -1.797071 0.497071 0.1
v -1.797071 0.497071 0.28
v -1.79866 0.495 0.1
v -1.79866 0.495 0.28
v -1.799659 0.492588 0.1
v -1.799659 0.492588 0.28
v -1.799659 0.49 0.282588
v -1.79933 0.4925 0.282588
v -1.79433 0.4925 0.28866
v -1.792241 0.491294 0.289659
v -1.79183 0.49183 0.289659
v -1.79 0.492588 0.289659
v -1.79067 0.4925 0.289659
v -1.7925 0.49067 0.289659
v -1.79483 0.491294 0.28866
v -1.79683 0.49183 0.287071
v -1.792588 0.49 0.289659
v -1.793536 0.493536 0.28866
v -1.791294 0.492241 0.289659
v -1.7925 0.49433 0.28866
v -1.791294 0.49483 0.28866
v -1.79 0.495 0.28866
v -1.795 0.49 0.28866
v -1.797071 0.49 0.287071
v -1.79866 0.49 0.285
v -1.796124 0.493536 0.287071
v -1.795 0.495 0.287071
v -1.793536 0.496124 0.287071
v -1.79183 0.49683 0.287071
v -1.79 0.497071 0.287071
v -1.798365 0.492241 0.285
v -1.7975 0.49433 0.285
v -1.796124 0.496124 0.285
v -1.79433 0.4975 0.285
v -1.792241 0.498365 0.285
v -1.79 0.49866 0.285
v -1.798365 0.49483 0.282588
v -1.79683 0.49683 0.282588
v -1.79483 0.498365 0.282588
v -1.7925 0.49933 0.282588
v -1.79 0.499659 0.282588
v -1.79933 0.4925 0.097412
v -1.798365 0.49483 0.097412
v -1.798365 0.492241 0.095
v -1.7975 0.49433 0.095
v -1.79683 0.49183 0.092929
v -1.796124 0.493536 0.092929
v -1.79483 0.491294 0.09134
v -1.79433 0.4925 0.09134
v -1.7925 0.49067 0.090341
v -1.792241 0.491294 0.090341
v -1.79683 0.49683 0.097412
v -1.796124 0.496124 0.095
v -1.795 0.495 0.092929
v -1.793536 0.493536 0.09134
v -1.79183 0.49183 0.090341
v -1.799659 0.49 0.097412
v -1.79866 0.49 0.095
v -1.797071 0.49 0.092929
v -1.795 0.49 0.09134
v -1.792588 0.49 0.090341
v -1.79483 0.498365 0.097412
v -1.7925 0.49933 0.097412
v -1.79433 0.4975 0.095
v -1.792241 0.498365 0.095
v -1.793536 0.496124 0.092929
v -1.79183 0.49683 0.092929
v -1.7925 0.49433 0.09134
v -1.791294 0.49483 0.09134
v -1.791294 0.492241 0.090341
v -1.79067 0.4925 0.090341
v -1.79 0.499659 0.097412
v -1.79 0.49866 0.095
v -1.79 0.497071 0.092929
v -1.79 0.495 0.09134
v -1.79 0.492588 0.090341
v -1.792588 -0.49 0.289659
v -1.795 -0.49 0.28866
v -1.797071 -0.49 0.287071
v -1.79866 -0.49 0.285
v -1.799659 -0.49 0.282588
v -0.81 0.492588 0.289659
v -0.81 0.495 0.28866
v -0.81 0.497071 0.287071
v -0.81 0.49866 0.285
v -0.81 0.499659 0.282588
v -0.800251 0.492225 0.1
v -0.800341 0.492588 0.28
v -0.800374 0.492577 0.1
v -0.80099 0.494339 0.1
v -0.80134 0.495 0.28
v -0.801387 0.49497 0.1
v -0.802182 0.496235 0.1
v -0.802929 0.497071 0.28
v -0.802973 0.497027 0.1
v -0.803765 0.497818 0.1
v -0.805 0.49866 0.28
v -0.80503 0.498613 0.1
v -0.807412 0.499659 0.28
v -0.805661 0.49901 0.1
v -0.807423 0.499626 0.1
v -0.807775 0.499749 0.1
v -0.81 0.492588 0.090341
v -0.81 0.495 0.09134
v -0.81 0.497071 0.092929
v -0.81 0.49866 0.095
v -0.81 0.499659 0.097412
v -1.792588 -0.49 0.090341
v -1.795 -0.49 0.09134
v -1.797071 -0.49 0.092929
v -1.79866 -0.49 0.095
v -1.799659 -0.49 0.097412
v -1.799659 -0.492588 0.1
v -1.799659 -0.492588 0.28
v -1.79866 -0.495 0.1
v -1.79866 -0.495 0.28
v -1.797071 -0.497071 0.1
v -1.797071 -0.497071 0.28
v -1.795 -0.49866 0.1
v -1.795 -0.49866 0.28
v -1.792588 -0.499659 0.1
v -1.792588 -0.499659 0.28
v -1.79 -0.499659 0.282588
v -1.7925 -0.49933 0.282588
v -1.7925 -0.49433 0.28866
v -1.791294 -0.492241 0.289659
v -1.79183 -0.49183 0.289659
v -1.7925 -0.49067 0.289659
v -1.79067 -0.4925 0.289659
v -1.791294 -0.49483 0.28866
v -1.79183 -0.49683 0.287071
v -1.79 -0.492588 0.289659
v -1.793536 -0.493536 0.28866
v -1.792241 -0.491294 0.289659
v -1.79433 -0.4925 0.28866
v -1.79483 -0.491294 0.28866
v -1.79 -0.495 0.28866
v -1.79 -0.497071 0.287071
v -1.79 -0.49866 0.285
v -1.793536 -0.496124 0.287071
v -1.795 -0.495 0.287071
v -1.796124 -0.493536 0.287071
v -1.79683 -0.49183 0.287071
v -1.792241 -0.498365 0.285
v -1.79433 -0.4975 0.285
v -1.796124 -0.496124 0.285
v -1.7975 -0.49433 0.285
v -1.798365 -0.492241 0.285
v -1.79483 -0.498365 0.282588
v -1.79683 -0.49683 0.282588
v -1.798365 -0.49483 0.282588
v -1.79933 -0.4925 0.282588
v -0.8075 0.49933 0.282588
v -0.8075 0.49433 0.28866
v -0.808706 0.492241 0.289659
v -0.80817 0.49183 0.289659
v -0.807412 0.49 0.289659
v -0.8075 0.49067 0.289659
v -0.80933 0.4925 0.289659
v -0.808706 0.49483 0.28866
v -0.80817 0.49683 0.287071
v -0.806464 0.493536 0.28866
v -0.807759 0.491294 0.289659
v -0.80567 0.4925 0.28866
v -0.80517 0.491294 0.28866
v -0.805 0.49 0.28866
v -0.806464 0.496124 0.287071
v -0.805 0.495 0.287071
v -0.803876 0.493536 0.287071
v -0.80317 0.49183 0.287071
v -0.802929 0.49 0.287071
v -0.807759 0.498365 0.285
v -0.80567 0.4975 0.285
v -0.803876 0.496124 0.285
v -0.8025 0.49433 0.285
v -0.801635 0.492241 0.285
v -0.80134 0.49 0.285
v -0.80517 0.498365 0.282588
v -0.80317 0.49683 0.282588
v -0.801635 0.49483 0.282588
v -0.80067 0.4925 0.282588
v -0.800341 0.49 0.282588
v -0.807477 0.490576 0.090341
v -0.807412 0.49 0.090341
v -0.807668 0.491123 0.090341
v -0.807976 0.491614 0.090341
v -0.808386 0.492024 0.090341
v -0.808877 0.492332 0.090341
v -0.809424 0.492523 0.090341
v -0.808887 0.494875 0.09134
v -0.808426 0.496894 0.092929
v -0.808073 0.498443 0.095
v -0.807851 0.499417 0.097412
v -0.805809 0.498703 0.097412
v -0.803978 0.497552 0.097412
v -0.802448 0.496022 0.097412
v -0.801297 0.494191 0.097412
v -0.800583 0.492149 0.097412
v -0.800341 0.49 0.097412
v -0.806242 0.497803 0.095
v -0.8046 0.496771 0.095
v -0.803229 0.4954 0.095
v -0.802197 0.493758 0.095
v -0.801557 0.491927 0.095
v -0.80134 0.49 0.095
v -0.806932 0.496371 0.092929
v -0.805591 0.495528 0.092929
v -0.804472 0.494409 0.092929
v -0.803629 0.493068 0.092929
v -0.803106 0.491573 0.092929
v -0.802929 0.49 0.092929
v -0.807831 0.494505 0.09134
v -0.806883 0.493909 0.09134
v -0.806091 0.493117 0.09134
v -0.805495 0.492169 0.09134
v -0.805125 0.491113 0.09134
v -0.805 0.49 0.09134
v -1.7925 -0.49933 0.097412
v -1.79483 -0.498365 0.097412
v -1.792241 -0.498365 0.095
v -1.79433 -0.4975 0.095
v -1.79183 -0.49683 0.092929
v -1.793536 -0.496124 0.092929
v -1.791294 -0.49483 0.09134
v -1.7925 -0.49433 0.09134
v -1.79067 -0.4925 0.090341
v -1.791294 -0.492241 0.090341
v -1.79683 -0.49683 0.097412
v -1.796124 -0.496124 0.095
v -1.795 -0.495 0.092929
v -1.793536 -0.493536 0.09134
v -1.79183 -0.49183 0.090341
v -1.79 -0.499659 0.097412
v -1.79 -0.49866 0.095
v -1.79 -0.497071 0.092929
v -1.79 -0.495 0.09134
v -1.79 -0.492588 0.090341
v -1.798365 -0.49483 0.097412
v -1.79933 -0.4925 0.097412
v -1.7975 -0.49433 0.095
v -1.798365 -0.492241 0.095
v -1.796124 -0.493536 0.092929
v -1.79683 -0.49183 0.092929
v -1.79433 -0.4925 0.09134
v -1.79483 -0.491294 0.09134
v -1.792241 -0.491294 0.090341
v -1.7925 -0.49067 0.090341
v -0.81 -0.492588 0.289659
v -0.81 -0.495 0.28866
v -0.81 -0.497071 0.287071
v -0.81 -0.49866 0.285
v -0.81 -0.499659 0.282588
v -0.807412 -0.49 0.289659
v -0.805 -0.49 0.28866
v -0.802929 -0.49 0.287071
v -0.80134 -0.49 0.285
v -0.800341 -0.49 0.282588
v -0.807412 -0.49 0.090341
v -0.805 -0.49 0.09134
v -0.802929 -0.49 0.092929
v -0.80134 -0.49 0.095
v -0.800341 -0.49 0.097412
v -0.81 -0.492588 0.090341
v -0.81 -0.495 0.09134
v -0.81 -0.497071 0.092929
v -0.81 -0.49866 0.095
v -0.81 -0.499659 0.097412
v -0.80067 -0.4925 0.282588
v -0.80567 -0.4925 0.28866
v -0.807759 -0.491294 0.289659
v -0.80817 -0.49183 0.289659
v -0.80933 -0.4925 0.289659
v -0.8075 -0.49067 0.289659
v -0.80517 -0.491294 0.28866
v -0.80317 -0.49183 0.287071
v -0.806464 -0.493536 0.28866
v -0.808706 -0.492241 0.289659
v -0.8075 -0.49433 0.28866
v -0.808706 -0.49483 0.28866
v -0.803876 -0.493536 0.287071
v -0.805 -0.495 0.287071
v -0.806464 -0.496124 0.287071
v -0.80817 -0.49683 0.287071
v -0.801635 -0.492241 0.285
v -0.8025 -0.49433 0.285
v -0.803876 -0.496124 0.285
v -0.80567 -0.4975 0.285
v -0.807759 -0.498365 0.285
v -0.801635 -0.49483 0.282588
v -0.80317 -0.49683 0.282588
v -0.80517 -0.498365 0.282588
v -0.8075 -0.49933 0.282588
v -0.800341 -0.492588 0.28
v -0.80134 -0.495 0.28
v -0.802929 -0.497071 0.28
v -0.805 -0.49866 0.28
v -0.807412 -0.499659 0.28
v -0.800341 -0.492588 0.1
v -0.80134 -0.495 0.1
v -0.80067 -0.4925 0.097412
v -0.801635 -0.49483 0.097412
v -0.801635 -0.492241 0.095
v -0.8025 -0.49433 0.095
v -0.80317 -0.49183 0.092929
v -0.803876 -0.493536 0.092929
v -0.80517 -0.491294 0.09134
v -0.80567 -0.4925 0.09134
v -0.8075 -0.49067 0.090341
v -0.807759 -0.491294 0.090341
v -0.802929 -0.497071 0.1
v -0.80317 -0.49683 0.097412
v -0.803876 -0.496124 0.095
v -0.805 -0.495 0.092929
v -0.806464 -0.493536 0.09134
v -0.80817 -0.49183 0.090341
v -0.805 -0.49866 0.1
v -0.807412 -0.499659 0.1
v -0.80517 -0.498365 0.097412
v -0.8075 -0.49933 0.097412
v -0.80567 -0.4975 0.095
v -0.807759 -0.498365 0.095
v -0.806464 -0.496124 0.092929
v -0.80817 -0.49683 0.092929
v -0.8075 -0.49433 0.09134
v -0.808706 -0.49483 0.09134
v -0.808706 -0.492241 0.090341
v -0.80933 -0.4925 0.090341
v 0.8 -0.49 0.28
v 0.8 0.49 0.28
v 0.8 -0.49 0.1
v 0.8 0.49 0.1
v 1.79 0.5 0.28
v 1.79 0.5 0.1
v 0.81 0.5 0.28
v 0.81 0.5 0.1
v 1.8 0.49 0.28
v 1.8 -0.49 0.28
v 1.8 0.49 0.1
v 1.8 -0.49 0.1
v 0.81 -0.5 0.28
v 0.81 -0.5 0.1
v 1.79 -0.5 0.28
v 1.79 -0.5 0.1
v 1.79 0.49 0.09
v 1.79 -0.49 0.09
v 0.81 0.49 0.09
v 0.81 -0.49 0.09
v 0.81 0.49 0.29
v 0.81 -0.49 0.29
v 1.79 0.49 0.29
v 1.79 -0.49 0.29
v 1.792588 0.499659 0.28
v 1.792588 0.499659 0.1
v 1.795 0.49866 0.28
v 1.795 0.49866 0.1
v 1.797071 0.497071 0.28
v 1.797071 0.497071 0.1
v 1.79866 0.495 0.28
v 1.79866 0.495 0.1
v 1.799659 0.492588 0.28
v 1.799659 0.492588 0.1
v 1.799659 0.49 0.097412
v 1.79933 0.4925 0.097412
v 1.79433 0.4925 0.09134
v 1.792241 0.491294 0.090341
v 1.79183 0.49183 0.090341
v 1.79 0.492588 0.090341
v 1.79067 0.4925 0.090341
v 1.7925 0.49067 0.090341
v 1.79483 0.491294 0.09134
v 1.79683 0.49183 0.092929
v 1.792588 0.49 0.090341
v 1.793536 0.493536 0.09134
v 1.791294 0.492241 0.090341
v 1.7925 0.49433 0.09134
v 1.791294 0.49483 0.09134
v 1.79 0.495 0.09134
v 1.795 0.49 0.09134
v 1.797071 0.49 0.092929
v 1.79866 0.49 0.095
v 1.796124 0.493536 0.092929
v 1.795 0.495 0.092929
v 1.793536 0.496124 0.092929
v 1.79183 0.49683 0.092929
v 1.79 0.497071 0.092929
v 1.798365 0.492241 0.095
v 1.7975 0.49433 0.095
v 1.796124 0.496124 0.095
v 1.79433 0.4975 0.095
v 1.792241 0.498365 0.095
v 1.79 0.49866 0.095
v 1.798365 0.49483 0.097412
v 1.79683 0.49683 0.097412
v 1.79483 0.498365 0.097412
v 1.7925 0.49933 0.097412
v 1.79 0.499659 0.097412
v 1.79933 0.4925 0.282588
v 1.798365 0.49483 0.282588
v 1.798365 0.492241 0.285
v 1.7975 0.49433 0.285
v 1.79683 0.49183 0.287071
v 1.796124 0.493536 0.287071
v 1.79483 0.491294 0.28866
v 1.79433 0.4925 0.28866
v 1.7925 0.49067 0.289659
v 1.792241 0.491294 0.289659
v 1.79683 0.49683 0.282588
v 1.796124 0.496124 0.285
v 1.795 0.495 0.287071
v 1.793536 0.493536 0.28866
v 1.79183 0.49183 0.289659
v 1.799659 0.49 0.282588
v 1.79866 0.49 0.285
v 1.797071 0.49 0.287071
v 1.795 0.49 0.28866
v 1.792588 0.49 0.289659
v 1.79483 0.498365 0.282588
v 1.7925 0.49933 0.282588
v 1.79433 0.4975 0.285
v 1.792241 0.498365 0.285
v 1.793536 0.496124 0.287071
v 1.79183 0.49683 0.287071
v 1.7925 0.49433 0.28866
v 1.791294 0.49483 0.28866
v 1.791294 0.492241 0.289659
v 1.79067 0.4925 0.289659
v 1.79 0.499659 0.282588
v 1.79 0.49866 0.285
v 1.79 0.497071 0.287071
v 1.79 0.495 0.28866
v 1.79 0.492588 0.289659
v 1.792588 -0.49 0.090341
v 1.795 -0.49 0.09134
v 1.797071 -0.49 0.092929
v 1.79866 -0.49 0.095
v 1.799659 -0.49 0.097412
v 0.81 0.492588 0.090341
v 0.81 0.495 0.09134
v 0.81 0.497071 0.092929
v 0.81 0.49866 0.095
v 0.81 0.499659 0.097412
v 0.800251 0.492225 0.28
v 0.800341 0.492588 0.1
v 0.800374 0.492577 0.28
v 0.80099 0.494339 0.28
v 0.80134 0.495 0.1
v 0.801387 0.49497 0.28
v 0.802182 0.496235 0.28
v 0.802929 0.497071 0.1
v 0.802973 0.497027 0.28
v 0.803765 0.497818 0.28
v 0.805 0.49866 0.1
v 0.80503 0.498613 0.28
v 0.807412 0.499659 0.1
v 0.805661 0.49901 0.28
v 0.807423 0.499626 0.28
v 0.807775 0.499749 0.28
v 0.81 0.492588 0.289659
v 0.81 0.495 0.28866
v 0.81 0.497071 0.287071
v 0.81 0.49866 0.285
v 0.81 0.499659 0.282588
v 1.792588 -0.49 0.289659
v 1.795 -0.49 0.28866
v 1.797071 -0.49 0.287071
v 1.79866 -0.49 0.285
v 1.799659 -0.49 0.282588
v 1.799659 -0.492588 0.28
v 1.799659 -0.492588 0.1
v 1.79866 -0.495 0.28
v 1.79866 -0.495 0.1
v 1.797071 -0.497071 0.28
v 1.797071 -0.497071 0.1
v 1.795 -0.49866 0.28
v 1.795 -0.49866 0.1
v 1.792588 -0.499659 0.28
v 1.792588 -0.499659 0.1
v 1.79 -0.499659 0.097412
v 1.7925 -0.49933 0.097412
v 1.7925 -0.49433 0.09134
v 1.791294 -0.492241 0.090341
v 1.79183 -0.49183 0.090341
v 1.7925 -0.49067 0.090341
v 1.79067 -0.4925 0.090341
v 1.791294 -0.49483 0.09134
v 1.79183 -0.49683 0.092929
v 1.79 -0.492588 0.090341
v 1.793536 -0.493536 0.09134
v 1.792241 -0.491294 0.090341
v 1.79433 -0.4925 0.09134
v 1.79483 -0.491294 0.09134
v 1.79 -0.495 0.09134
v 1.79 -0.497071 0.092929
v 1.79 -0.49866 0.095
v 1.793536 -0.496124 0.092929
v 1.795 -0.495 0.092929
v 1.796124 -0.493536 0.092929
v 1.79683 -0.49183 0.092929
v 1.792241 -0.498365 0.095
v 1.79433 -0.4975 0.095
v 1.796124 -0.496124 0.095
v 1.7975 -0.49433 0.095
v 1.798365 -0.492241 0.095
v 1.79483 -0.498365 0.097412
v 1.79683 -0.49683 0.097412
v 1.798365 -0.49483 0.097412
v 1.79933 -0.4925 0.097412
v 0.8075 0.49933 0.097412
v 0.8075 0.49433 0.09134
v 0.808706 0.492241 0.090341
v 0.80817 0.49183 0.090341
v 0.807412 0.49 0.090341
v 0.8075 0.49067 0.090341
v 0.80933 0.4925 0.090341
v 0.808706 0.49483 0.09134
v 0.80817 0.49683 0.092929
v 0.806464 0.493536 0.09134
v 0.807759 0.491294 0.090341
v 0.80567 0.4925 0.09134
v 0.80517 0.491294 0.09134
v 0.805 0.49 0.09134
v 0.806464 0.496124 0.092929
v 0.805 0.495 0.092929
v 0.803876 0.493536 0.092929
v 0.80317 0.49183 0.092929
v 0.802929 0.49 0.092929
v 0.807759 0.498365 0.095
v 0.80567 0.4975 0.095
v 0.803876 0.496124 0.095
v 0.8025 0.49433 0.095
v 0.801635 0.492241 0.095
v 0.80134 0.49 0.095
v 0.80517 0.498365 0.097412
v 0.80317 0.49683 0.097412
v 0.801635 0.49483 0.097412
v 0.80067 0.4925 0.097412
v 0.800341 0.49 0.097412
v 0.807477 0.490576 0.289659
v 0.807412 0.49 0.289659
v 0.807668 0.491123 0.289659
v 0.807976 0.491614 0.289659
v 0.808386 0.492024 0.289659
v 0.808877 0.492332 0.289659
v 0.809424 0.492523 0.289659
v 0.808887 0.494875 0.28866
v 0.808426 0.496894 0.287071
v 0.808073 0.498443 0.285
v 0.807851 0.499417 0.282588
v 0.805809 0.498703 0.282588
v 0.803978 0.497552 0.282588
v 0.802448 0.496022 0.282588
v 0.801297 0.494191 0.282588
v 0.800583 0.492149 0.282588
v 0.800341 0.49 0.282588
v 0.806242 0.497803 0.285
v 0.8046 0.496771 0.285
v 0.803229 0.4954 0.285
v 0.802197 0.493758 0.285
v 0.801557 0.491927 0.285
v 0.80134 0.49 0.285
v 0.806932 0.496371 0.287071
v 0.805591 0.495528 0.287071
v 0.804472 0.494409 0.287071
v 0.803629 0.493068 0.287071
v 0.803106 0.491573 0.287071
v 0.802929 0.49 0.287071
v 0.807831 0.494505 0.28866
v 0.806883 0.493909 0.28866
v 0.806091 0.493117 0.28866
v 0.805495 0.492169 0.28866
v 0.805125 0.491113 0.28866
v 0.805 0.49 0.28866
v 1.7925 -0.49933 0.282588
v 1.79483 -0.498365 0.282588
v 1.792241 -0.498365 0.285
v 1.79433 -0.4975 0.285
v 1.79183 -0.49683 0.287071
v 1.793536 -0.496124 0.287071
v 1.791294 -0.49483 0.28866
v 1.7925 -0.49433 0.28866
v 1.79067 -0.4925 0.289659
v 1.791294 -0.492241 0.289659
v 1.79683 -0.49683 0.282588
v 1.796124 -0.496124 0.285
v 1.795 -0.495 0.287071
v 1.793536 -0.493536 0.28866
v 1.79183 -0.49183 0.289659
v 1.79 -0.499659 0.282588
v 1.79 -0.49866 0.285
v 1.79 -0.497071 0.287071
v 1.79 -0.495 0.28866
v 1.79 -0.492588 0.289659
v 1.798365 -0.49483 0.282588
v 1.79933 -0.4925 0.282588
v 1.7975 -0.49433 0.285
v 1.798365 -0.492241 0.285
v 1.796124 -0.493536 0.287071
v 1.79683 -0.49183 0.287071
v 1.79433 -0.4925 0.28866
v 1.79483 -0.491294 0.28866
v 1.792241 -0.491294 0.289659
v 1.7925 -0.49067 0.289659
v 0.81 -0.492588 0.090341
v 0.81 -0.495 0.09134
v 0.81 -0.497071 0.092929
v 0.81 -0.49866 0.095
v 0.81 -0.499659 0.097412
v 0.807412 -0.49 0.090341
v 0.805 -0.49 0.09134
v 0.802929 -0.49 0.092929
v 0.80134 -0.49 0.095
v 0.800341 -0.49 0.097412
v 0.807412 -0.49 0.289659
v 0.805 -0.49 0.28866
v 0.802929 -0.49 0.287071
v 0.80134 -0.49 0.285
v 0.800341 -0.49 0.282588
v 0.81 -0.492588 0.289659
v 0.81 -0.495 0.28866
v 0.81 -0.497071 0.287071
v 0.81 -0.49866 0.285
v 0.81 -0.499659 0.282588
v 0.80067 -0.4925 0.097412
v 0.80567 -0.4925 0.09134
v 0.807759 -0.491294 0.090341
v 0.80817 -0.49183 0.090341
v 0.80933 -0.4925 0.090341
v 0.8075 -0.49067 0.090341
v 0.80517 -0.491294 0.09134
v 0.80317 -0.49183 0.092929
v 0.806464 -0.493536 0.09134
v 0.808706 -0.492241 0.090341
v 0.8075 -0.49433 0.09134
v 0.808706 -0.49483 0.09134
v 0.803876 -0.493536 0.092929
v 0.805 -0.495 0.092929
v 0.806464 -0.496124 0.092929
v 0.80817 -0.49683 0.092929
v 0.801635 -0.492241 0.095
v 0.8025 -0.49433 0.095
v 0.803876 -0.496124 0.095
v 0.80567 -0.4975 0.095
v 0.807759 -0.498365 0.095
v 0.801635 -0.49483 0.097412
v 0.80317 -0.49683 0.097412
v 0.80517 -0.498365 0.097412
v 0.8075 -0.49933 0.097412
v 0.800341 -0.492588 0.1
v 0.80134 -0.495 0.1
v 0.802929 -0.497071 0.1
v 0.805 -0.49866 0.1
v 0.807412 -0.499659 0.1
v 0.800341 -0.492588 0.28
v 0.80134 -0.495 0.28
v 0.80067 -0.4925 0.282588
v 0.801635 -0.49483 0.282588
v 0.801635 -0.492241 0.285
v 0.8025 -0.49433 0.285
v 0.80317 -0.49183 0.287071
v 0.803876 -0.493536 0.287071
v 0.80517 -0.491294 0.28866
v 0.80567 -0.4925 0.28866
v 0.8075 -0.49067 0.289659
v 0.807759 -0.491294 0.289659
v 0.802929 -0.497071 0.28
v 0.80317 -0.49683 0.282588
v 0.803876 -0.496124 0.285
v 0.805 -0.495 0.287071
v 0.806464 -0.493536 0.28866
v 0.80817 -0.49183 0.289659
v 0.805 -0.49866 0.28
v 0.807412 -0.499659 0.28
v 0.80517 -0.498365 0.282588
v 0.8075 -0.49933 0.282588
v 0.80567 -0.4975 0.285
v 0.807759 -0.498365 0.285
v 0.806464 -0.496124 0.287071
v 0.80817 -0.49683 0.287071
v 0.8075 -0.49433 0.28866
v 0.808706 -0.49483 0.28866
v 0.808706 -0.492241 0.289659
v 0.80933 -0.4925 0.289659
usemtl 1
f 1// 2// 3//
f 3// 2// 4//
f 3// 4// 5//
f 6// 7// 8//
f 9// 5// 10//
f 10// 5// 11//
f 12// 13// 14//
f 14// 13// 2//
f 14// 2// 15//
f 16// 17// 18//
f 18// 17// 19//
f 18// 19// 20//
f 8// 15// 6//
f 6// 15// 2//
f 6// 2// 21//
f 21// 2// 1//
f 21// 1// 11//
f 22// 23// 24//
f 25// 26// 27//
f 27// 26// 28//
f 27// 28// 29//
f 30// 31// 27//
f 27// 31// 32//
f 33// 34// 35//
f 35// 34// 36//
f 32// 37// 27//
f 27// 37// 36//
f 27// 36// 38//
f 38// 36// 34//
f 29// 39// 27//
f 27// 39// 40//
f 27// 40// 30//
f 20// 41// 18//
f 18// 41// 42//
f 18// 42// 43//
f 43// 42// 44//
f 43// 44// 45//
f 44// 46// 45//
f 45// 46// 47//
f 45// 47// 24//
f 24// 47// 48//
f 24// 48// 22//
f 49// 50// 1//
f 1// 50// 51//
f 1// 51// 52//
f 52// 53// 1//
f 1// 53// 54//
f 1// 54// 11//
f 11// 54// 55//
f 11// 55// 10//
f 10// 55// 56//
f 10// 56// 27//
f 27// 56// 57//
f 27// 57// 25//
f 58// 59// 60//
f 60// 59// 61//
f 60// 61// 17//
f 23// 49// 24//
f 24// 49// 1//
f 24// 1// 62//
f 62// 1// 63//
f 62// 63// 16//
f 16// 63// 64//
f 16// 64// 17//
f 17// 64// 65//
f 17// 65// 60//
f 66// 67// 60//
f 60// 67// 3//
f 60// 3// 58//
f 58// 3// 5//
f 58// 5// 68//
f 68// 5// 9//
f 69// 70// 71//
f 72// 3// 73//
f 73// 3// 67//
f 73// 67// 74//
f 74// 67// 75//
f 74// 75// 76//
f 76// 75// 1//
f 71// 77// 69//
f 69// 77// 78//
f 69// 78// 79//
f 80// 81// 3//
f 3// 81// 82//
f 3// 82// 1//
f 1// 82// 83//
f 84// 85// 76//
f 76// 85// 86//
f 83// 87// 1//
f 1// 87// 88//
f 1// 88// 76//
f 76// 88// 89//
f 76// 89// 84//
f 79// 80// 69//
f 69// 80// 3//
f 69// 3// 90//
f 90// 3// 72//
f 90// 72// 91//
f 91// 72// 92//
f 86// 93// 76//
f 76// 93// 94//
f 76// 94// 69//
f 69// 94// 95//
f 69// 95// 70//
f 96// 97// 98//
f 99// 100// 97//
f 101// 102// 103//
f 103// 102// 104//
f 103// 104// 105//
f 104// 106// 105//
f 105// 106// 107//
f 105// 107// 108//
f 108// 107// 109//
f 110// 111// 112//
f 112// 111// 113//
f 114// 115// 116//
f 116// 115// 117//
f 116// 117// 101//
f 101// 117// 99//
f 101// 99// 102//
f 102// 99// 97//
f 102// 97// 118//
f 115// 119// 120//
f 118// 121// 122//
f 122// 121// 123//
f 124// 125// 107//
f 107// 125// 126//
f 107// 126// 127//
f 128// 129// 130//
f 130// 129// 131//
f 130// 131// 132//
f 113// 133// 112//
f 112// 133// 134//
f 112// 134// 121//
f 121// 134// 135//
f 121// 135// 123//
f 132// 136// 130//
f 130// 136// 137//
f 130// 137// 112//
f 112// 137// 138//
f 112// 138// 110//
f 124// 139// 125//
f 125// 139// 140//
f 125// 140// 141//
f 141// 140// 142//
f 141// 142// 143//
f 114// 144// 115//
f 115// 144// 145//
f 115// 145// 146//
f 146// 147// 115//
f 115// 147// 148//
f 115// 148// 119//
f 149// 150// 151//
f 151// 150// 152//
f 151// 152// 120//
f 120// 152// 153//
f 120// 153// 115//
f 127// 154// 107//
f 107// 154// 155//
f 107// 155// 109//
f 149// 151// 156//
f 156// 151// 157//
f 156// 157// 158//
f 130// 159// 160//
f 160// 161// 130//
f 130// 161// 162//
f 130// 162// 163//
f 163// 164// 130//
f 130// 164// 165//
f 130// 165// 166//
f 166// 167// 130//
f 130// 167// 168//
f 130// 168// 128//
f 128// 168// 169//
f 170// 171// 172//
f 172// 171// 173//
f 172// 173// 174//
f 174// 173// 128//
f 174// 128// 175//
f 175// 128// 169//
f 176// 98// 177//
f 177// 98// 97//
f 177// 97// 178//
f 178// 97// 100//
f 176// 179// 98//
f 98// 179// 159//
f 98// 159// 180//
f 181// 182// 183//
f 97// 184// 185//
f 186// 187// 188//
f 96// 189// 97//
f 97// 189// 190//
f 97// 190// 191//
f 184// 192// 193//
f 194// 195// 182//
f 182// 195// 196//
f 182// 196// 197//
f 191// 198// 97//
f 97// 198// 199//
f 97// 199// 200//
f 118// 97// 121//
f 121// 97// 185//
f 121// 185// 194//
f 194// 185// 201//
f 194// 201// 195//
f 197// 202// 182//
f 182// 202// 203//
f 182// 203// 204//
f 200// 205// 97//
f 97// 205// 206//
f 97// 206// 184//
f 184// 206// 207//
f 184// 207// 192//
f 193// 208// 184//
f 184// 208// 209//
f 184// 209// 210//
f 210// 211// 184//
f 184// 211// 212//
f 184// 212// 213//
f 204// 214// 182//
f 182// 214// 215//
f 182// 215// 216//
f 216// 217// 182//
f 182// 217// 218//
f 182// 218// 183//
f 181// 183// 219//
f 219// 183// 220//
f 219// 220// 221//
f 222// 223// 219//
f 219// 223// 224//
f 219// 224// 225//
f 221// 226// 219//
f 219// 226// 227//
f 219// 227// 222//
f 188// 228// 186//
f 186// 228// 229//
f 186// 229// 230//
f 230// 229// 231//
f 230// 231// 98//
f 98// 231// 232//
f 98// 232// 96//
f 233// 234// 235//
f 236// 237// 230//
f 230// 237// 238//
f 230// 238// 186//
f 186// 238// 239//
f 186// 239// 240//
f 241// 242// 243//
f 243// 242// 244//
f 245// 246// 247//
f 247// 233// 245//
f 245// 233// 235//
f 245// 235// 240//
f 240// 235// 194//
f 240// 194// 186//
f 186// 194// 182//
f 186// 182// 187//
f 248// 249// 250//
f 250// 249// 251//
f 252// 253// 254//
f 255// 250// 256//
f 256// 250// 257//
f 256// 257// 258//
f 259// 260// 261//
f 261// 260// 262//
f 252// 254// 263//
f 264// 265// 255//
f 255// 265// 266//
f 255// 266// 250//
f 250// 266// 267//
f 250// 267// 248//
f 251// 268// 250//
f 250// 268// 269//
f 250// 269// 270//
f 271// 272// 261//
f 253// 273// 254//
f 254// 273// 274//
f 254// 274// 275//
f 259// 261// 276//
f 276// 261// 277//
f 276// 277// 278//
f 278// 277// 279//
f 278// 279// 280//
f 264// 255// 281//
f 281// 255// 282//
f 281// 282// 283//
f 283// 282// 284//
f 283// 284// 285//
f 285// 284// 286//
f 285// 286// 287//
f 275// 288// 254//
f 254// 288// 289//
f 254// 289// 257//
f 257// 289// 290//
f 257// 290// 258//
f 291// 280// 292//
f 292// 280// 293//
f 291// 294// 280//
f 280// 294// 295//
f 280// 295// 278//
f 296// 297// 298//
f 287// 299// 285//
f 285// 299// 300//
f 285// 300// 301//
f 301// 302// 285//
f 285// 302// 303//
f 285// 303// 304//
f 305// 306// 304//
f 304// 306// 307//
f 304// 307// 285//
f 280// 308// 293//
f 293// 308// 309//
f 293// 309// 298//
f 298// 309// 310//
f 298// 310// 296//
f 311// 312// 313//
f 313// 312// 314//
f 313// 314// 315//
f 270// 316// 250//
f 250// 316// 311//
f 250// 311// 317//
f 317// 311// 313//
f 318// 319// 271//
f 320// 321// 322//
f 322// 323// 320//
f 320// 323// 324//
f 320// 324// 325//
f 319// 326// 271//
f 271// 326// 327//
f 271// 327// 328//
f 329// 330// 331//
f 331// 330// 332//
f 331// 332// 333//
f 334// 335// 254//
f 254// 335// 336//
f 325// 337// 320//
f 320// 337// 338//
f 320// 338// 339//
f 340// 341// 271//
f 271// 341// 342//
f 271// 342// 318//
f 333// 343// 331//
f 331// 343// 344//
f 331// 344// 254//
f 254// 344// 345//
f 254// 345// 334//
f 336// 346// 254//
f 254// 346// 347//
f 254// 347// 348//
f 262// 349// 261//
f 261// 349// 263//
f 261// 263// 271//
f 271// 263// 254//
f 271// 254// 340//
f 340// 254// 348//
f 350// 351// 321//
f 351// 350// 328//
f 328// 350// 313//
f 328// 313// 271//
f 271// 313// 315//
f 271// 315// 272//
f 159// 130// 180//
f 180// 130// 352//
f 180// 352// 353//
f 353// 352// 354//
f 353// 354// 355//
f 321// 320// 350//
f 350// 320// 356//
f 350// 356// 357//
f 357// 356// 242//
f 357// 242// 236//
f 236// 242// 241//
f 236// 241// 237//
f 358// 359// 360//
f 361// 362// 352//
f 352// 362// 358//
f 352// 358// 354//
f 354// 358// 360//
f 354// 360// 363//
f 363// 360// 364//
f 363// 364// 365//
f 364// 361// 365//
f 365// 361// 352//
f 365// 352// 366//
f 366// 367// 368//
f 369// 370// 371//
f 368// 372// 366//
f 366// 372// 369//
f 366// 369// 365//
f 365// 369// 371//
f 365// 371// 112//
f 112// 371// 373//
f 112// 373// 130//
f 130// 373// 374//
f 130// 374// 352//
f 352// 374// 375//
f 352// 375// 366//
f 242// 376// 377//
f 376// 242// 378//
f 378// 242// 356//
f 378// 356// 379//
f 379// 356// 380//
f 379// 380// 377//
f 377// 380// 235//
f 377// 235// 242//
f 242// 235// 234//
f 242// 234// 244//
f 381// 320// 331//
f 331// 320// 339//
f 331// 339// 329//
f 382// 380// 383//
f 383// 380// 384//
f 356// 385// 386//
f 381// 387// 320//
f 320// 387// 388//
f 320// 388// 356//
f 356// 388// 389//
f 356// 389// 385//
f 386// 390// 356//
f 356// 390// 391//
f 356// 391// 392//
f 392// 393// 356//
f 356// 393// 394//
f 356// 394// 380//
f 380// 394// 395//
f 380// 395// 384//
f 382// 396// 380//
f 380// 396// 397//
f 380// 397// 331//
f 331// 397// 398//
f 331// 398// 381//
f 317// 399// 250//
f 250// 399// 400//
f 250// 400// 257//
f 257// 400// 401//
f 402// 403// 404//
f 404// 403// 405//
f 406// 407// 408//
f 408// 407// 409//
f 410// 411// 412//
f 412// 411// 413//
f 414// 415// 416//
f 416// 415// 417//
f 418// 419// 420//
f 420// 419// 421//
f 406// 422// 423//
f 406// 423// 407//
f 407// 423// 424//
f 407// 424// 425//
f 426// 427// 410//
f 410// 427// 428//
f 410// 428// 411//
f 411// 428// 429//
f 430// 431// 402//
f 402// 431// 432//
f 402// 432// 403//
f 403// 432// 433//
f 417// 434// 435//
f 417// 435// 416//
f 416// 435// 436//
f 416// 436// 437//
f 436// 435// 438//
f 438// 435// 439//
f 438// 439// 440//
f 440// 439// 441//
f 440// 441// 442//
f 442// 441// 443//
f 442// 443// 444//
f 444// 443// 445//
f 444// 445// 446//
f 446// 445// 447//
f 446// 447// 448//
f 448// 447// 449//
f 448// 449// 450//
f 450// 449// 451//
f 450// 451// 452//
f 452// 451// 453//
f 452// 453// 454//
f 454// 453// 455//
f 454// 455// 456//
f 456// 455// 457//
f 418// 420// 457//
f 457// 420// 363//
f 363// 365// 457//
f 457// 365// 112//
f 457// 112// 456//
f 456// 112// 121//
f 456// 121// 194//
f 194// 235// 456//
f 456// 235// 380//
f 456// 380// 331//
f 331// 254// 456//
f 456// 254// 257//
f 456// 257// 401//
f 458// 459// 460//
f 461// 462// 463//
f 464// 465// 466//
f 418// 467// 468//
f 469// 467// 418//
f 466// 465// 418//
f 470// 418// 465//
f 471// 472// 473//
f 473// 472// 474//
f 473// 474// 475//
f 475// 474// 476//
f 476// 474// 477//
f 476// 477// 478//
f 478// 477// 479//
f 479// 477// 480//
f 479// 480// 481//
f 481// 480// 482//
f 482// 480// 483//
f 482// 483// 484//
f 484// 483// 485//
f 485// 483// 486//
f 485// 486// 487//
f 487// 486// 439//
f 487// 439// 435//
f 457// 469// 418//
f 488// 489// 464//
f 464// 489// 490//
f 464// 490// 465//
f 465// 490// 491//
f 465// 491// 470//
f 492// 468// 493//
f 493// 468// 467//
f 493// 467// 494//
f 494// 467// 469//
f 494// 469// 495//
f 462// 488// 463//
f 463// 488// 464//
f 463// 464// 496//
f 496// 464// 466//
f 496// 466// 497//
f 497// 466// 418//
f 457// 455// 469//
f 469// 455// 453//
f 469// 453// 495//
f 495// 453// 451//
f 495// 451// 449//
f 498// 492// 499//
f 499// 492// 493//
f 499// 493// 500//
f 500// 493// 494//
f 500// 494// 501//
f 501// 494// 495//
f 501// 495// 502//
f 502// 495// 449//
f 460// 498// 503//
f 503// 498// 499//
f 503// 499// 504//
f 504// 499// 500//
f 504// 500// 505//
f 505// 500// 501//
f 505// 501// 506//
f 506// 501// 502//
f 506// 502// 507//
f 459// 461// 460//
f 460// 461// 463//
f 460// 463// 498//
f 498// 463// 496//
f 498// 496// 492//
f 492// 496// 497//
f 492// 497// 468//
f 468// 497// 418//
f 471// 432// 472//
f 472// 432// 508//
f 472// 508// 458//
f 449// 447// 502//
f 502// 447// 445//
f 502// 445// 507//
f 507// 445// 443//
f 507// 443// 441//
f 458// 460// 472//
f 472// 460// 503//
f 472// 503// 474//
f 474// 503// 504//
f 474// 504// 477//
f 477// 504// 505//
f 477// 505// 480//
f 480// 505// 506//
f 480// 506// 483//
f 483// 506// 507//
f 483// 507// 486//
f 486// 507// 441//
f 486// 441// 439//
f 444// 446// 509//
f 510// 511// 512//
f 401// 513// 514//
f 515// 513// 401//
f 512// 511// 401//
f 456// 401// 511//
f 516// 517// 518//
f 517// 516// 519//
f 519// 516// 520//
f 519// 520// 521//
f 521// 520// 522//
f 521// 522// 523//
f 523// 522// 524//
f 523// 524// 525//
f 525// 524// 526//
f 526// 524// 527//
f 526// 527// 528//
f 528// 527// 529//
f 529// 527// 530//
f 529// 530// 427//
f 531// 515// 401//
f 448// 450// 510//
f 510// 450// 452//
f 510// 452// 511//
f 511// 452// 454//
f 511// 454// 456//
f 532// 514// 533//
f 533// 514// 513//
f 533// 513// 534//
f 534// 513// 515//
f 534// 515// 535//
f 531// 536// 515//
f 515// 536// 537//
f 515// 537// 535//
f 535// 537// 538//
f 535// 538// 539//
f 509// 532// 540//
f 540// 532// 533//
f 540// 533// 541//
f 541// 533// 534//
f 541// 534// 542//
f 542// 534// 535//
f 542// 535// 543//
f 543// 535// 539//
f 440// 442// 544//
f 544// 442// 444//
f 444// 509// 544//
f 544// 509// 540//
f 544// 540// 545//
f 545// 540// 541//
f 545// 541// 546//
f 546// 541// 542//
f 546// 542// 547//
f 547// 542// 543//
f 547// 543// 548//
f 446// 448// 509//
f 509// 448// 510//
f 509// 510// 532//
f 532// 510// 512//
f 532// 512// 514//
f 514// 512// 401//
f 440// 516// 438//
f 438// 516// 518//
f 438// 518// 436//
f 539// 549// 543//
f 543// 549// 550//
f 543// 550// 548//
f 548// 550// 551//
f 548// 551// 552//
f 440// 544// 516//
f 516// 544// 545//
f 516// 545// 520//
f 520// 545// 546//
f 520// 546// 522//
f 522// 546// 547//
f 522// 547// 524//
f 524// 547// 548//
f 524// 548// 527//
f 527// 548// 552//
f 527// 552// 530//
f 553// 554// 485//
f 555// 556// 482//
f 433// 432// 557//
f 557// 432// 471//
f 557// 471// 558//
f 479// 559// 478//
f 478// 559// 560//
f 478// 560// 476//
f 476// 560// 561//
f 476// 561// 475//
f 475// 561// 558//
f 475// 558// 473//
f 473// 558// 471//
f 482// 556// 481//
f 481// 556// 562//
f 481// 562// 479//
f 479// 562// 563//
f 479// 563// 559//
f 555// 482// 554//
f 554// 482// 484//
f 554// 484// 485//
f 553// 485// 434//
f 434// 485// 487//
f 434// 487// 435//
f 432// 431// 508//
f 508// 431// 564//
f 508// 564// 458//
f 458// 564// 565//
f 458// 565// 459//
f 459// 565// 566//
f 459// 566// 461//
f 461// 566// 567//
f 461// 567// 462//
f 462// 567// 568//
f 462// 568// 488//
f 488// 568// 569//
f 488// 569// 489//
f 489// 569// 570//
f 489// 570// 490//
f 490// 570// 571//
f 490// 571// 491//
f 491// 571// 572//
f 491// 572// 470//
f 572// 573// 470//
f 470// 573// 419//
f 470// 419// 418//
f 574// 575// 576//
f 576// 575// 577//
f 576// 577// 578//
f 578// 577// 579//
f 578// 579// 580//
f 580// 579// 581//
f 580// 581// 582//
f 582// 581// 583//
f 582// 583// 584//
f 584// 583// 585//
f 584// 585// 586//
f 586// 585// 587//
f 586// 587// 588//
f 588// 587// 589//
f 588// 589// 590//
f 590// 589// 591//
f 590// 591// 592//
f 592// 591// 593//
f 592// 593// 423//
f 423// 593// 424//
f 313// 574// 317//
f 317// 574// 399//
f 313// 350// 574//
f 574// 350// 357//
f 574// 357// 575//
f 575// 357// 236//
f 575// 236// 230//
f 230// 98// 575//
f 575// 98// 180//
f 575// 180// 353//
f 353// 355// 575//
f 575// 355// 421//
f 575// 421// 419//
f 400// 399// 594//
f 428// 427// 595//
f 595// 427// 530//
f 595// 530// 596//
f 596// 530// 552//
f 596// 552// 597//
f 597// 552// 551//
f 597// 551// 598//
f 598// 551// 550//
f 598// 550// 599//
f 599// 550// 549//
f 599// 549// 600//
f 600// 549// 539//
f 600// 539// 601//
f 601// 539// 538//
f 601// 538// 602//
f 602// 538// 537//
f 602// 537// 603//
f 603// 537// 536//
f 603// 536// 594//
f 594// 536// 531//
f 594// 531// 400//
f 400// 531// 401//
f 604// 605// 518//
f 518// 605// 606//
f 518// 606// 436//
f 436// 606// 607//
f 436// 607// 437//
f 518// 517// 604//
f 604// 517// 519//
f 604// 519// 608//
f 608// 519// 521//
f 521// 523// 608//
f 608// 523// 525//
f 608// 525// 609//
f 609// 525// 526//
f 609// 526// 610//
f 610// 526// 528//
f 610// 528// 611//
f 611// 528// 529//
f 611// 529// 612//
f 612// 529// 427//
f 612// 427// 426//
f 417// 415// 434//
f 434// 415// 613//
f 614// 405// 403//
f 403// 433// 614//
f 614// 433// 557//
f 614// 557// 615//
f 615// 557// 558//
f 615// 558// 616//
f 616// 558// 561//
f 616// 561// 617//
f 617// 561// 560//
f 617// 560// 618//
f 618// 560// 559//
f 618// 559// 619//
f 619// 559// 563//
f 619// 563// 620//
f 620// 563// 562//
f 620// 562// 621//
f 621// 562// 556//
f 621// 556// 622//
f 622// 556// 555//
f 622// 555// 623//
f 623// 555// 554//
f 623// 554// 613//
f 613// 554// 553//
f 613// 553// 434//
f 591// 589// 624//
f 587// 585// 625//
f 626// 627// 628//
f 419// 629// 630//
f 631// 629// 419//
f 628// 627// 419//
f 575// 419// 627//
f 632// 633// 634//
f 634// 633// 635//
f 634// 635// 636//
f 636// 635// 637//
f 637// 635// 638//
f 637// 638// 639//
f 639// 638// 640//
f 640// 638// 641//
f 640// 641// 642//
f 642// 641// 643//
f 643// 641// 644//
f 643// 644// 645//
f 645// 644// 646//
f 646// 644// 647//
f 646// 647// 648//
f 648// 647// 564//
f 648// 564// 431//
f 573// 631// 419//
f 583// 581// 626//
f 626// 581// 579//
f 626// 579// 627//
f 627// 579// 577//
f 627// 577// 575//
f 649// 630// 650//
f 650// 630// 629//
f 650// 629// 651//
f 651// 629// 631//
f 651// 631// 652//
f 585// 583// 625//
f 625// 583// 626//
f 625// 626// 653//
f 653// 626// 628//
f 653// 628// 654//
f 654// 628// 419//
f 573// 572// 631//
f 631// 572// 571//
f 631// 571// 652//
f 652// 571// 570//
f 652// 570// 569//
f 655// 649// 656//
f 656// 649// 650//
f 656// 650// 657//
f 657// 650// 651//
f 657// 651// 658//
f 658// 651// 652//
f 658// 652// 659//
f 659// 652// 569//
f 624// 655// 660//
f 660// 655// 656//
f 660// 656// 661//
f 661// 656// 657//
f 661// 657// 662//
f 662// 657// 658//
f 662// 658// 663//
f 663// 658// 659//
f 663// 659// 664//
f 589// 587// 624//
f 624// 587// 625//
f 624// 625// 655//
f 655// 625// 653//
f 655// 653// 649//
f 649// 653// 654//
f 649// 654// 630//
f 630// 654// 419//
f 632// 424// 633//
f 633// 424// 593//
f 633// 593// 591//
f 569// 568// 659//
f 659// 568// 567//
f 659// 567// 664//
f 664// 567// 566//
f 664// 566// 565//
f 591// 624// 633//
f 633// 624// 660//
f 633// 660// 635//
f 635// 660// 661//
f 635// 661// 638//
f 638// 661// 662//
f 638// 662// 641//
f 641// 662// 663//
f 641// 663// 644//
f 644// 663// 664//
f 644// 664// 647//
f 647// 664// 565//
f 647// 565// 564//
f 598// 599// 665//
f 666// 667// 668//
f 399// 669// 670//
f 671// 669// 399//
f 668// 667// 399//
f 594// 399// 667//
f 672// 673// 674//
f 673// 672// 675//
f 675// 672// 676//
f 675// 676// 677//
f 677// 676// 678//
f 677// 678// 679//
f 679// 678// 680//
f 679// 680// 681//
f 681// 680// 682//
f 682// 680// 683//
f 682// 683// 684//
f 684// 683// 685//
f 685// 683// 592//
f 685// 592// 423//
f 574// 671// 399//
f 600// 601// 666//
f 666// 601// 602//
f 666// 602// 667//
f 667// 602// 603//
f 667// 603// 594//
f 686// 670// 687//
f 687// 670// 669//
f 687// 669// 688//
f 688// 669// 671//
f 688// 671// 689//
f 574// 576// 671//
f 671// 576// 578//
f 671// 578// 689//
f 689// 578// 580//
f 689// 580// 582//
f 665// 686// 690//
f 690// 686// 687//
f 690// 687// 691//
f 691// 687// 688//
f 691// 688// 692//
f 692// 688// 689//
f 692// 689// 693//
f 693// 689// 582//
f 596// 597// 694//
f 694// 597// 598//
f 598// 665// 694//
f 694// 665// 690//
f 694// 690// 695//
f 695// 690// 691//
f 695// 691// 696//
f 696// 691// 692//
f 696// 692// 697//
f 697// 692// 693//
f 697// 693// 698//
f 599// 600// 665//
f 665// 600// 666//
f 665// 666// 686//
f 686// 666// 668//
f 686// 668// 670//
f 670// 668// 399//
f 596// 672// 595//
f 595// 672// 674//
f 595// 674// 428//
f 582// 584// 693//
f 693// 584// 586//
f 693// 586// 698//
f 698// 586// 588//
f 698// 588// 590//
f 596// 694// 672//
f 672// 694// 695//
f 672// 695// 676//
f 676// 695// 696//
f 676// 696// 678//
f 678// 696// 697//
f 678// 697// 680//
f 680// 697// 698//
f 680// 698// 683//
f 683// 698// 590//
f 683// 590// 592//
f 410// 412// 426//
f 426// 412// 699//
f 426// 699// 612//
f 612// 699// 611//
f 611// 699// 700//
f 611// 700// 610//
f 610// 700// 609//
f 609// 700// 701//
f 609// 701// 608//
f 608// 701// 604//
f 604// 701// 702//
f 604// 702// 605//
f 605// 702// 606//
f 606// 702// 703//
f 606// 703// 607//
f 414// 416// 703//
f 703// 416// 437//
f 703// 437// 607//
f 60// 65// 704//
f 705// 66// 60//
f 60// 704// 705//
f 705// 704// 706//
f 705// 706// 707//
f 707// 706// 708//
f 707// 708// 709//
f 709// 708// 710//
f 709// 710// 711//
f 711// 710// 712//
f 711// 712// 713//
f 713// 712// 415//
f 713// 415// 414//
f 613// 415// 712//
f 622// 623// 714//
f 620// 621// 715//
f 618// 619// 716//
f 616// 617// 717//
f 614// 615// 718//
f 615// 616// 718//
f 718// 616// 717//
f 718// 717// 719//
f 719// 717// 720//
f 719// 720// 721//
f 721// 720// 722//
f 721// 722// 723//
f 723// 722// 724//
f 723// 724// 725//
f 725// 724// 726//
f 725// 726// 65//
f 617// 618// 717//
f 717// 618// 716//
f 717// 716// 720//
f 720// 716// 727//
f 720// 727// 722//
f 722// 727// 728//
f 722// 728// 724//
f 724// 728// 729//
f 724// 729// 726//
f 726// 729// 730//
f 726// 730// 65//
f 405// 614// 731//
f 731// 614// 718//
f 731// 718// 732//
f 732// 718// 719//
f 732// 719// 733//
f 733// 719// 721//
f 733// 721// 734//
f 734// 721// 723//
f 734// 723// 735//
f 735// 723// 725//
f 735// 725// 65//
f 621// 622// 715//
f 715// 622// 714//
f 715// 714// 736//
f 736// 714// 737//
f 736// 737// 738//
f 738// 737// 739//
f 738// 739// 740//
f 740// 739// 741//
f 740// 741// 742//
f 742// 741// 743//
f 742// 743// 65//
f 623// 613// 714//
f 714// 613// 712//
f 714// 712// 737//
f 737// 712// 710//
f 737// 710// 739//
f 739// 710// 708//
f 739// 708// 741//
f 741// 708// 706//
f 741// 706// 743//
f 743// 706// 704//
f 743// 704// 65//
f 619// 620// 716//
f 716// 620// 715//
f 716// 715// 727//
f 727// 715// 736//
f 727// 736// 728//
f 728// 736// 738//
f 728// 738// 729//
f 729// 738// 740//
f 729// 740// 730//
f 730// 740// 742//
f 730// 742// 65//
f 744// 745// 646//
f 425// 424// 746//
f 746// 424// 632//
f 746// 632// 747//
f 747// 632// 634//
f 747// 634// 748//
f 748// 634// 636//
f 748// 636// 749//
f 636// 637// 749//
f 749// 637// 639//
f 749// 639// 750//
f 639// 640// 750//
f 750// 640// 642//
f 750// 642// 751//
f 751// 642// 643//
f 751// 643// 752//
f 752// 643// 745//
f 745// 643// 645//
f 745// 645// 646//
f 744// 646// 430//
f 430// 646// 648//
f 430// 648// 431//
f 753// 429// 428//
f 675// 754// 755//
f 753// 428// 756//
f 756// 428// 674//
f 756// 674// 755//
f 755// 674// 673//
f 755// 673// 675//
f 679// 757// 758//
f 754// 675// 758//
f 758// 675// 677//
f 758// 677// 679//
f 757// 679// 759//
f 759// 679// 681//
f 759// 681// 760//
f 760// 681// 682//
f 760// 682// 761//
f 761// 682// 684//
f 761// 684// 762//
f 762// 684// 685//
f 762// 685// 763//
f 763// 685// 423//
f 763// 423// 422//
f 703// 702// 764//
f 764// 702// 765//
f 764// 765// 766//
f 766// 765// 767//
f 766// 767// 768//
f 768// 767// 769//
f 768// 769// 770//
f 770// 769// 771//
f 770// 771// 772//
f 772// 771// 773//
f 772// 773// 66//
f 702// 701// 765//
f 765// 701// 774//
f 765// 774// 767//
f 767// 774// 775//
f 767// 775// 769//
f 769// 775// 776//
f 769// 776// 771//
f 771// 776// 777//
f 771// 777// 773//
f 773// 777// 778//
f 773// 778// 66//
f 414// 703// 713//
f 713// 703// 764//
f 713// 764// 711//
f 711// 764// 766//
f 711// 766// 709//
f 709// 766// 768//
f 709// 768// 707//
f 707// 768// 770//
f 707// 770// 705//
f 705// 770// 772//
f 705// 772// 66//
f 700// 699// 779//
f 779// 699// 780//
f 779// 780// 781//
f 781// 780// 782//
f 781// 782// 783//
f 783// 782// 784//
f 783// 784// 785//
f 785// 784// 786//
f 785// 786// 787//
f 787// 786// 788//
f 787// 788// 66//
f 699// 412// 780//
f 780// 412// 789//
f 780// 789// 782//
f 782// 789// 790//
f 782// 790// 784//
f 784// 790// 791//
f 784// 791// 786//
f 786// 791// 792//
f 786// 792// 788//
f 788// 792// 793//
f 788// 793// 66//
f 701// 700// 774//
f 774// 700// 779//
f 774// 779// 775//
f 775// 779// 781//
f 775// 781// 776//
f 776// 781// 783//
f 776// 783// 777//
f 777// 783// 785//
f 777// 785// 778//
f 778// 785// 787//
f 778// 787// 66//
f 64// 63// 794//
f 735// 65// 64//
f 64// 794// 735//
f 735// 794// 795//
f 735// 795// 734//
f 734// 795// 796//
f 734// 796// 733//
f 733// 796// 797//
f 733// 797// 732//
f 732// 797// 798//
f 732// 798// 731//
f 731// 798// 404//
f 731// 404// 405//
f 402// 404// 430//
f 430// 404// 799//
f 430// 799// 744//
f 744// 799// 800//
f 744// 800// 745//
f 745// 800// 801//
f 745// 801// 752//
f 752// 801// 802//
f 752// 802// 751//
f 751// 802// 803//
f 751// 803// 750//
f 803// 804// 750//
f 750// 804// 805//
f 750// 805// 749//
f 749// 805// 806//
f 749// 806// 748//
f 748// 806// 807//
f 748// 807// 747//
f 747// 807// 808//
f 409// 407// 809//
f 809// 407// 425//
f 809// 425// 808//
f 808// 425// 746//
f 808// 746// 747//
f 406// 408// 422//
f 422// 408// 810//
f 811// 413// 411//
f 411// 429// 811//
f 811// 429// 753//
f 811// 753// 812//
f 812// 753// 756//
f 812// 756// 813//
f 813// 756// 755//
f 813// 755// 814//
f 814// 755// 754//
f 814// 754// 815//
f 815// 754// 758//
f 815// 758// 816//
f 816// 758// 757//
f 816// 757// 817//
f 817// 757// 759//
f 817// 759// 818//
f 818// 759// 760//
f 818// 760// 819//
f 819// 760// 761//
f 819// 761// 820//
f 820// 761// 762//
f 820// 762// 810//
f 810// 762// 763//
f 810// 763// 422//
f 67// 66// 793//
f 821// 75// 67//
f 67// 793// 821//
f 821// 793// 792//
f 821// 792// 822//
f 822// 792// 791//
f 822// 791// 823//
f 823// 791// 790//
f 823// 790// 824//
f 824// 790// 789//
f 824// 789// 825//
f 825// 789// 412//
f 825// 412// 413//
f 826// 794// 63//
f 826// 63// 827//
f 828// 827// 63//
f 829// 828// 63//
f 830// 829// 63//
f 831// 830// 63//
f 832// 831// 63//
f 832// 833// 834//
f 833// 835// 836//
f 835// 837// 838//
f 837// 839// 840//
f 839// 409// 809//
f 839// 809// 840//
f 840// 809// 808//
f 840// 808// 841//
f 808// 807// 841//
f 841// 807// 806//
f 841// 806// 842//
f 806// 805// 842//
f 842// 805// 804//
f 842// 804// 843//
f 804// 803// 843//
f 843// 803// 802//
f 843// 802// 844//
f 802// 801// 844//
f 844// 801// 800//
f 844// 800// 845//
f 800// 799// 845//
f 845// 799// 404//
f 845// 404// 798//
f 837// 840// 838//
f 838// 840// 841//
f 838// 841// 846//
f 846// 841// 842//
f 846// 842// 847//
f 847// 842// 843//
f 847// 843// 848//
f 848// 843// 844//
f 848// 844// 849//
f 849// 844// 845//
f 849// 845// 850//
f 850// 845// 798//
f 850// 798// 797//
f 835// 838// 836//
f 836// 838// 846//
f 836// 846// 851//
f 851// 846// 847//
f 851// 847// 852//
f 852// 847// 848//
f 852// 848// 853//
f 853// 848// 849//
f 853// 849// 854//
f 854// 849// 850//
f 854// 850// 855//
f 855// 850// 797//
f 855// 797// 796//
f 833// 836// 834//
f 834// 836// 851//
f 834// 851// 856//
f 856// 851// 852//
f 856// 852// 857//
f 857// 852// 853//
f 857// 853// 858//
f 858// 853// 854//
f 858// 854// 859//
f 859// 854// 855//
f 859// 855// 860//
f 860// 855// 796//
f 860// 796// 795//
f 832// 834// 831//
f 831// 834// 856//
f 831// 856// 830//
f 830// 856// 857//
f 830// 857// 829//
f 829// 857// 858//
f 829// 858// 828//
f 828// 858// 859//
f 828// 859// 827//
f 827// 859// 860//
f 827// 860// 826//
f 826// 860// 795//
f 826// 795// 794//
f 810// 408// 861//
f 819// 820// 862//
f 817// 818// 863//
f 815// 816// 864//
f 813// 814// 865//
f 811// 812// 866//
f 812// 813// 866//
f 866// 813// 865//
f 866// 865// 867//
f 867// 865// 868//
f 867// 868// 869//
f 869// 868// 870//
f 869// 870// 871//
f 871// 870// 872//
f 871// 872// 873//
f 873// 872// 874//
f 873// 874// 75//
f 814// 815// 865//
f 865// 815// 864//
f 865// 864// 868//
f 868// 864// 875//
f 868// 875// 870//
f 870// 875// 876//
f 870// 876// 872//
f 872// 876// 877//
f 872// 877// 874//
f 874// 877// 878//
f 874// 878// 75//
f 413// 811// 825//
f 825// 811// 866//
f 825// 866// 824//
f 824// 866// 867//
f 824// 867// 823//
f 823// 867// 869//
f 823// 869// 822//
f 822// 869// 871//
f 822// 871// 821//
f 821// 871// 873//
f 821// 873// 75//
f 818// 819// 863//
f 863// 819// 862//
f 863// 862// 879//
f 879// 862// 880//
f 879// 880// 881//
f 881// 880// 882//
f 881// 882// 883//
f 883// 882// 884//
f 883// 884// 885//
f 885// 884// 886//
f 885// 886// 75//
f 820// 810// 862//
f 862// 810// 861//
f 862// 861// 880//
f 880// 861// 887//
f 880// 887// 882//
f 882// 887// 888//
f 882// 888// 884//
f 884// 888// 889//
f 884// 889// 886//
f 886// 889// 890//
f 886// 890// 75//
f 816// 817// 864//
f 864// 817// 863//
f 864// 863// 875//
f 875// 863// 879//
f 875// 879// 876//
f 876// 879// 881//
f 876// 881// 877//
f 877// 881// 883//
f 877// 883// 878//
f 878// 883// 885//
f 878// 885// 75//
f 1// 75// 890//
f 832// 63// 1//
f 1// 890// 832//
f 832// 890// 889//
f 832// 889// 833//
f 833// 889// 888//
f 833// 888// 835//
f 835// 888// 887//
f 835// 887// 837//
f 837// 887// 861//
f 837// 861// 839//
f 839// 861// 408//
f 839// 408// 409//
usemtl 2
f 363// 891// 354//
f 354// 891// 892//
f 354// 892// 355//
f 892// 893// 355//
f 355// 893// 421//
f 893// 894// 421//
f 421// 894// 420//
f 894// 891// 420//
f 420// 891// 363//
f 894// 893// 891//
f 891// 893// 892//
usemtl 3
f 895// 896// 256//
f 256// 896// 255//
f 897// 286// 284//
f 897// 284// 898//
f 898// 284// 282//
f 898// 282// 899//
f 899// 282// 255//
f 899// 255// 896//
f 900// 304// 303//
f 900// 303// 901//
f 901// 303// 302//
f 901// 302// 902//
f 902// 302// 301//
f 902// 301// 903//
f 903// 301// 300//
f 903// 300// 904//
f 904// 300// 299//
f 904// 299// 905//
f 905// 299// 287//
f 905// 287// 906//
f 906// 287// 286//
f 906// 286// 897//
f 907// 281// 283//
f 907// 283// 908//
f 908// 283// 285//
f 908// 285// 909//
f 909// 285// 307//
f 909// 307// 910//
f 910// 307// 306//
f 910// 306// 911//
f 911// 306// 305//
f 911// 305// 912//
f 912// 305// 304//
f 912// 304// 900//
f 913// 248// 267//
f 913// 267// 914//
f 914// 267// 266//
f 914// 266// 915//
f 915// 266// 265//
f 915// 265// 916//
f 916// 265// 264//
f 916// 264// 917//
f 917// 264// 281//
f 917// 281// 907//
f 918// 312// 919//
f 919// 312// 311//
f 311// 316// 919//
f 919// 316// 270//
f 919// 270// 920//
f 920// 270// 269//
f 920// 269// 921//
f 921// 269// 268//
f 921// 268// 922//
f 922// 268// 251//
f 922// 251// 923//
f 923// 251// 249//
f 923// 249// 924//
f 924// 249// 248//
f 924// 248// 913//
f 312// 918// 925//
f 926// 272// 315//
f 926// 315// 925//
f 925// 315// 314//
f 925// 314// 312//
f 926// 927// 272//
f 272// 927// 261//
f 928// 280// 279//
f 928// 279// 929//
f 929// 279// 277//
f 929// 277// 930//
f 930// 277// 261//
f 930// 261// 927//
f 931// 293// 298//
f 931// 298// 932//
f 932// 298// 297//
f 932// 297// 933//
f 933// 297// 296//
f 933// 296// 934//
f 934// 296// 310//
f 934// 310// 935//
f 935// 310// 309//
f 935// 309// 936//
f 936// 309// 308//
f 936// 308// 937//
f 937// 308// 280//
f 937// 280// 928//
f 938// 276// 278//
f 938// 278// 939//
f 939// 278// 295//
f 939// 295// 940//
f 940// 295// 294//
f 940// 294// 941//
f 941// 294// 291//
f 941// 291// 942//
f 942// 291// 292//
f 942// 292// 943//
f 943// 292// 293//
f 943// 293// 931//
f 944// 263// 349//
f 944// 349// 945//
f 945// 349// 262//
f 945// 262// 946//
f 946// 262// 260//
f 946// 260// 947//
f 947// 260// 259//
f 947// 259// 948//
f 948// 259// 276//
f 948// 276// 938//
f 949// 289// 288//
f 949// 288// 950//
f 950// 288// 275//
f 950// 275// 951//
f 951// 275// 274//
f 951// 274// 952//
f 952// 274// 273//
f 952// 273// 953//
f 953// 273// 253//
f 953// 253// 954//
f 954// 253// 252//
f 954// 252// 955//
f 955// 252// 263//
f 955// 263// 944//
f 895// 256// 258//
f 895// 258// 956//
f 956// 258// 290//
f 956// 290// 957//
f 957// 290// 289//
f 957// 289// 949//
f 896// 895// 899//
f 899// 895// 956//
f 899// 956// 898//
f 898// 956// 957//
f 898// 957// 897//
f 897// 957// 949//
f 897// 949// 906//
f 906// 949// 950//
f 906// 950// 905//
f 905// 950// 951//
f 905// 951// 904//
f 904// 951// 952//
f 904// 952// 903//
f 903// 952// 953//
f 903// 953// 902//
f 902// 953// 954//
f 902// 954// 901//
f 901// 954// 955//
f 901// 955// 900//
f 900// 955// 944//
f 900// 944// 912//
f 912// 944// 945//
f 912// 945// 911//
f 911// 945// 946//
f 911// 946// 910//
f 910// 946// 947//
f 910// 947// 909//
f 909// 947// 948//
f 909// 948// 908//
f 908// 948// 938//
f 908// 938// 907//
f 907// 938// 939//
f 907// 939// 917//
f 917// 939// 940//
f 917// 940// 916//
f 916// 940// 941//
f 916// 941// 915//
f 915// 941// 942//
f 915// 942// 914//
f 914// 942// 943//
f 914// 943// 913//
f 913// 943// 931//
f 913// 931// 924//
f 924// 931// 932//
f 924// 932// 923//
f 923// 932// 933//
f 923// 933// 922//
f 922// 933// 934//
f 922// 934// 921//
f 921// 934// 935//
f 921// 935// 920//
f 920// 935// 936//
f 920// 936// 919//
f 919// 936// 937//
f 919// 937// 918//
f 918// 937// 928//
f 918// 928// 925//
f 925// 928// 929//
f 925// 929// 926//
f 926// 929// 930//
f 926// 930// 927//
f 958// 340// 348//
f 958// 348// 959//
f 959// 348// 347//
f 959// 347// 960//
f 960// 347// 346//
f 960// 346// 961//
f 961// 346// 336//
f 961// 336// 962//
f 962// 336// 335//
f 962// 335// 963//
f 963// 335// 334//
f 963// 334// 964//
f 964// 334// 345//
f 964// 345// 965//
f 966// 351// 967//
f 967// 351// 328//
f 328// 327// 967//
f 967// 327// 326//
f 967// 326// 968//
f 968// 326// 319//
f 968// 319// 969//
f 969// 319// 318//
f 969// 318// 970//
f 970// 318// 342//
f 970// 342// 971//
f 971// 342// 341//
f 971// 341// 972//
f 972// 341// 340//
f 972// 340// 958//
f 973// 339// 338//
f 973// 338// 974//
f 974// 338// 337//
f 974// 337// 975//
f 975// 337// 325//
f 975// 325// 976//
f 976// 325// 324//
f 976// 324// 977//
f 977// 324// 323//
f 977// 323// 978//
f 978// 323// 322//
f 978// 322// 979//
f 979// 322// 966//
f 966// 322// 321//
f 966// 321// 351//
f 965// 345// 344//
f 965// 344// 980//
f 980// 344// 343//
f 980// 343// 981//
f 981// 343// 333//
f 981// 333// 982//
f 982// 333// 332//
f 982// 332// 983//
f 983// 332// 330//
f 983// 330// 984//
f 984// 330// 329//
f 984// 329// 985//
f 985// 329// 339//
f 985// 339// 973//
f 986// 958// 987//
f 987// 958// 959//
f 987// 959// 988//
f 988// 959// 960//
f 988// 960// 989//
f 989// 960// 961//
f 989// 961// 990//
f 990// 961// 962//
f 990// 962// 991//
f 991// 962// 963//
f 991// 963// 992//
f 992// 963// 964//
f 992// 964// 993//
f 993// 964// 965//
f 993// 965// 994//
f 994// 965// 980//
f 994// 980// 995//
f 995// 980// 981//
f 995// 981// 996//
f 996// 981// 982//
f 996// 982// 997//
f 997// 982// 983//
f 997// 983// 998//
f 998// 983// 984//
f 998// 984// 999//
f 999// 984// 985//
f 999// 985// 1000//
f 1000// 985// 973//
f 1000// 973// 1001//
f 1001// 973// 974//
f 1001// 974// 1002//
f 1002// 974// 975//
f 1002// 975// 1003//
f 1003// 975// 976//
f 1003// 976// 1004//
f 1004// 976// 977//
f 1004// 977// 1005//
f 1005// 977// 978//
f 1005// 978// 1006//
f 1006// 978// 979//
f 1006// 979// 1007//
f 1007// 979// 966//
f 1007// 966// 1008//
f 1008// 966// 967//
f 1008// 967// 1009//
f 1009// 967// 968//
f 1009// 968// 1010//
f 1010// 968// 969//
f 1010// 969// 1011//
f 1011// 969// 970//
f 1011// 970// 1012//
f 1012// 970// 971//
f 1012// 971// 1013//
f 1013// 971// 972//
f 1013// 972// 986//
f 986// 972// 958//
f 986// 1014// 1015//
f 986// 1015// 1013//
f 1013// 1015// 1016//
f 1013// 1016// 1012//
f 1012// 1016// 1017//
f 1012// 1017// 1011//
f 1011// 1017// 1018//
f 1011// 1018// 1010//
f 1010// 1018// 1019//
f 1010// 1019// 1009//
f 1009// 1019// 1020//
f 1009// 1020// 1008//
f 1008// 1020// 1021//
f 1008// 1021// 1007//
f 1007// 1021// 1022//
f 1007// 1022// 1006//
f 1006// 1022// 1023//
f 1006// 1023// 1005//
f 1005// 1023// 1024//
f 1005// 1024// 1004//
f 1004// 1024// 1025//
f 1004// 1025// 1003//
f 1003// 1025// 1026//
f 1003// 1026// 1002//
f 1002// 1026// 1027//
f 1002// 1027// 1001//
f 1001// 1027// 1028//
f 1001// 1028// 1000//
f 1000// 1028// 1029//
f 1000// 1029// 999//
f 999// 1029// 1030//
f 999// 1030// 998//
f 998// 1030// 1031//
f 998// 1031// 997//
f 997// 1031// 1032//
f 997// 1032// 996//
f 996// 1032// 1033//
f 996// 1033// 995//
f 995// 1033// 1034//
f 995// 1034// 994//
f 994// 1034// 1035//
f 994// 1035// 993//
f 993// 1035// 1036//
f 993// 1036// 992//
f 992// 1036// 1037//
f 992// 1037// 991//
f 991// 1037// 1038//
f 991// 1038// 990//
f 990// 1038// 1039//
f 990// 1039// 989//
f 989// 1039// 1040//
f 989// 1040// 988//
f 988// 1040// 1041//
f 988// 1041// 987//
f 987// 1041// 1014//
f 987// 1014// 986//
usemtl 1
f 1014// 1028// 1015//
f 1015// 1028// 1027//
f 1032// 1031// 1014//
f 1032// 1014// 1033//
f 1031// 1030// 1014//
f 1014// 1030// 1029//
f 1014// 1029// 1028//
f 1019// 1015// 1020//
f 1020// 1015// 1021//
f 1040// 1039// 1036//
f 1036// 1039// 1038//
f 1036// 1038// 1037//
f 1040// 1036// 1041//
f 1041// 1036// 1035//
f 1041// 1035// 1014//
f 1014// 1035// 1034//
f 1014// 1034// 1033//
f 1019// 1018// 1015//
f 1015// 1018// 1017//
f 1015// 1017// 1016//
f 1027// 1026// 1015//
f 1015// 1026// 1025//
f 1015// 1025// 1024//
f 1024// 1023// 1015//
f 1015// 1023// 1022//
f 1015// 1022// 1021//
usemtl 3
f 1042// 1043// 398//
f 398// 1043// 381//
f 1043// 1044// 381//
f 381// 1044// 387//
f 1044// 1045// 387//
f 387// 1045// 388//
f 1046// 394// 393//
f 1046// 393// 1047//
f 1047// 393// 392//
f 1047// 392// 1048//
f 1048// 392// 391//
f 1048// 391// 1049//
f 1049// 391// 390//
f 1049// 390// 1050//
f 1050// 390// 386//
f 1050// 386// 1051//
f 1051// 386// 385//
f 1051// 385// 1052//
f 1052// 385// 389//
f 1052// 389// 1053//
f 1053// 389// 388//
f 1053// 388// 1045//
f 1042// 398// 397//
f 1042// 397// 1054//
f 1054// 397// 396//
f 1054// 396// 1055//
f 1055// 396// 382//
f 1055// 382// 1056//
f 1056// 382// 383//
f 1056// 383// 1057//
f 1057// 383// 384//
f 1057// 384// 1058//
f 1058// 384// 395//
f 1058// 395// 1059//
f 1059// 395// 394//
f 1059// 394// 1046//
f 1048// 1049// 1060//
f 1060// 1049// 1050//
f 1060// 1050// 1061//
f 1061// 1050// 1051//
f 1061// 1051// 1062//
f 1062// 1051// 1052//
f 1062// 1052// 1063//
f 1063// 1052// 1053//
f 1063// 1053// 1064//
f 1064// 1053// 1045//
f 1064// 1045// 1065//
f 1065// 1045// 1044//
f 1065// 1044// 1066//
f 1066// 1044// 1043//
f 1066// 1043// 1067//
f 1067// 1043// 1042//
f 1067// 1042// 1068//
f 1068// 1042// 1054//
f 1068// 1054// 1069//
f 1069// 1054// 1055//
f 1069// 1055// 1070//
f 1070// 1055// 1056//
f 1070// 1056// 1071//
f 1071// 1056// 1057//
f 1071// 1057// 1072//
f 1072// 1057// 1058//
f 1072// 1058// 1073//
f 1073// 1058// 1059//
f 1073// 1059// 1074//
f 1074// 1059// 1046//
f 1074// 1046// 1075//
f 1075// 1046// 1047//
f 1075// 1047// 1076//
f 1076// 1047// 1048//
f 1076// 1048// 1060//
f 1064// 1065// 1077//
f 1077// 1065// 1078//
f 1064// 1077// 1079//
f 1064// 1079// 1063//
f 1063// 1079// 1080//
f 1063// 1080// 1062//
f 1062// 1080// 1081//
f 1062// 1081// 1061//
f 1061// 1081// 1082//
f 1061// 1082// 1060//
f 1060// 1082// 1083//
f 1060// 1083// 1076//
f 1076// 1083// 1084//
f 1076// 1084// 1075//
f 1075// 1084// 1085//
f 1075// 1085// 1074//
f 1074// 1085// 1086//
f 1074// 1086// 1073//
f 1073// 1086// 1087//
f 1073// 1087// 1072//
f 1072// 1087// 1088//
f 1072// 1088// 1071//
f 1071// 1088// 1089//
f 1071// 1089// 1070//
f 1070// 1089// 1090//
f 1070// 1090// 1069//
f 1069// 1090// 1091//
f 1069// 1091// 1068//
f 1068// 1091// 1092//
f 1068// 1092// 1067//
f 1066// 1067// 1093//
f 1093// 1067// 1092//
f 1065// 1066// 1078//
f 1078// 1066// 1093//
usemtl 1
f 1078// 1093// 1077//
f 1077// 1093// 1092//
f 1077// 1092// 1091//
f 1085// 1084// 1077//
f 1077// 1084// 1083//
f 1077// 1083// 1079//
f 1091// 1090// 1077//
f 1077// 1090// 1089//
f 1077// 1089// 1088//
f 1088// 1087// 1077//
f 1077// 1087// 1086//
f 1077// 1086// 1085//
f 1082// 1081// 1083//
f 1083// 1081// 1080//
f 1083// 1080// 1079//
usemtl 3
f 1094// 1095// 376//
f 376// 1095// 377//
f 1095// 1096// 377//
f 377// 1096// 379//
f 1096// 1097// 379//
f 379// 1097// 378//
f 1097// 1094// 378//
f 378// 1094// 376//
f 1097// 1096// 1094//
f 1094// 1096// 1095//
f 1098// 1099// 240//
f 240// 1099// 245//
f 1099// 1100// 245//
f 245// 1100// 246//
f 1101// 234// 233//
f 1101// 233// 1102//
f 1102// 233// 247//
f 1102// 247// 1103//
f 1103// 247// 246//
f 1103// 246// 1100//
f 1101// 1104// 234//
f 234// 1104// 244//
f 244// 1104// 1105//
f 1106// 237// 241//
f 1106// 241// 1105//
f 1105// 241// 243//
f 1105// 243// 244//
f 1106// 1107// 237//
f 237// 1107// 238//
f 238// 1107// 239//
f 239// 1107// 1098//
f 239// 1098// 240//
f 1099// 1098// 1100//
f 1100// 1098// 1107//
f 1107// 1106// 1100//
f 1100// 1106// 1105//
f 1100// 1105// 1103//
f 1103// 1105// 1104//
f 1103// 1104// 1102//
f 1102// 1104// 1101//
f 1108// 183// 218//
f 1108// 218// 1109//
f 1109// 218// 217//
f 1109// 217// 1110//
f 1110// 217// 216//
f 1110// 216// 1111//
f 1111// 216// 215//
f 1111// 215// 1112//
f 1112// 215// 214//
f 1112// 214// 1113//
f 1114// 224// 223//
f 1114// 223// 1115//
f 1115// 223// 222//
f 1115// 222// 1116//
f 1116// 222// 227//
f 1116// 227// 1117//
f 1117// 227// 226//
f 1117// 226// 1118//
f 1118// 226// 221//
f 1118// 221// 1119//
f 1119// 221// 220//
f 1119// 220// 1120//
f 1120// 220// 183//
f 1120// 183// 1108//
f 1121// 182// 181//
f 1121// 181// 1122//
f 1122// 181// 219//
f 1122// 219// 1123//
f 1123// 219// 225//
f 1123// 225// 1124//
f 1124// 225// 224//
f 1124// 224// 1114//
f 1121// 1125// 182//
f 182// 1125// 187//
f 1126// 232// 231//
f 1126// 231// 1127//
f 1127// 231// 229//
f 1127// 229// 1128//
f 229// 228// 1128//
f 1128// 228// 188//
f 1128// 188// 1129//
f 1129// 188// 187//
f 1129// 187// 1125//
f 232// 1126// 96//
f 96// 1126// 1130//
f 96// 1130// 189//
f 189// 1130// 1131//
f 189// 1131// 190//
f 190// 1131// 1132//
f 190// 1132// 191//
f 191// 1132// 1133//
f 191// 1133// 198//
f 198// 1133// 1134//
f 198// 1134// 199//
f 199// 1134// 1135//
f 199// 1135// 200//
f 200// 1135// 1136//
f 200// 1136// 205//
f 1137// 208// 193//
f 1137// 193// 1138//
f 1138// 193// 192//
f 1138// 192// 1139//
f 1139// 192// 207//
f 1139// 207// 1140//
f 1140// 207// 206//
f 1140// 206// 1141//
f 1141// 206// 205//
f 1141// 205// 1136//
f 1142// 213// 212//
f 1142// 212// 1143//
f 1143// 212// 211//
f 1143// 211// 1144//
f 1144// 211// 210//
f 1144// 210// 1145//
f 1145// 210// 209//
f 1145// 209// 1146//
f 1146// 209// 208//
f 1146// 208// 1137//
f 1142// 1147// 213//
f 213// 1147// 184//
f 1147// 1148// 184//
f 184// 1148// 185//
f 1148// 1149// 185//
f 185// 1149// 201//
f 1149// 1150// 201//
f 201// 1150// 195//
f 1113// 214// 204//
f 1113// 204// 1151//
f 1151// 204// 203//
f 1151// 203// 1152//
f 1152// 203// 202//
f 1152// 202// 1153//
f 1153// 202// 197//
f 1153// 197// 1154//
f 1154// 197// 196//
f 1154// 196// 1155//
f 1155// 196// 195//
f 1155// 195// 1150//
f 1148// 1147// 1149//
f 1149// 1147// 1142//
f 1125// 1121// 1122//
f 1125// 1122// 1129//
f 1129// 1122// 1123//
f 1129// 1123// 1128//
f 1128// 1123// 1124//
f 1128// 1124// 1127//
f 1127// 1124// 1114//
f 1127// 1114// 1126//
f 1126// 1114// 1130//
f 1130// 1114// 1115//
f 1130// 1115// 1131//
f 1131// 1115// 1116//
f 1131// 1116// 1132//
f 1132// 1116// 1117//
f 1132// 1117// 1133//
f 1133// 1117// 1118//
f 1133// 1118// 1134//
f 1134// 1118// 1119//
f 1134// 1119// 1135//
f 1135// 1119// 1120//
f 1135// 1120// 1136//
f 1120// 1108// 1136//
f 1136// 1108// 1109//
f 1136// 1109// 1141//
f 1141// 1109// 1110//
f 1141// 1110// 1140//
f 1140// 1110// 1111//
f 1140// 1111// 1139//
f 1139// 1111// 1112//
f 1139// 1112// 1138//
f 1138// 1112// 1113//
f 1138// 1113// 1137//
f 1137// 1113// 1151//
f 1137// 1151// 1146//
f 1146// 1151// 1152//
f 1146// 1152// 1145//
f 1145// 1152// 1153//
f 1145// 1153// 1144//
f 1144// 1153// 1154//
f 1144// 1154// 1143//
f 1143// 1154// 1155//
f 1143// 1155// 1142//
f 1142// 1155// 1150//
f 1142// 1150// 1149//
f 1156// 1157// 118//
f 118// 1157// 102//
f 1158// 107// 106//
f 1158// 106// 1159//
f 1159// 106// 104//
f 1159// 104// 1160//
f 1160// 104// 102//
f 1160// 102// 1157//
f 1161// 125// 141//
f 1161// 141// 1162//
f 1162// 141// 143//
f 1162// 143// 1163//
f 1163// 143// 142//
f 1163// 142// 1164//
f 1164// 142// 140//
f 1164// 140// 1165//
f 1165// 140// 139//
f 1165// 139// 1166//
f 1166// 139// 124//
f 1166// 124// 1167//
f 1167// 124// 107//
f 1167// 107// 1158//
f 1168// 105// 108//
f 1168// 108// 1169//
f 1169// 108// 109//
f 1169// 109// 1170//
f 1170// 109// 155//
f 1170// 155// 1171//
f 1171// 155// 154//
f 1171// 154// 1172//
f 1172// 154// 127//
f 1172// 127// 1173//
f 1173// 127// 126//
f 1173// 126// 1174//
f 1174// 126// 125//
f 1174// 125// 1161//
f 1168// 1175// 105//
f 105// 1175// 103//
f 1175// 1176// 103//
f 103// 1176// 101//
f 1176// 1177// 101//
f 101// 1177// 116//
f 1178// 120// 119//
f 1178// 119// 1179//
f 1179// 119// 148//
f 1179// 148// 1180//
f 1180// 148// 147//
f 1180// 147// 1181//
f 1181// 147// 146//
f 1181// 146// 1182//
f 1182// 146// 145//
f 1182// 145// 1183//
f 1183// 145// 144//
f 1183// 144// 1184//
f 1184// 144// 114//
f 1184// 114// 1185//
f 1185// 114// 116//
f 1185// 116// 1177//
f 1186// 153// 152//
f 1186// 152// 1187//
f 1187// 152// 150//
f 1187// 150// 1188//
f 1188// 150// 149//
f 1188// 149// 1189//
f 1189// 149// 156//
f 1189// 156// 1190//
f 1190// 156// 158//
f 1190// 158// 1191//
f 1191// 158// 157//
f 1191// 157// 1192//
f 1192// 157// 151//
f 1192// 151// 1193//
f 1193// 151// 120//
f 1193// 120// 1178//
f 1194// 99// 117//
f 1194// 117// 1195//
f 1195// 117// 115//
f 1195// 115// 1196//
f 1196// 115// 153//
f 1196// 153// 1186//
f 1194// 1197// 99//
f 99// 1197// 100//
f 100// 1197// 1198//
f 1199// 179// 176//
f 1199// 176// 1200//
f 1200// 176// 177//
f 1200// 177// 1198//
f 1198// 177// 178//
f 1198// 178// 100//
f 179// 1199// 159//
f 159// 1199// 1201//
f 159// 1201// 160//
f 160// 1201// 1202//
f 160// 1202// 161//
f 161// 1202// 1203//
f 161// 1203// 162//
f 162// 1203// 1204//
f 162// 1204// 163//
f 163// 1204// 1205//
f 163// 1205// 164//
f 164// 1205// 1206//
f 164// 1206// 165//
f 165// 1206// 1207//
f 165// 1207// 166//
f 1208// 170// 172//
f 1208// 172// 1209//
f 1209// 172// 174//
f 1209// 174// 1210//
f 1210// 174// 175//
f 1210// 175// 1211//
f 1211// 175// 169//
f 1211// 169// 1212//
f 1212// 169// 168//
f 1212// 168// 1213//
f 1213// 168// 167//
f 1213// 167// 1214//
f 1214// 167// 166//
f 1214// 166// 1207//
f 1208// 1215// 170//
f 170// 1215// 171//
f 1216// 137// 136//
f 1216// 136// 1217//
f 1217// 136// 132//
f 1217// 132// 1218//
f 1218// 132// 131//
f 1218// 131// 1219//
f 1219// 131// 129//
f 1219// 129// 1220//
f 1220// 129// 128//
f 1220// 128// 1221//
f 1221// 128// 173//
f 1221// 173// 1222//
f 1222// 173// 171//
f 1222// 171// 1215//
f 1223// 135// 134//
f 1223// 134// 1224//
f 1224// 134// 133//
f 1224// 133// 1225//
f 1225// 133// 113//
f 1225// 113// 1226//
f 1226// 113// 111//
f 1226// 111// 1227//
f 1227// 111// 110//
f 1227// 110// 1228//
f 1228// 110// 138//
f 1228// 138// 1229//
f 1229// 138// 137//
f 1229// 137// 1216//
f 1156// 118// 122//
f 1156// 122// 1230//
f 1230// 122// 123//
f 1230// 123// 1231//
f 1231// 123// 135//
f 1231// 135// 1223//
f 1176// 1175// 1177//
f 1177// 1175// 1168//
f 1177// 1168// 1185//
f 1185// 1168// 1169//
f 1157// 1156// 1160//
f 1160// 1156// 1230//
f 1160// 1230// 1159//
f 1159// 1230// 1231//
f 1159// 1231// 1158//
f 1158// 1231// 1223//
f 1158// 1223// 1167//
f 1167// 1223// 1224//
f 1167// 1224// 1166//
f 1166// 1224// 1225//
f 1166// 1225// 1165//
f 1165// 1225// 1226//
f 1165// 1226// 1164//
f 1164// 1226// 1227//
f 1164// 1227// 1163//
f 1163// 1227// 1228//
f 1163// 1228// 1162//
f 1162// 1228// 1229//
f 1162// 1229// 1161//
f 1229// 1216// 1161//
f 1161// 1216// 1217//
f 1161// 1217// 1174//
f 1174// 1217// 1218//
f 1174// 1218// 1173//
f 1173// 1218// 1219//
f 1173// 1219// 1172//
f 1172// 1219// 1220//
f 1172// 1220// 1171//
f 1171// 1220// 1221//
f 1171// 1221// 1170//
f 1170// 1221// 1222//
f 1170// 1222// 1169//
f 1169// 1222// 1215//
f 1169// 1215// 1185//
f 1185// 1215// 1208//
f 1185// 1208// 1184//
f 1184// 1208// 1209//
f 1184// 1209// 1183//
f 1183// 1209// 1210//
f 1183// 1210// 1182//
f 1182// 1210// 1211//
f 1182// 1211// 1181//
f 1181// 1211// 1212//
f 1181// 1212// 1180//
f 1180// 1212// 1213//
f 1180// 1213// 1179//
f 1179// 1213// 1214//
f 1179// 1214// 1178//
f 1178// 1214// 1207//
f 1178// 1207// 1193//
f 1193// 1207// 1206//
f 1193// 1206// 1192//
f 1192// 1206// 1205//
f 1192// 1205// 1191//
f 1191// 1205// 1204//
f 1191// 1204// 1190//
f 1190// 1204// 1203//
f 1190// 1203// 1189//
f 1189// 1203// 1202//
f 1189// 1202// 1188//
f 1188// 1202// 1201//
f 1188// 1201// 1187//
f 1187// 1201// 1199//
f 1187// 1199// 1186//
f 1186// 1199// 1200//
f 1186// 1200// 1196//
f 1196// 1200// 1198//
f 1196// 1198// 1195//
f 1195// 1198// 1197//
f 1195// 1197// 1194//
f 1232// 1233// 375//
f 375// 1233// 366//
f 1233// 1234// 366//
f 366// 1234// 367//
f 1234// 1235// 367//
f 367// 1235// 368//
f 1235// 1236// 368//
f 368// 1236// 372//
f 1236// 1237// 372//
f 372// 1237// 369//
f 1237// 1238// 369//
f 369// 1238// 370//
f 1238// 1239// 370//
f 370// 1239// 371//
f 1239// 1240// 371//
f 371// 1240// 373//
f 1240// 1241// 373//
f 373// 1241// 374//
f 1241// 1232// 374//
f 374// 1232// 375//
f 1241// 1240// 1238//
f 1238// 1240// 1239//
f 1233// 1232// 1234//
f 1234// 1232// 1241//
f 1234// 1241// 1235//
f 1235// 1241// 1238//
f 1235// 1238// 1236//
f 1236// 1238// 1237//
f 1242// 1243// 360//
f 360// 1243// 364//
f 1243// 1244// 364//
f 364// 1244// 361//
f 1244// 1245// 361//
f 361// 1245// 362//
f 1245// 1246// 362//
f 362// 1246// 358//
f 1246// 1247// 358//
f 358// 1247// 359//
f 1247// 1242// 359//
f 359// 1242// 360//
f 1246// 1245// 1247//
f 1247// 1245// 1244//
f 1247// 1244// 1242//
f 1242// 1244// 1243//
usemtl 2
f 1248// 1249// 74//
f 74// 1249// 73//
f 1249// 1250// 73//
f 73// 1250// 72//
f 1250// 1251// 72//
f 72// 1251// 92//
f 1251// 1252// 92//
f 92// 1252// 91//
f 1252// 1253// 91//
f 91// 1253// 90//
f 1253// 1254// 90//
f 90// 1254// 69//
f 1254// 1255// 69//
f 69// 1255// 76//
f 1255// 1248// 76//
f 76// 1248// 74//
f 1256// 1252// 1257//
f 1257// 1252// 1251//
f 1258// 1255// 1256//
f 1256// 1255// 1254//
f 1256// 1254// 1252//
f 1252// 1254// 1253//
f 1258// 1259// 1255//
f 1255// 1259// 1260//
f 1255// 1260// 1248//
f 1248// 1260// 1261//
f 1248// 1261// 1262//
f 1262// 1263// 1248//
f 1248// 1263// 1257//
f 1248// 1257// 1249//
f 1249// 1257// 1251//
f 1249// 1251// 1250//
f 1256// 1257// 1264//
f 1264// 1257// 1265//
f 1258// 1256// 1266//
f 1266// 1256// 1264//
f 1258// 1266// 1267//
f 1258// 1267// 1259//
f 1259// 1267// 1268//
f 1259// 1268// 1260//
f 1261// 1260// 1269//
f 1269// 1260// 1268//
f 1261// 1269// 1270//
f 1261// 1270// 1262//
f 1262// 1270// 1271//
f 1262// 1271// 1263//
f 1257// 1263// 1265//
f 1265// 1263// 1271//
f 1272// 1273// 80//
f 80// 1273// 81//
f 1273// 1274// 81//
f 81// 1274// 82//
f 1274// 1275// 82//
f 82// 1275// 83//
f 1276// 94// 93//
f 1276// 93// 1277//
f 1277// 93// 86//
f 1277// 86// 1278//
f 1278// 86// 85//
f 1278// 85// 1279//
f 1279// 85// 84//
f 1279// 84// 1280//
f 1280// 84// 89//
f 1280// 89// 1281//
f 1281// 89// 88//
f 1281// 88// 1282//
f 1282// 88// 87//
f 1282// 87// 1283//
f 1283// 87// 83//
f 1283// 83// 1275//
f 1272// 80// 79//
f 1272// 79// 1284//
f 1284// 79// 78//
f 1284// 78// 1285//
f 1285// 78// 77//
f 1285// 77// 1286//
f 1286// 77// 71//
f 1286// 71// 1287//
f 1287// 71// 70//
f 1287// 70// 1288//
f 1288// 70// 95//
f 1288// 95// 1289//
f 1289// 95// 94//
f 1289// 94// 1276//
f 1278// 1279// 1290//
f 1290// 1279// 1280//
f 1290// 1280// 1291//
f 1291// 1280// 1281//
f 1291// 1281// 1292//
f 1292// 1281// 1282//
f 1292// 1282// 1293//
f 1293// 1282// 1283//
f 1293// 1283// 1294//
f 1294// 1283// 1275//
f 1294// 1275// 1295//
f 1295// 1275// 1274//
f 1295// 1274// 1296//
f 1296// 1274// 1273//
f 1296// 1273// 1297//
f 1297// 1273// 1272//
f 1297// 1272// 1298//
f 1298// 1272// 1284//
f 1298// 1284// 1299//
f 1299// 1284// 1285//
f 1299// 1285// 1300//
f 1300// 1285// 1286//
f 1300// 1286// 1301//
f 1301// 1286// 1287//
f 1301// 1287// 1302//
f 1302// 1287// 1288//
f 1302// 1288// 1303//
f 1303// 1288// 1289//
f 1303// 1289// 1304//
f 1304// 1289// 1276//
f 1304// 1276// 1305//
f 1305// 1276// 1277//
f 1305// 1277// 1306//
f 1306// 1277// 1278//
f 1306// 1278// 1290//
f 1294// 1295// 1307//
f 1307// 1295// 1308//
f 1294// 1307// 1309//
f 1294// 1309// 1293//
f 1293// 1309// 1310//
f 1293// 1310// 1292//
f 1292// 1310// 1311//
f 1292// 1311// 1291//
f 1291// 1311// 1312//
f 1291// 1312// 1290//
f 1290// 1312// 1313//
f 1290// 1313// 1306//
f 1306// 1313// 1314//
f 1306// 1314// 1305//
f 1305// 1314// 1315//
f 1305// 1315// 1304//
f 1304// 1315// 1316//
f 1304// 1316// 1303//
f 1303// 1316// 1317//
f 1303// 1317// 1302//
f 1302// 1317// 1318//
f 1302// 1318// 1301//
f 1301// 1318// 1319//
f 1301// 1319// 1300//
f 1300// 1319// 1320//
f 1300// 1320// 1299//
f 1299// 1320// 1321//
f 1299// 1321// 1298//
f 1298// 1321// 1322//
f 1298// 1322// 1297//
f 1296// 1297// 1323//
f 1323// 1297// 1322//
f 1295// 1296// 1308//
f 1308// 1296// 1323//
f 1324// 1325// 2//
f 2// 1325// 4//
f 1325// 1326// 4//
f 4// 1326// 5//
f 1326// 1327// 5//
f 5// 1327// 11//
f 1327// 1328// 11//
f 11// 1328// 21//
f 1328// 1329// 21//
f 21// 1329// 6//
f 1329// 1330// 6//
f 6// 1330// 7//
f 1330// 1331// 7//
f 7// 1331// 8//
f 1331// 1332// 8//
f 8// 1332// 15//
f 1332// 1333// 15//
f 15// 1333// 14//
f 1333// 1334// 14//
f 14// 1334// 12//
f 1334// 1335// 12//
f 12// 1335// 13//
f 1335// 1324// 13//
f 13// 1324// 2//
f 1326// 1325// 1324//
f 1324// 1335// 1326//
f 1326// 1335// 1334//
f 1326// 1334// 1327//
f 1329// 1328// 1330//
f 1330// 1328// 1327//
f 1330// 1327// 1331//
f 1331// 1327// 1334//
f 1331// 1334// 1332//
f 1332// 1334// 1333//
f 1336// 1337// 10//
f 10// 1337// 9//
f 9// 1337// 1338//
f 1339// 61// 59//
f 1339// 59// 1340//
f 1340// 59// 58//
f 1340// 58// 1338//
f 1338// 58// 68//
f 1338// 68// 9//
f 1341// 47// 46//
f 1341// 46// 1342//
f 1342// 46// 44//
f 1342// 44// 1343//
f 1343// 44// 42//
f 1343// 42// 1344//
f 1344// 42// 41//
f 1344// 41// 1345//
f 1345// 41// 20//
f 1345// 20// 1346//
f 1346// 20// 19//
f 1346// 19// 1347//
f 1347// 19// 1339//
f 1339// 19// 17//
f 1339// 17// 61//
f 1348// 52// 51//
f 1348// 51// 1349//
f 1349// 51// 50//
f 1349// 50// 1350//
f 1350// 50// 49//
f 1350// 49// 1351//
f 1351// 49// 23//
f 1351// 23// 1352//
f 1352// 23// 22//
f 1352// 22// 1353//
f 1353// 22// 48//
f 1353// 48// 1354//
f 1354// 48// 47//
f 1354// 47// 1341//
f 1355// 54// 53//
f 1355// 53// 1356//
f 1356// 53// 52//
f 1356// 52// 1348//
f 1355// 1357// 54//
f 54// 1357// 55//
f 1358// 57// 56//
f 1358// 56// 1359//
f 1359// 56// 55//
f 1359// 55// 1357//
f 1360// 30// 40//
f 1360// 40// 1361//
f 1361// 40// 39//
f 1361// 39// 1362//
f 1362// 39// 29//
f 1362// 29// 1363//
f 1363// 29// 28//
f 1363// 28// 1364//
f 1364// 28// 26//
f 1364// 26// 1365//
f 1365// 26// 25//
f 1365// 25// 1366//
f 1366// 25// 57//
f 1366// 57// 1358//
f 1367// 34// 33//
f 1367// 33// 1368//
f 1368// 33// 35//
f 1368// 35// 1369//
f 1369// 35// 36//
f 1369// 36// 1370//
f 1370// 36// 37//
f 1370// 37// 1371//
f 1371// 37// 32//
f 1371// 32// 1372//
f 1372// 32// 31//
f 1372// 31// 1373//
f 1373// 31// 30//
f 1373// 30// 1360//
f 1336// 10// 27//
f 1336// 27// 1374//
f 1374// 27// 38//
f 1374// 38// 1375//
f 1375// 38// 34//
f 1375// 34// 1367//
f 1368// 1339// 1367//
f 1367// 1339// 1340//
f 1367// 1340// 1375//
f 1375// 1340// 1338//
f 1375// 1338// 1374//
f 1374// 1338// 1337//
f 1374// 1337// 1336//
f 1357// 1355// 1359//
f 1359// 1355// 1356//
f 1359// 1356// 1358//
f 1358// 1356// 1348//
f 1358// 1348// 1366//
f 1366// 1348// 1349//
f 1366// 1349// 1365//
f 1365// 1349// 1350//
f 1365// 1350// 1364//
f 1364// 1350// 1351//
f 1364// 1351// 1363//
f 1363// 1351// 1352//
f 1363// 1352// 1362//
f 1362// 1352// 1353//
f 1362// 1353// 1361//
f 1361// 1353// 1354//
f 1361// 1354// 1360//
f 1360// 1354// 1341//
f 1360// 1341// 1373//
f 1373// 1341// 1342//
f 1373// 1342// 1372//
f 1372// 1342// 1343//
f 1372// 1343// 1371//
f 1371// 1343// 1344//
f 1371// 1344// 1370//
f 1370// 1344// 1345//
f 1370// 1345// 1369//
f 1369// 1345// 1346//
f 1369// 1346// 1368//
f 1368// 1346// 1347//
f 1368// 1347// 1339//
f 1376// 1377// 43//
f 43// 1377// 18//
f 1377// 1378// 18//
f 18// 1378// 16//
f 1378// 1379// 16//
f 16// 1379// 62//
f 1379// 1380// 62//
f 62// 1380// 24//
f 1380// 1381// 24//
f 24// 1381// 45//
f 1381// 1376// 45//
f 45// 1376// 43//
f 1380// 1379// 1381//
f 1381// 1379// 1378//
f 1381// 1378// 1376//
f 1376// 1378// 1377//
usemtl 1
f 1264// 1265// 1266//
f 1266// 1265// 1271//
f 1266// 1271// 1267//
f 1267// 1271// 1270//
f 1267// 1270// 1268//
f 1268// 1270// 1269//
f 1308// 1323// 1307//
f 1307// 1323// 1322//
f 1307// 1322// 1321//
f 1315// 1314// 1307//
f 1307// 1314// 1313//
f 1307// 1313// 1309//
f 1321// 1320// 1307//
f 1307// 1320// 1319//
f 1307// 1319// 1318//
f 1318// 1317// 1307//
f 1307// 1317// 1316//
f 1307// 1316// 1315//
f 1312// 1311// 1313//
f 1313// 1311// 1310//
f 1313// 1310// 1309//
usemtl 2
f 1382// 1383// 1384//
f 1384// 1383// 1385//
f 1386// 1387// 1388//
f 1388// 1387// 1389//
f 1390// 1391// 1392//
f 1392// 1391// 1393//
f 1394// 1395// 1396//
f 1396// 1395// 1397//
f 1398// 1399// 1400//
f 1400// 1399// 1401//
f 1402// 1403// 1404//
f 1404// 1403// 1405//
f 1387// 1386// 1406//
f 1387// 1406// 1407//
f 1407// 1406// 1408//
f 1407// 1408// 1409//
f 1409// 1408// 1410//
f 1409// 1410// 1411//
f 1411// 1410// 1412//
f 1411// 1412// 1413//
f 1413// 1412// 1414//
f 1413// 1414// 1415//
f 1415// 1414// 1390//
f 1415// 1390// 1392//
f 1392// 1416// 1417//
f 1418// 1419// 1420//
f 1398// 1421// 1422//
f 1420// 1419// 1398//
f 1423// 1398// 1419//
f 1423// 1419// 1424//
f 1424// 1419// 1418//
f 1424// 1418// 1425//
f 1426// 1398// 1423//
f 1427// 1428// 1429//
f 1429// 1428// 1422//
f 1429// 1422// 1430//
f 1430// 1422// 1421//
f 1430// 1421// 1431//
f 1426// 1423// 1432//
f 1432// 1423// 1424//
f 1432// 1424// 1433//
f 1433// 1424// 1425//
f 1433// 1425// 1434//
f 1435// 1427// 1436//
f 1436// 1427// 1429//
f 1436// 1429// 1437//
f 1437// 1429// 1430//
f 1437// 1430// 1438//
f 1438// 1430// 1431//
f 1438// 1431// 1439//
f 1440// 1435// 1441//
f 1441// 1435// 1436//
f 1441// 1436// 1442//
f 1442// 1436// 1437//
f 1442// 1437// 1443//
f 1443// 1437// 1438//
f 1443// 1438// 1444//
f 1444// 1438// 1439//
f 1444// 1439// 1445//
f 1416// 1440// 1417//
f 1417// 1440// 1441//
f 1417// 1441// 1446//
f 1446// 1441// 1442//
f 1446// 1442// 1447//
f 1447// 1442// 1443//
f 1447// 1443// 1448//
f 1448// 1443// 1444//
f 1448// 1444// 1449//
f 1449// 1444// 1445//
f 1449// 1445// 1450//
f 1392// 1417// 1415//
f 1415// 1417// 1446//
f 1415// 1446// 1413//
f 1413// 1446// 1447//
f 1413// 1447// 1411//
f 1411// 1447// 1448//
f 1411// 1448// 1409//
f 1409// 1448// 1449//
f 1409// 1449// 1407//
f 1407// 1449// 1450//
f 1407// 1450// 1387//
f 1428// 1398// 1422//
f 1416// 1434// 1440//
f 1440// 1434// 1425//
f 1440// 1425// 1435//
f 1435// 1425// 1418//
f 1435// 1418// 1427//
f 1427// 1418// 1420//
f 1427// 1420// 1428//
f 1428// 1420// 1398//
f 1414// 1412// 1451//
f 1451// 1412// 1452//
f 1451// 1452// 1453//
f 1453// 1452// 1454//
f 1453// 1454// 1455//
f 1455// 1454// 1456//
f 1455// 1456// 1457//
f 1457// 1456// 1458//
f 1457// 1458// 1459//
f 1459// 1458// 1460//
f 1459// 1460// 1404//
f 1412// 1410// 1452//
f 1452// 1410// 1461//
f 1452// 1461// 1454//
f 1454// 1461// 1462//
f 1454// 1462// 1456//
f 1456// 1462// 1463//
f 1456// 1463// 1458//
f 1458// 1463// 1464//
f 1458// 1464// 1460//
f 1460// 1464// 1465//
f 1460// 1465// 1404//
f 1390// 1414// 1466//
f 1466// 1414// 1451//
f 1466// 1451// 1467//
f 1467// 1451// 1453//
f 1467// 1453// 1468//
f 1468// 1453// 1455//
f 1468// 1455// 1469//
f 1469// 1455// 1457//
f 1469// 1457// 1470//
f 1470// 1457// 1459//
f 1470// 1459// 1404//
f 1408// 1406// 1471//
f 1471// 1406// 1472//
f 1471// 1472// 1473//
f 1473// 1472// 1474//
f 1473// 1474// 1475//
f 1475// 1474// 1476//
f 1475// 1476// 1477//
f 1477// 1476// 1478//
f 1477// 1478// 1479//
f 1479// 1478// 1480//
f 1479// 1480// 1404//
f 1406// 1386// 1472//
f 1472// 1386// 1481//
f 1472// 1481// 1474//
f 1474// 1481// 1482//
f 1474// 1482// 1476//
f 1476// 1482// 1483//
f 1476// 1483// 1478//
f 1478// 1483// 1484//
f 1478// 1484// 1480//
f 1480// 1484// 1485//
f 1480// 1485// 1404//
f 1410// 1408// 1461//
f 1461// 1408// 1471//
f 1461// 1471// 1462//
f 1462// 1471// 1473//
f 1462// 1473// 1463//
f 1463// 1473// 1475//
f 1463// 1475// 1464//
f 1464// 1475// 1477//
f 1464// 1477// 1465//
f 1465// 1477// 1479//
f 1465// 1479// 1404//
f 1399// 1398// 1426//
f 1399// 1426// 1486//
f 1486// 1426// 1432//
f 1486// 1432// 1487//
f 1487// 1432// 1433//
f 1487// 1433// 1488//
f 1488// 1433// 1434//
f 1488// 1434// 1489//
f 1489// 1434// 1416//
f 1489// 1416// 1490//
f 1490// 1416// 1392//
f 1490// 1392// 1393//
f 1398// 1400// 1491//
f 1398// 1491// 1421//
f 1421// 1491// 1492//
f 1421// 1492// 1431//
f 1431// 1492// 1493//
f 1431// 1493// 1439//
f 1439// 1493// 1494//
f 1439// 1494// 1445//
f 1445// 1494// 1495//
f 1445// 1495// 1450//
f 1450// 1495// 1389//
f 1450// 1389// 1387//
f 1383// 1496// 1385//
f 1385// 1496// 1497//
f 1496// 1498// 1497//
f 1497// 1498// 1499//
f 1497// 1499// 1500//
f 1499// 1501// 1500//
f 1500// 1501// 1502//
f 1500// 1502// 1503//
f 1502// 1504// 1503//
f 1503// 1504// 1505//
f 1503// 1505// 1506//
f 1506// 1505// 1507//
f 1506// 1507// 1508//
f 1507// 1509// 1508//
f 1508// 1509// 1510//
f 1508// 1510// 1389//
f 1389// 1510// 1511//
f 1389// 1511// 1388//
f 1402// 1404// 1485//
f 1402// 1485// 1512//
f 1512// 1485// 1484//
f 1512// 1484// 1513//
f 1513// 1484// 1483//
f 1513// 1483// 1514//
f 1514// 1483// 1482//
f 1514// 1482// 1515//
f 1515// 1482// 1481//
f 1515// 1481// 1516//
f 1516// 1481// 1386//
f 1516// 1386// 1388//
f 1404// 1405// 1517//
f 1404// 1517// 1470//
f 1470// 1517// 1518//
f 1470// 1518// 1469//
f 1469// 1518// 1519//
f 1469// 1519// 1468//
f 1468// 1519// 1520//
f 1468// 1520// 1467//
f 1467// 1520// 1521//
f 1467// 1521// 1466//
f 1466// 1521// 1391//
f 1466// 1391// 1390//
f 1393// 1391// 1522//
f 1393// 1522// 1523//
f 1523// 1522// 1524//
f 1523// 1524// 1525//
f 1525// 1524// 1526//
f 1525// 1526// 1527//
f 1527// 1526// 1528//
f 1527// 1528// 1529//
f 1529// 1528// 1530//
f 1529// 1530// 1531//
f 1531// 1530// 1396//
f 1531// 1396// 1397//
f 1397// 1532// 1533//
f 1534// 1535// 1536//
f 1399// 1486// 1537//
f 1536// 1535// 1399//
f 1538// 1399// 1535//
f 1538// 1535// 1539//
f 1539// 1535// 1534//
f 1539// 1534// 1540//
f 1541// 1399// 1538//
f 1542// 1543// 1544//
f 1544// 1543// 1537//
f 1544// 1537// 1545//
f 1545// 1537// 1486//
f 1545// 1486// 1487//
f 1541// 1538// 1546//
f 1546// 1538// 1539//
f 1546// 1539// 1547//
f 1547// 1539// 1540//
f 1547// 1540// 1548//
f 1549// 1542// 1550//
f 1550// 1542// 1544//
f 1550// 1544// 1551//
f 1551// 1544// 1545//
f 1551// 1545// 1552//
f 1552// 1545// 1487//
f 1552// 1487// 1488//
f 1553// 1549// 1554//
f 1554// 1549// 1550//
f 1554// 1550// 1555//
f 1555// 1550// 1551//
f 1555// 1551// 1556//
f 1556// 1551// 1552//
f 1556// 1552// 1557//
f 1557// 1552// 1488//
f 1557// 1488// 1489//
f 1532// 1553// 1533//
f 1533// 1553// 1554//
f 1533// 1554// 1558//
f 1558// 1554// 1555//
f 1558// 1555// 1559//
f 1559// 1555// 1556//
f 1559// 1556// 1560//
f 1560// 1556// 1557//
f 1560// 1557// 1561//
f 1561// 1557// 1489//
f 1561// 1489// 1490//
f 1397// 1533// 1531//
f 1531// 1533// 1558//
f 1531// 1558// 1529//
f 1529// 1558// 1559//
f 1529// 1559// 1527//
f 1527// 1559// 1560//
f 1527// 1560// 1525//
f 1525// 1560// 1561//
f 1525// 1561// 1523//
f 1523// 1561// 1490//
f 1523// 1490// 1393//
f 1543// 1399// 1537//
f 1532// 1548// 1553//
f 1553// 1548// 1540//
f 1553// 1540// 1549//
f 1549// 1540// 1534//
f 1549// 1534// 1542//
f 1542// 1534// 1536//
f 1542// 1536// 1543//
f 1543// 1536// 1399//
f 1389// 1495// 1562//
f 1563// 1564// 1565//
f 1400// 1566// 1567//
f 1565// 1564// 1400//
f 1568// 1400// 1564//
f 1568// 1564// 1569//
f 1569// 1564// 1563//
f 1569// 1563// 1570//
f 1491// 1400// 1568//
f 1571// 1572// 1573//
f 1573// 1572// 1567//
f 1573// 1567// 1574//
f 1574// 1567// 1566//
f 1574// 1566// 1575//
f 1491// 1568// 1492//
f 1492// 1568// 1569//
f 1492// 1569// 1493//
f 1493// 1569// 1570//
f 1493// 1570// 1494//
f 1576// 1571// 1577//
f 1577// 1571// 1573//
f 1577// 1573// 1578//
f 1578// 1573// 1574//
f 1578// 1574// 1579//
f 1579// 1574// 1575//
f 1579// 1575// 1580//
f 1581// 1576// 1582//
f 1582// 1576// 1577//
f 1582// 1577// 1583//
f 1583// 1577// 1578//
f 1583// 1578// 1584//
f 1584// 1578// 1579//
f 1584// 1579// 1585//
f 1585// 1579// 1580//
f 1585// 1580// 1586//
f 1495// 1581// 1562//
f 1562// 1581// 1582//
f 1562// 1582// 1587//
f 1587// 1582// 1583//
f 1587// 1583// 1588//
f 1588// 1583// 1584//
f 1588// 1584// 1589//
f 1589// 1584// 1585//
f 1589// 1585// 1590//
f 1590// 1585// 1586//
f 1590// 1586// 1591//
f 1389// 1562// 1508//
f 1508// 1562// 1587//
f 1508// 1587// 1506//
f 1506// 1587// 1588//
f 1506// 1588// 1503//
f 1503// 1588// 1589//
f 1503// 1589// 1500//
f 1500// 1589// 1590//
f 1500// 1590// 1497//
f 1497// 1590// 1591//
f 1497// 1591// 1385//
f 1572// 1400// 1567//
f 1495// 1494// 1581//
f 1581// 1494// 1570//
f 1581// 1570// 1576//
f 1576// 1570// 1563//
f 1576// 1563// 1571//
f 1571// 1563// 1565//
f 1571// 1565// 1572//
f 1572// 1565// 1400//
f 1592// 1593// 1402//
f 1592// 1402// 1594//
f 1595// 1594// 1402//
f 1596// 1595// 1402//
f 1597// 1596// 1402//
f 1598// 1597// 1402//
f 1512// 1598// 1402//
f 1512// 1513// 1599//
f 1513// 1514// 1600//
f 1514// 1515// 1601//
f 1515// 1516// 1602//
f 1516// 1388// 1511//
f 1516// 1511// 1602//
f 1602// 1511// 1510//
f 1602// 1510// 1603//
f 1510// 1509// 1603//
f 1603// 1509// 1507//
f 1603// 1507// 1604//
f 1507// 1505// 1604//
f 1604// 1505// 1504//
f 1604// 1504// 1605//
f 1504// 1502// 1605//
f 1605// 1502// 1501//
f 1605// 1501// 1606//
f 1501// 1499// 1606//
f 1606// 1499// 1498//
f 1606// 1498// 1607//
f 1498// 1496// 1607//
f 1607// 1496// 1383//
f 1607// 1383// 1608//
f 1515// 1602// 1601//
f 1601// 1602// 1603//
f 1601// 1603// 1609//
f 1609// 1603// 1604//
f 1609// 1604// 1610//
f 1610// 1604// 1605//
f 1610// 1605// 1611//
f 1611// 1605// 1606//
f 1611// 1606// 1612//
f 1612// 1606// 1607//
f 1612// 1607// 1613//
f 1613// 1607// 1608//
f 1613// 1608// 1614//
f 1514// 1601// 1600//
f 1600// 1601// 1609//
f 1600// 1609// 1615//
f 1615// 1609// 1610//
f 1615// 1610// 1616//
f 1616// 1610// 1611//
f 1616// 1611// 1617//
f 1617// 1611// 1612//
f 1617// 1612// 1618//
f 1618// 1612// 1613//
f 1618// 1613// 1619//
f 1619// 1613// 1614//
f 1619// 1614// 1620//
f 1513// 1600// 1599//
f 1599// 1600// 1615//
f 1599// 1615// 1621//
f 1621// 1615// 1616//
f 1621// 1616// 1622//
f 1622// 1616// 1617//
f 1622// 1617// 1623//
f 1623// 1617// 1618//
f 1623// 1618// 1624//
f 1624// 1618// 1619//
f 1624// 1619// 1625//
f 1625// 1619// 1620//
f 1625// 1620// 1626//
f 1512// 1599// 1598//
f 1598// 1599// 1621//
f 1598// 1621// 1597//
f 1597// 1621// 1622//
f 1597// 1622// 1596//
f 1596// 1622// 1623//
f 1596// 1623// 1595//
f 1595// 1623// 1624//
f 1595// 1624// 1594//
f 1594// 1624// 1625//
f 1594// 1625// 1592//
f 1592// 1625// 1626//
f 1592// 1626// 1593//
f 1530// 1528// 1627//
f 1627// 1528// 1628//
f 1627// 1628// 1629//
f 1629// 1628// 1630//
f 1629// 1630// 1631//
f 1631// 1630// 1632//
f 1631// 1632// 1633//
f 1633// 1632// 1634//
f 1633// 1634// 1635//
f 1635// 1634// 1636//
f 1635// 1636// 1405//
f 1528// 1526// 1628//
f 1628// 1526// 1637//
f 1628// 1637// 1630//
f 1630// 1637// 1638//
f 1630// 1638// 1632//
f 1632// 1638// 1639//
f 1632// 1639// 1634//
f 1634// 1639// 1640//
f 1634// 1640// 1636//
f 1636// 1640// 1641//
f 1636// 1641// 1405//
f 1396// 1530// 1642//
f 1642// 1530// 1627//
f 1642// 1627// 1643//
f 1643// 1627// 1629//
f 1643// 1629// 1644//
f 1644// 1629// 1631//
f 1644// 1631// 1645//
f 1645// 1631// 1633//
f 1645// 1633// 1646//
f 1646// 1633// 1635//
f 1646// 1635// 1405//
f 1524// 1522// 1647//
f 1647// 1522// 1648//
f 1647// 1648// 1649//
f 1649// 1648// 1650//
f 1649// 1650// 1651//
f 1651// 1650// 1652//
f 1651// 1652// 1653//
f 1653// 1652// 1654//
f 1653// 1654// 1655//
f 1655// 1654// 1656//
f 1655// 1656// 1405//
f 1522// 1391// 1648//
f 1648// 1391// 1521//
f 1648// 1521// 1650//
f 1650// 1521// 1520//
f 1650// 1520// 1652//
f 1652// 1520// 1519//
f 1652// 1519// 1654//
f 1654// 1519// 1518//
f 1654// 1518// 1656//
f 1656// 1518// 1517//
f 1656// 1517// 1405//
f 1526// 1524// 1637//
f 1637// 1524// 1647//
f 1637// 1647// 1638//
f 1638// 1647// 1649//
f 1638// 1649// 1639//
f 1639// 1649// 1651//
f 1639// 1651// 1640//
f 1640// 1651// 1653//
f 1640// 1653// 1641//
f 1641// 1653// 1655//
f 1641// 1655// 1405//
f 1401// 1399// 1541//
f 1401// 1541// 1657//
f 1657// 1541// 1546//
f 1657// 1546// 1658//
f 1658// 1546// 1547//
f 1658// 1547// 1659//
f 1659// 1547// 1548//
f 1659// 1548// 1660//
f 1660// 1548// 1532//
f 1660// 1532// 1661//
f 1661// 1532// 1397//
f 1661// 1397// 1395//
f 1400// 1401// 1662//
f 1400// 1662// 1566//
f 1566// 1662// 1663//
f 1566// 1663// 1575//
f 1575// 1663// 1664//
f 1575// 1664// 1580//
f 1580// 1664// 1665//
f 1580// 1665// 1586//
f 1586// 1665// 1666//
f 1586// 1666// 1591//
f 1591// 1666// 1384//
f 1591// 1384// 1385//
f 1403// 1402// 1593//
f 1403// 1593// 1667//
f 1667// 1593// 1626//
f 1667// 1626// 1668//
f 1668// 1626// 1620//
f 1668// 1620// 1669//
f 1669// 1620// 1614//
f 1669// 1614// 1670//
f 1670// 1614// 1608//
f 1670// 1608// 1671//
f 1671// 1608// 1383//
f 1671// 1383// 1382//
f 1405// 1403// 1672//
f 1405// 1672// 1646//
f 1646// 1672// 1673//
f 1646// 1673// 1645//
f 1645// 1673// 1674//
f 1645// 1674// 1644//
f 1644// 1674// 1675//
f 1644// 1675// 1643//
f 1643// 1675// 1676//
f 1643// 1676// 1642//
f 1642// 1676// 1394//
f 1642// 1394// 1396//
f 1384// 1666// 1677//
f 1678// 1679// 1680//
f 1401// 1657// 1681//
f 1680// 1679// 1401//
f 1682// 1401// 1679//
f 1682// 1679// 1683//
f 1683// 1679// 1678//
f 1683// 1678// 1684//
f 1662// 1401// 1682//
f 1685// 1686// 1687//
f 1687// 1686// 1681//
f 1687// 1681// 1688//
f 1688// 1681// 1657//
f 1688// 1657// 1658//
f 1662// 1682// 1663//
f 1663// 1682// 1683//
f 1663// 1683// 1664//
f 1664// 1683// 1684//
f 1664// 1684// 1665//
f 1689// 1685// 1690//
f 1690// 1685// 1687//
f 1690// 1687// 1691//
f 1691// 1687// 1688//
f 1691// 1688// 1692//
f 1692// 1688// 1658//
f 1692// 1658// 1659//
f 1693// 1689// 1694//
f 1694// 1689// 1690//
f 1694// 1690// 1695//
f 1695// 1690// 1691//
f 1695// 1691// 1696//
f 1696// 1691// 1692//
f 1696// 1692// 1697//
f 1697// 1692// 1659//
f 1697// 1659// 1660//
f 1666// 1693// 1677//
f 1677// 1693// 1694//
f 1677// 1694// 1698//
f 1698// 1694// 1695//
f 1698// 1695// 1699//
f 1699// 1695// 1696//
f 1699// 1696// 1700//
f 1700// 1696// 1697//
f 1700// 1697// 1701//
f 1701// 1697// 1660//
f 1701// 1660// 1661//
f 1384// 1677// 1702//
f 1702// 1677// 1698//
f 1702// 1698// 1703//
f 1703// 1698// 1699//
f 1703// 1699// 1704//
f 1704// 1699// 1700//
f 1704// 1700// 1705//
f 1705// 1700// 1701//
f 1705// 1701// 1706//
f 1706// 1701// 1661//
f 1706// 1661// 1395//
f 1686// 1401// 1681//
f 1666// 1665// 1693//
f 1693// 1665// 1684//
f 1693// 1684// 1689//
f 1689// 1684// 1678//
f 1689// 1678// 1685//
f 1685// 1678// 1680//
f 1685// 1680// 1686//
f 1686// 1680// 1401//
f 1707// 1708// 1709//
f 1709// 1708// 1710//
f 1709// 1710// 1711//
f 1711// 1710// 1712//
f 1711// 1712// 1713//
f 1713// 1712// 1714//
f 1713// 1714// 1715//
f 1715// 1714// 1716//
f 1715// 1716// 1717//
f 1717// 1716// 1718//
f 1717// 1718// 1403//
f 1708// 1719// 1710//
f 1710// 1719// 1720//
f 1710// 1720// 1712//
f 1712// 1720// 1721//
f 1712// 1721// 1714//
f 1714// 1721// 1722//
f 1714// 1722// 1716//
f 1716// 1722// 1723//
f 1716// 1723// 1718//
f 1718// 1723// 1724//
f 1718// 1724// 1403//
f 1382// 1707// 1671//
f 1671// 1707// 1709//
f 1671// 1709// 1670//
f 1670// 1709// 1711//
f 1670// 1711// 1669//
f 1669// 1711// 1713//
f 1669// 1713// 1668//
f 1668// 1713// 1715//
f 1668// 1715// 1667//
f 1667// 1715// 1717//
f 1667// 1717// 1403//
f 1725// 1726// 1727//
f 1727// 1726// 1728//
f 1727// 1728// 1729//
f 1729// 1728// 1730//
f 1729// 1730// 1731//
f 1731// 1730// 1732//
f 1731// 1732// 1733//
f 1733// 1732// 1734//
f 1733// 1734// 1735//
f 1735// 1734// 1736//
f 1735// 1736// 1403//
f 1726// 1394// 1728//
f 1728// 1394// 1676//
f 1728// 1676// 1730//
f 1730// 1676// 1675//
f 1730// 1675// 1732//
f 1732// 1675// 1674//
f 1732// 1674// 1734//
f 1734// 1674// 1673//
f 1734// 1673// 1736//
f 1736// 1673// 1672//
f 1736// 1672// 1403//
f 1719// 1725// 1720//
f 1720// 1725// 1727//
f 1720// 1727// 1721//
f 1721// 1727// 1729//
f 1721// 1729// 1722//
f 1722// 1729// 1731//
f 1722// 1731// 1723//
f 1723// 1731// 1733//
f 1723// 1733// 1724//
f 1724// 1733// 1735//
f 1724// 1735// 1403//
f 1395// 1394// 1726//
f 1395// 1726// 1706//
f 1706// 1726// 1725//
f 1706// 1725// 1705//
f 1705// 1725// 1719//
f 1705// 1719// 1704//
f 1704// 1719// 1708//
f 1704// 1708// 1703//
f 1703// 1708// 1707//
f 1703// 1707// 1702//
f 1702// 1707// 1382//
f 1702// 1382// 1384//
f 1737// 1738// 1739//
f 1739// 1738// 1740//
f 1741// 1742// 1743//
f 1743// 1742// 1744//
f 1745// 1746// 1747//
f 1747// 1746// 1748//
f 1749// 1750// 1751//
f 1751// 1750// 1752//
f 1753// 1754// 1755//
f 1755// 1754// 1756//
f 1757// 1758// 1759//
f 1759// 1758// 1760//
f 1742// 1741// 1761//
f 1742// 1761// 1762//
f 1762// 1761// 1763//
f 1762// 1763// 1764//
f 1764// 1763// 1765//
f 1764// 1765// 1766//
f 1766// 1765// 1767//
f 1766// 1767// 1768//
f 1768// 1767// 1769//
f 1768// 1769// 1770//
f 1770// 1769// 1745//
f 1770// 1745// 1747//
f 1747// 1771// 1772//
f 1773// 1774// 1775//
f 1753// 1776// 1777//
f 1775// 1774// 1753//
f 1778// 1753// 1774//
f 1778// 1774// 1779//
f 1779// 1774// 1773//
f 1779// 1773// 1780//
f 1781// 1753// 1778//
f 1782// 1783// 1784//
f 1784// 1783// 1777//
f 1784// 1777// 1785//
f 1785// 1777// 1776//
f 1785// 1776// 1786//
f 1781// 1778// 1787//
f 1787// 1778// 1779//
f 1787// 1779// 1788//
f 1788// 1779// 1780//
f 1788// 1780// 1789//
f 1790// 1782// 1791//
f 1791// 1782// 1784//
f 1791// 1784// 1792//
f 1792// 1784// 1785//
f 1792// 1785// 1793//
f 1793// 1785// 1786//
f 1793// 1786// 1794//
f 1795// 1790// 1796//
f 1796// 1790// 1791//
f 1796// 1791// 1797//
f 1797// 1791// 1792//
f 1797// 1792// 1798//
f 1798// 1792// 1793//
f 1798// 1793// 1799//
f 1799// 1793// 1794//
f 1799// 1794// 1800//
f 1771// 1795// 1772//
f 1772// 1795// 1796//
f 1772// 1796// 1801//
f 1801// 1796// 1797//
f 1801// 1797// 1802//
f 1802// 1797// 1798//
f 1802// 1798// 1803//
f 1803// 1798// 1799//
f 1803// 1799// 1804//
f 1804// 1799// 1800//
f 1804// 1800// 1805//
f 1747// 1772// 1770//
f 1770// 1772// 1801//
f 1770// 1801// 1768//
f 1768// 1801// 1802//
f 1768// 1802// 1766//
f 1766// 1802// 1803//
f 1766// 1803// 1764//
f 1764// 1803// 1804//
f 1764// 1804// 1762//
f 1762// 1804// 1805//
f 1762// 1805// 1742//
f 1783// 1753// 1777//
f 1771// 1789// 1795//
f 1795// 1789// 1780//
f 1795// 1780// 1790//
f 1790// 1780// 1773//
f 1790// 1773// 1782//
f 1782// 1773// 1775//
f 1782// 1775// 1783//
f 1783// 1775// 1753//
f 1769// 1767// 1806//
f 1806// 1767// 1807//
f 1806// 1807// 1808//
f 1808// 1807// 1809//
f 1808// 1809// 1810//
f 1810// 1809// 1811//
f 1810// 1811// 1812//
f 1812// 1811// 1813//
f 1812// 1813// 1814//
f 1814// 1813// 1815//
f 1814// 1815// 1759//
f 1767// 1765// 1807//
f 1807// 1765// 1816//
f 1807// 1816// 1809//
f 1809// 1816// 1817//
f 1809// 1817// 1811//
f 1811// 1817// 1818//
f 1811// 1818// 1813//
f 1813// 1818// 1819//
f 1813// 1819// 1815//
f 1815// 1819// 1820//
f 1815// 1820// 1759//
f 1745// 1769// 1821//
f 1821// 1769// 1806//
f 1821// 1806// 1822//
f 1822// 1806// 1808//
f 1822// 1808// 1823//
f 1823// 1808// 1810//
f 1823// 1810// 1824//
f 1824// 1810// 1812//
f 1824// 1812// 1825//
f 1825// 1812// 1814//
f 1825// 1814// 1759//
f 1763// 1761// 1826//
f 1826// 1761// 1827//
f 1826// 1827// 1828//
f 1828// 1827// 1829//
f 1828// 1829// 1830//
f 1830// 1829// 1831//
f 1830// 1831// 1832//
f 1832// 1831// 1833//
f 1832// 1833// 1834//
f 1834// 1833// 1835//
f 1834// 1835// 1759//
f 1761// 1741// 1827//
f 1827// 1741// 1836//
f 1827// 1836// 1829//
f 1829// 1836// 1837//
f 1829// 1837// 1831//
f 1831// 1837// 1838//
f 1831// 1838// 1833//
f 1833// 1838// 1839//
f 1833// 1839// 1835//
f 1835// 1839// 1840//
f 1835// 1840// 1759//
f 1765// 1763// 1816//
f 1816// 1763// 1826//
f 1816// 1826// 1817//
f 1817// 1826// 1828//
f 1817// 1828// 1818//
f 1818// 1828// 1830//
f 1818// 1830// 1819//
f 1819// 1830// 1832//
f 1819// 1832// 1820//
f 1820// 1832// 1834//
f 1820// 1834// 1759//
f 1754// 1753// 1781//
f 1754// 1781// 1841//
f 1841// 1781// 1787//
f 1841// 1787// 1842//
f 1842// 1787// 1788//
f 1842// 1788// 1843//
f 1843// 1788// 1789//
f 1843// 1789// 1844//
f 1844// 1789// 1771//
f 1844// 1771// 1845//
f 1845// 1771// 1747//
f 1845// 1747// 1748//
f 1753// 1755// 1846//
f 1753// 1846// 1776//
f 1776// 1846// 1847//
f 1776// 1847// 1786//
f 1786// 1847// 1848//
f 1786// 1848// 1794//
f 1794// 1848// 1849//
f 1794// 1849// 1800//
f 1800// 1849// 1850//
f 1800// 1850// 1805//
f 1805// 1850// 1744//
f 1805// 1744// 1742//
f 1738// 1851// 1740//
f 1740// 1851// 1852//
f 1851// 1853// 1852//
f 1852// 1853// 1854//
f 1852// 1854// 1855//
f 1854// 1856// 1855//
f 1855// 1856// 1857//
f 1855// 1857// 1858//
f 1857// 1859// 1858//
f 1858// 1859// 1860//
f 1858// 1860// 1861//
f 1861// 1860// 1862//
f 1861// 1862// 1863//
f 1862// 1864// 1863//
f 1863// 1864// 1865//
f 1863// 1865// 1744//
f 1744// 1865// 1866//
f 1744// 1866// 1743//
f 1757// 1759// 1840//
f 1757// 1840// 1867//
f 1867// 1840// 1839//
f 1867// 1839// 1868//
f 1868// 1839// 1838//
f 1868// 1838// 1869//
f 1869// 1838// 1837//
f 1869// 1837// 1870//
f 1870// 1837// 1836//
f 1870// 1836// 1871//
f 1871// 1836// 1741//
f 1871// 1741// 1743//
f 1759// 1760// 1872//
f 1759// 1872// 1825//
f 1825// 1872// 1873//
f 1825// 1873// 1824//
f 1824// 1873// 1874//
f 1824// 1874// 1823//
f 1823// 1874// 1875//
f 1823// 1875// 1822//
f 1822// 1875// 1876//
f 1822// 1876// 1821//
f 1821// 1876// 1746//
f 1821// 1746// 1745//
f 1748// 1746// 1877//
f 1748// 1877// 1878//
f 1878// 1877// 1879//
f 1878// 1879// 1880//
f 1880// 1879// 1881//
f 1880// 1881// 1882//
f 1882// 1881// 1883//
f 1882// 1883// 1884//
f 1884// 1883// 1885//
f 1884// 1885// 1886//
f 1886// 1885// 1751//
f 1886// 1751// 1752//
f 1752// 1887// 1888//
f 1889// 1890// 1891//
f 1754// 1841// 1892//
f 1891// 1890// 1754//
f 1893// 1754// 1890//
f 1893// 1890// 1894//
f 1894// 1890// 1889//
f 1894// 1889// 1895//
f 1896// 1754// 1893//
f 1897// 1898// 1899//
f 1899// 1898// 1892//
f 1899// 1892// 1900//
f 1900// 1892// 1841//
f 1900// 1841// 1842//
f 1896// 1893// 1901//
f 1901// 1893// 1894//
f 1901// 1894// 1902//
f 1902// 1894// 1895//
f 1902// 1895// 1903//
f 1904// 1897// 1905//
f 1905// 1897// 1899//
f 1905// 1899// 1906//
f 1906// 1899// 1900//
f 1906// 1900// 1907//
f 1907// 1900// 1842//
f 1907// 1842// 1843//
f 1908// 1904// 1909//
f 1909// 1904// 1905//
f 1909// 1905// 1910//
f 1910// 1905// 1906//
f 1910// 1906// 1911//
f 1911// 1906// 1907//
f 1911// 1907// 1912//
f 1912// 1907// 1843//
f 1912// 1843// 1844//
f 1887// 1908// 1888//
f 1888// 1908// 1909//
f 1888// 1909// 1913//
f 1913// 1909// 1910//
f 1913// 1910// 1914//
f 1914// 1910// 1911//
f 1914// 1911// 1915//
f 1915// 1911// 1912//
f 1915// 1912// 1916//
f 1916// 1912// 1844//
f 1916// 1844// 1845//
f 1752// 1888// 1886//
f 1886// 1888// 1913//
f 1886// 1913// 1884//
f 1884// 1913// 1914//
f 1884// 1914// 1882//
f 1882// 1914// 1915//
f 1882// 1915// 1880//
f 1880// 1915// 1916//
f 1880// 1916// 1878//
f 1878// 1916// 1845//
f 1878// 1845// 1748//
f 1898// 1754// 1892//
f 1887// 1903// 1908//
f 1908// 1903// 1895//
f 1908// 1895// 1904//
f 1904// 1895// 1889//
f 1904// 1889// 1897//
f 1897// 1889// 1891//
f 1897// 1891// 1898//
f 1898// 1891// 1754//
f 1744// 1850// 1917//
f 1918// 1919// 1920//
f 1755// 1921// 1922//
f 1920// 1919// 1755//
f 1923// 1755// 1919//
f 1923// 1919// 1924//
f 1924// 1919// 1918//
f 1924// 1918// 1925//
f 1846// 1755// 1923//
f 1926// 1927// 1928//
f 1928// 1927// 1922//
f 1928// 1922// 1929//
f 1929// 1922// 1921//
f 1929// 1921// 1930//
f 1846// 1923// 1847//
f 1847// 1923// 1924//
f 1847// 1924// 1848//
f 1848// 1924// 1925//
f 1848// 1925// 1849//
f 1931// 1926// 1932//
f 1932// 1926// 1928//
f 1932// 1928// 1933//
f 1933// 1928// 1929//
f 1933// 1929// 1934//
f 1934// 1929// 1930//
f 1934// 1930// 1935//
f 1936// 1931// 1937//
f 1937// 1931// 1932//
f 1937// 1932// 1938//
f 1938// 1932// 1933//
f 1938// 1933// 1939//
f 1939// 1933// 1934//
f 1939// 1934// 1940//
f 1940// 1934// 1935//
f 1940// 1935// 1941//
f 1850// 1936// 1917//
f 1917// 1936// 1937//
f 1917// 1937// 1942//
f 1942// 1937// 1938//
f 1942// 1938// 1943//
f 1943// 1938// 1939//
f 1943// 1939// 1944//
f 1944// 1939// 1940//
f 1944// 1940// 1945//
f 1945// 1940// 1941//
f 1945// 1941// 1946//
f 1744// 1917// 1863//
f 1863// 1917// 1942//
f 1863// 1942// 1861//
f 1861// 1942// 1943//
f 1861// 1943// 1858//
f 1858// 1943// 1944//
f 1858// 1944// 1855//
f 1855// 1944// 1945//
f 1855// 1945// 1852//
f 1852// 1945// 1946//
f 1852// 1946// 1740//
f 1927// 1755// 1922//
f 1850// 1849// 1936//
f 1936// 1849// 1925//
f 1936// 1925// 1931//
f 1931// 1925// 1918//
f 1931// 1918// 1926//
f 1926// 1918// 1920//
f 1926// 1920// 1927//
f 1927// 1920// 1755//
f 1947// 1948// 1757//
f 1947// 1757// 1949//
f 1950// 1949// 1757//
f 1951// 1950// 1757//
f 1952// 1951// 1757//
f 1953// 1952// 1757//
f 1867// 1953// 1757//
f 1867// 1868// 1954//
f 1868// 1869// 1955//
f 1869// 1870// 1956//
f 1870// 1871// 1957//
f 1871// 1743// 1866//
f 1871// 1866// 1957//
f 1957// 1866// 1865//
f 1957// 1865// 1958//
f 1865// 1864// 1958//
f 1958// 1864// 1862//
f 1958// 1862// 1959//
f 1862// 1860// 1959//
f 1959// 1860// 1859//
f 1959// 1859// 1960//
f 1859// 1857// 1960//
f 1960// 1857// 1856//
f 1960// 1856// 1961//
f 1856// 1854// 1961//
f 1961// 1854// 1853//
f 1961// 1853// 1962//
f 1853// 1851// 1962//
f 1962// 1851// 1738//
f 1962// 1738// 1963//
f 1870// 1957// 1956//
f 1956// 1957// 1958//
f 1956// 1958// 1964//
f 1964// 1958// 1959//
f 1964// 1959// 1965//
f 1965// 1959// 1960//
f 1965// 1960// 1966//
f 1966// 1960// 1961//
f 1966// 1961// 1967//
f 1967// 1961// 1962//
f 1967// 1962// 1968//
f 1968// 1962// 1963//
f 1968// 1963// 1969//
f 1869// 1956// 1955//
f 1955// 1956// 1964//
f 1955// 1964// 1970//
f 1970// 1964// 1965//
f 1970// 1965// 1971//
f 1971// 1965// 1966//
f 1971// 1966// 1972//
f 1972// 1966// 1967//
f 1972// 1967// 1973//
f 1973// 1967// 1968//
f 1973// 1968// 1974//
f 1974// 1968// 1969//
f 1974// 1969// 1975//
f 1868// 1955// 1954//
f 1954// 1955// 1970//
f 1954// 1970// 1976//
f 1976// 1970// 1971//
f 1976// 1971// 1977//
f 1977// 1971// 1972//
f 1977// 1972// 1978//
f 1978// 1972// 1973//
f 1978// 1973// 1979//
f 1979// 1973// 1974//
f 1979// 1974// 1980//
f 1980// 1974// 1975//
f 1980// 1975// 1981//
f 1867// 1954// 1953//
f 1953// 1954// 1976//
f 1953// 1976// 1952//
f 1952// 1976// 1977//
f 1952// 1977// 1951//
f 1951// 1977// 1978//
f 1951// 1978// 1950//
f 1950// 1978// 1979//
f 1950// 1979// 1949//
f 1949// 1979// 1980//
f 1949// 1980// 1947//
f 1947// 1980// 1981//
f 1947// 1981// 1948//
f 1885// 1883// 1982//
f 1982// 1883// 1983//
f 1982// 1983// 1984//
f 1984// 1983// 1985//
f 1984// 1985// 1986//
f 1986// 1985// 1987//
f 1986// 1987// 1988//
f 1988// 1987// 1989//
f 1988// 1989// 1990//
f 1990// 1989// 1991//
f 1990// 1991// 1760//
f 1883// 1881// 1983//
f 1983// 1881// 1992//
f 1983// 1992// 1985//
f 1985// 1992// 1993//
f 1985// 1993// 1987//
f 1987// 1993// 1994//
f 1987// 1994// 1989//
f 1989// 1994// 1995//
f 1989// 1995// 1991//
f 1991// 1995// 1996//
f 1991// 1996// 1760//
f 1751// 1885// 1997//
f 1997// 1885// 1982//
f 1997// 1982// 1998//
f 1998// 1982// 1984//
f 1998// 1984// 1999//
f 1999// 1984// 1986//
f 1999// 1986// 2000//
f 2000// 1986// 1988//
f 2000// 1988// 2001//
f 2001// 1988// 1990//
f 2001// 1990// 1760//
f 1879// 1877// 2002//
f 2002// 1877// 2003//
f 2002// 2003// 2004//
f 2004// 2003// 2005//
f 2004// 2005// 2006//
f 2006// 2005// 2007//
f 2006// 2007// 2008//
f 2008// 2007// 2009//
f 2008// 2009// 2010//
f 2010// 2009// 2011//
f 2010// 2011// 1760//
f 1877// 1746// 2003//
f 2003// 1746// 1876//
f 2003// 1876// 2005//
f 2005// 1876// 1875//
f 2005// 1875// 2007//
f 2007// 1875// 1874//
f 2007// 1874// 2009//
f 2009// 1874// 1873//
f 2009// 1873// 2011//
f 2011// 1873// 1872//
f 2011// 1872// 1760//
f 1881// 1879// 1992//
f 1992// 1879// 2002//
f 1992// 2002// 1993//
f 1993// 2002// 2004//
f 1993// 2004// 1994//
f 1994// 2004// 2006//
f 1994// 2006// 1995//
f 1995// 2006// 2008//
f 1995// 2008// 1996//
f 1996// 2008// 2010//
f 1996// 2010// 1760//
f 1756// 1754// 1896//
f 1756// 1896// 2012//
f 2012// 1896// 1901//
f 2012// 1901// 2013//
f 2013// 1901// 1902//
f 2013// 1902// 2014//
f 2014// 1902// 1903//
f 2014// 1903// 2015//
f 2015// 1903// 1887//
f 2015// 1887// 2016//
f 2016// 1887// 1752//
f 2016// 1752// 1750//
f 1755// 1756// 2017//
f 1755// 2017// 1921//
f 1921// 2017// 2018//
f 1921// 2018// 1930//
f 1930// 2018// 2019//
f 1930// 2019// 1935//
f 1935// 2019// 2020//
f 1935// 2020// 1941//
f 1941// 2020// 2021//
f 1941// 2021// 1946//
f 1946// 2021// 1739//
f 1946// 1739// 1740//
f 1758// 1757// 1948//
f 1758// 1948// 2022//
f 2022// 1948// 1981//
f 2022// 1981// 2023//
f 2023// 1981// 1975//
f 2023// 1975// 2024//
f 2024// 1975// 1969//
f 2024// 1969// 2025//
f 2025// 1969// 1963//
f 2025// 1963// 2026//
f 2026// 1963// 1738//
f 2026// 1738// 1737//
f 1760// 1758// 2027//
f 1760// 2027// 2001//
f 2001// 2027// 2028//
f 2001// 2028// 2000//
f 2000// 2028// 2029//
f 2000// 2029// 1999//
f 1999// 2029// 2030//
f 1999// 2030// 1998//
f 1998// 2030// 2031//
f 1998// 2031// 1997//
f 1997// 2031// 1749//
f 1997// 1749// 1751//
f 1739// 2021// 2032//
f 2033// 2034// 2035//
f 1756// 2012// 2036//
f 2035// 2034// 1756//
f 2037// 1756// 2034//
f 2037// 2034// 2038//
f 2038// 2034// 2033//
f 2038// 2033// 2039//
f 2017// 1756// 2037//
f 2040// 2041// 2042//
f 2042// 2041// 2036//
f 2042// 2036// 2043//
f 2043// 2036// 2012//
f 2043// 2012// 2013//
f 2017// 2037// 2018//
f 2018// 2037// 2038//
f 2018// 2038// 2019//
f 2019// 2038// 2039//
f 2019// 2039// 2020//
f 2044// 2040// 2045//
f 2045// 2040// 2042//
f 2045// 2042// 2046//
f 2046// 2042// 2043//
f 2046// 2043// 2047//
f 2047// 2043// 2013//
f 2047// 2013// 2014//
f 2048// 2044// 2049//
f 2049// 2044// 2045//
f 2049// 2045// 2050//
f 2050// 2045// 2046//
f 2050// 2046// 2051//
f 2051// 2046// 2047//
f 2051// 2047// 2052//
f 2052// 2047// 2014//
f 2052// 2014// 2015//
f 2021// 2048// 2032//
f 2032// 2048// 2049//
f 2032// 2049// 2053//
f 2053// 2049// 2050//
f 2053// 2050// 2054//
f 2054// 2050// 2051//
f 2054// 2051// 2055//
f 2055// 2051// 2052//
f 2055// 2052// 2056//
f 2056// 2052// 2015//
f 2056// 2015// 2016//
f 1739// 2032// 2057//
f 2057// 2032// 2053//
f 2057// 2053// 2058//
f 2058// 2053// 2054//
f 2058// 2054// 2059//
f 2059// 2054// 2055//
f 2059// 2055// 2060//
f 2060// 2055// 2056//
f 2060// 2056// 2061//
f 2061// 2056// 2016//
f 2061// 2016// 1750//
f 2041// 1756// 2036//
f 2021// 2020// 2048//
f 2048// 2020// 2039//
f 2048// 2039// 2044//
f 2044// 2039// 2033//
f 2044// 2033// 2040//
f 2040// 2033// 2035//
f 2040// 2035// 2041//
f 2041// 2035// 1756//
f 2062// 2063// 2064//
f 2064// 2063// 2065//
f 2064// 2065// 2066//
f 2066// 2065// 2067//
f 2066// 2067// 2068//
f 2068// 2067// 2069//
f 2068// 2069// 2070//
f 2070// 2069// 2071//
f 2070// 2071// 2072//
f 2072// 2071// 2073//
f 2072// 2073// 1758//
f 2063// 2074// 2065//
f 2065// 2074// 2075//
f 2065// 2075// 2067//
f 2067// 2075// 2076//
f 2067// 2076// 2069//
f 2069// 2076// 2077//
f 2069// 2077// 2071//
f 2071// 2077// 2078//
f 2071// 2078// 2073//
f 2073// 2078// 2079//
f 2073// 2079// 1758//
f 1737// 2062// 2026//
f 2026// 2062// 2064//
f 2026// 2064// 2025//
f 2025// 2064// 2066//
f 2025// 2066// 2024//
f 2024// 2066// 2068//
f 2024// 2068// 2023//
f 2023// 2068// 2070//
f 2023// 2070// 2022//
f 2022// 2070// 2072//
f 2022// 2072// 1758//
f 2080// 2081// 2082//
f 2082// 2081// 2083//
f 2082// 2083// 2084//
f 2084// 2083// 2085//
f 2084// 2085// 2086//
f 2086// 2085// 2087//
f 2086// 2087// 2088//
f 2088// 2087// 2089//
f 2088// 2089// 2090//
f 2090// 2089// 2091//
f 2090// 2091// 1758//
f 2081// 1749// 2083//
f 2083// 1749// 2031//
f 2083// 2031// 2085//
f 2085// 2031// 2030//
f 2085// 2030// 2087//
f 2087// 2030// 2029//
f 2087// 2029// 2089//
f 2089// 2029// 2028//
f 2089// 2028// 2091//
f 2091// 2028// 2027//
f 2091// 2027// 1758//
f 2074// 2080// 2075//
f 2075// 2080// 2082//
f 2075// 2082// 2076//
f 2076// 2082// 2084//
f 2076// 2084// 2077//
f 2077// 2084// 2086//
f 2077// 2086// 2078//
f 2078// 2086// 2088//
f 2078// 2088// 2079//
f 2079// 2088// 2090//
f 2079// 2090// 1758//
f 1750// 1749// 2081//
f 1750// 2081// 2061//
f 2061// 2081// 2080//
f 2061// 2080// 2060//
f 2060// 2080// 2074//
f 2060// 2074// 2059//
f 2059// 2074// 2063//
f 2059// 2063// 2058//
f 2058// 2063// 2062//
f 2058// 2062// 2057//
f 2057// 2062// 1737//
f 2057// 1737// 1739//
