v -1.445177 -1.571129 0.73
v -1.445177 0.062604 0.73
v -1.457368 0.062604 0.73
newmtl 1
Ka 0.25098039215686274 0.25098039215686274 0.25098039215686274
Kd 0.25098039215686274 0.25098039215686274 0.25098039215686274
Ks 0.12549019607843137 0.12549019607843137 0.12549019607843137
d 0.0
endmtl
v -1.22428 -2.100018 0.73
v -1.229458 -2.100574 0.73
v -1.180116 -2.100574 0.73
v -1.379915 -1.573069 0.73
v -1.364141 -1.571129 0.73
v -1.327307 -1.776689 0.73
v -1.340359 -1.777937 0.73
v -1.273071 -1.777937 0.73
v -2.581399 -1.695728 0.73
v -2.564972 -1.684156 0.73
v -2.564972 -1.571129 0.73
v -1.82485 -1.734518 0.73
v -1.78663 -1.7686 0.73
v -1.653124 -1.571129 0.73
v -1.653124 -1.777937 0.73
v -2.022129 -1.55011 0.73
v -1.990867 -1.571129 0.73
v -1.957641 -1.593468 0.73
v -1.910228 -1.648184 0.73
v -1.879558 -1.707701 0.73
v -1.867399 -1.711969 0.73
v -2.094693 -1.524539 0.73
v -1.653124 0.062604 0.73
v -2.154295 -1.518277 0.73
v -2.564972 0.062604 0.73
v -2.225995 -1.527129 0.73
v -2.292661 -1.552881 0.73
v -2.535437 -1.66335 0.73
v -2.481888 -1.642497 0.73
v -2.424695 -1.635402 0.73
v -2.322101 -1.571129 0.73
v -2.327814 -1.57467 0.73
v -2.361795 -1.603771 0.73
v -2.408066 -1.636305 0.73
v -2.391437 -1.638294 0.73
v -3.0 -1.777937 0.73
v -2.638405 -1.777937 0.73
v -3.0 -1.571129 0.73
v -2.625948 -1.749707 0.73
v -2.590984 -1.704809 0.73
v -2.564972 -2.055637 0.73
v -2.598213 -2.027264 0.73
v -3.0 -2.100574 0.73
v -2.631015 -1.98053 0.73
v -2.65184 -1.926723 0.73
v -3.0 -1.837567 0.73
v -2.658945 -1.869651 0.73
v -2.658559 -1.856171 0.73
v -2.655267 -1.837567 0.73
v -2.648942 -1.801814 0.73
v -2.501053 -2.09112 0.73
v -2.553283 -2.065614 0.73
v -2.564972 -2.100574 0.73
v -2.482535 -2.096671 0.73
v -2.418344 -2.175495 0.73
v -2.446612 -2.154153 0.73
v -2.564972 -2.181136 0.73
v -2.468094 -2.1276 0.73
v -2.480713 -2.100574 0.73
v -2.345166 -2.194999 0.73
v -2.564972 -2.5 0.73
v -2.310261 -2.190711 0.73
v -1.653124 -2.5 0.73
v -2.28528 -2.181136 0.73
v -2.350861 -2.19489 0.73
v -2.384996 -2.189539 0.73
v -2.404948 -2.181136 0.73
v -2.209633 -2.100574 0.73
v -2.209694 -2.100836 0.73
v -1.653124 -2.181136 0.73
v -2.226735 -2.133111 0.73
v -2.249191 -2.158326 0.73
v -2.278003 -2.178347 0.73
v -2.236717 -1.953519 0.73
v -2.042954 -1.8523 0.73
v -2.261912 -1.930563 0.73
v -2.29258 -1.914099 0.73
v -2.011409 -2.099022 0.73
v -2.021115 -2.096125 0.73
v -2.031054 -2.090224 0.73
v -2.038066 -2.083457 0.73
v -1.826733 -1.886181 0.73
v -1.833455 -1.858389 0.73
v -1.844613 -1.837567 0.73
v -2.564262 -1.837567 0.73
v -2.032836 -2.02061 0.73
v -2.023785 -2.014616 0.73
v -1.998129 -1.928937 0.73
v -2.013763 -2.011019 0.73
v -1.764099 -1.99963 0.73
v -1.789907 -2.034494 0.73
v -1.653124 -2.100574 0.73
v -1.795903 -2.040732 0.73
v -1.834231 -2.070941 0.73
v -2.465033 -1.968595 0.73
v -2.564972 -1.892836 0.73
v -2.555882 -1.92413 0.73
v -2.538458 -1.953834 0.73
v -2.512516 -1.980448 0.73
v -2.481088 -1.99979 0.73
v -2.411521 -1.920769 0.73
v -2.441104 -1.941285 0.73
v -2.564972 -1.843342 0.73
v -1.741746 -1.854949 0.73
v -1.736405 -1.897125 0.73
v -1.653124 -1.837567 0.73
v -1.736657 -1.907268 0.73
v -1.744653 -1.954544 0.73
v -1.878833 -2.091184 0.73
v -1.921492 -2.099563 0.73
v -2.006805 -2.099563 0.73
v -2.048738 -2.054738 0.73
v -2.048484 -2.049986 0.73
v -2.200567 -2.03594 0.73
v -2.04582 -2.03892 0.73
v -2.040442 -2.028897 0.73
v -2.379573 -1.90858 0.73
v -2.345166 -1.904355 0.73
v -2.327475 -1.90541 0.73
v -2.044096 -2.074265 0.73
v -2.047636 -2.064403 0.73
v -2.201316 -2.065119 0.73
v -2.200567 -2.0504 0.73
v -2.003913 -2.009912 0.73
v -2.002506 -2.010014 0.73
v -1.998168 -2.010975 0.73
v -1.855358 -1.974998 0.73
v -1.839462 -1.952435 0.73
v -1.829511 -1.926659 0.73
v -1.826056 -1.898571 0.73
v -1.995237 -2.011358 0.73
v -1.930167 -2.011358 0.73
v -1.904426 -2.006453 0.73
v -1.878886 -1.994683 0.73
v -1.85747 -1.977264 0.73
v -2.567848 -1.86676 0.73
v -2.566172 -1.888703 0.73
v -1.951743 -1.777937 0.73
v -2.536145 -1.777937 0.73
v -1.950411 -1.785784 0.73
v -2.551196 -1.799597 0.73
v -2.563561 -1.831854 0.73
v -1.938843 -1.785784 0.73
v -1.846846 -1.833401 0.73
v -1.863745 -1.8145 0.73
v -1.886182 -1.798856 0.73
v -1.911425 -1.789156 0.73
v -2.35736 -1.737996 0.73
v -2.346612 -1.743851 0.73
v -2.328063 -1.703797 0.73
v -2.022663 -1.652477 0.73
v -1.954074 -1.76421 0.73
v -2.000869 -1.673589 0.73
v -1.971858 -1.715652 0.73
v -2.152849 -1.605036 0.73
v -2.162657 -1.605261 0.73
v -2.210666 -1.613163 0.73
v -2.389798 -1.726251 0.73
v -2.423249 -1.722161 0.73
v -2.437968 -1.72291 0.73
v -2.06399 -1.625629 0.73
v -2.109779 -1.609667 0.73
v -2.257451 -1.633424 0.73
v -2.296989 -1.664083 0.73
v -2.473685 -1.731288 0.73
v -2.50596 -1.748328 0.73
v -2.531175 -1.770785 0.73
v -1.780292 -1.777937 0.73
v -1.758201 -1.810481 0.73
v -1.748178 -1.837567 0.73
v -0.803386 -1.720594 0.73
v -0.878015 -1.720594 0.73
v -0.782643 -1.776221 0.73
v -0.878015 -1.777937 0.73
v -0.753634 -1.776221 0.73
v 3.0 -1.777937 0.73
v 3.0 -1.571129 0.73
v -0.831096 -1.572845 0.73
v -0.878015 -1.571129 0.73
v -0.888074 -1.720594 0.73
v -0.907622 -1.776221 0.73
v -0.942272 -1.777937 0.73
v -0.936631 -1.776221 0.73
v -0.942272 -1.571129 0.73
v -0.878015 -1.622324 0.73
v -0.859169 -1.572845 0.73
v -1.180116 -1.684618 0.73
v -1.235041 -1.684618 0.73
v -1.180116 -1.753035 0.73
v -1.235041 -1.753035 0.73
v -1.132703 -1.571129 0.73
v -1.180116 -1.571129 0.73
v -1.15654 -1.572845 0.73
v -1.180116 -1.572845 0.73
v -1.15654 -1.596239 0.73
v -1.151913 -1.753035 0.73
v -1.132703 -1.777937 0.73
v -1.151913 -1.776221 0.73
v -1.180116 -1.777937 0.73
v -1.16231 -1.684618 0.73
v -1.16231 -1.661328 0.73
v -1.180116 -1.661328 0.73
v -1.180116 -1.596239 0.73
v -1.235041 -1.596239 0.73
v -1.235041 -1.661328 0.73
v -1.261296 -1.572845 0.73
v -1.273071 -1.571129 0.73
v -1.261296 -1.776221 0.73
v -1.302002 -1.577731 0.73
v -1.323095 -1.571588 0.73
v -1.328698 -1.571129 0.73
v -1.180116 -1.776221 0.73
v -1.302002 -1.605181 0.73
v -1.305472 -1.769528 0.73
v -1.344893 -1.755895 0.73
v -1.321909 -1.751591 0.73
v -1.302002 -1.742637 0.73
v -1.302002 -1.767799 0.73
v -1.416663 -1.721086 0.73
v -1.406758 -1.734839 0.73
v -1.402845 -1.738715 0.73
v -1.38958 -1.74813 0.73
v -1.375111 -1.753755 0.73
v -1.35451 -1.756258 0.73
v -1.324896 -1.596109 0.73
v -1.407916 -1.61856 0.73
v -1.304267 -1.603959 0.73
v -1.417431 -1.633005 0.73
v -1.423919 -1.65108 0.73
v -1.349935 -1.59312 0.73
v -1.357775 -1.593432 0.73
v -1.405354 -1.615683 0.73
v -1.375475 -1.596832 0.73
v -1.391472 -1.604229 0.73
v -1.426721 -1.67682 0.73
v -1.426499 -1.684343 0.73
v -1.42324 -1.70469 0.73
v -1.350195 -1.569413 0.73
v -1.273071 0.062604 0.73
v -1.349627 -1.569414 0.73
v -1.445177 -1.631557 0.73
v -1.439657 -1.61864 0.73
v -1.424901 -1.599358 0.73
v -1.420122 -1.594782 0.73
v -1.401119 -1.58138 0.73
v -1.453919 -1.667792 0.73
v -1.449312 -1.641235 0.73
v -1.457368 -1.571129 0.73
v -1.445177 -1.724787 0.73
v -1.450953 -1.708734 0.73
v -1.457368 -1.777937 0.73
v -1.454275 -1.67838 0.73
v -1.411789 -1.765501 0.73
v -1.428177 -1.751891 0.73
v -1.445177 -1.777937 0.73
v -1.431384 -1.748297 0.73
v -1.4431 -1.730558 0.73
v -1.358305 -1.779652 0.73
v -1.370543 -1.779076 0.73
v -1.445177 -1.837567 0.73
v -1.376088 -1.777937 0.73
v -1.392591 -1.774545 0.73
v -0.953426 -1.708624 0.73
v -0.963424 -1.729669 0.73
v -1.020332 -1.571129 0.73
v -1.020332 -1.57777 0.73
v -0.999897 -1.58523 0.73
v -1.020332 -1.771013 0.73
v -1.020332 -1.777937 0.73
v -0.999476 -1.762773 0.73
v -0.978585 -1.747732 0.73
v -0.978585 -1.599774 0.73
v -0.971625 -1.60656 0.73
v -0.95898 -1.624227 0.73
v -0.951393 -1.643561 0.73
v -0.947912 -1.671933 0.73
v -0.948515 -1.684799 0.73
v -1.055475 -1.572845 0.73
v -1.024445 -1.576268 0.73
v -1.022578 -1.771901 0.73
v -1.057555 -1.776221 0.73
v -1.113494 -1.776221 0.73
v -1.113494 -1.572845 0.73
v -1.42582 -2.029647 0.73
v -1.421886 -1.98854 0.73
v -1.430905 -2.036946 0.73
v -1.434393 -2.045934 0.73
v -1.406201 -2.10027 0.73
v -1.415802 -2.096421 0.73
v -1.445177 -2.100574 0.73
v -1.397949 -1.953476 0.73
v -1.41685 -1.960866 0.73
v -1.421886 -1.963794 0.73
v -1.34484 -2.076399 0.73
v -1.345516 -2.076399 0.73
v -1.34484 -2.098858 0.73
v -1.351407 -2.084886 0.73
v -1.431896 -2.079829 0.73
v -1.434914 -2.071128 0.73
v -1.418022 -2.022876 0.73
v -1.407179 -2.017315 0.73
v -1.404172 -1.977429 0.73
v -1.387886 -2.012558 0.73
v -1.388211 -1.972295 0.73
v -1.359707 -2.092846 0.73
v -1.365739 -2.096683 0.73
v -1.37585 -2.100574 0.73
v -1.423602 -2.090852 0.73
v -1.427288 -2.086985 0.73
v -1.34484 -2.006527 0.73
v -1.345489 -1.996756 0.73
v -1.347993 -1.987066 0.73
v -1.371874 -1.950277 0.73
v -1.356773 -1.951614 0.73
v -1.345975 -1.954843 0.73
v -1.350883 -1.98161 0.73
v -1.354611 -1.977359 0.73
v -1.358986 -1.974316 0.73
v -1.364629 -1.972121 0.73
v -1.374265 -1.970968 0.73
v -1.436079 -2.059971 0.73
v -1.43601 -2.056938 0.73
v -1.280735 -1.975653 0.73
v -1.330657 -1.966104 0.73
v -1.283723 -1.983859 0.73
v -1.325423 -1.974284 0.73
v -1.321406 -1.985782 0.73
v -1.273071 -1.837567 0.73
v -1.27605 -1.968759 0.73
v -1.337479 -1.959646 0.73
v -1.273296 -2.02014 0.73
v -1.284846 -2.067457 0.73
v -1.273071 -2.020289 0.73
v -1.275691 -2.073192 0.73
v -1.273071 -2.074216 0.73
v -1.277464 -2.015781 0.73
v -1.280675 -2.010689 0.73
v -1.319366 -2.005384 0.73
v -1.283532 -2.002955 0.73
v -1.28469 -1.992803 0.73
v -1.375903 -2.100594 0.73
v -1.273071 -2.181136 0.73
v -1.445177 -2.181136 0.73
v -1.390018 -2.102289 0.73
v -1.39429 -2.102166 0.73
v -1.404292 -2.100574 0.73
v -1.284846 -2.093763 0.73
v -1.319366 -2.098858 0.73
v -1.273071 -2.09791 0.73
v -1.273071 -2.100574 0.73
v -1.26706 -2.100027 0.73
v -1.261835 -2.100574 0.73
v -1.245439 -2.102289 0.73
v -1.193711 -1.956723 0.73
v -1.193711 -1.981469 0.73
v -1.187885 -2.069295 0.73
v -1.19094 -2.077385 0.73
v -1.195613 -2.084127 0.73
v -1.273071 -1.966068 0.73
v -1.268366 -1.961818 0.73
v -1.262272 -1.958061 0.73
v -1.195271 -2.035329 0.73
v -1.190687 -2.042013 0.73
v -1.187894 -2.049459 0.73
v -1.186745 -2.059347 0.73
v -1.248661 -1.952762 0.73
v -1.228127 -1.950277 0.73
v -1.180116 -1.837567 0.73
v -1.210256 -1.951862 0.73
v -1.203121 -2.090748 0.73
v -1.210434 -2.095104 0.73
v -1.230623 -1.970968 0.73
v -1.238163 -1.971533 0.73
v -1.258436 -1.990515 0.73
v -1.244978 -1.973337 0.73
v -1.25069 -1.976375 0.73
v -1.258204 -1.993904 0.73
v -1.257193 -1.997861 0.73
v -1.255358 -2.001298 0.73
v -1.252873 -2.004032 0.73
v -1.243892 -2.009647 0.73
v -1.212773 -1.973146 0.73
v -1.228127 -2.016509 0.73
v -1.198367 -1.978741 0.73
v -1.218264 -2.0205 0.73
v -1.201345 -2.02991 0.73
v -1.254534 -1.979771 0.73
v -1.256717 -1.983013 0.73
v -1.257975 -1.986453 0.73
v -1.259758 -2.079419 0.73
v -1.246115 -2.035017 0.73
v -1.261299 -2.028057 0.73
v -1.242944 -2.081494 0.73
v -1.241819 -2.081487 0.73
v -1.229388 -2.042022 0.73
v -1.22876 -2.080024 0.73
v -1.212895 -2.061843 0.73
v -1.213144 -2.058674 0.73
v -1.222187 -2.077618 0.73
v -1.219864 -2.076209 0.73
v -1.216941 -2.073614 0.73
v -1.214717 -2.070325 0.73
v -1.213422 -2.066703 0.73
v -1.214302 -2.054696 0.73
v -1.216271 -2.051319 0.73
v -1.219445 -2.048014 0.73
v -1.060466 -1.953604 0.73
v -1.034056 -1.953604 0.73
v -1.020332 -1.837567 0.73
v -1.107047 -2.062778 0.73
v -1.103928 -2.074736 0.73
v -1.103252 -2.074736 0.73
v -1.132703 -1.837567 0.73
v -1.132703 -1.988973 0.73
v -1.100133 -2.062986 0.73
v -1.102082 -2.069758 0.73
v -1.132703 -2.100574 0.73
v -1.132703 -2.057351 0.73
v -1.173488 -1.953604 0.73
v -1.144999 -1.953604 0.73
v -1.116509 -2.098546 0.73
v -1.117367 -2.100574 0.73
v -1.127687 -2.124956 0.73
v -1.180116 -2.181136 0.73
v -1.168237 -2.165195 0.73
v -1.168237 -2.142528 0.73
v -1.16284 -2.144283 0.73
v -1.153785 -2.145439 0.73
v -1.152586 -2.145415 0.73
v -1.146543 -2.14446 0.73
v -1.14108 -2.142094 0.73
v -1.137718 -2.139679 0.73
v -1.132969 -2.134513 0.73
v -1.132703 -2.134033 0.73
v -1.132703 -2.162747 0.73
v -1.141649 -2.166122 0.73
v -1.132703 -2.181136 0.73
v -1.151809 -2.167274 0.73
v -1.160725 -2.166741 0.73
v -1.099977 -2.120797 0.73
v -1.111198 -2.142794 0.73
v -1.020332 -2.181136 0.73
v -1.092003 -2.100574 0.73
v -1.120506 -2.154138 0.73
v -1.122678 -2.15614 0.73
v -1.131583 -2.162324 0.73
v -0.942272 -2.007255 0.73
v -0.980353 -2.007255 0.73
v -0.942272 -2.075671 0.73
v -0.980353 -2.075671 0.73
v -0.901851 -1.895481 0.73
v -0.901851 -1.918876 0.73
v -0.878015 -1.837567 0.73
v -0.897224 -2.075671 0.73
v -0.878015 -2.100574 0.73
v -0.897224 -2.098858 0.73
v -0.942272 -2.100574 0.73
v -0.907622 -2.007255 0.73
v -0.907622 -1.983965 0.73
v -0.942272 -1.983965 0.73
v -0.942272 -1.918876 0.73
v -0.980353 -1.918876 0.73
v -0.980353 -1.983965 0.73
v -0.942272 -2.098858 0.73
v -1.006607 -2.098858 0.73
v -1.020332 -2.100574 0.73
v -1.006607 -1.895481 0.73
v -0.942272 -1.895481 0.73
v -0.942272 -1.837567 0.73
v -1.653124 2.5 0.73
v -1.457368 2.5 0.73
v -1.445177 2.5 0.73
v -1.273071 2.5 0.73
v -1.180116 0.062604 0.73
v -1.180116 2.5 0.73
v -1.132703 0.062604 0.73
v -1.132703 2.5 0.73
v -1.020332 0.062604 0.73
v -1.020332 2.5 0.73
v -0.942272 0.062604 0.73
v -0.942272 2.5 0.73
v -0.878015 0.062604 0.73
v -0.878015 2.5 0.73
v 3.0 0.062604 0.73
v 3.0 2.5 0.73
v -2.074581 2.136633 0.73
v -2.019847 2.094635 0.73
v -2.27512 2.163035 0.73
v -2.20672 2.17204 0.73
v -2.564972 2.5 0.73
v -1.977849 2.039901 0.73
v -1.951447 1.976162 0.73
v -1.942442 1.907762 0.73
v -1.951447 1.839362 0.73
v -1.977849 1.775623 0.73
v -2.019847 1.720889 0.73
v -2.27512 1.652489 0.73
v -2.338859 1.67889 0.73
v -2.393593 1.720889 0.73
v -2.435591 1.775623 0.73
v -2.13832 2.163035 0.73
v -2.074581 1.67889 0.73
v -2.13832 1.652489 0.73
v -2.20672 1.643484 0.73
v -2.435591 2.039901 0.73
v -2.393593 2.094635 0.73
v -2.338859 2.136633 0.73
v -2.461993 1.839362 0.73
v -2.470998 1.907762 0.73
v -2.461993 1.976162 0.73
v -3.0 2.5 0.73
v -3.0 0.062604 0.73
v -1.462593 -1.753035 0.73
v -1.462593 -1.776221 0.73
v -1.569844 -1.776221 0.73
v -1.569844 -1.572845 0.73
v -1.54359 -1.572845 0.73
v -1.54359 -1.753035 0.73
v -1.457368 -1.837567 0.73
v -0.652933 -2.098858 0.73
v -0.681942 -2.098858 0.73
v -0.527954 -2.098858 0.73
v -0.548697 -2.043231 0.73
v -0.633386 -2.043231 0.73
v -0.498945 -2.098858 0.73
v 3.0 -2.100574 0.73
v -0.576407 -1.895481 0.73
v 3.0 -1.837567 0.73
v -0.60448 -1.895481 0.73
v -0.698737 -2.031261 0.73
v -0.693826 -2.007436 0.73
v -0.693224 -1.99457 0.73
v -0.696704 -1.966198 0.73
v -0.708735 -2.052305 0.73
v -0.723897 -2.070369 0.73
v -0.744788 -2.08541 0.73
v -0.858805 -1.895481 0.73
v -0.858805 -2.098858 0.73
v -0.802866 -2.098858 0.73
v -0.767889 -2.094537 0.73
v -0.723897 -1.922411 0.73
v -0.716936 -1.929197 0.73
v -0.704292 -1.946864 0.73
v -0.800787 -1.895481 0.73
v -0.769756 -1.898905 0.73
v -0.745208 -1.907867 0.73
v -1.457368 -2.100574 0.73
v -1.569844 -2.098858 0.73
v -1.460461 -2.098858 0.73
v -1.460461 -2.075671 0.73
v -1.465088 -1.918876 0.73
v -1.569844 -1.895481 0.73
v -1.465088 -1.895481 0.73
v -1.54359 -2.007255 0.73
v -1.54359 -2.075671 0.73
v -1.470859 -2.007255 0.73
v -1.470859 -1.983965 0.73
v -1.54359 -1.983965 0.73
v -1.54359 -1.918876 0.73
v -0.942272 -2.181136 0.73
v -0.878015 -2.181136 0.73
v 3.0 -2.181136 0.73
v -1.457368 -2.181136 0.73
v -1.457368 -2.5 0.73
v -1.445177 -2.5 0.73
v -1.273071 -2.5 0.73
v -1.180116 -2.5 0.73
v -1.132703 -2.5 0.73
v -1.020332 -2.5 0.73
v -0.942272 -2.5 0.73
v -0.878015 -2.5 0.73
v 3.0 -2.5 0.73
v -3.0 -2.181136 0.73
v -3.0 -2.5 0.73
v 2.548236 2.098185 0.0
v 3.0 2.5 0.0
v 2.6 2.105 0.0
v 3.0 2.105 0.0
v 2.5 -2.078205 0.0
v 2.548236 -2.098185 0.0
v 3.0 -2.5 0.0
v 2.6 -2.105 0.0
v 3.0 -2.105 0.0
v -2.5 2.078205 0.0
v -2.548236 2.098185 0.0
v -3.0 2.5 0.0
v -2.6 2.105 0.0
v -3.0 2.105 0.0
v -2.458579 2.046421 0.0
v -1.7 1.85 0.0
v -1.4 2.15 0.0
v 1.7 2.15 0.0
v 2.5 2.078205 0.0
v 2.458579 2.046421 0.0
v 2.426795 2.005 0.0
v 2.406815 1.956764 0.0
v 2.4 1.905 0.0
v 2.406815 1.853236 0.0
v 1.7 -2.15 0.0
v 2.426795 1.805 0.0
v 2.458579 1.763579 0.0
v 2.4 -1.905 0.0
v 2.406815 -1.956764 0.0
v -2.548236 -2.098185 0.0
v -3.0 -2.5 0.0
v -2.6 -2.105 0.0
v -3.0 -2.105 0.0
v -2.5 -2.078205 0.0
v -2.458579 -2.046421 0.0
v -1.7 -2.15 0.0
v -2.426795 -2.005 0.0
v -2.406815 -1.956764 0.0
v 2.458579 -0.776421 0.0
v 2.5 -0.808205 0.0
v 2.458579 -1.763579 0.0
v 2.548236 -0.828185 0.0
v 2.5 -1.731795 0.0
v 2.406815 -1.853236 0.0
v -2.458579 1.763579 0.0
v -2.426795 1.805 0.0
v -2.406815 1.853236 0.0
v -2.4 1.905 0.0
v 2.458579 0.776421 0.0
v 2.5 0.808205 0.0
v 2.548236 0.828185 0.0
v 2.458579 0.493579 0.0
v 2.426795 0.535 0.0
v 2.406815 0.583236 0.0
v 2.5 0.461795 0.0
v 2.548236 -0.441815 0.0
v 2.5 -0.461795 0.0
v 2.458579 -0.493579 0.0
v 2.426795 -2.005 0.0
v 2.458579 -2.046421 0.0
v -2.4 -1.905 0.0
v -2.406815 -1.853236 0.0
v -2.426795 -1.805 0.0
v -2.458579 -1.763579 0.0
v -2.458579 -0.776421 0.0
v -2.5 -0.808205 0.0
v -2.548236 -0.828185 0.0
v -2.458579 0.493579 0.0
v -2.458579 -0.493579 0.0
v -2.5 0.461795 0.0
v -2.548236 0.441815 0.0
v -2.548236 0.828185 0.0
v -2.5 1.731795 0.0
v -2.5 0.808205 0.0
v -2.458579 0.776421 0.0
v -2.406815 1.956764 0.0
v -2.426795 2.005 0.0
v 2.6 0.435 0.0
v 3.0 0.435 0.0
v 3.0 -0.435 0.0
v 2.426795 -0.735 0.0
v 2.406815 -0.686764 0.0
v 2.426795 -1.805 0.0
v -2.426795 -0.535 0.0
v -2.406815 -0.583236 0.0
v 2.426795 0.735 0.0
v 2.406815 0.686764 0.0
v 2.4 0.635 0.0
v 2.548236 0.441815 0.0
v 2.6 -0.435 0.0
v 3.0 -0.835 0.0
v 3.0 -1.705 0.0
v 2.6 -0.835 0.0
v 2.6 -1.705 0.0
v 2.548236 -1.711815 0.0
v -2.426795 -0.735 0.0
v -2.406815 -0.686764 0.0
v -2.4 -0.635 0.0
v -3.0 -0.435 0.0
v -3.0 0.435 0.0
v -2.6 -0.435 0.0
v -2.6 0.435 0.0
v -2.548236 -0.441815 0.0
v -2.5 -0.461795 0.0
v -2.426795 0.535 0.0
v -2.406815 0.583236 0.0
v -2.4 0.635 0.0
v -2.406815 0.686764 0.0
v -2.426795 0.735 0.0
v 3.0 1.705 0.0
v 3.0 0.835 0.0
v 2.6 1.705 0.0
v 2.6 0.835 0.0
v 2.548236 1.711815 0.0
v 2.5 1.731795 0.0
v 2.426795 -0.535 0.0
v 2.406815 -0.583236 0.0
v 2.4 -0.635 0.0
v -3.0 -1.705 0.0
v -3.0 -0.835 0.0
v -2.6 -1.705 0.0
v -2.6 -0.835 0.0
v -2.548236 -1.711815 0.0
v -2.5 -1.731795 0.0
v -3.0 0.835 0.0
v -3.0 1.705 0.0
v -2.6 0.835 0.0
v -2.6 1.705 0.0
v -2.548236 1.711815 0.0
v -3.0 2.105 0.18
v -3.0 1.705 0.18
v -3.0 0.435 0.18
v -3.0 -0.435 0.18
v -3.0 -0.835 0.18
v -3.0 0.835 0.18
v -3.0 -2.105 0.18
v -3.0 -1.705 0.18
v 3.0 0.835 0.18
v 3.0 2.105 0.18
v 3.0 1.705 0.18
v 3.0 -1.705 0.18
v 3.0 -0.835 0.18
v 3.0 -2.105 0.18
v 3.0 -0.435 0.18
v 3.0 0.435 0.18
v 3.01 -0.835 0.18
v 3.01 -0.435 0.18
newmtl 2
Ka 0.7529411764705882 0.7529411764705882 0.7529411764705882
Kd 0.7529411764705882 0.7529411764705882 0.7529411764705882
Ks 0.3764705882352941 0.3764705882352941 0.3764705882352941
d 0.0
endmtl
v 3.01 -0.435 -0.02
v 2.6 -0.435 -0.02
v 2.548236 -0.441815 -0.02
v 2.5 -0.461795 -0.02
v 2.458579 -0.493579 -0.02
v 2.426795 -0.535 -0.02
v 2.406815 -0.583236 -0.02
v 2.4 -0.635 -0.02
v 2.406815 -0.686764 -0.02
v 2.426795 -0.735 -0.02
v 2.458579 -0.776421 -0.02
v 2.5 -0.808205 -0.02
v 2.548236 -0.828185 -0.02
v 2.6 -0.835 -0.02
v 3.01 -0.835 -0.02
v 3.01 -2.105 0.18
v 3.01 -1.705 0.18
v 3.01 -1.705 -0.02
v 2.6 -1.705 -0.02
v 2.548236 -1.711815 -0.02
v 2.5 -1.731795 -0.02
v 2.458579 -1.763579 -0.02
v 2.426795 -1.805 -0.02
v 2.406815 -1.853236 -0.02
v 2.4 -1.905 -0.02
v 2.406815 -1.956764 -0.02
v 2.426795 -2.005 -0.02
v 2.458579 -2.046421 -0.02
v 2.5 -2.078205 -0.02
v 2.548236 -2.098185 -0.02
v 2.6 -2.105 -0.02
v 3.01 -2.105 -0.02
v 3.01 0.435 0.18
v 3.01 0.835 0.18
v 3.01 0.835 -0.02
v 2.6 0.835 -0.02
v 2.548236 0.828185 -0.02
v 2.5 0.808205 -0.02
v 2.458579 0.776421 -0.02
v 2.426795 0.735 -0.02
v 2.406815 0.686764 -0.02
v 2.4 0.635 -0.02
v 2.406815 0.583236 -0.02
v 2.426795 0.535 -0.02
v 2.458579 0.493579 -0.02
v 2.5 0.461795 -0.02
v 2.548236 0.441815 -0.02
v 2.6 0.435 -0.02
v 3.01 0.435 -0.02
v 3.01 1.705 0.18
v 3.01 2.105 0.18
v 3.01 2.105 -0.02
v 2.6 2.105 -0.02
v 2.548236 2.098185 -0.02
v 2.5 2.078205 -0.02
v 2.458579 2.046421 -0.02
v 2.426795 2.005 -0.02
v 2.406815 1.956764 -0.02
v 2.4 1.905 -0.02
v 2.406815 1.853236 -0.02
v 2.426795 1.805 -0.02
v 2.458579 1.763579 -0.02
v 2.5 1.731795 -0.02
v 2.548236 1.711815 -0.02
v 2.6 1.705 -0.02
v 3.01 1.705 -0.02
v -3.01 -0.435 0.18
v -3.01 -0.835 0.18
v -3.01 -0.835 -0.02
v -2.6 -0.835 -0.02
v -2.548236 -0.828185 -0.02
v -2.5 -0.808205 -0.02
v -2.458579 -0.776421 -0.02
v -2.426795 -0.735 -0.02
v -2.406815 -0.686764 -0.02
v -2.4 -0.635 -0.02
v -2.406815 -0.583236 -0.02
v -2.426795 -0.535 -0.02
v -2.458579 -0.493579 -0.02
v -2.5 -0.461795 -0.02
v -2.548236 -0.441815 -0.02
v -2.6 -0.435 -0.02
v -3.01 -0.435 -0.02
v -3.01 -1.705 0.18
v -3.01 -2.105 0.18
v -3.01 -2.105 -0.02
v -2.6 -2.105 -0.02
v -2.548236 -2.098185 -0.02
v -2.5 -2.078205 -0.02
v -2.458579 -2.046421 -0.02
v -2.426795 -2.005 -0.02
v -2.406815 -1.956764 -0.02
v -2.4 -1.905 -0.02
v -2.406815 -1.853236 -0.02
v -2.426795 -1.805 -0.02
v -2.458579 -1.763579 -0.02
v -2.5 -1.731795 -0.02
v -2.548236 -1.711815 -0.02
v -2.6 -1.705 -0.02
v -3.01 -1.705 -0.02
v -3.01 0.835 0.18
v -3.01 0.435 0.18
v -3.01 0.435 -0.02
v -2.6 0.435 -0.02
v -2.548236 0.441815 -0.02
v -2.5 0.461795 -0.02
v -2.458579 0.493579 -0.02
v -2.426795 0.535 -0.02
v -2.406815 0.583236 -0.02
v -2.4 0.635 -0.02
v -2.406815 0.686764 -0.02
v -2.426795 0.735 -0.02
v -2.458579 0.776421 -0.02
v -2.5 0.808205 -0.02
v -2.548236 0.828185 -0.02
v -2.6 0.835 -0.02
v -3.01 0.835 -0.02
v -3.01 2.105 0.18
v -3.01 1.705 0.18
v -3.01 1.705 -0.02
v -2.6 1.705 -0.02
v -2.548236 1.711815 -0.02
v -2.5 1.731795 -0.02
v -2.458579 1.763579 -0.02
v -2.426795 1.805 -0.02
v -2.406815 1.853236 -0.02
v -2.4 1.905 -0.02
v -2.406815 1.956764 -0.02
v -2.426795 2.005 -0.02
v -2.458579 2.046421 -0.02
v -2.5 2.078205 -0.02
v -2.548236 2.098185 -0.02
v -2.6 2.105 -0.02
v -3.01 2.105 -0.02
v -1.7 1.85 -0.02
v -1.7 -2.15 -0.02
v -1.4 2.15 -0.02
v 1.7 2.15 -0.02
v 1.7 -2.15 -0.02
v -1.942442 1.907762 0.72
v -1.951447 1.976162 0.72
newmtl 3
Ka 0.5019607843137255 0.5019607843137255 0.5019607843137255
Kd 0.5019607843137255 0.5019607843137255 0.5019607843137255
Ks 0.25098039215686274 0.25098039215686274 0.25098039215686274
d 0.0
endmtl
v -1.977849 2.039901 0.72
v -2.019847 2.094635 0.72
v -2.074581 2.136633 0.72
v -2.13832 2.163035 0.72
v -2.20672 2.17204 0.72
v -2.27512 2.163035 0.72
v -2.338859 2.136633 0.72
v -2.393593 2.094635 0.72
v -2.435591 2.039901 0.72
v -2.461993 1.976162 0.72
v -2.470998 1.907762 0.72
v -2.461993 1.839362 0.72
v -2.435591 1.775623 0.72
v -2.393593 1.720889 0.72
v -2.338859 1.67889 0.72
v -2.27512 1.652489 0.72
v -2.20672 1.643484 0.72
v -2.13832 1.652489 0.72
v -2.074581 1.67889 0.72
v -2.019847 1.720889 0.72
v -1.977849 1.775623 0.72
v -1.951447 1.839362 0.72
v -2.20672 1.907762 0.72
v -1.462593 -1.753035 0.74
v -1.462593 -1.776221 0.74
newmtl 4
Ka 1.0 1.0 1.0
Kd 1.0 1.0 1.0
Ks 0.5019607843137255 0.5019607843137255 0.5019607843137255
d 0.0
endmtl
v -1.54359 -1.753035 0.74
v -1.54359 -1.572845 0.74
v -1.569844 -1.572845 0.74
v -1.569844 -1.776221 0.74
v -1.358305 -1.779652 0.74
v -1.327307 -1.776689 0.74
v -1.305472 -1.769528 0.74
v -1.302002 -1.767799 0.74
v -1.302002 -1.742637 0.74
v -1.321909 -1.751591 0.74
v -1.344893 -1.755895 0.74
v -1.35451 -1.756258 0.74
v -1.375111 -1.753755 0.74
v -1.38958 -1.74813 0.74
v -1.402845 -1.738715 0.74
v -1.406758 -1.734839 0.74
v -1.416663 -1.721086 0.74
v -1.42324 -1.70469 0.74
v -1.426499 -1.684343 0.74
v -1.426721 -1.67682 0.74
v -1.423919 -1.65108 0.74
v -1.417431 -1.633005 0.74
v -1.407916 -1.61856 0.74
v -1.405354 -1.615683 0.74
v -1.391472 -1.604229 0.74
v -1.375475 -1.596832 0.74
v -1.357775 -1.593432 0.74
v -1.349935 -1.59312 0.74
v -1.324896 -1.596109 0.74
v -1.304267 -1.603959 0.74
v -1.302002 -1.605181 0.74
v -1.302002 -1.577731 0.74
v -1.350195 -1.569413 0.74
v -1.349627 -1.569414 0.74
v -1.323095 -1.571588 0.74
v -1.379915 -1.573069 0.74
v -1.401119 -1.58138 0.74
v -1.420122 -1.594782 0.74
v -1.424901 -1.599358 0.74
v -1.449312 -1.641235 0.74
v -1.439657 -1.61864 0.74
v -1.453919 -1.667792 0.74
v -1.454275 -1.67838 0.74
v -1.4431 -1.730558 0.74
v -1.450953 -1.708734 0.74
v -1.431384 -1.748297 0.74
v -1.428177 -1.751891 0.74
v -1.370543 -1.779076 0.74
v -1.411789 -1.765501 0.74
v -1.392591 -1.774545 0.74
v -1.151913 -1.753035 0.74
v -1.151913 -1.776221 0.74
v -1.235041 -1.753035 0.74
v -1.235041 -1.684618 0.74
v -1.16231 -1.684618 0.74
v -1.16231 -1.661328 0.74
v -1.235041 -1.661328 0.74
v -1.235041 -1.596239 0.74
v -1.15654 -1.596239 0.74
v -1.15654 -1.572845 0.74
v -1.261296 -1.572845 0.74
v -1.261296 -1.776221 0.74
v -0.98713 -1.719268 0.74
v -0.997249 -1.731824 0.74
v -0.978585 -1.747732 0.74
v -1.001003 -1.735229 0.74
v -0.999476 -1.762773 0.74
v -1.014475 -1.744049 0.74
v -1.022578 -1.771901 0.74
v -1.03187 -1.750252 0.74
v -1.057555 -1.776221 0.74
v -1.057711 -1.753035 0.74
v -1.113494 -1.776221 0.74
v -1.08724 -1.753035 0.74
v -1.113494 -1.572845 0.74
v -1.08724 -1.596239 0.74
v -1.055475 -1.572845 0.74
v -1.056515 -1.596239 0.74
v -1.024445 -1.576268 0.74
v -1.030315 -1.599133 0.74
v -0.999897 -1.58523 0.74
v -1.012676 -1.605498 0.74
v -0.978585 -1.599774 0.74
v -0.997821 -1.615371 0.74
v -0.971625 -1.60656 0.74
v -0.991135 -1.622138 0.74
v -0.95898 -1.624227 0.74
v -0.983502 -1.633845 0.74
v -0.951393 -1.643561 0.74
v -0.978026 -1.649246 0.74
v -0.947912 -1.671933 0.74
v -0.975518 -1.672661 0.74
v -0.948515 -1.684799 0.74
v -0.976189 -1.685526 0.74
v -0.953426 -1.708624 0.74
v -0.980132 -1.704162 0.74
v -0.963424 -1.729669 0.74
v -1.056515 -1.596239 0.73
v -1.08724 -1.596239 0.73
v -1.08724 -1.753035 0.73
v -1.057711 -1.753035 0.73
v -0.997249 -1.731824 0.73
v -1.001003 -1.735229 0.73
v -1.014475 -1.744049 0.73
v -1.03187 -1.750252 0.73
v -0.975518 -1.672661 0.73
v -0.976189 -1.685526 0.73
v -0.980132 -1.704162 0.73
v -0.98713 -1.719268 0.73
v -0.997821 -1.615371 0.73
v -0.991135 -1.622138 0.73
v -0.983502 -1.633845 0.73
v -0.978026 -1.649246 0.73
v -1.030315 -1.599133 0.73
v -1.012676 -1.605498 0.73
v -0.879756 -1.697616 0.74
v -0.888074 -1.720594 0.74
v -0.811496 -1.697616 0.74
v -0.803386 -1.720594 0.74
v -0.849343 -1.613083 0.74
v -0.859169 -1.572845 0.74
v -0.936631 -1.776221 0.74
v -0.907622 -1.776221 0.74
v -0.847582 -1.607014 0.74
v -0.846016 -1.598838 0.74
v -0.831096 -1.572845 0.74
v -0.845392 -1.598838 0.74
v -0.843748 -1.607442 0.74
v -0.842221 -1.613083 0.74
v -0.753634 -1.776221 0.74
v -0.782643 -1.776221 0.74
v -0.879756 -1.697616 0.73
v -0.811496 -1.697616 0.73
v -0.842221 -1.613083 0.73
v -0.845392 -1.598838 0.73
v -0.843748 -1.607442 0.73
v -0.846016 -1.598838 0.73
v -0.849343 -1.613083 0.73
v -0.847582 -1.607014 0.73
v -1.460461 -2.075671 0.74
v -1.460461 -2.098858 0.74
v -1.54359 -2.075671 0.74
v -1.54359 -2.007255 0.74
v -1.470859 -2.007255 0.74
v -1.470859 -1.983965 0.74
v -1.54359 -1.983965 0.74
v -1.54359 -1.918876 0.74
v -1.465088 -1.918876 0.74
v -1.465088 -1.895481 0.74
v -1.569844 -1.895481 0.74
v -1.569844 -2.098858 0.74
v -1.37884 -2.030546 0.74
v -1.34484 -2.025971 0.74
v -1.319366 -2.005384 0.74
v -1.34484 -2.098858 0.74
v -1.319366 -2.098858 0.74
v -1.34484 -2.076399 0.74
v -1.34484 -2.006527 0.74
v -1.400046 -2.036866 0.74
v -1.39393 -2.034003 0.74
v -1.345516 -2.076399 0.74
v -1.358705 -2.072442 0.74
v -1.351407 -2.084886 0.74
v -1.36585 -2.077363 0.74
v -1.34484 -2.039904 0.74
v -1.346429 -2.052681 0.74
v -1.350104 -2.061805 0.74
v -1.355757 -2.069537 0.74
v -1.345489 -1.996756 0.74
v -1.321406 -1.985782 0.74
v -1.347993 -1.987066 0.74
v -1.325423 -1.974284 0.74
v -1.350883 -1.98161 0.74
v -1.330657 -1.966104 0.74
v -1.354611 -1.977359 0.74
v -1.337479 -1.959646 0.74
v -1.358986 -1.974316 0.74
v -1.345975 -1.954843 0.74
v -1.364629 -1.972121 0.74
v -1.356773 -1.951614 0.74
v -1.374265 -1.970968 0.74
v -1.371874 -1.950277 0.74
v -1.388211 -1.972295 0.74
v -1.397949 -1.953476 0.74
v -1.404172 -1.977429 0.74
v -1.41685 -1.960866 0.74
v -1.421886 -1.98854 0.74
v -1.421886 -1.963794 0.74
v -1.40792 -2.068368 0.74
v -1.427288 -2.086985 0.74
v -1.405025 -2.072662 0.74
v -1.423602 -2.090852 0.74
v -1.402858 -2.07484 0.74
v -1.415802 -2.096421 0.74
v -1.397782 -2.078307 0.74
v -1.406201 -2.10027 0.74
v -1.392019 -2.080421 0.74
v -1.39429 -2.102166 0.74
v -1.383415 -2.08139 0.74
v -1.390018 -2.102289 0.74
v -1.375903 -2.100594 0.74
v -1.373528 -2.080239 0.74
v -1.365739 -2.096683 0.74
v -1.359707 -2.092846 0.74
v -1.410025 -2.053849 0.74
v -1.43601 -2.056938 0.74
v -1.410241 -2.057892 0.74
v -1.436079 -2.059971 0.74
v -1.409594 -2.06374 0.74
v -1.434914 -2.071128 0.74
v -1.431896 -2.079829 0.74
v -1.387886 -2.012558 0.74
v -1.407179 -2.017315 0.74
v -1.403482 -2.039488 0.74
v -1.418022 -2.022876 0.74
v -1.406532 -2.043263 0.74
v -1.42582 -2.029647 0.74
v -1.408767 -2.048014 0.74
v -1.430905 -2.036946 0.74
v -1.434393 -2.045934 0.74
v -1.403482 -2.039488 0.73
v -1.400046 -2.036866 0.73
v -1.39393 -2.034003 0.73
v -1.37884 -2.030546 0.73
v -1.410241 -2.057892 0.73
v -1.410025 -2.053849 0.73
v -1.408767 -2.048014 0.73
v -1.406532 -2.043263 0.73
v -1.402858 -2.07484 0.73
v -1.405025 -2.072662 0.73
v -1.40792 -2.068368 0.73
v -1.409594 -2.06374 0.73
v -1.383415 -2.08139 0.73
v -1.392019 -2.080421 0.73
v -1.397782 -2.078307 0.73
v -1.355757 -2.069537 0.73
v -1.358705 -2.072442 0.73
v -1.36585 -2.077363 0.73
v -1.373528 -2.080239 0.73
v -1.34484 -2.039904 0.73
v -1.346429 -2.052681 0.73
v -1.350104 -2.061805 0.73
v -1.34484 -2.025971 0.73
v -1.284846 -2.067457 0.74
v -1.275691 -2.073192 0.74
v -1.242944 -2.081494 0.74
v -1.259758 -2.079419 0.74
v -1.284846 -2.093763 0.74
v -1.26706 -2.100027 0.74
v -1.245439 -2.102289 0.74
v -1.22428 -2.100018 0.74
v -1.210434 -2.095104 0.74
v -1.203121 -2.090748 0.74
v -1.195613 -2.084127 0.74
v -1.19094 -2.077385 0.74
v -1.187885 -2.069295 0.74
v -1.186745 -2.059347 0.74
v -1.187894 -2.049459 0.74
v -1.190687 -2.042013 0.74
v -1.195271 -2.035329 0.74
v -1.201345 -2.02991 0.74
v -1.218264 -2.0205 0.74
v -1.228127 -2.016509 0.74
v -1.243892 -2.009647 0.74
v -1.252873 -2.004032 0.74
v -1.255358 -2.001298 0.74
v -1.257193 -1.997861 0.74
v -1.258204 -1.993904 0.74
v -1.258436 -1.990515 0.74
v -1.257975 -1.986453 0.74
v -1.256717 -1.983013 0.74
v -1.254534 -1.979771 0.74
v -1.25069 -1.976375 0.74
v -1.244978 -1.973337 0.74
v -1.238163 -1.971533 0.74
v -1.230623 -1.970968 0.74
v -1.212773 -1.973146 0.74
v -1.198367 -1.978741 0.74
v -1.193711 -1.981469 0.74
v -1.193711 -1.956723 0.74
v -1.210256 -1.951862 0.74
v -1.228127 -1.950277 0.74
v -1.248661 -1.952762 0.74
v -1.262272 -1.958061 0.74
v -1.268366 -1.961818 0.74
v -1.27605 -1.968759 0.74
v -1.280735 -1.975653 0.74
v -1.283723 -1.983859 0.74
v -1.28469 -1.992803 0.74
v -1.283532 -2.002955 0.74
v -1.280675 -2.010689 0.74
v -1.277464 -2.015781 0.74
v -1.246115 -2.035017 0.74
v -1.261299 -2.028057 0.74
v -1.273296 -2.02014 0.74
v -1.229388 -2.042022 0.74
v -1.219445 -2.048014 0.74
v -1.216271 -2.051319 0.74
v -1.214302 -2.054696 0.74
v -1.213144 -2.058674 0.74
v -1.212895 -2.061843 0.74
v -1.213422 -2.066703 0.74
v -1.214717 -2.070325 0.74
v -1.216941 -2.073614 0.74
v -1.219864 -2.076209 0.74
v -1.222187 -2.077618 0.74
v -1.22876 -2.080024 0.74
v -1.241819 -2.081487 0.74
v -1.060466 -1.953604 0.74
v -1.034056 -1.953604 0.74
v -1.100133 -2.062986 0.74
v -1.102082 -2.069758 0.74
v -1.103252 -2.074736 0.74
v -1.103928 -2.074736 0.74
v -1.107047 -2.062778 0.74
v -1.144999 -1.953604 0.74
v -1.173488 -1.953604 0.74
v -1.116509 -2.098546 0.74
v -1.127687 -2.124956 0.74
v -1.132969 -2.134513 0.74
v -1.137718 -2.139679 0.74
v -1.14108 -2.142094 0.74
v -1.146543 -2.14446 0.74
v -1.152586 -2.145415 0.74
v -1.153785 -2.145439 0.74
v -1.16284 -2.144283 0.74
v -1.168237 -2.142528 0.74
v -1.168237 -2.165195 0.74
v -1.160725 -2.166741 0.74
v -1.151809 -2.167274 0.74
v -1.141649 -2.166122 0.74
v -1.131583 -2.162324 0.74
v -1.122678 -2.15614 0.74
v -1.120506 -2.154138 0.74
v -1.111198 -2.142794 0.74
v -1.099977 -2.120797 0.74
v -0.897224 -2.075671 0.74
v -0.897224 -2.098858 0.74
v -0.980353 -2.075671 0.74
v -0.980353 -2.007255 0.74
v -0.907622 -2.007255 0.74
v -0.907622 -1.983965 0.74
v -0.980353 -1.983965 0.74
v -0.980353 -1.918876 0.74
v -0.901851 -1.918876 0.74
v -0.901851 -1.895481 0.74
v -1.006607 -1.895481 0.74
v -1.006607 -2.098858 0.74
v -0.732441 -2.041904 0.74
v -0.74256 -2.05446 0.74
v -0.723897 -2.070369 0.74
v -0.746314 -2.057866 0.74
v -0.744788 -2.08541 0.74
v -0.759786 -2.066685 0.74
v -0.767889 -2.094537 0.74
v -0.777182 -2.072889 0.74
v -0.802866 -2.098858 0.74
v -0.803022 -2.075671 0.74
v -0.858805 -2.098858 0.74
v -0.832551 -2.075671 0.74
v -0.858805 -1.895481 0.74
v -0.832551 -1.918876 0.74
v -0.800787 -1.895481 0.74
v -0.801826 -1.918876 0.74
v -0.769756 -1.898905 0.74
v -0.775626 -1.92177 0.74
v -0.745208 -1.907867 0.74
v -0.757987 -1.928135 0.74
v -0.723897 -1.922411 0.74
v -0.743132 -1.938008 0.74
v -0.716936 -1.929197 0.74
v -0.736447 -1.944775 0.74
v -0.704292 -1.946864 0.74
v -0.728813 -1.956482 0.74
v -0.696704 -1.966198 0.74
v -0.723338 -1.971883 0.74
v -0.693224 -1.99457 0.74
v -0.720829 -1.995298 0.74
v -0.693826 -2.007436 0.74
v -0.7215 -2.008163 0.74
v -0.698737 -2.031261 0.74
v -0.725443 -2.026799 0.74
v -0.708735 -2.052305 0.74
v -0.801826 -1.918876 0.73
v -0.832551 -1.918876 0.73
v -0.832551 -2.075671 0.73
v -0.803022 -2.075671 0.73
v -0.74256 -2.05446 0.73
v -0.746314 -2.057866 0.73
v -0.759786 -2.066685 0.73
v -0.777182 -2.072889 0.73
v -0.720829 -1.995298 0.73
v -0.7215 -2.008163 0.73
v -0.725443 -2.026799 0.73
v -0.732441 -2.041904 0.73
v -0.743132 -1.938008 0.73
v -0.736447 -1.944775 0.73
v -0.728813 -1.956482 0.73
v -0.723338 -1.971883 0.73
v -0.775626 -1.92177 0.73
v -0.757987 -1.928135 0.73
v -0.625068 -2.020252 0.74
v -0.633386 -2.043231 0.74
v -0.556808 -2.020252 0.74
v -0.548697 -2.043231 0.74
v -0.594655 -1.93572 0.74
v -0.60448 -1.895481 0.74
v -0.681942 -2.098858 0.74
v -0.652933 -2.098858 0.74
v -0.592894 -1.929651 0.74
v -0.591327 -1.921475 0.74
v -0.576407 -1.895481 0.74
v -0.590704 -1.921475 0.74
v -0.589059 -1.930079 0.74
v -0.587532 -1.93572 0.74
v -0.498945 -2.098858 0.74
v -0.527954 -2.098858 0.74
v -0.625068 -2.020252 0.73
v -0.556808 -2.020252 0.73
v -0.587532 -1.93572 0.73
v -0.590704 -1.921475 0.73
v -0.589059 -1.930079 0.73
v -0.591327 -1.921475 0.73
v -0.594655 -1.93572 0.73
v -0.592894 -1.929651 0.73
v -2.468094 -2.1276 0.74
v -2.446612 -2.154153 0.74
v -2.481088 -1.99979 0.74
v -2.50596 -1.748328 0.74
v -2.473685 -1.731288 0.74
v -2.481888 -1.642497 0.74
v -2.200567 -2.0504 0.74
v -2.200567 -2.03594 0.74
v -2.323233 -2.000559 0.74
v -2.336866 -1.996306 0.74
v -2.424695 -1.635402 0.74
v -2.301537 -2.017969 0.74
v -2.294772 -2.029584 0.74
v -2.201316 -2.065119 0.74
v -1.998129 -1.928937 0.74
v -2.042954 -1.8523 0.74
v -2.236717 -1.953519 0.74
v -2.346612 -1.995452 0.74
v -2.360298 -1.997149 0.74
v -2.379573 -1.90858 0.74
v -2.372958 -2.002024 0.74
v -2.411521 -1.920769 0.74
v -2.384321 -2.00996 0.74
v -2.441104 -1.941285 0.74
v -2.391323 -2.017493 0.74
v -2.465033 -1.968595 0.74
v -2.398494 -2.029684 0.74
v -2.402384 -2.043413 0.74
v -2.29258 -1.914099 0.74
v -2.327475 -1.90541 0.74
v -2.345166 -1.904355 0.74
v -2.391437 -1.638294 0.74
v -2.346612 -1.743851 0.74
v -2.328063 -1.703797 0.74
v -2.512516 -1.980448 0.74
v -2.501053 -2.09112 0.74
v -2.482535 -2.096671 0.74
v -2.31125 -2.007964 0.74
v -2.384554 -2.093522 0.74
v -2.373103 -2.101591 0.74
v -2.418344 -2.175495 0.74
v -2.359787 -2.106669 0.74
v -2.361795 -1.603771 0.74
v -2.296989 -1.664083 0.74
v -2.327814 -1.57467 0.74
v -2.257451 -1.633424 0.74
v -2.292661 -1.552881 0.74
v -2.437968 -1.72291 0.74
v -2.423249 -1.722161 0.74
v -2.408066 -1.636305 0.74
v -2.389798 -1.726251 0.74
v -2.35736 -1.737996 0.74
v -2.261912 -1.930563 0.74
v -1.950411 -1.785784 0.74
v -1.938843 -1.785784 0.74
v -1.879558 -1.707701 0.74
v -1.911425 -1.789156 0.74
v -1.867399 -1.711969 0.74
v -1.886182 -1.798856 0.74
v -1.82485 -1.734518 0.74
v -1.863745 -1.8145 0.74
v -1.78663 -1.7686 0.74
v -1.846846 -1.833401 0.74
v -1.758201 -1.810481 0.74
v -1.833455 -1.858389 0.74
v -1.741746 -1.854949 0.74
v -1.826733 -1.886181 0.74
v -1.736405 -1.897125 0.74
v -1.826056 -1.898571 0.74
v -1.736657 -1.907268 0.74
v -1.829511 -1.926659 0.74
v -2.011409 -2.099022 0.74
v -2.006805 -2.099563 0.74
v -1.995237 -2.011358 0.74
v -2.225995 -1.527129 0.74
v -2.210666 -1.613163 0.74
v -2.154295 -1.518277 0.74
v -1.957641 -1.593468 0.74
v -2.000869 -1.673589 0.74
v -1.910228 -1.648184 0.74
v -1.971858 -1.715652 0.74
v -1.954074 -1.76421 0.74
v -2.563561 -1.831854 0.74
v -2.658559 -1.856171 0.74
v -2.567848 -1.86676 0.74
v -2.658945 -1.869651 0.74
v -2.566172 -1.888703 0.74
v -2.65184 -1.926723 0.74
v -2.555882 -1.92413 0.74
v -2.631015 -1.98053 0.74
v -2.538458 -1.953834 0.74
v -2.598213 -2.027264 0.74
v -2.553283 -2.065614 0.74
v -2.393667 -2.082932 0.74
v -2.399703 -2.070936 0.74
v -2.402726 -2.05752 0.74
v -1.930167 -2.011358 0.74
v -1.921492 -2.099563 0.74
v -1.904426 -2.006453 0.74
v -1.878833 -2.091184 0.74
v -1.878886 -1.994683 0.74
v -1.834231 -2.070941 0.74
v -1.85747 -1.977264 0.74
v -1.795903 -2.040732 0.74
v -1.855358 -1.974998 0.74
v -1.789907 -2.034494 0.74
v -1.839462 -1.952435 0.74
v -1.764099 -1.99963 0.74
v -1.744653 -1.954544 0.74
v -2.535437 -1.66335 0.74
v -2.581399 -1.695728 0.74
v -2.531175 -1.770785 0.74
v -2.590984 -1.704809 0.74
v -2.551196 -1.799597 0.74
v -2.625948 -1.749707 0.74
v -2.648942 -1.801814 0.74
v -2.290945 -2.042733 0.74
v -2.290432 -2.056745 0.74
v -2.209694 -2.100836 0.74
v -2.293493 -2.070723 0.74
v -2.226735 -2.133111 0.74
v -2.299899 -2.08337 0.74
v -2.249191 -2.158326 0.74
v -2.309091 -2.093919 0.74
v -2.278003 -2.178347 0.74
v -2.320153 -2.101665 0.74
v -2.310261 -2.190711 0.74
v -2.332734 -2.106528 0.74
v -2.345166 -2.194999 0.74
v -2.346612 -2.10824 0.74
v -2.350861 -2.19489 0.74
v -2.384996 -2.189539 0.74
v -2.162657 -1.605261 0.74
v -2.152849 -1.605036 0.74
v -2.094693 -1.524539 0.74
v -2.109779 -1.609667 0.74
v -2.022129 -1.55011 0.74
v -2.06399 -1.625629 0.74
v -2.022663 -1.652477 0.74
v -2.048484 -2.049986 0.74
v -2.048738 -2.054738 0.74
v -2.002506 -2.010014 0.74
v -2.047636 -2.064403 0.74
v -2.044096 -2.074265 0.74
v -2.038066 -2.083457 0.74
v -2.031054 -2.090224 0.74
v -1.998168 -2.010975 0.74
v -2.021115 -2.096125 0.74
v -2.003913 -2.009912 0.74
v -2.013763 -2.011019 0.74
v -2.023785 -2.014616 0.74
v -2.032836 -2.02061 0.74
v -2.040442 -2.028897 0.74
v -2.04582 -2.03892 0.74
v -2.346612 -1.995452 0.73
v -2.336866 -1.996306 0.73
v -2.323233 -2.000559 0.73
v -2.31125 -2.007964 0.73
v -2.301537 -2.017969 0.73
v -2.294772 -2.029584 0.73
v -2.290945 -2.042733 0.73
v -2.290432 -2.056745 0.73
v -2.293493 -2.070723 0.73
v -2.299899 -2.08337 0.73
v -2.309091 -2.093919 0.73
v -2.320153 -2.101665 0.73
v -2.332734 -2.106528 0.73
v -2.346612 -2.10824 0.73
v -2.359787 -2.106669 0.73
v -2.373103 -2.101591 0.73
v -2.384554 -2.093522 0.73
v -2.393667 -2.082932 0.73
v -2.399703 -2.070936 0.73
v -2.402726 -2.05752 0.73
v -2.402384 -2.043413 0.73
v -2.398494 -2.029684 0.73
v -2.391323 -2.017493 0.73
v -2.384321 -2.00996 0.73
v -2.372958 -2.002024 0.73
v -2.360298 -1.997149 0.73
usemtl 1
f 1// 2// 3//
f 4// 5// 6//
f 7// 8// 1//
f 9// 10// 11//
f 12// 13// 14//
f 15// 16// 17//
f 17// 16// 18//
f 19// 20// 17//
f 17// 20// 21//
f 17// 21// 22//
f 22// 23// 17//
f 17// 23// 24//
f 17// 24// 15//
f 25// 26// 27//
f 27// 26// 28//
f 27// 28// 29//
f 29// 28// 30//
f 13// 31// 14//
f 14// 31// 32//
f 14// 32// 33//
f 30// 28// 34//
f 34// 28// 14//
f 34// 14// 35//
f 35// 14// 33//
f 35// 33// 36//
f 36// 33// 37//
f 36// 37// 38//
f 39// 40// 41//
f 41// 40// 42//
f 41// 42// 43//
f 44// 45// 46//
f 45// 47// 46//
f 46// 47// 48//
f 46// 48// 49//
f 49// 48// 50//
f 50// 51// 49//
f 49// 51// 52//
f 49// 52// 39//
f 39// 52// 53//
f 39// 53// 40//
f 54// 55// 56//
f 54// 56// 57//
f 58// 59// 60//
f 60// 59// 61//
f 60// 61// 56//
f 56// 61// 62//
f 56// 62// 57//
f 63// 64// 65//
f 65// 64// 66//
f 65// 66// 67//
f 63// 68// 64//
f 64// 68// 69//
f 64// 69// 60//
f 60// 69// 70//
f 60// 70// 58//
f 71// 72// 73//
f 73// 72// 74//
f 74// 75// 73//
f 73// 75// 76//
f 73// 76// 67//
f 77// 78// 79//
f 79// 78// 80//
f 81// 82// 71//
f 71// 82// 83//
f 71// 83// 84//
f 85// 86// 78//
f 78// 86// 87//
f 78// 87// 88//
f 89// 90// 91//
f 91// 90// 92//
f 93// 94// 95//
f 95// 94// 96//
f 95// 96// 97//
f 98// 99// 100//
f 100// 101// 98//
f 98// 101// 102//
f 98// 102// 103//
f 104// 88// 105//
f 105// 88// 106//
f 105// 106// 98//
f 107// 108// 109//
f 109// 108// 110//
f 109// 110// 95//
f 95// 110// 111//
f 95// 111// 93//
f 97// 112// 95//
f 95// 112// 113//
f 95// 113// 71//
f 71// 113// 114//
f 71// 114// 81//
f 115// 116// 117//
f 117// 116// 118//
f 117// 118// 91//
f 91// 118// 119//
f 91// 119// 89//
f 104// 120// 88//
f 88// 120// 121//
f 88// 121// 78//
f 78// 121// 122//
f 78// 122// 80//
f 84// 123// 71//
f 71// 123// 124//
f 71// 124// 125//
f 125// 124// 115//
f 125// 115// 126//
f 126// 115// 117//
f 92// 127// 91//
f 91// 127// 128//
f 91// 128// 129//
f 130// 131// 91//
f 91// 131// 132//
f 91// 132// 78//
f 78// 132// 133//
f 78// 133// 85//
f 129// 134// 91//
f 91// 134// 135//
f 91// 135// 136//
f 136// 137// 91//
f 91// 137// 138//
f 91// 138// 130//
f 98// 106// 99//
f 99// 106// 139//
f 99// 139// 140//
f 141// 142// 143//
f 143// 142// 144//
f 143// 144// 145//
f 145// 88// 143//
f 143// 88// 87//
f 143// 87// 146//
f 146// 87// 147//
f 147// 148// 146//
f 146// 148// 149//
f 146// 149// 150//
f 151// 142// 152//
f 152// 142// 141//
f 152// 141// 153//
f 154// 155// 156//
f 156// 155// 157//
f 155// 158// 141//
f 141// 158// 159//
f 141// 159// 160//
f 151// 161// 142//
f 142// 161// 162//
f 142// 162// 163//
f 154// 164// 155//
f 155// 164// 165//
f 155// 165// 158//
f 160// 166// 141//
f 141// 166// 167//
f 141// 167// 153//
f 168// 169// 163//
f 163// 169// 170//
f 163// 170// 142//
f 16// 171// 18//
f 18// 171// 172//
f 18// 172// 109//
f 109// 172// 173//
f 109// 173// 107//
f 174// 175// 176//
f 176// 175// 177//
f 176// 177// 178//
f 179// 180// 181//
f 181// 180// 182//
f 175// 183// 177//
f 177// 183// 184//
f 177// 184// 185//
f 185// 184// 186//
f 185// 186// 187//
f 187// 186// 188//
f 187// 188// 182//
f 182// 188// 189//
f 182// 189// 181//
f 190// 191// 192//
f 192// 191// 193//
f 194// 195// 196//
f 196// 195// 197//
f 196// 198// 194//
f 194// 198// 199//
f 194// 199// 200//
f 200// 199// 201//
f 200// 201// 202//
f 190// 192// 203//
f 203// 192// 199//
f 203// 199// 204//
f 204// 199// 198//
f 204// 198// 205//
f 198// 206// 205//
f 205// 206// 207//
f 205// 207// 208//
f 197// 195// 209//
f 209// 195// 210//
f 209// 210// 211//
f 212// 210// 213//
f 213// 210// 214//
f 201// 215// 202//
f 202// 215// 211//
f 202// 211// 11//
f 11// 211// 210//
f 11// 210// 216//
f 216// 210// 212//
f 9// 11// 217//
f 218// 219// 216//
f 216// 219// 220//
f 216// 220// 11//
f 11// 220// 221//
f 11// 221// 217//
f 222// 223// 216//
f 216// 223// 224//
f 216// 224// 225//
f 225// 226// 216//
f 216// 226// 227//
f 216// 227// 218//
f 228// 229// 230//
f 230// 229// 231//
f 230// 231// 232//
f 228// 233// 229//
f 229// 233// 234//
f 229// 234// 235//
f 235// 234// 236//
f 235// 236// 237//
f 232// 238// 230//
f 230// 238// 239//
f 230// 239// 216//
f 216// 239// 240//
f 216// 240// 222//
f 1// 8// 2//
f 2// 8// 241//
f 2// 241// 242//
f 242// 241// 243//
f 242// 243// 214//
f 244// 245// 1//
f 1// 245// 246//
f 246// 247// 1//
f 1// 247// 248//
f 1// 248// 7//
f 249// 250// 251//
f 252// 253// 254//
f 254// 253// 255//
f 249// 251// 255//
f 256// 257// 258//
f 258// 257// 259//
f 258// 259// 260//
f 261// 262// 263//
f 263// 262// 264//
f 263// 264// 258//
f 258// 264// 265//
f 258// 265// 256//
f 266// 267// 185//
f 268// 269// 187//
f 187// 269// 270//
f 271// 272// 273//
f 273// 272// 185//
f 273// 185// 274//
f 274// 185// 267//
f 270// 275// 187//
f 187// 275// 276//
f 187// 276// 277//
f 277// 278// 187//
f 187// 278// 279//
f 187// 279// 185//
f 185// 279// 280//
f 185// 280// 266//
f 194// 281// 268//
f 268// 281// 282//
f 268// 282// 269//
f 271// 283// 272//
f 272// 283// 284//
f 272// 284// 200//
f 200// 284// 285//
f 200// 285// 194//
f 194// 285// 286//
f 194// 286// 281//
f 287// 288// 289//
f 289// 288// 290//
f 291// 292// 293//
f 294// 263// 295//
f 295// 263// 296//
f 297// 298// 299//
f 299// 298// 300//
f 293// 301// 302//
f 287// 303// 288//
f 288// 303// 304//
f 288// 304// 305//
f 305// 304// 306//
f 305// 306// 307//
f 300// 308// 299//
f 299// 308// 309//
f 299// 309// 310//
f 292// 311// 293//
f 293// 311// 312//
f 293// 312// 301//
f 313// 314// 306//
f 306// 314// 315//
f 294// 316// 263//
f 263// 316// 317//
f 263// 317// 318//
f 315// 319// 306//
f 306// 319// 320//
f 306// 320// 321//
f 321// 322// 306//
f 306// 322// 323//
f 306// 323// 307//
f 302// 324// 293//
f 293// 324// 325//
f 293// 325// 263//
f 263// 325// 290//
f 263// 290// 296//
f 296// 290// 288//
f 326// 327// 328//
f 328// 327// 329//
f 328// 329// 330//
f 10// 261// 331//
f 331// 261// 263//
f 331// 263// 332//
f 332// 263// 318//
f 332// 318// 326//
f 326// 318// 333//
f 326// 333// 327//
f 334// 335// 336//
f 336// 335// 337//
f 336// 337// 338//
f 339// 340// 341//
f 341// 340// 342//
f 341// 342// 330//
f 330// 342// 343//
f 330// 343// 328//
f 310// 344// 345//
f 345// 344// 346//
f 344// 347// 346//
f 346// 347// 348//
f 346// 348// 349//
f 334// 339// 335//
f 335// 339// 341//
f 335// 341// 350//
f 350// 341// 351//
f 350// 351// 352//
f 352// 351// 353//
f 352// 353// 354//
f 354// 353// 355//
f 356// 355// 345//
f 345// 355// 353//
f 345// 353// 310//
f 310// 353// 351//
f 310// 351// 299//
f 357// 358// 6//
f 359// 360// 6//
f 6// 360// 361//
f 332// 362// 331//
f 331// 362// 363//
f 331// 363// 364//
f 365// 366// 358//
f 358// 366// 367//
f 358// 367// 6//
f 6// 367// 368//
f 6// 368// 359//
f 364// 369// 331//
f 331// 369// 370//
f 331// 370// 371//
f 371// 370// 372//
f 371// 372// 357//
f 361// 373// 6//
f 6// 373// 374//
f 6// 374// 4//
f 375// 376// 377//
f 377// 376// 378//
f 377// 378// 379//
f 377// 380// 375//
f 375// 380// 381//
f 375// 381// 382//
f 382// 383// 375//
f 375// 383// 384//
f 375// 384// 385//
f 385// 384// 386//
f 385// 386// 387//
f 387// 386// 388//
f 387// 388// 358//
f 358// 388// 389//
f 358// 389// 365//
f 390// 391// 379//
f 379// 391// 392//
f 379// 392// 377//
f 393// 394// 338//
f 338// 394// 395//
f 338// 395// 336//
f 393// 396// 394//
f 394// 396// 397//
f 394// 397// 398//
f 398// 397// 399//
f 398// 400// 401//
f 399// 402// 398//
f 398// 402// 403//
f 398// 403// 404//
f 404// 405// 398//
f 398// 405// 406//
f 398// 406// 400//
f 401// 407// 398//
f 398// 407// 408//
f 398// 408// 409//
f 410// 411// 412//
f 413// 414// 415//
f 412// 416// 410//
f 410// 416// 417//
f 410// 417// 418//
f 418// 417// 413//
f 418// 413// 419//
f 419// 413// 415//
f 420// 421// 6//
f 6// 421// 422//
f 357// 6// 371//
f 371// 6// 422//
f 371// 422// 416//
f 416// 422// 423//
f 416// 423// 417//
f 424// 421// 425//
f 425// 421// 420//
f 425// 420// 426//
f 427// 428// 429//
f 430// 431// 6//
f 356// 345// 5//
f 5// 345// 427//
f 5// 427// 6//
f 6// 427// 429//
f 6// 429// 430//
f 431// 432// 6//
f 6// 432// 433//
f 6// 433// 434//
f 434// 435// 6//
f 6// 435// 436//
f 6// 436// 420//
f 420// 436// 437//
f 420// 437// 426//
f 438// 439// 440//
f 440// 439// 441//
f 440// 441// 427//
f 427// 441// 442//
f 427// 442// 428//
f 443// 444// 445//
f 443// 445// 446//
f 444// 447// 445//
f 445// 447// 448//
f 445// 448// 440//
f 440// 448// 449//
f 440// 449// 438//
f 450// 451// 452//
f 452// 451// 453//
f 454// 455// 456//
f 456// 455// 457//
f 456// 457// 458//
f 458// 457// 459//
f 458// 459// 460//
f 450// 452// 461//
f 461// 452// 457//
f 461// 457// 462//
f 462// 457// 455//
f 462// 455// 463//
f 455// 464// 463//
f 463// 464// 465//
f 463// 465// 466//
f 459// 467// 460//
f 460// 467// 468//
f 460// 468// 469//
f 469// 468// 470//
f 454// 456// 471//
f 471// 456// 472//
f 471// 472// 470//
f 470// 472// 412//
f 470// 412// 469//
f 469// 412// 411//
f 469// 411// 446//
f 473// 3// 474//
f 474// 3// 2//
f 474// 2// 475//
f 475// 2// 242//
f 475// 242// 476//
f 476// 242// 477//
f 476// 477// 478//
f 478// 477// 479//
f 478// 479// 480//
f 480// 479// 481//
f 480// 481// 482//
f 482// 481// 483//
f 482// 483// 484//
f 484// 483// 485//
f 484// 485// 486//
f 486// 485// 487//
f 486// 487// 488//
f 489// 490// 473//
f 491// 492// 493//
f 490// 494// 473//
f 473// 494// 495//
f 473// 495// 496//
f 497// 498// 26//
f 26// 498// 499//
f 500// 501// 28//
f 28// 501// 502//
f 28// 502// 503//
f 493// 492// 473//
f 473// 492// 504//
f 473// 504// 489//
f 499// 505// 26//
f 26// 505// 506//
f 26// 506// 28//
f 28// 506// 507//
f 28// 507// 500//
f 508// 509// 493//
f 493// 509// 510//
f 493// 510// 491//
f 503// 511// 28//
f 28// 511// 512//
f 28// 512// 493//
f 493// 512// 513//
f 493// 513// 508//
f 214// 210// 242//
f 242// 210// 195//
f 242// 195// 477//
f 477// 195// 194//
f 477// 194// 479//
f 479// 194// 268//
f 479// 268// 481//
f 481// 268// 187//
f 481// 187// 483//
f 483// 187// 182//
f 483// 182// 485//
f 485// 182// 180//
f 485// 180// 487//
f 496// 497// 473//
f 473// 497// 26//
f 473// 26// 3//
f 3// 26// 251//
f 3// 251// 1//
f 1// 251// 250//
f 1// 250// 244//
f 493// 514// 28//
f 28// 514// 515//
f 28// 515// 14//
f 14// 515// 41//
f 14// 41// 12//
f 12// 41// 43//
f 255// 251// 254//
f 254// 251// 516//
f 254// 516// 517//
f 18// 518// 17//
f 17// 518// 519//
f 17// 519// 520//
f 521// 516// 520//
f 520// 516// 251//
f 520// 251// 17//
f 17// 251// 26//
f 17// 26// 19//
f 19// 26// 25//
f 10// 331// 11//
f 11// 331// 371//
f 11// 371// 202//
f 202// 371// 416//
f 202// 416// 200//
f 200// 416// 412//
f 200// 412// 272//
f 272// 412// 472//
f 272// 472// 185//
f 185// 472// 456//
f 185// 456// 177//
f 517// 518// 254//
f 254// 518// 18//
f 254// 18// 522//
f 522// 18// 109//
f 523// 524// 458//
f 525// 526// 527//
f 527// 523// 525//
f 525// 523// 458//
f 525// 458// 528//
f 528// 458// 529//
f 528// 529// 530//
f 530// 529// 531//
f 181// 178// 179//
f 179// 178// 177//
f 179// 177// 531//
f 531// 177// 456//
f 531// 456// 530//
f 530// 456// 532//
f 533// 524// 534//
f 534// 524// 532//
f 534// 532// 535//
f 535// 532// 536//
f 533// 537// 524//
f 524// 537// 538//
f 524// 538// 539//
f 540// 456// 541//
f 541// 456// 458//
f 541// 458// 542//
f 542// 458// 524//
f 542// 524// 543//
f 543// 524// 539//
f 544// 545// 532//
f 532// 545// 546//
f 532// 546// 536//
f 540// 547// 456//
f 456// 547// 548//
f 456// 548// 532//
f 532// 548// 549//
f 532// 549// 544//
f 260// 252// 258//
f 258// 252// 254//
f 258// 254// 263//
f 263// 254// 522//
f 263// 522// 293//
f 293// 522// 550//
f 95// 550// 551//
f 551// 550// 552//
f 552// 550// 553//
f 553// 550// 522//
f 553// 522// 554//
f 95// 551// 109//
f 109// 551// 555//
f 109// 555// 522//
f 522// 555// 556//
f 522// 556// 554//
f 557// 558// 559//
f 559// 558// 553//
f 559// 553// 560//
f 560// 553// 554//
f 560// 554// 561//
f 561// 554// 562//
f 446// 445// 469//
f 469// 445// 563//
f 469// 563// 460//
f 460// 563// 564//
f 460// 564// 458//
f 458// 564// 565//
f 458// 565// 529//
f 71// 73// 95//
f 95// 73// 566//
f 95// 566// 550//
f 550// 566// 346//
f 550// 346// 293//
f 293// 346// 349//
f 293// 349// 291//
f 67// 66// 73//
f 73// 66// 567//
f 73// 567// 566//
f 566// 567// 568//
f 566// 568// 346//
f 346// 568// 569//
f 346// 569// 345//
f 345// 569// 570//
f 345// 570// 427//
f 427// 570// 571//
f 427// 571// 440//
f 440// 571// 572//
f 440// 572// 445//
f 445// 572// 573//
f 445// 573// 563//
f 563// 573// 574//
f 563// 574// 564//
f 564// 574// 575//
f 564// 575// 565//
f 55// 44// 56//
f 56// 44// 46//
f 56// 46// 60//
f 60// 46// 576//
f 60// 576// 64//
f 64// 576// 577//
f 578// 579// 580//
f 580// 579// 581//
f 582// 583// 584//
f 584// 583// 585//
f 584// 585// 586//
f 587// 588// 589//
f 589// 588// 590//
f 589// 590// 591//
f 592// 587// 593//
f 593// 587// 589//
f 593// 589// 594//
f 594// 589// 579//
f 594// 579// 595//
f 595// 579// 578//
f 595// 578// 596//
f 596// 597// 595//
f 595// 597// 598//
f 595// 598// 599//
f 599// 600// 595//
f 595// 600// 601//
f 595// 601// 602//
f 602// 601// 603//
f 602// 603// 604//
f 605// 606// 602//
f 607// 608// 609//
f 609// 608// 610//
f 611// 612// 613//
f 613// 612// 614//
f 613// 614// 615//
f 616// 617// 618//
f 618// 617// 619//
f 618// 619// 620//
f 605// 602// 621//
f 582// 584// 602//
f 602// 584// 608//
f 602// 608// 613//
f 613// 608// 607//
f 613// 607// 611//
f 622// 623// 593//
f 593// 623// 624//
f 593// 624// 625//
f 626// 604// 627//
f 627// 604// 628//
f 629// 602// 630//
f 630// 602// 631//
f 632// 633// 629//
f 629// 633// 634//
f 629// 634// 635//
f 606// 636// 602//
f 602// 636// 637//
f 602// 637// 582//
f 615// 638// 613//
f 613// 638// 639//
f 613// 639// 593//
f 593// 639// 640//
f 593// 640// 641//
f 642// 641// 643//
f 643// 641// 644//
f 645// 646// 647//
f 647// 646// 648//
f 649// 650// 651//
f 651// 650// 652//
f 625// 653// 593//
f 593// 653// 654//
f 593// 654// 592//
f 655// 656// 657//
f 616// 602// 658//
f 658// 602// 659//
f 616// 618// 602//
f 602// 618// 660//
f 602// 660// 621//
f 646// 593// 661//
f 661// 593// 662//
f 626// 663// 604//
f 604// 663// 664//
f 604// 664// 602//
f 602// 664// 665//
f 602// 665// 631//
f 632// 666// 633//
f 633// 666// 655//
f 633// 655// 667//
f 667// 655// 657//
f 668// 669// 670//
f 670// 669// 671//
f 670// 671// 619//
f 619// 671// 672//
f 619// 672// 620//
f 642// 673// 641//
f 641// 673// 674//
f 641// 674// 593//
f 593// 674// 675//
f 593// 675// 662//
f 676// 677// 678//
f 678// 677// 679//
f 678// 679// 680//
f 680// 679// 648//
f 680// 648// 681//
f 681// 648// 646//
f 645// 682// 646//
f 646// 682// 683//
f 646// 683// 593//
f 593// 683// 684//
f 593// 684// 685//
f 650// 622// 652//
f 652// 622// 593//
f 652// 593// 686//
f 686// 593// 685//
f 687// 688// 689//
f 689// 688// 690//
f 689// 690// 691//
f 691// 690// 628//
f 691// 628// 692//
f 692// 628// 604//
f 635// 693// 629//
f 629// 693// 694//
f 629// 694// 602//
f 602// 694// 695//
f 602// 695// 659//
f 696// 697// 698//
f 698// 697// 699//
f 698// 699// 700//
f 700// 699// 644//
f 700// 644// 701//
f 701// 644// 641//
f 702// 703// 704//
f 704// 703// 705//
f 704// 705// 649//
f 649// 705// 706//
f 649// 706// 650//
f 514// 589// 591//
f 591// 707// 514//
f 514// 707// 708//
f 514// 708// 577//
f 709// 677// 676//
f 710// 711// 577//
f 676// 710// 709//
f 709// 710// 577//
f 709// 577// 712//
f 712// 577// 708//
f 712// 708// 702//
f 702// 708// 703//
f 610// 608// 713//
f 713// 608// 577//
f 713// 577// 714//
f 714// 577// 711//
f 714// 711// 696//
f 696// 711// 697//
f 575// 584// 586//
f 715// 688// 687//
f 581// 579// 716//
f 716// 579// 488//
f 716// 488// 717//
f 669// 668// 718//
f 718// 668// 719//
f 586// 720// 575//
f 575// 720// 718//
f 575// 718// 488//
f 488// 718// 719//
f 488// 719// 721//
f 687// 717// 715//
f 715// 717// 488//
f 715// 488// 722//
f 722// 488// 721//
f 722// 721// 656//
f 656// 721// 657//
f 514// 488// 589//
f 589// 488// 579//
f 575// 577// 584//
f 584// 577// 608//
usemtl 2
f 723// 724// 719//
f 719// 724// 721//
f 721// 724// 657//
f 657// 724// 725//
f 657// 725// 667//
f 667// 725// 726//
f 667// 726// 727//
f 667// 727// 633//
f 633// 727// 728//
f 633// 728// 634//
f 634// 728// 729//
f 634// 729// 635//
f 635// 729// 730//
f 635// 730// 693//
f 693// 730// 731//
f 693// 731// 694//
f 694// 731// 732//
f 694// 732// 695//
f 695// 732// 733//
f 695// 733// 659//
f 659// 733// 734//
f 659// 734// 658//
f 658// 734// 735//
f 658// 735// 616//
f 616// 735// 736//
f 616// 736// 617//
f 617// 736// 737//
f 617// 737// 619//
f 619// 737// 738//
f 619// 738// 670//
f 670// 738// 668//
f 668// 738// 739//
f 668// 739// 719//
f 719// 739// 723//
f 725// 724// 739//
f 739// 724// 723//
f 725// 739// 726//
f 726// 739// 738//
f 734// 733// 732//
f 728// 736// 729//
f 729// 736// 730//
f 738// 737// 726//
f 726// 737// 736//
f 726// 736// 727//
f 727// 736// 728//
f 736// 735// 730//
f 730// 735// 734//
f 730// 734// 731//
f 731// 734// 732//
f 740// 741// 720//
f 720// 741// 718//
f 718// 741// 669//
f 669// 741// 742//
f 669// 742// 671//
f 671// 742// 743//
f 671// 743// 744//
f 671// 744// 672//
f 672// 744// 745//
f 672// 745// 620//
f 620// 745// 746//
f 620// 746// 618//
f 618// 746// 747//
f 618// 747// 660//
f 660// 747// 748//
f 660// 748// 621//
f 621// 748// 749//
f 621// 749// 605//
f 605// 749// 750//
f 605// 750// 606//
f 606// 750// 751//
f 606// 751// 636//
f 636// 751// 752//
f 636// 752// 637//
f 637// 752// 753//
f 637// 753// 582//
f 582// 753// 754//
f 582// 754// 583//
f 583// 754// 755//
f 583// 755// 585//
f 585// 755// 586//
f 586// 755// 756//
f 586// 756// 720//
f 720// 756// 740//
f 742// 741// 756//
f 756// 741// 740//
f 744// 743// 751//
f 742// 756// 743//
f 743// 756// 755//
f 743// 755// 754//
f 754// 753// 743//
f 743// 753// 752//
f 743// 752// 751//
f 750// 749// 751//
f 751// 749// 748//
f 751// 748// 747//
f 747// 746// 751//
f 751// 746// 745//
f 751// 745// 744//
f 757// 758// 722//
f 722// 758// 715//
f 715// 758// 688//
f 688// 758// 759//
f 688// 759// 690//
f 690// 759// 760//
f 690// 760// 761//
f 690// 761// 628//
f 628// 761// 762//
f 628// 762// 627//
f 627// 762// 763//
f 627// 763// 626//
f 626// 763// 764//
f 626// 764// 663//
f 663// 764// 765//
f 663// 765// 664//
f 664// 765// 766//
f 664// 766// 665//
f 665// 766// 767//
f 665// 767// 631//
f 631// 767// 768//
f 631// 768// 630//
f 630// 768// 769//
f 630// 769// 629//
f 629// 769// 770//
f 629// 770// 632//
f 632// 770// 771//
f 632// 771// 666//
f 666// 771// 772//
f 666// 772// 655//
f 655// 772// 656//
f 656// 772// 773//
f 656// 773// 722//
f 722// 773// 757//
f 759// 758// 773//
f 773// 758// 757//
f 763// 762// 772//
f 768// 767// 766//
f 759// 773// 760//
f 760// 773// 772//
f 760// 772// 761//
f 761// 772// 762//
f 763// 772// 764//
f 764// 772// 771//
f 764// 771// 770//
f 770// 769// 764//
f 764// 769// 768//
f 764// 768// 765//
f 765// 768// 766//
f 774// 775// 717//
f 717// 775// 716//
f 716// 775// 581//
f 581// 775// 776//
f 581// 776// 580//
f 580// 776// 777//
f 580// 777// 778//
f 580// 778// 578//
f 578// 778// 779//
f 578// 779// 596//
f 596// 779// 780//
f 596// 780// 597//
f 597// 780// 781//
f 597// 781// 598//
f 598// 781// 782//
f 598// 782// 599//
f 599// 782// 783//
f 599// 783// 600//
f 600// 783// 784//
f 600// 784// 601//
f 601// 784// 785//
f 601// 785// 603//
f 603// 785// 786//
f 603// 786// 604//
f 604// 786// 787//
f 604// 787// 692//
f 692// 787// 788//
f 692// 788// 691//
f 691// 788// 789//
f 691// 789// 689//
f 689// 789// 687//
f 687// 789// 790//
f 687// 790// 717//
f 717// 790// 774//
f 776// 775// 790//
f 790// 775// 774//
f 788// 787// 781//
f 788// 781// 789//
f 789// 781// 780//
f 789// 780// 779//
f 776// 790// 777//
f 777// 790// 789//
f 777// 789// 778//
f 778// 789// 779//
f 785// 784// 783//
f 787// 786// 781//
f 781// 786// 785//
f 781// 785// 782//
f 782// 785// 783//
f 791// 792// 710//
f 710// 792// 711//
f 711// 792// 697//
f 697// 792// 793//
f 697// 793// 699//
f 699// 793// 794//
f 699// 794// 795//
f 699// 795// 644//
f 644// 795// 796//
f 644// 796// 643//
f 643// 796// 797//
f 643// 797// 642//
f 642// 797// 798//
f 642// 798// 673//
f 673// 798// 799//
f 673// 799// 674//
f 674// 799// 800//
f 674// 800// 675//
f 675// 800// 801//
f 675// 801// 662//
f 662// 801// 802//
f 662// 802// 661//
f 661// 802// 803//
f 661// 803// 646//
f 646// 803// 804//
f 646// 804// 681//
f 681// 804// 805//
f 681// 805// 680//
f 680// 805// 806//
f 680// 806// 678//
f 678// 806// 676//
f 676// 806// 807//
f 676// 807// 710//
f 710// 807// 791//
f 793// 792// 807//
f 807// 792// 791//
f 805// 804// 798//
f 805// 798// 806//
f 806// 798// 797//
f 806// 797// 796//
f 793// 807// 794//
f 794// 807// 806//
f 794// 806// 795//
f 795// 806// 796//
f 802// 801// 800//
f 804// 803// 798//
f 798// 803// 802//
f 798// 802// 799//
f 799// 802// 800//
f 808// 809// 714//
f 714// 809// 713//
f 713// 809// 610//
f 610// 809// 810//
f 610// 810// 609//
f 609// 810// 811//
f 609// 811// 812//
f 609// 812// 607//
f 607// 812// 813//
f 607// 813// 611//
f 611// 813// 814//
f 611// 814// 612//
f 612// 814// 815//
f 612// 815// 614//
f 614// 815// 816//
f 614// 816// 615//
f 615// 816// 817//
f 615// 817// 638//
f 638// 817// 818//
f 638// 818// 639//
f 639// 818// 819//
f 639// 819// 640//
f 640// 819// 820//
f 640// 820// 641//
f 641// 820// 821//
f 641// 821// 701//
f 701// 821// 822//
f 701// 822// 700//
f 700// 822// 823//
f 700// 823// 698//
f 698// 823// 696//
f 696// 823// 824//
f 696// 824// 714//
f 714// 824// 808//
f 810// 809// 824//
f 824// 809// 808//
f 810// 824// 811//
f 811// 824// 823//
f 811// 823// 812//
f 812// 823// 822//
f 822// 821// 812//
f 812// 821// 820//
f 812// 820// 819//
f 818// 817// 819//
f 819// 817// 816//
f 819// 816// 815//
f 815// 814// 819//
f 819// 814// 813//
f 819// 813// 812//
f 825// 826// 712//
f 712// 826// 709//
f 709// 826// 677//
f 677// 826// 827//
f 677// 827// 679//
f 679// 827// 828//
f 679// 828// 829//
f 679// 829// 648//
f 648// 829// 830//
f 648// 830// 647//
f 647// 830// 831//
f 647// 831// 645//
f 645// 831// 832//
f 645// 832// 682//
f 682// 832// 833//
f 682// 833// 683//
f 683// 833// 834//
f 683// 834// 684//
f 684// 834// 835//
f 684// 835// 685//
f 685// 835// 836//
f 685// 836// 686//
f 686// 836// 837//
f 686// 837// 652//
f 652// 837// 838//
f 652// 838// 651//
f 651// 838// 839//
f 651// 839// 649//
f 649// 839// 840//
f 649// 840// 704//
f 704// 840// 702//
f 702// 840// 841//
f 702// 841// 712//
f 712// 841// 825//
f 827// 826// 841//
f 841// 826// 825//
f 827// 841// 828//
f 828// 841// 840//
f 836// 835// 834//
f 830// 838// 831//
f 831// 838// 832//
f 840// 839// 828//
f 828// 839// 838//
f 828// 838// 829//
f 829// 838// 830//
f 838// 837// 832//
f 832// 837// 836//
f 832// 836// 833//
f 833// 836// 834//
f 842// 843// 707//
f 707// 843// 708//
f 708// 843// 703//
f 703// 843// 844//
f 703// 844// 705//
f 705// 844// 845//
f 705// 845// 846//
f 705// 846// 706//
f 706// 846// 847//
f 706// 847// 650//
f 650// 847// 848//
f 650// 848// 622//
f 622// 848// 849//
f 622// 849// 623//
f 623// 849// 850//
f 623// 850// 624//
f 624// 850// 851//
f 624// 851// 625//
f 625// 851// 852//
f 625// 852// 653//
f 653// 852// 853//
f 653// 853// 654//
f 654// 853// 854//
f 654// 854// 592//
f 592// 854// 855//
f 592// 855// 587//
f 587// 855// 856//
f 587// 856// 588//
f 588// 856// 857//
f 588// 857// 590//
f 590// 857// 591//
f 591// 857// 858//
f 591// 858// 707//
f 707// 858// 842//
f 844// 843// 858//
f 858// 843// 842//
f 844// 858// 845//
f 845// 858// 857//
f 857// 856// 845//
f 845// 856// 855//
f 845// 855// 846//
f 852// 851// 850//
f 854// 848// 855//
f 855// 848// 847//
f 855// 847// 846//
f 854// 853// 848//
f 848// 853// 852//
f 848// 852// 849//
f 849// 852// 850//
f 859// 860// 593//
f 593// 860// 613//
f 861// 859// 594//
f 594// 859// 593//
f 862// 861// 595//
f 595// 861// 594//
f 863// 862// 602//
f 602// 862// 595//
f 860// 863// 613//
f 613// 863// 602//
f 861// 862// 859//
f 859// 862// 863//
f 859// 863// 860//
usemtl 3
f 864// 496// 865//
f 865// 496// 495//
f 865// 495// 866//
f 866// 495// 494//
f 866// 494// 867//
f 867// 494// 490//
f 867// 490// 868//
f 868// 490// 489//
f 868// 489// 869//
f 869// 489// 504//
f 869// 504// 870//
f 870// 504// 492//
f 870// 492// 871//
f 871// 492// 491//
f 871// 491// 872//
f 872// 491// 510//
f 872// 510// 873//
f 873// 510// 509//
f 873// 509// 874//
f 874// 509// 508//
f 874// 508// 875//
f 875// 508// 513//
f 875// 513// 876//
f 876// 513// 512//
f 876// 512// 877//
f 877// 512// 511//
f 877// 511// 878//
f 878// 511// 503//
f 878// 503// 879//
f 879// 503// 502//
f 879// 502// 880//
f 880// 502// 501//
f 880// 501// 881//
f 881// 501// 500//
f 881// 500// 882//
f 882// 500// 507//
f 882// 507// 883//
f 883// 507// 506//
f 883// 506// 884//
f 884// 506// 505//
f 884// 505// 885//
f 885// 505// 499//
f 885// 499// 886//
f 886// 499// 498//
f 886// 498// 887//
f 887// 498// 497//
f 887// 497// 864//
f 864// 497// 496//
f 886// 887// 888//
f 888// 887// 864//
f 888// 864// 865//
f 883// 884// 888//
f 888// 884// 885//
f 888// 885// 886//
f 880// 881// 888//
f 888// 881// 882//
f 888// 882// 883//
f 877// 878// 888//
f 888// 878// 879//
f 888// 879// 880//
f 874// 875// 888//
f 888// 875// 876//
f 888// 876// 877//
f 871// 872// 888//
f 888// 872// 873//
f 888// 873// 874//
f 868// 869// 888//
f 888// 869// 870//
f 888// 870// 871//
f 865// 866// 888//
f 888// 866// 867//
f 888// 867// 868//
usemtl 4
f 889// 890// 516//
f 516// 890// 517//
f 891// 889// 521//
f 521// 889// 516//
f 892// 891// 520//
f 520// 891// 521//
f 893// 892// 519//
f 519// 892// 520//
f 894// 893// 518//
f 518// 893// 519//
f 890// 894// 517//
f 517// 894// 518//
f 892// 893// 891//
f 891// 893// 894//
f 891// 894// 889//
f 889// 894// 890//
f 895// 261// 896//
f 896// 261// 10//
f 10// 9// 896//
f 896// 9// 217//
f 896// 217// 897//
f 897// 217// 221//
f 897// 221// 898//
f 899// 898// 220//
f 220// 898// 221//
f 899// 220// 219//
f 899// 219// 900//
f 900// 219// 218//
f 900// 218// 901//
f 901// 218// 227//
f 901// 227// 902//
f 902// 227// 226//
f 902// 226// 903//
f 903// 226// 225//
f 903// 225// 904//
f 904// 225// 224//
f 904// 224// 905//
f 905// 224// 223//
f 905// 223// 906//
f 906// 223// 222//
f 906// 222// 907//
f 907// 222// 240//
f 907// 240// 908//
f 908// 240// 239//
f 908// 239// 909//
f 909// 239// 238//
f 909// 238// 910//
f 910// 238// 232//
f 910// 232// 911//
f 911// 232// 231//
f 911// 231// 912//
f 912// 231// 229//
f 912// 229// 913//
f 913// 229// 235//
f 913// 235// 914//
f 914// 235// 237//
f 914// 237// 915//
f 915// 237// 236//
f 915// 236// 916//
f 916// 236// 234//
f 916// 234// 917//
f 917// 234// 233//
f 917// 233// 918//
f 918// 233// 228//
f 918// 228// 919//
f 919// 228// 230//
f 919// 230// 920//
f 920// 230// 216//
f 920// 216// 921//
f 922// 921// 212//
f 212// 921// 216//
f 241// 923// 924//
f 922// 212// 213//
f 922// 213// 925//
f 925// 213// 214//
f 925// 214// 924//
f 924// 214// 243//
f 924// 243// 241//
f 923// 241// 8//
f 923// 8// 926//
f 8// 7// 926//
f 926// 7// 248//
f 926// 248// 927//
f 927// 248// 247//
f 927// 247// 928//
f 928// 247// 246//
f 928// 246// 929//
f 929// 246// 245//
f 244// 930// 245//
f 245// 930// 931//
f 245// 931// 929//
f 244// 250// 930//
f 930// 250// 249//
f 930// 249// 932//
f 932// 249// 255//
f 932// 255// 933//
f 933// 255// 253//
f 252// 934// 253//
f 253// 934// 935//
f 253// 935// 933//
f 252// 260// 934//
f 934// 260// 259//
f 934// 259// 936//
f 936// 259// 257//
f 936// 257// 937//
f 261// 895// 938//
f 937// 257// 256//
f 937// 256// 939//
f 939// 256// 265//
f 939// 265// 940//
f 940// 265// 264//
f 940// 264// 938//
f 938// 264// 262//
f 938// 262// 261//
f 920// 921// 922//
f 911// 912// 931//
f 920// 922// 919//
f 919// 922// 925//
f 919// 925// 918//
f 918// 925// 924//
f 918// 924// 917//
f 917// 924// 923//
f 917// 923// 916//
f 916// 923// 926//
f 916// 926// 915//
f 898// 899// 897//
f 897// 899// 900//
f 897// 900// 896//
f 896// 900// 901//
f 896// 901// 895//
f 895// 901// 902//
f 895// 902// 938//
f 938// 902// 903//
f 938// 903// 940//
f 940// 903// 904//
f 940// 904// 939//
f 939// 904// 905//
f 939// 905// 937//
f 937// 905// 906//
f 937// 906// 936//
f 936// 906// 907//
f 936// 907// 934//
f 931// 912// 929//
f 926// 927// 915//
f 915// 927// 928//
f 915// 928// 914//
f 914// 928// 929//
f 914// 929// 913//
f 913// 929// 912//
f 933// 910// 932//
f 932// 910// 911//
f 932// 911// 930//
f 930// 911// 931//
f 934// 907// 935//
f 935// 907// 908//
f 935// 908// 933//
f 933// 908// 909//
f 933// 909// 910//
f 941// 942// 199//
f 199// 942// 201//
f 193// 943// 192//
f 192// 943// 941//
f 192// 941// 199//
f 944// 943// 191//
f 191// 943// 193//
f 944// 191// 945//
f 945// 191// 190//
f 945// 190// 203//
f 946// 945// 204//
f 204// 945// 203//
f 208// 947// 205//
f 205// 947// 946//
f 205// 946// 204//
f 948// 947// 207//
f 207// 947// 208//
f 948// 207// 949//
f 949// 207// 206//
f 949// 206// 198//
f 950// 949// 196//
f 196// 949// 198//
f 209// 951// 197//
f 197// 951// 950//
f 197// 950// 196//
f 952// 951// 211//
f 211// 951// 209//
f 952// 211// 942//
f 942// 211// 215//
f 942// 215// 201//
f 952// 942// 941//
f 941// 943// 952//
f 952// 943// 944//
f 952// 944// 951//
f 949// 950// 948//
f 948// 950// 951//
f 948// 951// 947//
f 947// 951// 944//
f 947// 944// 946//
f 946// 944// 945//
f 953// 954// 955//
f 955// 954// 956//
f 955// 956// 957//
f 957// 956// 958//
f 957// 958// 959//
f 959// 958// 960//
f 959// 960// 961//
f 961// 960// 962//
f 961// 962// 963//
f 963// 962// 964//
f 963// 964// 965//
f 965// 964// 966//
f 965// 966// 967//
f 967// 966// 968//
f 967// 968// 969//
f 969// 968// 970//
f 969// 970// 971//
f 971// 970// 972//
f 971// 972// 973//
f 973// 972// 974//
f 973// 974// 975//
f 975// 974// 976//
f 975// 976// 977//
f 977// 976// 978//
f 977// 978// 979//
f 979// 978// 980//
f 979// 980// 981//
f 981// 980// 982//
f 981// 982// 983//
f 983// 982// 984//
f 983// 984// 985//
f 985// 984// 986//
f 985// 986// 987//
f 987// 986// 953//
f 987// 953// 955//
f 961// 963// 284//
f 284// 963// 285//
f 274// 955// 957//
f 961// 284// 283//
f 961// 283// 959//
f 959// 283// 271//
f 959// 271// 957//
f 957// 271// 273//
f 957// 273// 274//
f 955// 274// 267//
f 955// 267// 987//
f 987// 267// 266//
f 987// 266// 985//
f 985// 266// 280//
f 985// 280// 983//
f 983// 280// 279//
f 983// 279// 981//
f 981// 279// 278//
f 981// 278// 979//
f 979// 278// 277//
f 979// 277// 977//
f 977// 277// 276//
f 977// 276// 975//
f 975// 276// 275//
f 975// 275// 973//
f 281// 967// 969//
f 973// 275// 270//
f 973// 270// 971//
f 971// 270// 269//
f 971// 269// 969//
f 969// 269// 282//
f 969// 282// 281//
f 965// 967// 286//
f 286// 967// 281//
f 963// 965// 285//
f 285// 965// 286//
f 968// 966// 988//
f 988// 966// 989//
f 966// 964// 989//
f 989// 964// 990//
f 964// 962// 990//
f 990// 962// 991//
f 954// 992// 993//
f 954// 993// 956//
f 956// 993// 994//
f 956// 994// 958//
f 958// 994// 995//
f 958// 995// 960//
f 960// 995// 991//
f 960// 991// 962//
f 982// 996// 997//
f 982// 997// 984//
f 984// 997// 998//
f 984// 998// 986//
f 986// 998// 999//
f 986// 999// 953//
f 953// 999// 992//
f 953// 992// 954//
f 974// 1000// 1001//
f 974// 1001// 976//
f 976// 1001// 1002//
f 976// 1002// 978//
f 978// 1002// 1003//
f 978// 1003// 980//
f 980// 1003// 996//
f 980// 996// 982//
f 968// 988// 1004//
f 968// 1004// 970//
f 970// 1004// 1005//
f 970// 1005// 972//
f 972// 1005// 1000//
f 972// 1000// 974//
usemtl 1
f 989// 990// 988//
f 988// 990// 991//
f 988// 991// 995//
f 995// 994// 988//
f 988// 994// 993//
f 988// 993// 992//
f 992// 999// 988//
f 988// 999// 998//
f 988// 998// 997//
f 997// 996// 988//
f 988// 996// 1003//
f 988// 1003// 1002//
f 1002// 1001// 988//
f 988// 1001// 1000//
f 988// 1000// 1004//
f 1004// 1000// 1005//
usemtl 4
f 1006// 1007// 1008//
f 1008// 1007// 1009//
f 1010// 1011// 1006//
f 1006// 1011// 1012//
f 1006// 1012// 1007//
f 1007// 1012// 1013//
f 1010// 1014// 1011//
f 1011// 1014// 1015//
f 1011// 1015// 1016//
f 1016// 1015// 1017//
f 1016// 1017// 1018//
f 1018// 1019// 1016//
f 1016// 1019// 1008//
f 1016// 1008// 1020//
f 1020// 1008// 1009//
f 1020// 1009// 1021//
f 1016// 1020// 181//
f 181// 1020// 178//
f 1011// 1016// 189//
f 189// 1016// 181//
f 186// 1012// 188//
f 188// 1012// 1011//
f 188// 1011// 189//
f 1013// 1012// 184//
f 184// 1012// 186//
f 1007// 1013// 183//
f 183// 1013// 184//
f 174// 1009// 175//
f 175// 1009// 1007//
f 175// 1007// 183//
f 1021// 1009// 176//
f 176// 1009// 174//
f 1020// 1021// 178//
f 178// 1021// 176//
f 1006// 1008// 1022//
f 1022// 1008// 1023//
f 1008// 1019// 1023//
f 1023// 1019// 1024//
f 1017// 1025// 1026//
f 1017// 1026// 1018//
f 1018// 1026// 1024//
f 1018// 1024// 1019//
f 1017// 1015// 1025//
f 1025// 1015// 1027//
f 1010// 1028// 1029//
f 1010// 1029// 1014//
f 1014// 1029// 1027//
f 1014// 1027// 1015//
f 1010// 1006// 1028//
f 1028// 1006// 1022//
usemtl 1
f 1025// 1027// 1026//
f 1026// 1027// 1029//
f 1026// 1029// 1024//
f 1024// 1029// 1028//
f 1024// 1028// 1023//
f 1023// 1028// 1022//
usemtl 4
f 1030// 1031// 553//
f 553// 1031// 552//
f 1032// 1030// 558//
f 558// 1030// 553//
f 1033// 1032// 557//
f 557// 1032// 558//
f 1034// 1033// 559//
f 559// 1033// 557//
f 1035// 1034// 560//
f 560// 1034// 559//
f 1036// 1035// 561//
f 561// 1035// 560//
f 1037// 1036// 562//
f 562// 1036// 561//
f 1038// 1037// 554//
f 554// 1037// 562//
f 1039// 1038// 556//
f 556// 1038// 554//
f 1040// 1039// 555//
f 555// 1039// 556//
f 1041// 1040// 551//
f 551// 1040// 555//
f 1031// 1041// 552//
f 552// 1041// 551//
f 1041// 1031// 1030//
f 1030// 1032// 1041//
f 1041// 1032// 1033//
f 1041// 1033// 1040//
f 1038// 1039// 1037//
f 1037// 1039// 1040//
f 1037// 1040// 1036//
f 1036// 1040// 1033//
f 1036// 1033// 1035//
f 1035// 1033// 1034//
f 1042// 1043// 1044//
f 1045// 1046// 1047//
f 1047// 1046// 1044//
f 1048// 1049// 1050//
f 1051// 1052// 1053//
f 1053// 1052// 1054//
f 1043// 1055// 1044//
f 1044// 1055// 1056//
f 1044// 1056// 1047//
f 1047// 1056// 1057//
f 1047// 1057// 1051//
f 1051// 1057// 1058//
f 1051// 1058// 1052//
f 1050// 1042// 1048//
f 1048// 1042// 1044//
f 1048// 1044// 1059//
f 1059// 1044// 1060//
f 1059// 1060// 1061//
f 1061// 1060// 1062//
f 1061// 1062// 1063//
f 1063// 1062// 1064//
f 1063// 1064// 1065//
f 1065// 1064// 1066//
f 1065// 1066// 1067//
f 1067// 1066// 1068//
f 1067// 1068// 1069//
f 1069// 1068// 1070//
f 1069// 1070// 1071//
f 1071// 1070// 1072//
f 1071// 1072// 1073//
f 1073// 1072// 1074//
f 1073// 1074// 1075//
f 1075// 1074// 1076//
f 1075// 1076// 1077//
f 1077// 1076// 1078//
f 1079// 1080// 1081//
f 1081// 1080// 1082//
f 1081// 1082// 1083//
f 1083// 1082// 1084//
f 1083// 1084// 1085//
f 1085// 1084// 1086//
f 1085// 1086// 1087//
f 1087// 1086// 1088//
f 1087// 1088// 1089//
f 1088// 1090// 1089//
f 1089// 1090// 1091//
f 1089// 1091// 1092//
f 1092// 1091// 1093//
f 1092// 1093// 1054//
f 1054// 1093// 1094//
f 1054// 1094// 1053//
f 1095// 1096// 1097//
f 1097// 1096// 1098//
f 1097// 1098// 1099//
f 1099// 1098// 1100//
f 1099// 1100// 1079//
f 1079// 1100// 1101//
f 1079// 1101// 1080//
f 1048// 1102// 1049//
f 1049// 1102// 1103//
f 1049// 1103// 1104//
f 1104// 1103// 1105//
f 1104// 1105// 1106//
f 1106// 1105// 1107//
f 1106// 1107// 1108//
f 1108// 1107// 1109//
f 1108// 1109// 1095//
f 1095// 1109// 1110//
f 1095// 1110// 1096//
f 1072// 316// 294//
f 1072// 294// 1074//
f 1074// 294// 295//
f 1074// 295// 1076//
f 1076// 295// 296//
f 1076// 296// 1078//
f 1077// 1078// 288//
f 288// 1078// 296//
f 1077// 288// 305//
f 1077// 305// 1075//
f 1075// 305// 307//
f 1075// 307// 1073//
f 1073// 307// 323//
f 1073// 323// 1071//
f 1071// 323// 322//
f 1071// 322// 1069//
f 1069// 322// 321//
f 1069// 321// 1067//
f 1067// 321// 320//
f 1067// 320// 1065//
f 1065// 320// 319//
f 1065// 319// 1063//
f 1063// 319// 315//
f 1063// 315// 1061//
f 1061// 315// 314//
f 1061// 314// 1059//
f 1059// 314// 313//
f 1059// 313// 1048//
f 1102// 1048// 306//
f 306// 1048// 313//
f 1102// 306// 304//
f 1102// 304// 1103//
f 1103// 304// 303//
f 1103// 303// 1105//
f 1105// 303// 287//
f 1105// 287// 1107//
f 1107// 287// 289//
f 1107// 289// 1109//
f 1109// 289// 290//
f 1109// 290// 1110//
f 1110// 290// 325//
f 1110// 325// 1096//
f 1096// 325// 324//
f 1096// 324// 1098//
f 1098// 324// 302//
f 1098// 302// 1100//
f 1100// 302// 301//
f 1100// 301// 1101//
f 1101// 301// 312//
f 1101// 312// 1080//
f 1080// 312// 311//
f 1080// 311// 1082//
f 347// 1090// 1088//
f 1082// 311// 292//
f 1082// 292// 1084//
f 1084// 292// 291//
f 1084// 291// 1086//
f 1086// 291// 349//
f 1086// 349// 1088//
f 1088// 349// 348//
f 1088// 348// 347//
f 1090// 347// 344//
f 1090// 344// 1091//
f 1091// 344// 310//
f 1091// 310// 1093//
f 310// 309// 1093//
f 1093// 309// 308//
f 1093// 308// 1094//
f 1094// 308// 300//
f 1094// 300// 1053//
f 1053// 300// 298//
f 1053// 298// 1051//
f 1047// 1051// 297//
f 297// 1051// 298//
f 1045// 1047// 299//
f 299// 1047// 297//
f 1046// 1045// 351//
f 351// 1045// 299//
f 1044// 1046// 341//
f 341// 1046// 351//
f 1044// 341// 330//
f 1044// 330// 1060//
f 1060// 330// 329//
f 1060// 329// 1062//
f 1062// 329// 327//
f 1062// 327// 1064//
f 1064// 327// 333//
f 1064// 333// 1066//
f 1066// 333// 318//
f 1066// 318// 1068//
f 1068// 318// 317//
f 1068// 317// 1070//
f 1070// 317// 316//
f 1070// 316// 1072//
f 1104// 1111// 1112//
f 1104// 1112// 1049//
f 1049// 1112// 1113//
f 1049// 1113// 1050//
f 1050// 1113// 1114//
f 1050// 1114// 1042//
f 1097// 1115// 1116//
f 1097// 1116// 1095//
f 1095// 1116// 1117//
f 1095// 1117// 1108//
f 1108// 1117// 1118//
f 1108// 1118// 1106//
f 1106// 1118// 1111//
f 1106// 1111// 1104//
f 1083// 1119// 1120//
f 1083// 1120// 1081//
f 1081// 1120// 1121//
f 1081// 1121// 1079//
f 1079// 1121// 1122//
f 1079// 1122// 1099//
f 1099// 1122// 1115//
f 1099// 1115// 1097//
f 1089// 1123// 1124//
f 1089// 1124// 1087//
f 1087// 1124// 1125//
f 1087// 1125// 1085//
f 1085// 1125// 1119//
f 1085// 1119// 1083//
f 1058// 1126// 1127//
f 1058// 1127// 1052//
f 1052// 1127// 1128//
f 1052// 1128// 1054//
f 1054// 1128// 1129//
f 1054// 1129// 1092//
f 1092// 1129// 1123//
f 1092// 1123// 1089//
f 1055// 1130// 1131//
f 1055// 1131// 1056//
f 1056// 1131// 1132//
f 1056// 1132// 1057//
f 1057// 1132// 1126//
f 1057// 1126// 1058//
f 1055// 1043// 1130//
f 1130// 1043// 1133//
f 1043// 1042// 1133//
f 1133// 1042// 1114//
usemtl 1
f 1127// 1126// 1114//
f 1114// 1126// 1132//
f 1129// 1113// 1112//
f 1113// 1129// 1114//
f 1114// 1129// 1128//
f 1114// 1128// 1127//
f 1132// 1131// 1114//
f 1114// 1131// 1130//
f 1114// 1130// 1133//
f 1117// 1116// 1129//
f 1129// 1116// 1115//
f 1129// 1115// 1122//
f 1125// 1124// 1119//
f 1119// 1124// 1123//
f 1119// 1123// 1129//
f 1112// 1111// 1129//
f 1129// 1111// 1118//
f 1129// 1118// 1117//
f 1122// 1121// 1129//
f 1129// 1121// 1120//
f 1129// 1120// 1119//
usemtl 4
f 335// 1134// 1135//
f 1136// 396// 393//
f 1136// 393// 1137//
f 1137// 393// 338//
f 1137// 338// 1135//
f 1135// 338// 337//
f 1135// 337// 335//
f 1138// 1134// 350//
f 350// 1134// 335//
f 1138// 350// 1139//
f 1139// 350// 352//
f 356// 1140// 355//
f 355// 1140// 1139//
f 355// 1139// 354//
f 354// 1139// 352//
f 356// 5// 1140//
f 1140// 5// 1141//
f 5// 4// 1141//
f 1141// 4// 374//
f 1141// 374// 1142//
f 1142// 374// 373//
f 1142// 373// 1143//
f 1143// 373// 361//
f 1143// 361// 1144//
f 1144// 361// 360//
f 1144// 360// 1145//
f 1145// 360// 359//
f 1145// 359// 1146//
f 1146// 359// 368//
f 1146// 368// 1147//
f 1147// 368// 367//
f 1147// 367// 1148//
f 1148// 367// 366//
f 1148// 366// 1149//
f 1149// 366// 365//
f 1149// 365// 1150//
f 1150// 365// 389//
f 1150// 389// 1151//
f 1151// 389// 388//
f 1151// 388// 1152//
f 1152// 388// 386//
f 1152// 386// 1153//
f 1153// 386// 384//
f 1153// 384// 1154//
f 1154// 384// 383//
f 1154// 383// 1155//
f 1155// 383// 382//
f 1155// 382// 1156//
f 1156// 382// 381//
f 1156// 381// 1157//
f 1157// 381// 380//
f 1157// 380// 1158//
f 1158// 380// 377//
f 1158// 377// 1159//
f 1159// 377// 392//
f 1159// 392// 1160//
f 1160// 392// 391//
f 1160// 391// 1161//
f 1161// 391// 390//
f 1161// 390// 1162//
f 1162// 390// 379//
f 1162// 379// 1163//
f 1163// 379// 378//
f 1163// 378// 1164//
f 1164// 378// 376//
f 1164// 376// 1165//
f 1165// 376// 375//
f 1165// 375// 1166//
f 1166// 375// 385//
f 1166// 385// 1167//
f 1167// 385// 387//
f 1167// 387// 1168//
f 1168// 387// 358//
f 1168// 358// 1169//
f 1170// 1169// 357//
f 357// 1169// 358//
f 1170// 357// 372//
f 1170// 372// 1171//
f 1171// 372// 370//
f 1171// 370// 1172//
f 1172// 370// 369//
f 1172// 369// 1173//
f 1173// 369// 364//
f 1173// 364// 1174//
f 1174// 364// 363//
f 1174// 363// 1175//
f 363// 362// 1175//
f 1175// 362// 1176//
f 362// 332// 1176//
f 1176// 332// 326//
f 1176// 326// 1177//
f 1177// 326// 328//
f 1177// 328// 1178//
f 1178// 328// 343//
f 1178// 343// 1179//
f 1179// 343// 342//
f 1179// 342// 1180//
f 1180// 342// 340//
f 1180// 340// 1181//
f 1181// 340// 339//
f 1181// 339// 1182//
f 394// 1183// 1184//
f 1182// 339// 334//
f 1182// 334// 1185//
f 1185// 334// 336//
f 1185// 336// 1184//
f 1184// 336// 395//
f 1184// 395// 394//
f 1183// 394// 398//
f 1183// 398// 1186//
f 1186// 398// 409//
f 1186// 409// 1187//
f 1187// 409// 408//
f 1187// 408// 1188//
f 1188// 408// 407//
f 1188// 407// 1189//
f 1189// 407// 401//
f 1189// 401// 1190//
f 1190// 401// 400//
f 1190// 400// 1191//
f 1191// 400// 406//
f 1191// 406// 1192//
f 1192// 406// 405//
f 1192// 405// 1193//
f 1193// 405// 404//
f 1193// 404// 1194//
f 1194// 404// 403//
f 1194// 403// 1195//
f 1195// 403// 402//
f 1195// 402// 1196//
f 1196// 402// 399//
f 1196// 399// 1197//
f 1197// 399// 397//
f 1197// 397// 1198//
f 1198// 397// 396//
f 1198// 396// 1136//
f 1161// 1162// 1175//
f 1175// 1162// 1174//
f 1174// 1162// 1163//
f 1174// 1163// 1173//
f 1193// 1144// 1145//
f 1186// 1153// 1183//
f 1183// 1153// 1154//
f 1193// 1145// 1192//
f 1192// 1145// 1146//
f 1192// 1146// 1191//
f 1191// 1146// 1147//
f 1191// 1147// 1190//
f 1190// 1147// 1148//
f 1190// 1148// 1189//
f 1189// 1148// 1149//
f 1189// 1149// 1188//
f 1188// 1149// 1150//
f 1188// 1150// 1187//
f 1187// 1150// 1151//
f 1187// 1151// 1186//
f 1186// 1151// 1152//
f 1186// 1152// 1153//
f 1144// 1193// 1143//
f 1143// 1193// 1194//
f 1143// 1194// 1142//
f 1140// 1136// 1139//
f 1139// 1136// 1137//
f 1139// 1137// 1138//
f 1138// 1137// 1135//
f 1138// 1135// 1134//
f 1163// 1164// 1173//
f 1173// 1164// 1165//
f 1173// 1165// 1172//
f 1172// 1165// 1166//
f 1172// 1166// 1171//
f 1171// 1166// 1167//
f 1171// 1167// 1170//
f 1170// 1167// 1168//
f 1170// 1168// 1169//
f 1194// 1195// 1142//
f 1142// 1195// 1196//
f 1142// 1196// 1141//
f 1141// 1196// 1197//
f 1141// 1197// 1140//
f 1140// 1197// 1198//
f 1140// 1198// 1136//
f 1175// 1176// 1161//
f 1161// 1176// 1177//
f 1161// 1177// 1160//
f 1160// 1177// 1178//
f 1160// 1178// 1159//
f 1159// 1178// 1179//
f 1159// 1179// 1158//
f 1158// 1179// 1180//
f 1158// 1180// 1157//
f 1157// 1180// 1181//
f 1157// 1181// 1156//
f 1156// 1181// 1182//
f 1156// 1182// 1155//
f 1155// 1182// 1185//
f 1155// 1185// 1154//
f 1154// 1185// 1184//
f 1154// 1184// 1183//
f 1199// 1200// 410//
f 410// 1200// 411//
f 1201// 1199// 418//
f 418// 1199// 410//
f 1201// 418// 419//
f 1201// 419// 1202//
f 1202// 419// 415//
f 1202// 415// 1203//
f 1204// 1203// 414//
f 414// 1203// 415//
f 1205// 1204// 413//
f 413// 1204// 414//
f 423// 1206// 417//
f 417// 1206// 1205//
f 417// 1205// 413//
f 1207// 1206// 422//
f 422// 1206// 423//
f 424// 1208// 421//
f 421// 1208// 1207//
f 421// 1207// 422//
f 426// 1209// 425//
f 425// 1209// 1208//
f 425// 1208// 424//
f 426// 437// 1209//
f 1209// 437// 1210//
f 437// 436// 1210//
f 1210// 436// 435//
f 1210// 435// 1211//
f 1211// 435// 434//
f 1211// 434// 1212//
f 1212// 434// 433//
f 1212// 433// 1213//
f 1213// 433// 432//
f 1213// 432// 1214//
f 1214// 432// 431//
f 1214// 431// 1215//
f 1215// 431// 430//
f 1215// 430// 1216//
f 1216// 430// 429//
f 1216// 429// 1217//
f 1218// 1217// 428//
f 428// 1217// 429//
f 1218// 428// 442//
f 1218// 442// 1219//
f 1219// 442// 441//
f 1219// 441// 1220//
f 1220// 441// 439//
f 1220// 439// 1221//
f 1221// 439// 438//
f 1221// 438// 1222//
f 438// 449// 1222//
f 1222// 449// 448//
f 1222// 448// 1223//
f 1223// 448// 447//
f 1223// 447// 1224//
f 1224// 447// 444//
f 1224// 444// 1225//
f 1225// 444// 443//
f 1225// 443// 1226//
f 411// 1200// 446//
f 446// 1200// 1226//
f 446// 1226// 443//
f 1202// 1203// 1226//
f 1200// 1199// 1226//
f 1226// 1199// 1201//
f 1226// 1201// 1202//
f 1206// 1207// 1205//
f 1205// 1207// 1208//
f 1205// 1208// 1204//
f 1211// 1212// 1222//
f 1220// 1215// 1219//
f 1219// 1215// 1216//
f 1219// 1216// 1218//
f 1218// 1216// 1217//
f 1203// 1204// 1226//
f 1226// 1204// 1208//
f 1226// 1208// 1225//
f 1222// 1212// 1221//
f 1221// 1212// 1213//
f 1221// 1213// 1220//
f 1220// 1213// 1214//
f 1220// 1214// 1215//
f 1208// 1209// 1225//
f 1225// 1209// 1210//
f 1225// 1210// 1224//
f 1224// 1210// 1211//
f 1224// 1211// 1223//
f 1223// 1211// 1222//
f 1227// 1228// 457//
f 457// 1228// 459//
f 453// 1229// 452//
f 452// 1229// 1227//
f 452// 1227// 457//
f 1230// 1229// 451//
f 451// 1229// 453//
f 461// 1231// 450//
f 450// 1231// 1230//
f 450// 1230// 451//
f 1232// 1231// 462//
f 462// 1231// 461//
f 466// 1233// 463//
f 463// 1233// 1232//
f 463// 1232// 462//
f 1234// 1233// 465//
f 465// 1233// 466//
f 455// 1235// 464//
f 464// 1235// 1234//
f 464// 1234// 465//
f 1236// 1235// 454//
f 454// 1235// 455//
f 470// 1237// 471//
f 471// 1237// 1236//
f 471// 1236// 454//
f 1238// 1237// 468//
f 468// 1237// 470//
f 459// 1228// 467//
f 467// 1228// 1238//
f 467// 1238// 468//
f 1238// 1228// 1227//
f 1227// 1229// 1238//
f 1238// 1229// 1230//
f 1238// 1230// 1237//
f 1235// 1236// 1234//
f 1234// 1236// 1237//
f 1234// 1237// 1233//
f 1233// 1237// 1230//
f 1233// 1230// 1232//
f 1232// 1230// 1231//
f 1239// 1240// 1241//
f 1241// 1240// 1242//
f 1241// 1242// 1243//
f 1243// 1242// 1244//
f 1243// 1244// 1245//
f 1245// 1244// 1246//
f 1245// 1246// 1247//
f 1247// 1246// 1248//
f 1247// 1248// 1249//
f 1249// 1248// 1250//
f 1249// 1250// 1251//
f 1251// 1250// 1252//
f 1251// 1252// 1253//
f 1253// 1252// 1254//
f 1253// 1254// 1255//
f 1255// 1254// 1256//
f 1255// 1256// 1257//
f 1257// 1256// 1258//
f 1257// 1258// 1259//
f 1259// 1258// 1260//
f 1259// 1260// 1261//
f 1261// 1260// 1262//
f 1261// 1262// 1263//
f 1263// 1262// 1264//
f 1263// 1264// 1265//
f 1265// 1264// 1266//
f 1265// 1266// 1267//
f 1267// 1266// 1268//
f 1267// 1268// 1269//
f 1269// 1268// 1270//
f 1269// 1270// 1271//
f 1271// 1270// 1272//
f 1271// 1272// 1273//
f 1273// 1272// 1239//
f 1273// 1239// 1241//
f 1247// 1249// 542//
f 542// 1249// 541//
f 1247// 542// 543//
f 1247// 543// 1245//
f 1245// 543// 539//
f 1245// 539// 1243//
f 1243// 539// 538//
f 1243// 538// 1241//
f 1241// 538// 537//
f 1241// 537// 1273//
f 1273// 537// 533//
f 1273// 533// 1271//
f 1271// 533// 534//
f 1271// 534// 1269//
f 1269// 534// 535//
f 1269// 535// 1267//
f 1267// 535// 536//
f 1267// 536// 1265//
f 1265// 536// 546//
f 1265// 546// 1263//
f 1263// 546// 545//
f 1263// 545// 1261//
f 1261// 545// 544//
f 1261// 544// 1259//
f 1259// 544// 549//
f 1259// 549// 1257//
f 1257// 549// 548//
f 1257// 548// 1255//
f 1255// 548// 547//
f 1255// 547// 1253//
f 1251// 1253// 540//
f 540// 1253// 547//
f 1249// 1251// 541//
f 541// 1251// 540//
f 1254// 1252// 1274//
f 1274// 1252// 1275//
f 1252// 1250// 1275//
f 1275// 1250// 1276//
f 1250// 1248// 1276//
f 1276// 1248// 1277//
f 1240// 1278// 1279//
f 1240// 1279// 1242//
f 1242// 1279// 1280//
f 1242// 1280// 1244//
f 1244// 1280// 1281//
f 1244// 1281// 1246//
f 1246// 1281// 1277//
f 1246// 1277// 1248//
f 1268// 1282// 1283//
f 1268// 1283// 1270//
f 1270// 1283// 1284//
f 1270// 1284// 1272//
f 1272// 1284// 1285//
f 1272// 1285// 1239//
f 1239// 1285// 1278//
f 1239// 1278// 1240//
f 1260// 1286// 1287//
f 1260// 1287// 1262//
f 1262// 1287// 1288//
f 1262// 1288// 1264//
f 1264// 1288// 1289//
f 1264// 1289// 1266//
f 1266// 1289// 1282//
f 1266// 1282// 1268//
f 1254// 1274// 1290//
f 1254// 1290// 1256//
f 1256// 1290// 1291//
f 1256// 1291// 1258//
f 1258// 1291// 1286//
f 1258// 1286// 1260//
usemtl 1
f 1275// 1276// 1274//
f 1274// 1276// 1277//
f 1274// 1277// 1281//
f 1281// 1280// 1274//
f 1274// 1280// 1279//
f 1274// 1279// 1278//
f 1278// 1285// 1274//
f 1274// 1285// 1284//
f 1274// 1284// 1283//
f 1283// 1282// 1274//
f 1274// 1282// 1289//
f 1274// 1289// 1288//
f 1288// 1287// 1274//
f 1274// 1287// 1286//
f 1274// 1286// 1290//
f 1290// 1286// 1291//
usemtl 4
f 1292// 1293// 1294//
f 1294// 1293// 1295//
f 1296// 1297// 1292//
f 1292// 1297// 1298//
f 1292// 1298// 1293//
f 1293// 1298// 1299//
f 1296// 1300// 1297//
f 1297// 1300// 1301//
f 1297// 1301// 1302//
f 1302// 1301// 1303//
f 1302// 1303// 1304//
f 1304// 1305// 1302//
f 1302// 1305// 1294//
f 1302// 1294// 1306//
f 1306// 1294// 1295//
f 1306// 1295// 1307//
f 1302// 1306// 530//
f 530// 1306// 528//
f 1297// 1302// 532//
f 532// 1302// 530//
f 1298// 1297// 524//
f 524// 1297// 532//
f 1299// 1298// 523//
f 523// 1298// 524//
f 1293// 1299// 527//
f 527// 1299// 523//
f 1295// 1293// 526//
f 526// 1293// 527//
f 1307// 1295// 525//
f 525// 1295// 526//
f 1306// 1307// 528//
f 528// 1307// 525//
f 1292// 1294// 1308//
f 1308// 1294// 1309//
f 1294// 1305// 1309//
f 1309// 1305// 1310//
f 1303// 1311// 1312//
f 1303// 1312// 1304//
f 1304// 1312// 1310//
f 1304// 1310// 1305//
f 1303// 1301// 1311//
f 1311// 1301// 1313//
f 1296// 1314// 1315//
f 1296// 1315// 1300//
f 1300// 1315// 1313//
f 1300// 1313// 1301//
f 1296// 1292// 1314//
f 1314// 1292// 1308//
usemtl 1
f 1311// 1313// 1312//
f 1312// 1313// 1315//
f 1312// 1315// 1310//
f 1310// 1315// 1314//
f 1310// 1314// 1309//
f 1309// 1314// 1308//
usemtl 4
f 1316// 1317// 1318//
f 1319// 1320// 1321//
f 1322// 1323// 1324//
f 1324// 1323// 1325//
f 1321// 1320// 1326//
f 1327// 1328// 1329//
f 1330// 1331// 1323//
f 1323// 1331// 1332//
f 1323// 1332// 1325//
f 1325// 1332// 1333//
f 1334// 1335// 1336//
f 1336// 1335// 1337//
f 1336// 1337// 1338//
f 1338// 1337// 1339//
f 1338// 1339// 1340//
f 1340// 1339// 1341//
f 1340// 1341// 1342//
f 1342// 1341// 1318//
f 1342// 1318// 1343//
f 1344// 1345// 1334//
f 1334// 1345// 1346//
f 1334// 1346// 1335//
f 1347// 1348// 1349//
f 1350// 1351// 1318//
f 1318// 1351// 1352//
f 1318// 1352// 1316//
f 1322// 1324// 1329//
f 1329// 1324// 1353//
f 1329// 1353// 1327//
f 1354// 1317// 1355//
f 1355// 1317// 1356//
f 1355// 1356// 1357//
f 1347// 1349// 1358//
f 1358// 1349// 1359//
f 1358// 1359// 1360//
f 1360// 1359// 1361//
f 1360// 1361// 1362//
f 1320// 1363// 1326//
f 1326// 1363// 1364//
f 1326// 1364// 1365//
f 1365// 1364// 1366//
f 1365// 1366// 1347//
f 1347// 1366// 1367//
f 1347// 1367// 1348//
f 1333// 1332// 1334//
f 1334// 1332// 1368//
f 1334// 1368// 1344//
f 1369// 1370// 1371//
f 1371// 1370// 1372//
f 1371// 1372// 1373//
f 1373// 1372// 1374//
f 1373// 1374// 1375//
f 1375// 1374// 1376//
f 1375// 1376// 1377//
f 1377// 1376// 1378//
f 1377// 1378// 1379//
f 1379// 1378// 1380//
f 1379// 1380// 1381//
f 1381// 1380// 1382//
f 1381// 1382// 1383//
f 1383// 1382// 1384//
f 1383// 1384// 1385//
f 1385// 1384// 1386//
f 1387// 1388// 1389//
f 1362// 1361// 1390//
f 1390// 1361// 1391//
f 1390// 1391// 1392//
f 1393// 1394// 1395//
f 1395// 1394// 1396//
f 1395// 1396// 1371//
f 1371// 1396// 1397//
f 1371// 1397// 1369//
f 1398// 1399// 1400//
f 1400// 1399// 1401//
f 1400// 1401// 1402//
f 1402// 1401// 1403//
f 1402// 1403// 1404//
f 1404// 1403// 1405//
f 1404// 1405// 1406//
f 1406// 1405// 1407//
f 1406// 1407// 1350//
f 1350// 1407// 1408//
f 1350// 1408// 1351//
f 1354// 1409// 1317//
f 1317// 1409// 1410//
f 1317// 1410// 1318//
f 1318// 1410// 1411//
f 1318// 1411// 1343//
f 1389// 1388// 1412//
f 1412// 1388// 1413//
f 1412// 1413// 1414//
f 1414// 1413// 1415//
f 1414// 1415// 1416//
f 1416// 1415// 1417//
f 1416// 1417// 1418//
f 1418// 1417// 1419//
f 1418// 1419// 1420//
f 1420// 1419// 1421//
f 1420// 1421// 1422//
f 1422// 1421// 1423//
f 1422// 1423// 1386//
f 1386// 1423// 1424//
f 1386// 1424// 1385//
f 1321// 1425// 1319//
f 1319// 1425// 1426//
f 1319// 1426// 1427//
f 1427// 1426// 1428//
f 1427// 1428// 1429//
f 1429// 1428// 1430//
f 1429// 1430// 1398//
f 1398// 1430// 1431//
f 1398// 1431// 1399//
f 1328// 1432// 1329//
f 1329// 1432// 1433//
f 1329// 1433// 1434//
f 1434// 1433// 1435//
f 1434// 1435// 1436//
f 1436// 1435// 1437//
f 1436// 1437// 1438//
f 1438// 1437// 1439//
f 1438// 1439// 1440//
f 1440// 1439// 1441//
f 1440// 1441// 1442//
f 1442// 1441// 1443//
f 1442// 1443// 1444//
f 1444// 1443// 1445//
f 1444// 1445// 1446//
f 1446// 1445// 1357//
f 1446// 1357// 1447//
f 1447// 1357// 1356//
f 1391// 1448// 1392//
f 1392// 1448// 1449//
f 1392// 1449// 1450//
f 1450// 1449// 1451//
f 1450// 1451// 1452//
f 1452// 1451// 1453//
f 1452// 1453// 1393//
f 1393// 1453// 1454//
f 1393// 1454// 1394//
f 1455// 1456// 1457//
f 1457// 1456// 1458//
f 1458// 1459// 1457//
f 1457// 1459// 1460//
f 1457// 1460// 1461//
f 1389// 1462// 1387//
f 1387// 1462// 1457//
f 1387// 1457// 1463//
f 1463// 1457// 1461//
f 1457// 1464// 1455//
f 1455// 1464// 1465//
f 1455// 1465// 1466//
f 1466// 1467// 1455//
f 1455// 1467// 1468//
f 1455// 1468// 1469//
f 171// 1377// 172//
f 172// 1377// 1379//
f 172// 1379// 173//
f 173// 1379// 1381//
f 173// 1381// 107//
f 107// 1381// 1383//
f 107// 1383// 108//
f 171// 16// 1377//
f 1377// 16// 15//
f 1377// 15// 1375//
f 1375// 15// 24//
f 1375// 24// 1373//
f 1373// 24// 23//
f 1373// 23// 1371//
f 1371// 23// 22//
f 1371// 22// 1395//
f 1395// 22// 21//
f 1395// 21// 1393//
f 1452// 1393// 20//
f 20// 1393// 21//
f 20// 19// 1452//
f 1452// 19// 25//
f 1452// 25// 1450//
f 1450// 25// 27//
f 1450// 27// 1392//
f 1392// 27// 29//
f 1392// 29// 1390//
f 1390// 29// 30//
f 1390// 30// 1362//
f 1362// 30// 1360//
f 1360// 30// 34//
f 1360// 34// 35//
f 1360// 35// 36//
f 1360// 36// 1358//
f 1358// 36// 38//
f 1358// 38// 1347//
f 1347// 38// 37//
f 1347// 37// 1365//
f 1365// 37// 33//
f 1365// 33// 1326//
f 31// 1321// 32//
f 32// 1321// 1326//
f 32// 1326// 33//
f 13// 1426// 31//
f 31// 1426// 1425//
f 31// 1425// 1321//
f 13// 12// 1426//
f 1426// 12// 43//
f 1426// 43// 1428//
f 1431// 1430// 42//
f 42// 1430// 1428//
f 42// 1428// 43//
f 42// 40// 1431//
f 1431// 40// 53//
f 1431// 53// 1399//
f 1399// 53// 52//
f 52// 51// 1399//
f 1399// 51// 50//
f 1399// 50// 1401//
f 1401// 50// 48//
f 1401// 48// 1403//
f 1403// 48// 47//
f 1403// 47// 1405//
f 1405// 47// 45//
f 1405// 45// 1407//
f 1407// 45// 1408//
f 1408// 45// 44//
f 44// 55// 1408//
f 1408// 55// 54//
f 1408// 54// 1351//
f 1351// 54// 57//
f 1351// 57// 1352//
f 1352// 57// 62//
f 1352// 62// 1316//
f 62// 61// 1316//
f 1316// 61// 59//
f 1316// 59// 1317//
f 1317// 59// 58//
f 1317// 58// 1356//
f 1356// 58// 70//
f 1356// 70// 1447//
f 70// 69// 1447//
f 1447// 69// 68//
f 1447// 68// 1446//
f 1446// 68// 63//
f 1446// 63// 1444//
f 126// 1322// 1329//
f 1444// 63// 65//
f 67// 1440// 65//
f 65// 1440// 1442//
f 65// 1442// 1444//
f 67// 76// 1440//
f 1440// 76// 75//
f 1440// 75// 1438//
f 1438// 75// 74//
f 1438// 74// 1436//
f 1436// 74// 72//
f 1436// 72// 1434//
f 1434// 72// 71//
f 1434// 71// 1329//
f 1329// 71// 125//
f 1329// 125// 126//
f 1323// 1322// 117//
f 117// 1322// 126//
f 1330// 1323// 91//
f 91// 1323// 117//
f 1331// 1330// 78//
f 78// 1330// 91//
f 1332// 1331// 77//
f 77// 1331// 78//
f 1332// 77// 79//
f 1332// 79// 1368//
f 1368// 79// 80//
f 1368// 80// 1344//
f 1344// 80// 122//
f 1344// 122// 1345//
f 1345// 122// 121//
f 1345// 121// 1346//
f 1346// 121// 120//
f 1346// 120// 1335//
f 1335// 120// 104//
f 1335// 104// 1337//
f 1337// 104// 105//
f 1337// 105// 1339//
f 1339// 105// 98//
f 1339// 98// 1341//
f 1341// 98// 103//
f 1341// 103// 1318//
f 139// 1400// 1402//
f 1318// 103// 102//
f 1318// 102// 1350//
f 1350// 102// 101//
f 1350// 101// 1406//
f 1406// 101// 100//
f 1406// 100// 1404//
f 1404// 100// 99//
f 1404// 99// 1402//
f 1402// 99// 140//
f 1402// 140// 139//
f 1400// 139// 1398//
f 1398// 139// 106//
f 106// 88// 1398//
f 1398// 88// 145//
f 1398// 145// 144//
f 142// 1427// 144//
f 144// 1427// 1429//
f 144// 1429// 1398//
f 142// 170// 1427//
f 1427// 170// 169//
f 1427// 169// 1319//
f 1319// 169// 168//
f 1319// 168// 1320//
f 1320// 168// 163//
f 1320// 163// 1363//
f 1363// 163// 162//
f 1363// 162// 1364//
f 1364// 162// 161//
f 1364// 161// 1366//
f 1366// 161// 151//
f 1366// 151// 1367//
f 1367// 151// 152//
f 1367// 152// 1348//
f 1348// 152// 153//
f 1348// 153// 1349//
f 1349// 153// 167//
f 1349// 167// 1359//
f 1359// 167// 166//
f 1359// 166// 1361//
f 1361// 166// 160//
f 1361// 160// 1391//
f 1391// 160// 159//
f 1391// 159// 1448//
f 1448// 159// 158//
f 1448// 158// 1449//
f 1449// 158// 165//
f 1449// 165// 1451//
f 1451// 165// 164//
f 1451// 164// 1453//
f 1453// 164// 154//
f 1453// 154// 1454//
f 1454// 154// 156//
f 1454// 156// 1394//
f 1394// 156// 157//
f 1394// 157// 1396//
f 1396// 157// 155//
f 1396// 155// 1397//
f 1397// 155// 1369//
f 1369// 155// 141//
f 1369// 141// 143//
f 1370// 1369// 146//
f 146// 1369// 143//
f 1370// 146// 150//
f 1370// 150// 1372//
f 1372// 150// 149//
f 1372// 149// 1374//
f 1374// 149// 148//
f 1374// 148// 1376//
f 1376// 148// 147//
f 1376// 147// 1378//
f 1378// 147// 87//
f 1378// 87// 1380//
f 87// 86// 1380//
f 1380// 86// 85//
f 1380// 85// 1382//
f 1382// 85// 133//
f 1382// 133// 1384//
f 1384// 133// 132//
f 1384// 132// 1386//
f 1386// 132// 131//
f 1386// 131// 1422//
f 1422// 131// 130//
f 1422// 130// 1420//
f 1420// 130// 138//
f 1420// 138// 1418//
f 1418// 138// 137//
f 1418// 137// 1416//
f 1416// 137// 136//
f 1416// 136// 1414//
f 1414// 136// 135//
f 1414// 135// 1412//
f 1389// 1412// 134//
f 134// 1412// 135//
f 1389// 134// 129//
f 1389// 129// 1462//
f 1462// 129// 128//
f 1462// 128// 1457//
f 1457// 128// 127//
f 1457// 127// 1464//
f 1464// 127// 92//
f 1464// 92// 1465//
f 1465// 92// 90//
f 1465// 90// 1466//
f 1466// 90// 89//
f 1466// 89// 1467//
f 1467// 89// 119//
f 1467// 119// 1468//
f 1468// 119// 118//
f 1468// 118// 1469//
f 1469// 118// 116//
f 1469// 116// 1455//
f 1455// 116// 115//
f 1455// 115// 1456//
f 1456// 115// 124//
f 1456// 124// 1458//
f 1458// 124// 123//
f 1458// 123// 1459//
f 1459// 123// 84//
f 1459// 84// 1460//
f 1460// 84// 83//
f 1460// 83// 1461//
f 1461// 83// 82//
f 1461// 82// 1463//
f 1463// 82// 81//
f 1463// 81// 1387//
f 1387// 81// 114//
f 1387// 114// 1388//
f 1413// 1388// 113//
f 113// 1388// 114//
f 1413// 113// 112//
f 1413// 112// 1415//
f 1415// 112// 97//
f 1415// 97// 1417//
f 1417// 97// 96//
f 1417// 96// 1419//
f 1419// 96// 94//
f 1419// 94// 1421//
f 1421// 94// 93//
f 1421// 93// 1423//
f 1423// 93// 111//
f 1423// 111// 1424//
f 1424// 111// 110//
f 1424// 110// 1385//
f 1385// 110// 108//
f 1385// 108// 1383//
f 1333// 1470// 1471//
f 1333// 1471// 1325//
f 1325// 1471// 1472//
f 1325// 1472// 1324//
f 1324// 1472// 1473//
f 1324// 1473// 1353//
f 1353// 1473// 1474//
f 1353// 1474// 1327//
f 1327// 1474// 1475//
f 1327// 1475// 1328//
f 1328// 1475// 1476//
f 1328// 1476// 1432//
f 1432// 1476// 1477//
f 1432// 1477// 1433//
f 1433// 1477// 1478//
f 1433// 1478// 1435//
f 1435// 1478// 1479//
f 1435// 1479// 1437//
f 1437// 1479// 1480//
f 1437// 1480// 1439//
f 1439// 1480// 1481//
f 1439// 1481// 1441//
f 1441// 1481// 1482//
f 1441// 1482// 1443//
f 1443// 1482// 1483//
f 1443// 1483// 1445//
f 1445// 1483// 1484//
f 1445// 1484// 1357//
f 1357// 1484// 1485//
f 1357// 1485// 1355//
f 1355// 1485// 1486//
f 1355// 1486// 1354//
f 1354// 1486// 1487//
f 1354// 1487// 1409//
f 1409// 1487// 1488//
f 1409// 1488// 1410//
f 1410// 1488// 1489//
f 1410// 1489// 1411//
f 1411// 1489// 1490//
f 1411// 1490// 1343//
f 1343// 1490// 1491//
f 1343// 1491// 1342//
f 1342// 1491// 1492//
f 1342// 1492// 1340//
f 1340// 1492// 1493//
f 1340// 1493// 1338//
f 1338// 1493// 1494//
f 1338// 1494// 1336//
f 1336// 1494// 1495//
f 1336// 1495// 1334//
f 1334// 1495// 1470//
f 1334// 1470// 1333//
usemtl 1
f 1483// 1493// 1492//
f 1470// 1483// 1471//
f 1471// 1483// 1482//
f 1470// 1495// 1483//
f 1483// 1495// 1494//
f 1483// 1494// 1493//
f 1480// 1474// 1473//
f 1488// 1487// 1492//
f 1492// 1487// 1486//
f 1482// 1481// 1471//
f 1471// 1481// 1480//
f 1471// 1480// 1472//
f 1472// 1480// 1473//
f 1491// 1490// 1492//
f 1492// 1490// 1489//
f 1492// 1489// 1488//
f 1486// 1485// 1492//
f 1492// 1485// 1484//
f 1492// 1484// 1483//
f 1478// 1477// 1479//
f 1479// 1477// 1476//
f 1479// 1476// 1480//
f 1480// 1476// 1475//
f 1480// 1475// 1474//
